<?xml version="1.0"?>
<parameters>
        <property name="updateControllerConfig" value="true"/>
        <property name="loadJMS" value="false"/>
        <property name="loadMQ" value="true"/>
        <property name="queueCount" value="30"/>
        <property name="queueCountSecondary" value="2"/>
        <property name="ticketCountPerQueue" value="100"/>
        <property name="ticketCountPerQueueSecondary" value="5000"/>
        <property name="publishOnly" value="false"/>
        <property name="publishAllMQThenAllJMS" value="false"/>
        <property name="waitForBooking" value="true"/>
        <property name="maxWaitBookTime" value="12000000"/>
        <property name="printMessages" value="true"/>
        <property name="systems" value="REUTERS,EBS"/>
        <property name="useControllers" value="*"/>
        <property name="skipControllers" value="EBS.DEUL, EBS.DEUN, EBS.DEUQ, REUTERS.DBAC, REUTERS.DBAE, REUTERS.DBAP, REUTERS.DBLO, REUTERS.DBMB, REUTERS.DEAQ"/>
</parameters>
