<?xml version="1.0"?>
<parameters>
        <property name="updateControllerConfig" value="true"/>
        <property name="loadJMS" value="true"/>
        <property name="loadMQ" value="false"/>
        <property name="queueCount" value="2"/>
        <property name="systems" value="REUTERS,EBS"/>
        <property name="ticketCountPerQueue" value="10"/>
        <property name="publishOnly" value="false"/>
        <property name="publishAllMQThenAllJMS" value="false"/>
        <property name="waitForBooking" value="true"/>
        <property name="maxWaitBookTime" value="1200000"/>
        <property name="printMessages" value="true"/>
        <property name="useControllers" value="*"/>
        <property name="skipControllers" value="EBS.DEUL, EBS.DEUN, EBS.DEUQ, REUTERS.DBAC, REUTERS.DBAE, REUTERS.DBAP, REUTERS.DBLO, REUTERS.DBMB, REUTERS.DEAQ"/>
</parameters>
