<project name="tplus" default="all" basedir=".">

  <!--=======================================================================
      =  Read properties file
      =======================================================================-->
    <property name="fxplushome" value="../../fxplus/sql"/>
    <property name="optionshome" value="../../fxplusoptions/src/sql"/>
    <property name="tplushome" value="."/>
    <property name="env" value="dev"/>
    <property file="${optionshome}/profile/${layerid}.options.properties"/>
    <property file="${fxplushome}/profile/${layerid}.fxplus.properties"/>
    <property file="${tplushome}/profile/${layerid}.database.properties"/>
    <property file="${tplushome}/profile/${layerid}.tplus.properties"/>
    <property name="common.jars.module"  value="../../tplus-common-jars"/>
    <property name="common.build.jars"  value="${common.jars.module}/lib/build"/>
    <property name="common.server.jars"  value="${common.jars.module}/lib/server"/>
    <property name="common.applet.jars"  value="${common.jars.module}/lib/applet"/>
    <property name="common.build.jars"   value="${common.jars.module}/lib/build"/>
    <property name="common.test.jars"    value="${common.jars.module}/lib/test"/>
    
    <available file="../../tplus-common-jars/lib/build/ant-contrib-1.0b3.jar" type="file" property="contrib.ant.jar" value="../../tplus-common-jars/lib/build/ant-contrib-1.0b3.jar"/>
    <available file="lib/ant-contrib-1.0b3.jar" type="file" property="contrib.ant.jar" value="lib/ant-contrib-1.0b3.jar"/>
    
    <path id="project.class.path">
        <fileset dir="${common.applet.jars}">
           <include name="**/*.jar"/>
        </fileset>
        <fileset dir="${common.build.jars}">
           <include name="**/*.jar"/>
        </fileset>
        <fileset dir="${common.server.jars}">
           <include name="**/*.jar"/>
        </fileset>
    </path>

    <target name="all" depends="runddl, loadstaticdata, loadtestdata, loadpatches, allvpd"/>

    <taskdef resource="net/sf/antcontrib/antcontrib.properties">
        <classpath>
                <pathelement location="${contrib.ant.jar}"/>
        </classpath>
    </taskdef>

    <!-- ************************** start of ddls targets ***************************************-->
    <target name="runddl" depends="tplusddl,fxplusddl,optionsddl" description="Creates empty schemas">
        <antcall target="finally"/>
    </target>
 

    <target name="fxplusddl" if="fxplus">
        <echo message="Running fxplus ddl"/>
        <antcall target="recreatedb">
            <param name="product" value="fxplus"/>
            <param name="home" value="${fxplushome}"/>
            <param name="tnsname" value="${database.tnsname}"/>
        </antcall>

        <antcall target="productddl">
            <param name="product" value="fxplus"/>
            <param name="home" value="${fxplushome}"/>
            <param name="tnsname" value="${database.tnsname}"/>
            <param name="owner.userid" value="${fxplus.owner.username}"/>
            <param name="owner.password" value="${fxplus.owner.password}"/>
            <param name="ap.userid" value="${fxplus.ap.username}"/>
            <param name="ap.password" value="${fxplus.ap.password}"/>
            <param name="ro.userid" value="${fxplus.ro.username}"/>
            <param name="ro.password" value="${fxplus.ro.password}"/>
        </antcall>
    </target>

    <target name="optionsddl" if="options">
        <echo message="Running tplus ddl"/>
        <antcall target="productddl">
            <param name="product" value="options"/>
            <param name="home" value="${optionshome}"/>
            <param name="tnsname" value="${database.tnsname}"/>
            <param name="owner.userid" value="${options.owner.username}"/>
            <param name="owner.password" value="${options.owner.password}"/>
            <param name="ap.userid" value="${options.ap.username}"/>
            <param name="ap.password" value="${options.ap.password}"/>
            <param name="ro.userid" value="${options.ro.username}"/>
            <param name="ro.password" value="${options.ro.password}"/>
        </antcall>
    </target>

    <target name="vpd" if="vpd">
        <antcall target="vpdcommonprocess">
            <param name="rundir" value="database"/>
        </antcall>

        <antcall target="vpdcommonprocess">
            <param name="rundir" value="ddl"/>
        </antcall>

        <antcall target="vpdcommonprocess">
            <param name="rundir" value="staticdata"/>
        </antcall>

    </target>

    <target name="vpdcommonprocess">
        <antcall target="commondatabasetask">
            <param name="rundir" value="${vpdhome}/${rundir}"/>
            <param name="propertyfile" value="${vpdhome}/profile/${abfxenv}.properties"/>
            <param name="layerid" value="${abfxenv}/dbag"/>
        </antcall>
        <move todir="${vpdhome}/${rundir}/runtime/${abfxenv}">
            <fileset dir="${vpdhome}/${rundir}/runtime/${abfxenv}/dbag"/>
        </move>
        <delete dir="${vpdhome}/${rundir}/runtime/${abfxenv}/dbag" includeemptydirs="true"/>
    </target>

    <target name="tplusvpd" if="tplus">
        <antcall target="commondatabasetask">
            <param name="rundir" value="${tplushome}/vpd_grants"/>
            <param name="propertyfile" value="${tplushome}/profile/${layerid}.tplus.properties"/>
        </antcall>
    </target>

    <target name="allvpd" depends="vpd, tplusvpd, fxplusvpd"/>

    <target name="fxplusvpd" if="fxplus">
        <antcall target="commondatabasetask">
            <param name="rundir" value="${fxplushome}/vpd_grants"/>
            <param name="propertyfile" value="${fxplushome}/profile/${layerid}.fxplus.properties"/>
        </antcall>
    </target>

    <target name="tplusddl" if="tplus">
        <echo message="Running tplus ddl"/>
        <antcall target="recreatedb">
            <param name="product" value="tplus"/>
            <param name="home" value="${tplushome}"/>
            <param name="tnsname" value="${database.tnsname}"/>
        </antcall>

        <antcall target="productddl">
            <param name="product" value="tplus"/>
            <param name="home" value="${tplushome}"/>
            <param name="tnsname" value="${database.tnsname}"/>
            <param name="owner.userid" value="${tplus.owner.username}"/>
            <param name="owner.password" value="${tplus.owner.password}"/>
            <param name="ap.userid" value="${tplus.ap.username}"/>
            <param name="ap.password" value="${tplus.ap.password}"/>
            <param name="ro.userid" value="${tplus.ro.username}"/>
            <param name="ro.password" value="${tplus.ro.password}"/>
        </antcall>
    </target>

    <!-- Drops and recrates database user -->
    <target name="recreatedb">
        <echo message="About to recreate schemas for product ${product}"/>

        <antcall target="commondatabasetask">
            <param name="rundir" value="${home}/database"/>
            <param name="propertyfile" value="${home}/profile/${layerid}.${product}.properties"/>
            <param name="tnsname" value="${tnsname}"/>
            <param name="userid" value="${database.dba.username}"/>
            <param name="password" value="${database.dba.password}"/>
        </antcall>

    </target>

    <!-- product ddl -->
    <target name="productddl" description="Create schema objects for given product">
        <antcall target="commondatabasetask">
            <param name="rundir" value="${home}/ddl"/>
            <param name="propertyfile" value="${home}/profile/${layerid}.${product}.properties"/>
            <param name="tnsname" value="${tnsname}"/>
            <param name="userid" value="${owner.userid}"/>
            <param name="password" value="${owner.password}"/>
        </antcall>
        <antcall target="rensyngenfiles">
            <param name="rundir" value="${home}/ddl"/>
            <param name="tnsname" value="${tnsname}"/>
            <param name="userid" value="${ap.userid}"/>
            <param name="password" value="${ap.password}"/>
            <param name="userid" value="${ro.userid}"/>
            <param name="password" value="${ro.password}"/>
        </antcall>
    </target>
    <!-- ************************** end of ddls targets ***************************************-->

    <!-- ********************* start of static data targets ***********************************-->
    <target name="loadstaticdata" depends="tplusloadstaticdata,fxplusloadstaticdata,optionsloadstaticdata"/>

    <target name="tplusloadstaticdata" if="tplus">
        <antcall target="productloadstaticdata">
            <param name="product" value="tplus"/>
            <param name="home" value="${tplushome}"/>
            <param name="tnsname" value="${database.tnsname}"/>
            <param name="owner.userid" value="${tplus.owner.username}"/>
            <param name="owner.password" value="${tplus.owner.password}"/>
        </antcall>
    </target>

    <target name="fxplusloadstaticdata" if="fxplus">
        <antcall target="productloadstaticdata">
            <param name="product" value="fxplus"/>
            <param name="home" value="${fxplushome}"/>
            <param name="tnsname" value="${database.tnsname}"/>
            <param name="owner.userid" value="${fxplus.owner.username}"/>
            <param name="owner.password" value="${fxplus.owner.password}"/>
        </antcall>
    </target>

    <target name="optionsloadstaticdata" if="options">
        <antcall target="productloadstaticdata">
            <param name="product" value="options"/>
            <param name="home" value="${optionshome}"/>
            <param name="tnsname" value="${database.tnsname}"/>
            <param name="owner.userid" value="${options.owner.username}"/>
            <param name="owner.password" value="${options.owner.password}"/>
        </antcall>
    </target>

    <target name="productloadstaticdata">
        <antcall target="commondatabasetask">
            <param name="rundir" value="${home}/staticdata"/>
            <param name="propertyfile" value="${home}/profile/${layerid}.${product}.properties"/>
            <param name="tnsname" value="${tnsname}"/>
            <param name="userid" value="${owner.userid}"/>
            <param name="password" value="${owner.password}"/>
        </antcall>
    </target>
    <!-- ********************* end of static data targets ***********************************-->

    <!-- ********************* start of test data targets ***********************************-->

    <target name="loadtestdata" depends="tplusloadtestdata,fxplusloadtestdata,optionsloadtestdata"/>

    <target name="tplusloadtestdata" if="tplus">
       <antcall target="productloadtestdata">
            <param name="product" value="tplus"/>
            <param name="home" value="${tplushome}"/>
            <param name="tnsname" value="${database.tnsname}"/>
            <param name="owner.userid" value="${tplus.owner.username}"/>
            <param name="owner.password" value="${tplus.owner.password}"/>
        </antcall>
    </target>

    <target name="fxplusloadtestdata" if="fxplus">
        <antcall target="productloadtestdata">
            <param name="product" value="fxplus"/>
            <param name="home" value="${fxplushome}"/>
            <param name="tnsname" value="${database.tnsname}"/>
            <param name="owner.userid" value="${fxplus.owner.username}"/>
            <param name="owner.password" value="${fxplus.owner.password}"/>
        </antcall>
    </target>

    <target name="optionsloadtestdata" if="options">
        <antcall target="productloadtestdata">
            <param name="product" value="options"/>
            <param name="home" value="${optionshome}"/>
            <param name="tnsname" value="${database.tnsname}"/>
            <param name="owner.userid" value="${options.owner.username}"/>
            <param name="owner.password" value="${options.owner.password}"/>
        </antcall>
    </target>

    <target name="productloadtestdata">
        <antcall target="commondatabasetask">
            <param name="rundir" value="${home}/testdata"/>
            <param name="propertyfile" value="${home}/profile/${layerid}.${product}.properties"/>
            <param name="tnsname" value="${tnsname}"/>
            <param name="userid" value="${owner.userid}"/>
            <param name="password" value="${owner.password}"/>
        </antcall>
    </target>

    <!-- ********************* end of test data targets ***********************************-->

    <!-- ********************* start of patches targets ***********************************-->
    <target name="loadpatches" depends="vpdpatch,tpluspatch,fxpluspatch,optionspatch,finally">
        <antcall target="finally"/>
    </target>

    <target name="vpdpatch" if="vpd">
        <antcall target="vpdcommonprocess">
            <param name="rundir" value="patches"/>
        </antcall>
    </target>

    <target name="tpluspatch" if="tplus">
       <antcall target="productpatch">
            <param name="product" value="tplus"/>
            <param name="home" value="${tplushome}"/>
            <param name="tnsname" value="${database.tnsname}"/>
            <param name="owner.userid" value="${tplus.owner.username}"/>
            <param name="owner.password" value="${tplus.owner.password}"/>
            <param name="ap.userid" value="${tplus.ap.username}"/>
            <param name="ap.password" value="${tplus.ap.password}"/>
            <param name="ro.userid" value="${tplus.ro.username}"/>
            <param name="ro.password" value="${tplus.ro.password}"/>
        </antcall>
    </target>

    <target name="fxpluspatch" if="fxplus">
        <antcall target="productpatch">
            <param name="product" value="fxplus"/>
            <param name="home" value="${fxplushome}"/>
            <param name="tnsname" value="${database.tnsname}"/>
            <param name="owner.userid" value="${fxplus.owner.username}"/>
            <param name="owner.password" value="${fxplus.owner.password}"/>
            <param name="ap.userid" value="${fxplus.ap.username}"/>
            <param name="ap.password" value="${fxplus.ap.password}"/>
            <param name="ro.userid" value="${fxplus.ro.username}"/>
            <param name="ro.password" value="${fxplus.ro.password}"/>
        </antcall>
    </target>

    <target name="optionspatch" if="options">
        <antcall target="productpatch">
            <param name="product" value="options"/>
            <param name="home" value="${optionshome}"/>
            <param name="tnsname" value="${database.tnsname}"/>
            <param name="owner.userid" value="${options.owner.username}"/>
            <param name="owner.password" value="${options.owner.password}"/>
            <param name="ap.userid" value="${options.ap.username}"/>
            <param name="ap.password" value="${options.ap.password}"/>
            <param name="ro.userid" value="${options.ro.username}"/>
            <param name="ro.password" value="${options.ro.password}"/>
        </antcall>
    </target>

    <target name="productpatch">
        <antcall target="commondatabasetask">
            <param name="rundir" value="${home}/patches"/>
            <param name="propertyfile" value="${home}/profile/${layerid}.${product}.properties"/>
            <param name="tnsname" value="${tnsname}"/>
            <param name="userid" value="${owner.userid}"/>
            <param name="password" value="${owner.password}"/>
        </antcall>
        <antcall target="rensyngenfiles">
            <param name="rundir" value="${home}/patches"/>
            <param name="tnsname" value="${tnsname}"/>
            <param name="userid" value="${ap.userid}"/>
            <param name="password" value="${ap.password}"/>
            <param name="userid" value="${ro.userid}"/>
            <param name="password" value="${ro.password}"/>
        </antcall>
        <antcall target="runsynonym_specified">
            <param name="rundir" value="${home}/patches"/>
            <param name="tnsname" value="${tnsname}"/>
        </antcall>
    </target>


    <!-- ********************* end of patches targets ***********************************-->

    <!-- ******************** Start of finally target ***********************************-->


    <target name="finally" depends="tplusfinally,fxplusfinally,optionsfinally"/>

    <target name="tplusfinally" if="tplus">
        <antcall target="productfinally">
            <param name="product" value="tplus"/>
            <param name="home" value="${tplushome}"/>
            <param name="tnsname" value="${database.tnsname}"/>
            <param name="owner.userid" value="${tplus.owner.username}"/>
            <param name="owner.password" value="${tplus.owner.password}"/>
        </antcall>
    </target>

    <target name="fxplusfinally" if="fxplus">
        <antcall target="productfinally">
            <param name="product" value="fxplus"/>
            <param name="home" value="${fxplushome}"/>
            <param name="tnsname" value="${database.tnsname}"/>
            <param name="owner.userid" value="${fxplus.owner.username}"/>
            <param name="owner.password" value="${fxplus.owner.password}"/>
        </antcall>
    </target>

    <target name="optionsfinally" if="options">
        <antcall target="productfinally">
            <param name="product" value="options"/>
            <param name="home" value="${optionshome}"/>
            <param name="tnsname" value="${database.tnsname}"/>
            <param name="owner.userid" value="${options.owner.username}"/>
            <param name="owner.password" value="${options.owner.password}"/>
        </antcall>
    </target>

    <target name="productfinally">
        <antcall target="commondatabasetask">
            <param name="rundir" value="${home}/finally"/>
            <param name="propertyfile" value="${home}/profile/${layerid}.${product}.properties"/>
            <param name="tnsname" value="${tnsname}"/>
            <param name="userid" value="${owner.userid}"/>
            <param name="password" value="${owner.password}"/>
        </antcall>
    </target>

    <!-- common tasks -->

    <target name="commondatabasetask">
        <echo message="rundir=${rundir}"/>
        <echo message="propertyfile=${propertyfile}"/>
        <antcall target="genfiles">
            <param name="rundir" value="${rundir}"/>
            <param name="propertyfile" value="${propertyfile}"/>
        </antcall>
        <antcall target="genspecified">
            <param name="rundir" value="${rundir}"/>
            <param name="propertyfile" value="${propertyfile}"/>
        </antcall>
        <antcall target="rungenfiles">
            <param name="rundir" value="${rundir}"/>
            <param name="tnsname" value="${tnsname}"/>
            <param name="userid" value="${userid}"/>
            <param name="password" value="${password}"/>
        </antcall>
        <antcall target="runspecified">
            <param name="rundir" value="${rundir}"/>
            <param name="tnsname" value="${tnsname}"/>
            <param name="userid" value="${userid}"/>
            <param name="password" value="${password}"/>
        </antcall>
    </target>

    <target name="genfiles">
        <if>
            <equals arg1="${justrun}" arg2="false"/>
            <then>
                <echo message="Running common database task"/>
                <delete failonerror="false">
                    <fileset dir="${rundir}/runtime" includes="**/${layerid}/*.sql.runtime"/>
                </delete>
                <copy todir="${rundir}/runtime">
                    <fileset dir="${rundir}">
                        <include name="**/*.sql"/>
                    </fileset>
                    <mapper type="glob" from="*" to="${layerid}/*.runtime"/>
                </copy>
                <!-- apply the non-base - overwritten properties first -->
                <replace dir="${rundir}/runtime" replacefilterfile="${propertyfile}" token="@">
                    <include name="**/${layerid}/*.sql.runtime"/>
                </replace>
                <!-- apply base properties -->
                <replace dir="${rundir}/runtime" replacefilterfile="${tplushome}/profile/${layerid}.database.properties" token="@">
                    <include name="**/${layerid}/*.sql.runtime"/>
                </replace>
                <replace dir="${rundir}/runtime" replacefilterfile="${vpdhome}/profile/${abfxenv}.properties" token="@">
                    <include name="**/${layerid}/*.sql.runtime"/>
                </replace>
                <replace dir="${rundir}/runtime" value="@" token="#">
                    <include name="**/${layerid}/*.sql.runtime"/>
                </replace>
            </then>
        </if>
    </target>

    <target name="rungenfiles">
        <if>
            <equals arg1="${justgen}" arg2="false"/>
            <then>
                <trycatch>
                    <try>
                        <!-- run all sql files -->
                        <foreach target="runsql" param="sqlfile">
                            <path>
                                <fileset dir="${rundir}/runtime">
                                    <include name="**/${layerid}/*.sql.runtime"/>
                                    <exclude name="**/${layerid}/*synonym*.sql.*"/>
                                </fileset>
                            </path>
                            <param name="tnsname" value="${tnsname}"/>
                            <param name="userid" value="${userid}"/>
                            <param name="password" value="${password}"/>
                        </foreach>
                    </try>
                    <catch>
                        <echo message="Error iterating through file"/>
                    </catch>
                </trycatch>
            </then>
        </if>
    </target>

    <target name="rensyngenfiles">
        <if>
            <equals arg1="${justgen}" arg2="false"/>
            <then>
                <trycatch>
                    <try>
                        <!-- Create synonyms for read write user-->
                        <echo message="now doing synonyms for read write user"/>
                        <foreach target="runsql" param="sqlfile">
                            <path>
                                <fileset dir="${rundir}/runtime">
                                    <include name="**/${layerid}/*synonym*.sql.runtime"/>
                                </fileset>
                            </path>
                            <param name="tnsname" value="${tnsname}"/>
                            <param name="userid" value="${ap.userid}"/>
                            <param name="password" value="${ap.password}"/>
                        </foreach>
                        <!-- Create synonyms for read only user-->
                        <echo message="now doing synonyms for read only user"/>
                        <foreach target="runsql" param="sqlfile">
                            <path>
                                <fileset dir="${rundir}/runtime">
                                    <include name="**/${layerid}/*synonym*.sql.runtime"/>
                                </fileset>
                            </path>
                            <param name="tnsname" value="${tnsname}"/>
                            <param name="userid" value="${ro.userid}"/>
                            <param name="password" value="${ro.password}"/>
                        </foreach>
                    </try>
                    <catch>
                        <echo message="Error iterating through synonym files"/>
                    </catch>
                </trycatch>
            </then>
        </if>
    </target>

    	<!-- Runs sql file via sqlplus -->
    <target name="runsql" description="Runs given script">
        <echo message="running sql file ${sqlfile}"/>
        <echo message="tnsname is ${tnsname}"/>
        <echo message="userid is ${userid}"/>
        <echo message="password is ${password}"/>
        <echo message="src is ${sqlfile}"/>
        <exec executable="sqlplus">
            <arg line="${userid}/${password}@${tnsname} @${sqlfile}"/>
        </exec>
        <!--sql classpathref="project.class.path"
                 driver="oracle.jdbc.driver.OracleDriver"
                 url="${url}"
                 userid="${userid}"
                 password="${password}"
                 src="${sqlfile}"
                 print="true"
             onerror="continue"/-->
    </target>

    <target name="genspecified" if="sqlfilename">
        <echo message="generating ${sqlfilename}"/>
        <delete failonerror="false" file="${rundir}/runtime/${layerid}/${sqlfilename}.runtime"/>
        <copy todir="${rundir}/runtime/${layerid}">
            <fileset dir="${rundir}" includes="${sqlfilename}"/>
            <mapper type="glob" from="*" to="*.runtime"/>
        </copy>
        <!-- apply the non-base - overwritten properties first -->
        <replace dir="${rundir}/runtime" replacefilterfile="${propertyfile}" token="@">
            <include name="**/${layerid}/${sqlfilename}.runtime"/>
        </replace>
        <!-- apply base properties -->
        <replace dir="${rundir}/runtime" replacefilterfile="${tplushome}/profile/${layerid}.database.properties" token="@">
            <include name="**/${layerid}/${sqlfilename}.runtime"/>
        </replace>
        <replace dir="${rundir}/runtime" replacefilterfile="${vpdhome}/profile/${abfxenv}.properties" token="@">
           <include name="**/${layerid}/${sqlfilename}.runtime"/>
        </replace>
        <replace dir="${rundir}/runtime" value="@" token="#">
            <include name="**/${layerid}/${sqlfilename}.runtime"/>
        </replace>
    </target>
        
    <target name="runsynonym_specified" if="sqlfilename">
        <condition property="synonymfilename" value="${sqlfilename}">
            <contains string="${sqlfilename}" substring="synonym"/>
        </condition>
        <!-- Create synonyms for read write user-->
        <echo message="now doing synonyms for read write user"/>
        <antcall target="runsynonyms"/>
    </target>

    <target name="runsynonyms" if="synonymfilename">
        <!-- Create synonyms for read write user-->
        <echo message="now doing synonyms for read write user"/>
        <antcall target="runspecified">
            <param name="rundir" value="${rundir}"/>
            <param name="tnsname" value="${tnsname}"/>
            <param name="userid" value="${ap.userid}"/>
            <param name="password" value="${ap.password}"/>
        </antcall>
        <!-- Create synonyms for read only user-->
        <echo message="now doing synonyms for read only user"/>
        <antcall target="runspecified">
            <param name="rundir" value="${rundir}"/>
            <param name="tnsname" value="${tnsname}"/>
            <param name="userid" value="${ro.userid}"/>
            <param name="password" value="${ro.password}"/>
        </antcall>
    </target>
    
    <target name="runspecified" if="sqlfilename">
        <foreach target="runsqlwin" param="sqlfile">
            <path>
                <fileset dir="${rundir}/runtime" includes="**/${layerid}/${sqlfilename}.runtime"/>
            </path>
            <param name="tnsname" value="${tnsname}"/>
            <param name="userid" value="${userid}"/>
            <param name="password" value="${password}"/>
        </foreach>
    </target>
    <target name="runsqlwin" description="Runs given script on windows">
        <echo message="running sql file ${sqlfile}"/>
        <echo message="tnsname is ${tnsname}"/>
        <echo message="userid is ${userid}"/>
        <echo message="password is ${password}"/>
        <echo message="src is ${sqlfile}"/>
        <echo message="sqlplus ${userid}/${password}@${tnsname} &lt;${sqlfile}"/>
        <exec executable="sqlplus" input="${sqlfile}" output="${sqlfile}.out">
            <arg value="${userid}/${password}@${tnsname}"/>
        </exec>
    </target>

</project>
