<?xml version="1.0" encoding="ISO-8859-1"?>
<setfile id="exodus">

    <setup>
        <property name="isGeneratorMode" value="true"/>
        <property name="data_path" value="../etc/Exodus/data/"/>
        <property name="trades_file" value="trades.xml"/>
    </setup>

    <testsets saveExecutionResults="false">
          <testset id="Exodus.Q3Release" testunit="tu4exodus.GenerateMessagesScript" run="true"
                 applications="ExodusPipeTranslator"
                 type="javamethods">
            <method name="generateTradeMessages"  trades_count="1" fileDir="/trade/"/>
        </testset>
    </testsets>
</setfile>
