<?xml version="1.0" encoding="ISO-8859-1"?>
<setfile id="dealhub">
	<setup>
        <property name="tradebus-api-version" value="3.5.7"/>
        <property name="DealHub.StaleTradeDays" value="7"/>
	</setup>

	<healthcheck saveExecutionResults="false">
	</healthcheck>
		
	<testsets saveExecutionResults="true">
		<testset id="DealHubGT.DBPersonMapping" run="true" type="javamethods" testunit="tu4dealhub.DBPersonMapping" applications="RmsDealHubGT">
			<method name="testEnteredByPortfolio" run="true"/>
			<method name="testEnteredByPortfolioDefault" run="true"/>
			<method name="testTraderPortfolio" run="true"/>
			<method name="testTraderPortfolioDefault" run="true"/>
			<method name="testBrokerMappingRTNS" run="true"/>
			<method name="testBrokerMappingReuters" run="true"/>
			<method name="testFXconnectMapping" run="true"/>
		</testset>
	</testsets>

</setfile>
