<?xml version="1.0" encoding="ISO-8859-1"?>
<setfile id="healthcheck">
	<setup>
        <property name="updateApplicationVersions" value="true"/>
	</setup>
	
	<healthcheck saveExecutionResults="true">
	
		<testset id="HealthCheck" testunit="healthcheck.CheckExodus" run="true" type="javamethods">
			<method name="testPublishDbgml" run="true" applications="ExodusDbgmlTranslator"/>
			<method name="testPublishPipe" run="true" applications="ExodusPipeTranslator"/>
			<method name="testPublishFix" run="true" applications="ExodusFixTranslator"/>
		</testset>
		
		<testset id="HealthCheck" testunit="healthcheck.CheckTradeExecution" run="true" applications="TradeExecution"/>
		
	</healthcheck>
	
	<testsets>
	</testsets>
</setfile>
