<?xml version="1.0" encoding="UTF-8"?>
<scope>
    <product name="Exodus">
        <application deployName="" name="ExodusDbgmlTranslator" type="normal" version="">
            <rule box="rmsoutu2.uk.db.com" date="" env="uat1" version="Exodus_lp_main_20101103_rc1"/>
            <rule box="rmsoutu2.uk.db.com" date="" env="preprodcopy" version="Exodus_lp_main_20101103_rc1"/>
        </application>
        <application deployName="" name="ExodusPipeTranslator" type="normal" version="">
            <rule box="rmsoutu2.uk.db.com" date="" env="uat1" version="Exodus_lp_main_20101103_rc1"/>
            <rule box="rmsoutu2.uk.db.com" date="" env="preprodcopy" version="Exodus_lp_main_20101103_rc1"/>
        </application>
        <application deployName="" name="ExodusFixTranslator" type="normal" version="">
            <rule box="rmsoutu2.uk.db.com" date="" env="uat1" version="Exodus_lp_main_20101103_rc1"/>
            <rule box="rmsoutu2.uk.db.com" date="" env="preprodcopy" version="Exodus_lp_main_20101103_rc1"/>
        </application>
    </product>
    
    <product name="TradeExecution">
        <application deployName="TradeExecution_$env$" name="TradeExecution" type="normal" version="">
            <rule box="LONFXRMSVSU51" env="uat1" version="LP_main_branch.TradeExecution.2.25"/>
            <rule box="LONFXRMSVSU51" env="uat3" version="LP_main_branch.TradeExecution.2.25"/>
            <rule box="LONFXRMSVSU51" env="preprodcopy" version="main.TradeExecution.162.30"/>
        </application>
    </product>
    
    <product name="DealGate">
        <application deployName="cas-adapter_$env$" name="CasAdapter" type="normal" version="">
            <rule box="LONFXRMSVSU51" env="uat1" version="main.cas-adapter.162.42"/>
            <rule box="LONFXRMSVSU51" env="uat3" version="main.cas-adapter.162.39"/>
            <rule box="LONFXRMSVSU51" env="preprodcopy" version="main.cas-adapter.162.41"/>
        </application>
        <application deployName="TRMBridge" name="TrmBridge" type="normal" version="">
            <rule box="LONFXRMSVSU51" env="uat1" version="LP_main_branch.TRMBridge.2.4"/>
            <rule box="LONFXRMSVSU51" env="preprodcopy" version="LP_main_branch.TRMBridge.2.4"/>
        </application>
    </product>
    
    <product name="TradebusGT">
        <application deployName="TradeBusGT_$env$" name="TradebusSubscriber" type="normal" version="">
            <rule box="LONFXRMSVSU51" env="uat1" version="LP_main_branch.tradebusGT.2.142"/>
            <rule box="LONFXRMSVSU51" env="uat3" version="LP_main_branch.tradebusGT.2.142"/>
            <rule box="LONFXRMSVSU51" env="preprodcopy" version="LP_main_branch.tradebusGT.2.140"/>
        </application>
        <application deployName="TradeBusGT_$env$" name="TradebusPublisher" type="normal" version="">
            <rule box="LONFXRMSVSU51" env="uat1" version="LP_main_branch.tradebusGT.2.142"/>
            <rule box="LONFXRMSVSU51" env="preprodcopy" version="LP_main_branch.tradebusGT.2.140"/>
        </application>
        <application deployName="TradebusAggReporter_$env$" name="AggregationReporterJMS" type="normal" version="">
            <rule box="LONFXRMSVSU51" env="uat1" version="LP_main_branch.TradeBusAggReporter.2.15"/>
            <rule box="LONFXRMSVSU51" env="preprodcopy" version=""/>
        </application>
        <application deployName="RMSWebApps_TradeAggr" name="WebAggregationTool" type="normal" version="">
            <rule box="LONFXRMSVSU01" env="uat1" version="LP_main_branch.RMSWebApps.2.59"/>
        </application>
        <application deployName="RMSWebApps_CommonFiles" name="WebAggregationToolCommon" type="normal" version="">
            <rule box="LONFXRMSVSU01" env="preprodcopy" version="LP_main_branch.RMSWebApps_CommonFiles.2.53"/>
        </application>
        <application deployName="" name="TradebusAPI" type="library" version="$tradebus-api-version"/>
    </product>
    
    <product name="DealHub">
        <application deployName="DealHub_$env$" name="RmsDealHub" type="normal" version="">
            <rule box="LONFXRMSVSU50" env="demo" version="LP_main_branch.dealhub.2.85"/>
            <rule box="LONFXRMSVSU51" env="uat1" version="LP_main_branch.dealhub.2.85"/>
            <rule box="LONFXRMSVSU51" env="preprodcopy" version="LP_main_branch.dealhub.2.85"/>
        </application>
        <application deployName="FxConnect_$env$" name="RmsFxConnect" type="normal" version="">
            <rule box="LONFXRMSVSU51" env="uat1" version="WIP_DealHub_branch.dealhub.0.174"/>
            <rule box="LONFXRMSVSU51" date="" env="preprodcopy" version=""/>
        </application>
        <application deployName="DealHubGT_$env$" name="RmsDealHubGT" type="normal" version="">
            <rule box="LONFXRMSVSU51" env="uat1" version="WIP_DealHub_branch.DealHubGT.0.31"/>
        </application>
    </product>
    
    <product name="RmsPublisher">
        <application deployName="RMSFiles" name="RealtimePublisher" type="normal" version="">
            <rule box="LONGMFXAPP27" date="" env="uat1" version=""/>
        </application>
    </product>
    <product name="FixPublisher">
        <application deployName="fixtradepublisher_$env$" name="FixTradePublisher" type="normal" version="">
            <rule box="LONFXRMSVSU51" env="uat1" version="LP_main_branch.FIXTradePublisher.2.78"/>
            <rule box="LONFXRMSVSU51" env="preprodcopy" version="LP_main_branch.FIXTradePublisher.2.78"/>
        </application>
    </product>
    <product name="TradeBrokerFeed">
        <application deployName="RTNSBrokerFeed_$env$" name="RtnsBrokerFeed" type="normal" version="">
            <rule box="LONFXRMSVSU51" env="uat1" version="LP_main_branch.RTNSBrokerFeed.2.29"/>
            <rule box="LONFXRMSVSU51" env="preprodcopy" version="LP_main_branch.RTNSBrokerFeed.2.29"/>
        </application>
    </product>
    <product name="ExerciseAndExpiry">
        <application deployName="RMSWebApps_ExpiryTool" name="AutomaticExerciseAndExpiry" type="normal" version="">
            <rule box="LONFXRMSVSU01" env="uat1" version="LP_main_branch.RMSWebApps.2.59"/>
            <rule box="LONFXRMSVSU01" env="preprodcopy" version="LP_main_branch.RMSWebApps.2.59"/>
        </application>
    </product>
    <product name="RmsDatabase">
        <application deployName="" name="CasBackOfficeTagging" type="normal" version="">
            <rule box="rmsoutu1.uk.db.com" date="" env="uat1" version="RelGen2010Q4"/>
            <rule box="rmsoutu1.uk.db.com" date="" env="uat3" version="RelGen2010Q4"/>
        </application>
    </product>
</scope>
