<?xml version="1.0" encoding="ISO-8859-1"?>

<envprop>

    <!-- GLOBAL properties -->
    <system>
    
        <property name="QA.db.url" value="jdbc:oracle:thin:@gmfxdbd1.uk.db.com:1542:RMSLT3"/>
        <property name="QA.db.user" value="rms_feeds"/>
        <property name="QA.db.password" value="rms_feeds"/>

        <property name="JMS.user" value="tf_jmsuser"/>
        <property name="JMS.password" value="tf_jmsuser"/>

        <property name="TradeExecution.mock.JMS.server" value="lonmmsjmsd2.uk.db.com:9055"/>
        <property name="TradeExecution.mock.JMS.request.queue" value="request.c0.dev2"/>
        <property name="TradeExecution.mock.JMS.response.topic" value="response.c0.dev2"/>

        <property name="FixPublisher.mock.JMS.server" value="lonmmsjmsd2.uk.db.com:9054"/>
        <property name="FixPublisher.mock.JMS.main.topic" value="fixtrades.dev4"/>

        <property name="CasAdapter.mock.MQ.server" value="lndbmqu3.uk.db.com"/>
        <property name="CasAdapter.mock.MQ.port" value="1427"/>
        <property name="CasAdapter.mock.MQ.channel" value="CAS.ADAP.SVRCONN"/>
        <property name="CasAdapter.mock.MQ.queueManager" value="QM.SU00001"/>
        <property name="CasAdapter.mock.MQ.jksName" value="../etc/certificates/uat_mqclient.jks"/>
        <property name="CasAdapter.mock.MQ.new.queue" value="DB.TO.CAS"/>
        <property name="CasAdapter.mock.MQ.ack.queue" value="CAS.ACK.TO.DB"/>
        <property name="CasAdapter.mock.MQ.agg.queue" value="CAS.AGG.TO.DB"/>

        <property name="fxpricing.environment" value="rpt-uk"/>
        <property name="ProductSplitter.URL" value="http://lonfxrmsvsu03.uk.db.com:8003/SplitProductIntoLegs.aspx"/>
        <property name="DateFunctions.URL" value="http://lonfxrmsvsu03.uk.db.com:8002/datefunctions.asmx"/>

  </system>

    <!-- ENVIRONMENTS -->
    <environments>
        <environment name="demo" report="true">

            <property name="RMS.db.url" value="jdbc:oracle:thin:@lnrmsd1.uk.db.com:1525:lnrmsd1"/>
            <property name="RMS.db.user" value="rms_feeds"/>
            <property name="RMS.db.password" value="rms_feedslnrmsd1"/>

            <property name="TradeExecution.JMS.server" value="mmsjmsu4.uk.db.com:9009"/>
            <property name="TradeExecution.JMS.request.queue" value="request.c0.demo"/>
            <property name="TradeExecution.JMS.response.topic" value="response.c0.demo"/>

            <property name="Exodus.JMS.server" value="mmsjmsu4.uk.db.com:9010"/>
            <property name="Exodus.JMS.raw.topic" value="exodus.raw.demo"/>
            <property name="Exodus.JMS.pipe.topic" value="exodus.pipe.demo"/>
            <property name="Exodus.JMS.dbgml.topic" value="exodus.dbgml.demo"/>
            <property name="Exodus.JMS.fix.topic" value="exodus.fix.demo"/>

            <property name="DealHub.MQ.server" value="nydbmqu1.us.db.com"/>
            <property name="DealHub.MQ.port" value="1415"/>
            <property name="DealHub.MQ.channel" value="JAVA.CHANNEL"/>
            <property name="DealHub.MQ.queueManager" value="QM.SU00010"/>
            <property name="DealHub.MQ.queuepattern" value="DH.$id$.RMS"/>
            <property name="DealHub.JMS.server" value="mmsjmsu1.uk.db.com:10262"/>
            <property name="DealHub.JMS.input.topic" value="dealhub.demo"/>
            <property name="DealHub.JMS.extrainfo.queue" value="extrainfo.demo"/>
            <property name="DealHub.JMS.extrainfogt.queue" value="extrainfogt.demo"/>
            <property name="DealHub.JMS.dealhuback.topic" value="dealhuback.demo"/>
            <property name="DealHub.JMS.ackgt.topic" value="ackgt.demo"/>
            <property name="DealHub.JMS.password" value="tf_jmsuser!P0"/>
            
        </environment>

        <environment name="uat1" report="true">

            <property name="RMS.db.url" value="jdbc:oracle:thin:@lnrmsd2.uk.db.com:1526:lnrmsd2"/>
            <property name="RMS.db.user" value="rms_feeds"/>
            <property name="RMS.db.password" value="rms_feedslnrmsd2"/>

            <property name="TradeExecution.JMS.server" value="mmsjmsu4.uk.db.com:9009"/>
            <property name="TradeExecution.JMS.request.queue" value="request.c0.uat1"/>
            <property name="TradeExecution.JMS.response.topic" value="response.c0.uat1"/>

            <property name="RTIP.JMS.server" value="mmsjmsu4.uk.db.com:9006"/>

            <property name="Exodus.JMS.server" value="mmsjmsu4.uk.db.com:9010"/>
            <property name="Exodus.JMS.raw.topic" value="exodus.raw.uat1"/>
            <property name="Exodus.JMS.pipe.topic" value="exodus.pipe.uat1"/>
            <property name="Exodus.JMS.dbgml.topic" value="exodus.dbgml.uat1"/>
            <property name="Exodus.JMS.fix.topic" value="exodus.fix.uat1"/>

            <property name="FixPublisher.JMS.server" value="mmsjmsu5.uk.db.com:9008"/>
            <property name="FixPublisher.JMS.main.topic" value="fixtrades.uat1"/>

            <property name="CasAdapter.MQ.server" value="nydbmqu1.us.db.com"/>
            <property name="CasAdapter.MQ.port" value="1428"/>
            <property name="CasAdapter.MQ.channel" value="CAS.U.SVRCONN"/>
            <property name="CasAdapter.MQ.queueManager" value="QM.SU00022"/>
            <property name="CasAdapter.MQ.jksName" value="../etc/certificates/uat_mqclient.jks"/>
            <property name="CasAdapter.MQ.new.queue" value="DB.TO.CAS"/>
            <property name="CasAdapter.MQ.ack.queue" value="CAS.ACK.TO.DB"/>
            <property name="CasAdapter.MQ.agg.queue" value="CAS.AGG.TO.DB"/>

            <property name="Tradebus.JMS.server" value="mmsjmsu4.uk.db.com:9002"/>
            <property name="Tradebus.JMS.aggreports.topic" value="agg.reports.uat1"/>
            <property name="Tradebus.JMS.fxtrades.topic" value="fx.trades.uat1"/>

            <property name="DealHub.MQ.server" value="nydbmqu1.us.db.com"/>
            <property name="DealHub.MQ.port" value="1415"/>
            <property name="DealHub.MQ.channel" value="JAVA.CHANNEL"/>
            <property name="DealHub.MQ.queueManager" value="QM.SU00010"/>
            <property name="DealHub.MQ.queuepattern" value="DH.$id$.RMS"/>
            <property name="DealHub.JMS.server" value="mmsjmsu1.uk.db.com:10262"/>
            <property name="DealHub.JMS.input.topic" value="dealhub.uat1"/>
            <property name="DealHub.JMS.extrainfo.queue" value="extrainfo.uat1"/>
            <property name="DealHub.JMS.extrainfogt.queue" value="extrainfogt.uat1"/>
            <property name="DealHub.JMS.dealhuback.topic" value="dealhuback.uat1"/>
            <property name="DealHub.JMS.ackgt.topic" value="ackgt.uat1"/>
            <property name="DealHub.JMS.password" value="tf_jmsuser!P0"/>

        </environment>

        <environment name="uat2" report="false">

            <property name="RMS.db.url" value="jdbc:oracle:thin:@lnrmsd3.uk.db.com:1527:lnrmsd3"/>
            <property name="RMS.db.user" value="rms_feeds"/>
            <property name="RMS.db.password" value="rms_feedslnrmsd3"/>

            <property name="Exodus.JMS.server" value="mmsjmsu5.uk.db.com:9007"/>
            <property name="Exodus.JMS.raw.topic" value="exodus.raw.uat2"/>
            <property name="Exodus.JMS.pipe.topic" value="exodus.pipe.uat2"/>
            <property name="Exodus.JMS.dbgml.topic" value="exodus.dbgml.uat2"/>
            <property name="Exodus.JMS.fix.topic" value="exodus.fix.uat2"/>
        </environment>

        <environment name="uat3" report="true">

            <property name="RMS.db.url" value="jdbc:oracle:thin:@lnrmsd11.uk.db.com:1535:lnrmsd11"/>
            <property name="RMS.db.user" value="rms_feeds"/>
            <property name="RMS.db.password" value="rms_feedslnrmsd11"/>

	        <property name="SUPPORT.db.url" value="jdbc:oracle:thin:@lnrmsd11.uk.db.com:1535:lnrmsd11"/>
	        <property name="SUPPORT.db.user" value="GILBPRE"/>
	        <property name="SUPPORT.db.password" value="GILBPRElnrmsd11"/>

            <property name="SUPPORT.db.url" value="jdbc:oracle:thin:@lnrmsd11.uk.db.com:1535:lnrmsd11"/>
            <property name="SUPPORT.db.user" value="GILBPRE"/>
            <property name="SUPPORT.db.password" value="GILBPRElnrmsd11"/>

            <property name="Exodus.JMS.server" value="mmsjmsu5.uk.db.com:9007"/>
            <property name="Exodus.JMS.raw.topic" value="exodus.raw.uat3"/>
            <property name="Exodus.JMS.pipe.topic" value="exodus.pipe.uat3"/>
            <property name="Exodus.JMS.pipe.replay.topic" value="exodus.pipe.replay.uat3"/>
            <property name="Exodus.JMS.dbgml.topic" value="exodus.dbgml.uat3"/>
            <property name="Exodus.JMS.fix.topic" value="exodus.fix.uat3"/>

            <property name="RTIP.JMS.server" value="mmsjmsu5.uk.db.com:9009"/>

            <property name="TradeExecution.JMS.server" value="mmsjmsu5.uk.db.com:9006"/>
            <property name="TradeExecution.JMS.request.queue" value="request.c0.uat3"/>
            <property name="TradeExecution.JMS.response.topic" value="response.c0.uat3"/>

            <property name="FixPublisher.JMS.server" value="mmsjmsu4.uk.db.com:9011"/>
            <property name="FixPublisher.JMS.main.topic" value="fixtrades.uat3"/>

            <property name="CasAdapter.MQ.server" value="nydbmqu1.us.db.com"/>
            <property name="CasAdapter.MQ.port" value="1428"/>
            <property name="CasAdapter.MQ.channel" value="CAS.U.SVRCONN"/>
            <property name="CasAdapter.MQ.queueManager" value="QM.SU00022"/>
            <property name="CasAdapter.MQ.jksName" value="../etc/certificates/uat_mqclient.jks"/>
            <property name="CasAdapter.MQ.new.queue" value="DB.TO.CAS"/>
            <property name="CasAdapter.MQ.ack.queue" value="CAS.ACK.TO.DB"/>
            <property name="CasAdapter.MQ.agg.queue" value="CAS.AGG.TO.DB"/>

            <property name="Tradebus.JMS.server" value="mmsjmsu5.uk.db.com:9002"/>
            <property name="Tradebus.JMS.aggreports.topic" value="agg.reports.uat3"/>
            <property name="Tradebus.JMS.fxtrades.topic" value="fx.trades.uat3"/>

            <property name="DealHub.MQ.server" value="nydbmqu1.us.db.com"/>
            <property name="DealHub.MQ.port" value="1415"/>
            <property name="DealHub.MQ.channel" value="JAVA.CHANNEL"/>
            <property name="DealHub.MQ.queueManager" value="QM.SU00010"/>
            <property name="DealHub.MQ.queuepattern" value="DH.$id$.RMS"/>
            <property name="DealHub.JMS.server" value="mmsjmsu1.uk.db.com:10270"/>
            <property name="DealHub.JMS.input.topic" value="dealhub.uat3"/>
            <property name="DealHub.JMS.extrainfo.queue" value="extrainfo.uat3"/>
            <property name="DealHub.JMS.extrainfogt.queue" value="extrainfogt.uat3"/>
            <property name="DealHub.JMS.dealhuback.topic" value="dealhuback.uat3"/>
            <property name="DealHub.JMS.ackgt.topic" value="ackgt.uat3"/>
        	<property name="DealHub.JMS.password" value="tf_jmsuser!P0"/>

        </environment>

        <environment name="prodcopy" report="false">

            <property name="RMS.db.url" value="jdbc:oracle:thin:@lnrmsd4.uk.db.com:1528:lnrmsd4"/>
            <property name="RMS.db.user" value="rms_owner"/>
            <property name="RMS.db.password" value="rms_ownerlnrmsd4"/>

            <property name="Exodus.JMS.server" value="lonmmsjmsu3.uk.db.com:9059"/>
            <property name="Exodus.JMS.raw.topic" value="exodus.raw.prodcopy"/>
            <property name="Exodus.JMS.pipe.topic" value="exodus.pipe.prodcopy"/>
            <property name="Exodus.JMS.pipe.replay.topic" value="exodus.pipe.replay.prodcopy"/>
            <property name="Exodus.JMS.fix.replay.topic" value="exodus.fix.replay.prodcopy"/>
            <property name="Exodus.JMS.dbgml.topic" value="exodus.dbgml.prodcopy"/>
            <property name="Exodus.JMS.fix.topic" value="exodus.fix.prodcopy"/> 

        </environment>

        <environment name="preprodcopy" report="true">

            <property name="RMS.db.url" value="jdbc:oracle:thin:@lnrmsd7.uk.db.com:1531:lnrmsd7"/>
            <property name="RMS.db.user" value="rms_owner"/>
            <property name="RMS.db.password" value="rms_ownerlnrmsd7"/>

	        <property name="SUPPORT.db.url" value="jdbc:oracle:thin:@lnrmsd7.uk.db.com:1531:lnrmsd7"/>
	        <property name="SUPPORT.db.user" value="GILBPRE"/>
	        <property name="SUPPORT.db.password" value="GILBPRElnrmsd7"/>

            <property name="SUPPORT.db.url" value="jdbc:oracle:thin:@lnrmsd7.uk.db.com:1531:lnrmsd7"/>
            <property name="SUPPORT.db.user" value="GILBPRE"/>
            <property name="SUPPORT.db.password" value="GILBPRElnrmsd7"/>

            <property name="Exodus.JMS.server" value="lonmmsjmsu3.uk.db.com:9059"/>
            <property name="Exodus.JMS.raw.topic" value="exodus.raw.preprodcopy"/>
            <property name="Exodus.JMS.pipe.topic" value="exodus.pipe.preprodcopy"/>
            <property name="Exodus.JMS.pipe.replay.topic" value="exodus.pipe.replay.preprodcopy"/>
            <property name="Exodus.JMS.dbgml.topic" value="exodus.dbgml.preprodcopy"/>
            <property name="Exodus.JMS.fix.topic" value="exodus.fix.preprodcopy"/>

            <property name="FixPublisher.JMS.server" value="mmsjmsu3.uk.db.com:9009"/>
            <property name="FixPublisher.JMS.main.topic" value="fixtrades.preprodcopy"/>

            <property name="TradeExecution.JMS.server" value="lonmmsjmsu3.uk.db.com:9058"/>
            <property name="TradeExecution.JMS.request.queue" value="request.c0.preprodcopy"/>
            <property name="TradeExecution.JMS.response.topic" value="response.c0.preprodcopy"/>

            <property name="DealHub.MQ.server" value="nydbmqu1.us.db.com"/>
            <property name="DealHub.MQ.port" value="1415"/>
            <property name="DealHub.MQ.channel" value="JAVA.CHANNEL"/>
            <property name="DealHub.MQ.queueManager" value="QM.SU00010"/>
            <property name="DealHub.MQ.queuepattern" value="DH.$id$.RMS"/>
            <property name="DealHub.JMS.server" value="mmsjmsu1.uk.db.com:10271"/>
            <property name="DealHub.JMS.input.topic" value="dealhub.preprodcopy"/>
            <property name="DealHub.JMS.extrainfo.queue" value="extrainfo.preprodcopy"/>
            <property name="DealHub.JMS.extrainfogt.queue" value="extrainfogt.preprodcopy"/>
            <property name="DealHub.JMS.dealhuback.topic" value="dealhuback.preprodcopy"/>
            <property name="DealHub.JMS.ackgt.topic" value="ackgt.preprodcopy"/>
        	<property name="DealHub.JMS.password" value="tf_jmsuser!P0"/>
        </environment>

        <environment name="dev3" report="true">

            <property name="RMS.db.url" value="jdbc:oracle:thin:@lnrmsd10.uk.db.com:1534:lnrmsd10"/>
            <property name="RMS.db.user" value="rms_owner"/>
            <property name="RMS.db.password" value="rms_ownerlnrmsd10"/>

            <property name="Exodus.JMS.server" value="lonmmsjmsd2.uk.db.com:9056"/>
            <property name="Exodus.JMS.raw.topic" value="exodus.raw.dev3"/>
            <property name="Exodus.JMS.pipe.topic" value="exodus.pipe.dev3"/>
            <property name="Exodus.JMS.pipe.replay.topic" value="exodus.pipe.replay.dev3"/>
            <property name="Exodus.JMS.dbgml.topic" value="exodus.dbgml.dev3"/>
            <property name="Exodus.JMS.fix.topic" value="exodus.fix.dev3"/>

            <property name="FixPublisher.JMS.server" value="mmsjmsu3.uk.db.com:9009"/>
            <property name="FixPublisher.JMS.main.topic" value="fixtrades.preprodcopy"/>

        </environment>

        <environment name="dealhubdev" report="false">

            <property name="RMS.db.url" value="jdbc:oracle:thin:@lnrmsd7.uk.db.com:1531:lnrmsd7"/>
            <property name="RMS.db.user" value="rms_feeds"/>
            <property name="RMS.db.password" value="rms_feedslnrmsd7"/>

            <property name="DealHub.JMS.server" value="lonmmsjmsd2.uk.db.com:9119"/>
            <property name="DealHub.JMS.input.topic" value="dealhub.dev1"/>
            <property name="DealHub.JMS.extrainfo.queue" value="extrainfo.dev1"/>
            <property name="DealHub.JMS.extrainfogt.queue" value="extrainfogt.dev1"/>
            <property name="DealHub.JMS.dealhuback.topic" value="dealhuback.dev1"/>
            <property name="DealHub.JMS.ackgt.topic" value="ackgt.dev1"/>
        	<property name="JMS.password" value="tf_jmsuser!P0"/>

			<property name="useOldDealHub" value="false"/>

        </environment>

        <environment name="local" report="false"/>

    </environments>

</envprop>
