<?xml version="1.0" encoding="ISO-8859-1"?>
<setfile id="dealhub">
	<setup>
        <property name="DealHub.StaleTradeDays" value="7"/>
	</setup>

	<healthcheck saveExecutionResults="false">
		<testset run="true" type="javamethods" testunit="tu4dealhub.ValidBooking">
			<method name="testReutersSpot" run="true"/>
		</testset>
	</healthcheck>

    <testsets saveExecutionResults="true">
		<testset id="DealHubGT.ValidBookingFromReuters" run="true" type="javamethods" testunit="tu4dealhub.ValidBooking" applications="RmsDealHubGT">
			<method name="testReutersSpot" run="true"/>
			<method name="testReutersForward" run="true"/>
			<method name="testReutersSwap" run="true"/>
			<method name="testReutersNDF" run="true"/>
			<method name="testReutersDEPO" run="true"/>
		</testset>
		<testset id="DealHubGT.ValidBookingFromEBS" run="true" type="javamethods" testunit="tu4dealhub.ValidBooking" applications="RmsDealHubGT">
			<method name="testEBSSpot" run="true"/>
			<method name="testEBSForward" run="true"/>
			<method name="testEBSSwap" run="true"/>
			<method name="testEBSNDF" run="true"/>
			<method name="testEBSDEPO" run="true"/>
		</testset>
		<testset id="DealHubGT.ValidBookingFromPDEX" run="true" type="javamethods" testunit="tu4dealhub.ValidBooking" applications="RmsDealHubGT">
			<method name="testPDEXSpot" run="true"/>
			<method name="testPDEXForward" run="true"/>
			<method name="testPDEXSwap" run="true"/>
			<method name="testPDEXNDF" run="true"/>
		</testset>
		<testset id="DealHubGT.ValidBookingFromFXConnect" run="true" type="javamethods" testunit="tu4dealhub.ValidBooking" applications="RmsDealHubGT">
			<method name="testFXConnectSpot" run="true"/>
			<method name="testFXConnectForward" run="true"/>
			<method name="testFXConnectSwap" run="true"/>
			<method name="testFXConnectNDF" run="true"/>
			<method name="testFXConnectSwapNDF" run="true"/>
		</testset>
		<testset id="DealHubGT.ValidBookingFromRTNS" run="true" type="javamethods" testunit="tu4dealhub.ValidBooking" applications="RmsDealHubGT">
			<method name="testRTNSSpot" run="true"/>
			<method name="testRTNSForward" run="true"/>
			<method name="testRTNSSwap" run="true"/>
			<method name="testRTNSNDF" run="true"/>
			<method name="testRTNSDEPO" run="true"/>
		</testset>
		<testset id="DealHubGT.ValidBookingFromMICEX" run="true" type="javamethods" testunit="tu4dealhub.ValidBooking" applications="RmsDealHubGT">
			<method name="testMICEXSpot" run="true"/>
			<method name="testMICEXForward" run="true"/>
			<method name="testMICEXSwap" run="true"/>
			<method name="testMICEXNDF" run="true"/>
		</testset>
		<testset id="DealHubGT.ValidBookingFromKMB" run="true" type="javamethods" testunit="tu4dealhub.ValidBooking" applications="RmsDealHubGT">
			<method name="testKMBSpot" run="true"/>
			<method name="testKMBForward" run="true"/>
			<method name="testKMBSwap" run="true"/>
		</testset>
		<testset id="DealHubGT.ValidBookingFromSMB" run="true" type="javamethods" testunit="tu4dealhub.ValidBooking" applications="RmsDealHubGT">
			<method name="testSMBSpot" run="true"/>
			<method name="testSMBForward" run="true"/>
			<method name="testSMBSwap" run="true"/>
		</testset>
		<testset id="DealHubGT.ValidBookingFromCFETS" run="true" type="javamethods" testunit="tu4dealhub.ValidBooking" applications="RmsDealHubGT">
			<method name="testCFETSSpot" run="true"/>
			<method name="testCFETSForward" run="true"/>
			<method name="testCFETSSwap" run="true"/>
			<method name="testCFETSNDF" run="true"/>
			<method name="testCFETSDEPO" run="true"/>
		</testset>

		<testset id="DealHubGT.DBPersonMapping" run="true" type="javamethods" testunit="tu4dealhub.DBPersonMapping" applications="RmsDealHubGT">
			<method name="testEnteredByPortfolio" run="true"/>
			<method name="testEnteredByPortfolioDefault" run="true"/>
			<method name="testTraderPortfolio" run="true"/>
			<method name="testTraderPortfolioDefault" run="true"/>
			<method name="testBrokerMappingRTNS" run="true"/>
			<method name="testBrokerMappingReuters" run="true"/>
			<method name="testFXconnectMapping" run="true"/>
		</testset>

		<testset id="DealHubGT.ControllerConfig" run="true" type="javamethods" testunit="tu4dealhub.ControllerConfig" applications="RmsDealHubGT">
			<method name="testTCIDMapping" run="true"/>
			<method name="testLocationGeneric" run="true"/>
			<method name="testUserLocation" run="true"/>
			<method name="testControllerTimezoneGeneric" run="true"/>
			<method name="testControllerTimezoneByUser" run="true"/>
			<method name="testFXConnectSpotPricingLocation" run="true"/>
			<method name="testFXConnectForwardPricingLocation" run="true"/>
		</testset>

		<testset id="DealHubGT.CancelPDEX" run="true" testunit="tu4dealhub.CancelPDEX" applications="RmsDealHubGT"/>
		<testset id="DealHubGT.SettlementDate" run="true" testunit="tu4dealhub.SettlementDate" applications="RmsDealHubGT"/>
		<testset id="DealHubGT.BookMapping" run="true" testunit="tu4dealhub.BookMapping" applications="RmsDealHubGT"/>
		<testset id="DealHubGT.CounterpartyMapping" run="true" testunit="tu4dealhub.CounterpartyMapping" applications="RmsDealHubGT"/>
		<testset id="DealHubGT.CurrencyMapping" run="true" testunit="tu4dealhub.CurrencyMapping" applications="RmsDealHubGT"/>
		<testset id="DealHubGT.SpecificBooking" run="true" testunit="tu4dealhub.SpecificBooking" applications="RmsDealHubGT"/>
		<testset id="DealHubGT.TicketFiltering" run="true" testunit="tu4dealhub.TicketFiltering" applications="RmsDealHubGT"/>
		<testset id="DealHubGT.InvalidTickets" run="true" testunit="tu4dealhub.InvalidTickets" applications="RmsDealHubGT"/>
		<testset id="DealHubGT.DNAFlow" run="true" testunit="tu4dealhub.ExtrainfoDNA" applications="RmsDealHubGT"/>

    </testsets>

</setfile>
