<?xml version="1.0" encoding="ISO-8859-1"?>

<setfile id="exodus">
    <setfile id="exodus">
        <setup>
            <property name="setfile" value="exodus"/>
            <property name="updateApplicationVersions" value="false"/>
            <property name="saveExecutionResults" value="false"/>
            <!--Test Properties -->
            <property name="ignore_xml_section" value="JMSTimestamp;JMSDestination;Text"/>
            <property name="ignore_pipe_fields" value="PUBLICATIONTIME;"/>
            <property name="ignore_fix_fields" value="PUBLICATIONTIME;"/>
            <property name="ignore_dbgml_fields" value=""/>
            <!-- New jms properties will be removed -->
            <property name="new_jms_pipe_dbgml_properties" value="REPLAY_ID;CUSTOMER;PRODUCTTYPEID"/>
            <property name="new_jms_fix_properties"
                      value="ACTION;TRADETYPE;BOOK;VERSION;STATUS;SYSTEMID;TRADEGROUP;CUSTOMER;PRODUCTTYPEID;REPLAY_ID"/>
            <!-- New message fields -->
            <property name="new_pipe_fields" value=""/>
            <property name="new_fix_fields" value=""/>
            <!-- Data path properties -->
            <property name="trades_file" value="trades.xml"/>
            <property name="data_path" value="../etc/Exodus/data/"/>
        </setup>

        <healthcheck saveExecutionResults="false">
        </healthcheck>

        <testsets saveExecutionResults="false">
            <!-- Sample for trade republishing -->
            <testset id="Exodus.Q3Release" testunit="tu4exodus.samples.ExodusRepublisher" feed="Legacy" format="FIX"
                     source="string" path="174354690,2" message_type="trade" output="\\baradhan\\"
                     runMethods="republishingScript" run="true" applications="ExodusPipeTranslator"/>

            <testset id="Exodus.Q3Release" testunit="tu4exodus.samples.ExodusRepublisher" feed="Exodus" format="FIX"
                     source="sql" path="\\baradhan\\2.sql" message_type="trade" output="\\baradhan\\"
                     runMethods="republishingScript" run="false" applications="ExodusPipeTranslator"/>

            <!--      functional testing according to Q3 release / FIX fields verification -->
            <testset id="Exodus.Q3Release" testunit="tu4exodus.samples.ExodusRepublisher" type="javamethods"
                     format="FIX"
                     source_value="database" value="" order_verification="true" order_source="hearder"
                     mapping_verification="true" applications="ExodusFixTranslator" run="true">
                <method name="fieldsVerificationScript" id="BackOfficeAccepted_FIX" tradetable_selector="ALL"
                        field_tag="90010" field_name="BACKOFFICEACCEPTED" run="false"/>

                <method name="tradeFieldsVerificationScript" id="ONSHORECURRENCY_FIX" source="string"
                        path="318613492,1"
                        field_tag="10076" field_name="ACCCURRENCY" run="true"
                        source_value="DEFINED" value="CNY"
                        />


                <method name="headerVerificationScript" id="Fields accros tables" format="PIPE"
                        ENRICHMENTS="BOOK.LEGALENTITY;BOOK.SUBBRANCH;BOOK.PROFITCENTRE;BOOK.AMICODE;BOOK.COUNTERPARTY;
                      BOOK.COUNTERPARTYSOURCESYSTEM;BOOK.BOOKCOUNTERPARTYCDRMNEMONIC;BOOK.HIGHLEVELBOOKCOUNTERPARTYCDRMNEMONIC;
                      DBLEGALENTITY;ISLIVEYN;PUBLICATIONTIME;Book.CounterpartyCDRMnemonic;Book.CounterpartyName;
                      Book.HighLevelCounterpartyCDRMnemonic;ParameterName;ParameterType;ParameterValue;FIX.STATUS;FIX.NEWBOOK;NOTRADEEXTRADETAIL"
                        TABLES="ALL" FIELDS="RAW_PRODUCTTYPEID"
                        run="false"/>

            </testset>
            <!--  functional testing according to Q3 release / PIPE fields verification -->
            <testset id="Exodus.Q3Release" testunit="tu4exodus.samples.ExodusRepublisher" type="javamethods"
                     format="PIPE"
                     source_value="database" value="" order_verification="true" order_source="hearder"
                     mapping_verification="true" applications="ExodusFixTranslator" run="false">
                <method name="fieldsVerificationScript" id="BackOfficeAccepted_PIPE" tradetable_selector="ALL"
                        field_tag="90010" field_name="BACKOFFICEACCEPTED" run="false"/>
            </testset>
                  

        </testsets>
    </setfile>

