<?xml version="1.0" encoding="ISO-8859-1"?>
<setfile id="exodus">
    <setup>
        <property name="setfile" value="exodus"/>
        <property name="updateApplicationVersions" value="false"/>
        <property name="saveExecutionResults" value="false"/>
        <!--Test Properties -->
        <property name="ignore_xml_section" value="JMSTimestamp;JMSDestination;Text"/>
        <property name="ignore_pipe_fields" value="PUBLICATIONTIME;"/>
        <property name="ignore_fix_fields" value="PUBLICATIONTIME;"/>
        <property name="ignore_dbgml_fields" value=""/>
        <!-- New jms properties will be removed -->
        <property name="new_jms_pipe_dbgml_properties" value="REPLAY_ID;CUSTOMER;PRODUCTTYPEID"/>
        <property name="new_jms_fix_properties"
                  value="ACTION;TRADETYPE;BOOK;VERSION;STATUS;SYSTEMID;TRADEGROUP;CUSTOMER;PRODUCTTYPEID;REPLAY_ID"/>
        <!-- New message fields -->
        <property name="new_pipe_fields" value=""/>
        <property name="new_fix_fields" value=""/>
        <!-- Data path properties -->
        <property name="trades_file" value="trades.xml"/>
        <property name="data_path" value="../etc/Exodus/data/"/>
    </setup>

	<healthcheck saveExecutionResults="false">
	</healthcheck>

    <testsets saveExecutionResults="false">
        <!-- Sample for trade republishing -->
         <testset id="Exodus.Q3Release" testunit="tu4exodus.ClientUtilScript" feed="Exodus" format="PIPE"  message_type="trade"
                 source="sql" path="\\sql\\logs_test_sql"
                 isWaitMessage="true" isSave="true"  output="\\sql\\output\\"
                 runMethods="scriptRepublishTrades" run="true" applications="ExodusPipeTranslator"/>
        </testsets>
</setfile>

