<?xml version="1.0" encoding="ISO-8859-1"?>
<setfile id="tradebus">
	<setup>
        <property name="tradebus-api-version" value="3.5.7"/>
	</setup>

	<healthcheck saveExecutionResults="false">
		<testset id="Tradebus.ValidBooking" runMethods="FXSPOTt" testunit="tu4tradebus.ValidTradeBookingTest" run="true" applications="TradebusSubscriber"/>
	</healthcheck>
		
	<testsets saveExecutionResults="true">
		<testset id="Tradebus.Aggregation" testunit="tu4tradebus.AggregationTest" run="true" applications="TradebusSubscriber, AggregationReporterJMS"/>
		<testset id="Tradebus.ValidBooking" testunit="tu4tradebus.ValidTradeBookingTest" run="true" applications="TradebusSubscriber"/>
		<testset id="Tradebus.InvalidBooking" testunit="tu4tradebus.InvalidTradeBookingTest" run="true" applications="TradebusSubscriber"/>
		<testset id="Tradebus.BackOfficeTags" testunit="tu4tradebus.BackOfficeTest" run="true" applications="TradebusSubscriber"/>
		<testset id="Tradebus.BmfBooking" testunit="tu4tradebus.BmfTest" run="true" applications="TradebusSubscriber"/>
		<testset id="Tradebus.InterestRateFuturesBooking" testunit="tu4tradebus.InterestRateFuturesTest" run="true" applications="TradebusSubscriber"/>
		<testset id="Tradebus.InternalBTB" testunit="tu4tradebus.InternalBTBTest" run="true" applications="TradebusSubscriber"/>
		<testset id="Tradebus.JmsFiltering" testunit="tu4tradebus.JmsFilteringTest" run="true" applications="TradebusSubscriber"/>
		<testset id="Tradebus.JTradeEngine" testunit="tu4tradebus.JTradeEngineTest" run="true" applications="TradebusSubscriber"/>
		<testset id="Tradebus.LocalLegalEntitySettlement" testunit="tu4tradebus.LocalLegalEntitySettlementTest" run="true" applications="TradebusSubscriber"/>
		<testset id="Tradebus.NotValidOptionProductType" testunit="tu4tradebus.NotValidOptionProductTypeTest" run="true" applications="TradebusSubscriber"/>
		<testset id="Tradebus.CitiMapping" testunit="tu4tradebus.ShortCityCodeToCityNameTest" run="true" applications="TradebusSubscriber"/>
		<testset id="Tradebus.PTMCashAggregation" testunit="tu4tradebus.PTMCashAggregationTest" run="true" applications="TradebusSubscriber"/>
		<testset id="Tradebus.PTMCashAllocation" testunit="tu4tradebus.PTMCashAllocationTest" run="true" applications="TradebusSubscriber"/>
		<testset id="Tradebus.PTMCashRoll" testunit="tu4tradebus.PTMCashRollTest" run="true" applications="TradebusSubscriber"/>
		<testset id="Tradebus.PTMChain" testunit="tu4tradebus.PTMChainTest" run="true" applications="TradebusSubscriber"/>
		<testset id="Tradebus.PTMChangeCounterparty" testunit="tu4tradebus.PTMChangeCounterpartyTest" run="true" applications="TradebusSubscriber"/>
		<testset id="Tradebus.TypeFxFuture" testunit="tu4tradebus.TypeFxFutureTest" run="true" applications="TradebusSubscriber"/>
		
		<testset id="Tradebus.AckTags" testunit="tu4tradebus.AckTest" run="true" applications="TradebusPublisher"/>
		<testset id="Tradebus.PublishTrades" testunit="tu4tradebus.PublisherTest" run="true" applications="TradebusPublisher"/>
		
		<testset id="Tradebus.AllocationSerialization" testunit="tu4tradebus.AllocationSerializationTest" run="true" applications="TradebusAPI"/>
		<testset id="Tradebus.RollSerialization" testunit="tu4tradebus.RollSerializationTest" run="true" applications="TradebusAPI"/>
		<testset id="Tradebus.XMLTransformation" testunit="tu4tradebus.XMLTransformTest" run="true" applications="TradebusAPI"/>
		<testset id="Tradebus.PTMAggregationSerialization" testunit="tu4tradebus.PTMAggregationSerializationTest" run="true" applications="TradebusAPI"/>
	</testsets>
</setfile>
