<?xml version="1.0" encoding="ISO-8859-1"?>

<setfile id="exodus">
    <setup>
        <property name="setfile" value="exodus"/>
        <property name="saveExecutionResults" value="false"/>
        <!--Test Properties -->
        <property name="ignore_xml_section" value="JMSTimestamp;JMSDestination;Text"/>
        <property name="ignore_pipe_fields" value="PUBLICATIONTIME;"/>
        <property name="ignore_fix_fields" value="94400"/>
        <property name="ignore_dbgml_fields" value=""/>
        <!-- New jms properties will be removed -->
        <property name="new_jms_pipe_dbgml_properties" value=""/>
        <property name="new_jms_fix_properties"
                  value=""/>
        <!-- New message fields -->
        <property name="new_pipe_fields" value=""/>
        <property name="new_fix_fields" value="10268"/>
        <!-- Data path properties -->
        <property name="trades_file" value="trades.xml"/>
        <property name="data_path" value="../etc/Exodus/data/"/>
    </setup>

    <healthcheck saveExecutionResults="false">
    </healthcheck>

    <testsets saveExecutionResults="false">
        <!-- PIPE / DBGML / FIX translators publishing and comparation blok -->
        <testset id="Exodus.TS-FN-03.PIPE" testunit="tu4exodus.PredefinedTradesTest" run="true"
                 applications="ExodusPipeTranslator"/>
        <testset id="Exodus.TS-FN-03.DBGML" testunit="tu4exodus.PredefinedTradesTest" run="true"
                 applications="ExodusDbgmlTranslator"/>
        <testset id="Exodus.TS-FN-03.FIX" testunit="tu4exodus.PredefinedTradesTest" run="true"
                 applications="ExodusFixTranslator"/>
        <testset id="Exodus.TS-FN-10" testunit="tu4exodus.NormalLoadTradesPublishingTest" run="true"
                 applications="ExodusPipeTranslator"/>
        <testset id="Exodus.TS-FN-10" testunit="tu4exodus.NormalLoadTradesPublishingTest" run="true"
                 applications="ExodusDbgmlTranslator"/>
        <testset id="Exodus.TS-FN-10" testunit="tu4exodus.NormalLoadTradesPublishingTest" run="true"
                 applications="ExodusFixTranslator"/>
        <testset id="Exodus.TS-FN-20" testunit="tu4exodus.NormalLoadOrdersPublishingTest" run="true"
                 applications="ExodusPipeTranslator"/>
        <testset id="Exodus.TS-FN-37" testunit="tu4exodus.FixMessagesTradeTypesPublishing" run="true"
                 tradetypes="FxSpot;FxSwap;CommodityOneLeg;InterestRateFuture;FxDrawdownForward;FxForward;IRSwap;InterestRateFRA;FxCash;CurrencySwap;OvernightIndexSwap;IRSwaption;FxNonDeliverableForward"
                 applications="ExodusFixTranslator"/>
        <testset id="Exodus.TS-FN-37" testunit="tu4exodus.FixMessagesTradeTypesPublishing" run="true"
                 tradetypes="FxDiscreteKOAsianOpt;FxGeneralBarAmerOpt;FxGeneralBarOneTouchOpt;FxGeneralBarBermudanOpt;FxGeneralBarDigitalOpt;FxGeneralBarNoTouchOpt,FxGeneralBarOneTouchKOOpt"
                 applications="ExodusFixTranslator"/>

        <testset id="AcceptanceTestCases" run="true" type="javamethods" testunit="tu4exodus.AcceptanceTestCases"
                 applications="ExodusPipeTranslator">
            <method name="testDynamicProperties" status="Open"/>
            <method name="testDynamicProperties" status="Closed"/>
            <method name="testJMSProperties"/>
            <method name="testSpecialSymbolInNotesField"/>
            <method name="testNewTradesSavedInPublishedTable"/>
            <method name="testFloatValueInMessage"/>
            <method name="testStrikeFieldInFixMessage"/>
            <method name="testCounterPartyEnrichment"/>
            <method name="testExchangeCache"/>
            <method name="testReplayTradesOnPipeChannel"/>
            <method name="testReplayTradesSavedInPublishedTable"/>
            <method name="testMetaMessages2000Symbols"/>
            <method name="testMetaMessagesSpecialSymbol"/>
            <method name="testCurrencyMapping"/>

            <!--&lt;!&ndash; FAILED check logic business value &ndash;&gt;-->
            <method name="testCurrencyCache" run="false"/>
            <method name="testBookCache"  run="false"/>
             <!--&lt;!&ndash; FAILED with technical problems &ndash;&gt;-->
            <method name="testExtraDetails" run="false"/>
            <method name="testSequenceOfTradePublishing"  run="false"/>
        </testset>

         <!-- Sample for trade republishing -->
        <testset id="ReplayFunctionalityTest" run="true" type="javamethods" testunit="tu4exodus.ReplayFunctionalityTest"
                 applications="ExodusPipeTranslator,ExodusFixTranslator" testTimeout="1">
             <method name="testResetClearProcedure" format="PIPE" count="10" REPLAY_ID="TEST"  />
             <method name="testReplayAllSupportedTrades" format="PIPE" count="10" REPLAY_ID="TEST" />
             <method name="testReplayExceptionalCases" format="PIPE" count="10" REPLAY_ID="TEST"  />
             <method name="testReplayFunctionality" format="PIPE" count="10" REPLAY_ID="TEST"  />
             <method name="testReplaySpeedForNTradesWithCountingMessagesInTopic" format="PIPE" count="10" REPLAY_ID="TEST" />
             <method name="testReplaySpeedForNTradesWithCountingMessagesReplayQTable" testTimeout="2" format="PIPE" count="10" REPLAY_ID="TEST"  />
             <method name="testRepublishTradeVersionOrder" format="PIPE" count="10" REPLAY_ID="TEST" run="false" />
        </testset>
   </testsets>

</setfile>