<?xml version="1.0" encoding="ISO-8859-1"?>
<setfile id="dealhub">
	<setup>
        <property name="DealHub.StaleTradeDays" value="7"/>
	</setup>

	<healthcheck saveExecutionResults="false">
		<testset run="true" useOldDealHub="true" testunit="healthcheck.CheckDealHub"/>
	</healthcheck>

    <testsets saveExecutionResults="true">

		<testset id="DealHub.ValidBookingFromReuters" run="true" useOldDealHub="true" type="javamethods" testunit="tu4dealhub.ValidBooking" applications="RmsDealHub">
			<method name="testReutersSpot" run="true"/>
			<method name="testReutersForward" run="true"/>
			<method name="testReutersSwap" run="true"/>
			<method name="testReutersNDF" run="true"/>
			<method name="testReutersDEPO" run="true"/>
		</testset>
		<testset id="DealHub.ValidBookingFromEBS" run="true" useOldDealHub="true" type="javamethods" testunit="tu4dealhub.ValidBooking" applications="RmsDealHub">
			<method name="testEBSSpot" run="true"/>
			<method name="testEBSForward" run="true"/>
			<method name="testEBSSwap" run="true"/>
			<method name="testEBSNDF" run="true"/>
			<method name="testEBSDEPO" run="true"/>
		</testset>
		<testset id="DealHub.ValidBookingFromPDEX" run="true" useOldDealHub="true" type="javamethods" testunit="tu4dealhub.ValidBooking" applications="RmsDealHub">
			<method name="testPDEXSpot" run="true"/>
			<method name="testPDEXForward" run="true"/>
			<method name="testPDEXSwap" run="true"/>
			<method name="testPDEXNDF" run="true"/>
		</testset>
		<testset id="DealHub.ValidBookingFromFXConnect" run="true" useOldDealHub="true" type="javamethods" testunit="tu4dealhub.ValidBooking" applications="RmsDealHub">
			<method name="testFXConnectSpot" run="true"/>
			<method name="testFXConnectForward" run="true"/>
			<method name="testFXConnectSwap" run="true"/>
			<method name="testFXConnectNDF" run="true"/>
			<method name="testFXConnectSwapNDF" run="true"/>
		</testset>
		<testset id="DealHub.ValidBookingFromRTNS" run="true" useOldDealHub="true" type="javamethods" testunit="tu4dealhub.ValidBooking" applications="RmsDealHub">
			<method name="testRTNSSpot" run="true"/>
			<method name="testRTNSForward" run="true"/>
			<method name="testRTNSSwap" run="true"/>
			<method name="testRTNSNDF" run="true"/>
			<method name="testRTNSDEPO" run="true"/>
		</testset>
		<testset id="DealHub.ValidBookingFromMICEX" run="true" useOldDealHub="true" type="javamethods" testunit="tu4dealhub.ValidBooking" applications="RmsDealHub">
			<method name="testMICEXSpot" run="true"/>
			<method name="testMICEXForward" run="true"/>
			<method name="testMICEXSwap" run="true"/>
			<method name="testMICEXNDF" run="true"/>
		</testset>
		<testset id="DealHub.ValidBookingFromKMB" run="true" useOldDealHub="true" type="javamethods" testunit="tu4dealhub.ValidBooking" applications="RmsDealHub">
			<method name="testKMBSpot" run="true"/>
			<method name="testKMBForward" run="true"/>
			<method name="testKMBSwap" run="true"/>
		</testset>
		<testset id="DealHub.ValidBookingFromSMB" run="true" useOldDealHub="true" type="javamethods" testunit="tu4dealhub.ValidBooking" applications="RmsDealHub">
			<method name="testSMBSpot" run="true"/>
			<method name="testSMBForward" run="true"/>
			<method name="testSMBSwap" run="true"/>
		</testset>
		<testset id="DealHub.ValidBookingFromCFETS" run="true" useOldDealHub="true" type="javamethods" testunit="tu4dealhub.ValidBooking" applications="RmsDealHub">
			<method name="testCFETSSpot" run="true"/>
			<method name="testCFETSForward" run="true"/>
			<method name="testCFETSSwap" run="true"/>
			<method name="testCFETSNDF" run="true"/>
			<method name="testCFETSDEPO" run="true"/>
		</testset>

		<testset id="DealHub.DBPersonMapping" run="true" type="javamethods" useOldDealHub="true" testunit="tu4dealhub.DBPersonMapping" applications="RmsDealHub">
			<method name="testEnteredByPortfolio" run="true"/>
			<method name="testEnteredByPortfolioDefault" run="true"/>
			<method name="testTraderPortfolio" run="true"/>
			<method name="testTraderPortfolioDefault" run="true"/>
			<method name="testBrokerMappingRTNS" run="true"/>
			<method name="testFXconnectMapping" run="true"/>
		</testset>

		<testset id="DealHub.ControllerConfig" run="true" useOldDealHub="true" type="javamethods" testunit="tu4dealhub.ControllerConfig" applications="RmsDealHub">
			<method name="testTCIDMapping" run="true"/>
			<method name="testLocationGeneric" run="true"/>
			<method name="testUserLocation" run="true"/>
			<method name="testControllerTimezoneGeneric" run="true"/>
			<method name="testFXConnectSpotPricingLocation" run="true"/>
			<method name="testFXConnectForwardPricingLocation" run="true"/>
		</testset>

		<testset id="DealHub.CancelPDEX" run="true" useOldDealHub="true" testunit="tu4dealhub.CancelPDEX" applications="RmsDealHub"/>
		<testset id="DealHub.SettlementDate" run="true" useOldDealHub="true" testunit="tu4dealhub.SettlementDate" applications="RmsDealHub"/>
		<testset id="DealHub.BookMapping" run="true" useOldDealHub="true" testunit="tu4dealhub.BookMapping" applications="RmsDealHub"/>
		<testset id="DealHub.CounterpartyMapping" run="true" useOldDealHub="true" testunit="tu4dealhub.CounterpartyMapping" applications="RmsDealHub"/>
		<testset id="DealHub.CurrencyMapping" run="true" useOldDealHub="true" testunit="tu4dealhub.CurrencyMapping" applications="RmsDealHub"/>
		<testset id="DealHub.SpecificBooking" run="true" useOldDealHub="true" testunit="tu4dealhub.SpecificBooking" applications="RmsDealHub"/>
		<testset id="DealHub.TicketFiltering" run="true" useOldDealHub="true" testunit="tu4dealhub.TicketFiltering" applications="RmsDealHub"/>
		<testset id="DealHub.InvalidTickets" run="true" testunit="tu4dealhub.InvalidTickets" applications="RmsDealHub"/>
		<testset id="DealHub.DNAFlow" run="true" useOldDealHub="true" testunit="tu4dealhub.ExtrainfoDNA" applications="RmsDealHub"/>

    </testsets>

</setfile>
