<?xml version="1.0" encoding="ISO-8859-1"?>
<setfile id="cas-cerficication">
	  <setup>
        <property name="updateApplicationVersions" value="true"/>
        <property name="casMockMode" value="true"/>
	   	<property name="counterparty" value="KBCX"/>
        <property name="ccyPair" value="EURUSD"/>
   		<property name="mainCounterparty" value="KBCX"/>
		<property name="mainCounterpartyAgg" value="KBC"/>
		<property name="mainCounterpartyPca" value="KBCBKB"/>
		<property name="mainCounterpartyCas" value="TRNTST_NYK"/>
		<property name="mainCounterpartySystem" value="REUTERS"/>
		<property name="mainAggregationBook" value="ARMCLSAGG"/>
		<property name="noncasCounterparty" value="MSPA"/>
		<property name="noncasCounterpartyCas" value="STANLN  AGG"/>
		<property name="nogroupCounterparty" value="KBCX"/>
		<property name="nogroupCounterpartyPca" value="KBCBKB"/>
		<property name="nogroupCounterpartyCas" value="TRNTST_NYK"/>
		<property name="secondaryCounterparty" value="MSBZ"/>
		<property name="secondaryCounterparty2" value="HMG1"/>
		<property name="secondaryCounterparty3" value="GSC1"/>
	</setup>

 	<healthcheck saveExecutionResults="false">

		<testset testunit="healthcheck.CheckCAS" run="true"/>
	</healthcheck>
		

	<testsets saveExecutionResults="true">
  		<testset id="CAS.CertificationMajorCases" run="false" type="javamethods" testunit="tu4cas.CasCertification" applications="CasAdapter, TradeExecution">
			<method name="testCertificationD21_1_CasAck" ccyPair="GBPUSD"/>
			<method name="testCertificationD21_2_WrongCcyPair"/>
			<method name="testCertificationD21_3_LateValueDate"/>
			<method name="testCertificationD21_4_BigAmount"/>
			<method name="testCertificationD21_5_EarlyValueDate"/>
			<method name="testCertificationD221_1_NewCandidateAckProcessed" ccyPair="GBPUSD"/>
			<method name="testCertificationD231_1_NormalFlow"/>
        </testset>
		<!--</testset>-->
		<testset id="CAS.CertificationExceptionalCases" run="false" type="javamethods" testunit="tu4cas.CasCertification" applications="CasAdapter, TradeExecution">
			<method name="testCertificationD222_1_NackForIncorrectCpty" ccyPair="GBPUSD"/>
			<method name="testCertificationD223_1_RejectNonMatching" ccyPair="GBPUSD"/>
			<method name="testCertificationD223_2_RejectIncorrectCcyPair" ccyPair="GBPUSD"/>
			<method name="testCertificationD225_1_SimpleAmend" ccyPair="GBPUSD"/>
			<method name="testCertificationD225_2_AmendAggregated" ccyPair="AUDUSD"/>
			<method name="testCertificationD232_1_TEAggregationNack"/>
			<method name="testCertificationD233_1_RepeatedCASAggregation"/>
			<method name="testCertificationD224_1_ResendNew" ccyPair="GBPUSD"/>
		</testset>
		<testset id="CAS.CertificationErrorCodes" run="false" type="javamethods" testunit="tu4cas.CasCertification" applications="CasAdapter">
			<method name="testCertificationD226_1_Nack4Malformed"/>
			<method name="testCertificationD226_2_Nack4MappingFailure"/>
			<method name="testCertificationD226_3_Nack4Modify"/>
			<method name="testCertificationD226_4_Nack4BlankCounterparty"/>
			<method name="testCertificationD226_5_Nack4WrongRescind"/>
			<method name="testCertificationD226_6_Reject4DuplicateNew" ccyPair="GBPUSD"/>
			<method name="testCertificationD226_7_Reject4LateTradeDate"/>
			<method name="testCertificationD226_8_Reject4DisabledCounterparty" run="false"/>
			<method name="testCertificationD226_9_Reject4WrongCcyPair"/>
			<method name="testCertificationD226_10_Reject4BigAmount"/>
			<method name="testCertificationD226_11_Reject4NoGroupCounterparty" run="false"/>
			<method name="testCertificationD226_12_Reject4NoCcyPairGroup" ccyPair="USDCHF"/>
			<method name="testCertificationD226_13_Reject4NonSpotTrade"/>
			<method name="testCertificationD226_14_Reject4TodayValueDate"/>
            <method name="testCertificationD226_16_Reject4RescindAfterAggregation"/>
            <method name="testCertificationD226_15_Reject4Unmatched"/>
		</testset>

        <testset id="CAS.CertificationErrorCodes" run="true" type="javamethods" testunit="tu4cas.CasCertification" applications="CasAdapter">
                <method name="testCertificationD226_10_Reject4BigAmount"/>
         </testset>

	</testsets>
</setfile>
