<?xml version="1.0" encoding="ISO-8859-1"?>
<setfile id="cas">
	<setup>
        <property name="updateApplicationVersions" value="true"/>
        <property name="casMockMode" value="false"/>
	   	<property name="counterparty" value="KBCX"/>
        <property name="ccyPair" value="EURUSD"/>
   		<property name="mainCounterparty" value="KBCX"/>
		<property name="mainCounterpartyAgg" value="KBC"/>
		<property name="mainCounterpartyPca" value="KBCBKB"/>
		<property name="mainCounterpartyCas" value="TRNTST_NYK"/>
		<property name="mainCounterpartySystem" value="REUTERS"/>
		<property name="mainAggregationBook" value="ARMCLSAGG"/>
		<property name="noncasCounterparty" value="MSPA"/>
		<property name="noncasCounterpartyCas" value="TRNTST_INV"/>
		<property name="nogroupCounterparty" value="1RBS"/>
		<property name="nogroupCounterpartyPca" value="RBS  L"/>
		<property name="nogroupCounterpartyCas" value="TRNTST03_NYK"/>
		<property name="secondaryCounterparty" value="MSBZ"/>
		<property name="secondaryCounterparty2" value="HMG1"/>
		<property name="secondaryCounterparty3" value="GSC1"/> 
	</setup>

	<healthcheck saveExecutionResults="false">
		<testset testunit="healthcheck.CheckCAS" run="true"/>
	</healthcheck>
		
	<testsets saveExecutionResults="true">
		<testset testunit="tu4cas.CasCertification" run="false" type="javamethods">
			<method name="testCertificationD24_1_MultipleTrades" count="50" delay="10"/>
		</testset>
		
		<testset id="" testunit="tu4tradeexecution.ProcessAggregation" run="true" type="javamethods">
			<method name="testAggregationAccept" run="true"/>
			<method name="testAggregationAcceptCheckNulls" run="false"/>
			<method name="testAggregationReject" run="true"/>
			<method name="testAggregationRejectCheckNulls" run="false"/>
		</testset>
		
		<testset id="CAS.BackOfficeTagging" testunit="tu4casbotagging" run="false" type="scripted" applications="CasBackOfficeTagging">
			<!-- multi-counterparty -->
			<method name="testMultiSame-1" script="DealHub/scripted/TS-CAS-03-positive-01.xml" counterparty="CICM"  ccyPair="EURUSD" UnderAmount="1000" AccAmount="-1000"/>
			<method name="testMultiSame-2" script="DealHub/scripted/TS-CAS-03-positive-01.xml" counterparty="CIEM"  ccyPair="EURUSD" UnderAmount="1000" AccAmount="-1000"/>
			<method name="testMultiSame-3" script="DealHub/scripted/TS-CAS-03-positive-01.xml" counterparty="CICO"  ccyPair="EURUSD" UnderAmount="1000" AccAmount="-1000"/>
			<!-- simple TRNTST NYK 01 -->
			<method name="testPositiveAmountSimpleBuy" script="DealHub/scripted/TS-CAS-03-positive-01.xml" ccyPair="GBPUSD" UnderAmount="1000" AccAmount="-1000"/>
			<method name="testPositiveAmountSimpleSell" script="DealHub/scripted/TS-CAS-03-positive-01.xml" ccyPair="GBPUSD" UnderAmount="-1000" AccAmount="1000"/>
			<method name="testPositiveAmountMaxAmount" script="DealHub/scripted/TS-CAS-03-positive-01.xml" ccyPair="EURUSD" UnderAmount="5000000" AccAmount="-5000000"/>
			<method name="testPositiveAmountBigAmountQuoted" script="DealHub/scripted/TS-CAS-03-positive-01.xml" ccyPair="EURUSD" UnderAmount="1000000" AccAmount="-6000000"/>
			<!-- DEUT LDN / TRNTST NYK 01 -->
			<method name="testPositiveCcyEURUSD" script="DealHub/scripted/TS-CAS-03-positive-02.xml" ccyPair="EURUSD"/>
			<method name="testPositiveCcyGBPUSD" script="DealHub/scripted/TS-CAS-03-positive-02.xml" ccyPair="GBPUSD"/>
			<method name="testPositiveCcyAUDUSD" script="DealHub/scripted/TS-CAS-03-positive-02.xml" ccyPair="AUDUSD"/>
			<method name="testPositiveCcyEURGBP" script="DealHub/scripted/TS-CAS-03-positive-02.xml" ccyPair="EURGBP"/>
			<method name="testPositiveCcyUSDJPY" script="DealHub/scripted/TS-CAS-03-positive-02.xml" ccyPair="USDJPY"/>
			<method name="testPositiveCcyUSDCAD" script="DealHub/scripted/TS-CAS-03-positive-02.xml" ccyPair="USDCAD"/>
			<method name="testPositiveCcyEURJPY" script="DealHub/scripted/TS-CAS-03-positive-02.xml" ccyPair="EURJPY"/>
			<!-- DEUT LDN / TRNTST NYK 02 -->
			<method name="testPositiveCcyGBPJPY" script="DealHub/scripted/TS-CAS-03-positive-02.xml" ccyPair="GBPJPY"/>
			<method name="testPositiveCcyEURCHF" script="DealHub/scripted/TS-CAS-03-positive-02.xml" ccyPair="EURCHF"/>
			<method name="testPositiveCcyNZDUSD" script="DealHub/scripted/TS-CAS-03-positive-02.xml" ccyPair="NZDUSD"/>
			<method name="testPositiveCcyAUDJPY" script="DealHub/scripted/TS-CAS-03-positive-02.xml" ccyPair="AUDJPY"/>
			<!-- DEUT LDN / TRNTST02 NYK 01 -->
			<method name="testPositiveCcyUSDCHF" script="DealHub/scripted/TS-CAS-03-positive-02.xml" ccyPair="USDCHF"/>
			<!-- No group - reciprocal in BO -->
			<method name="testPositiveCcyUSDEUR" script="DealHub/scripted/TS-CAS-03-positive-02.xml" ccyPair="USDEUR"/>
			<!-- Negatives -->
			<method name="testNegativeAmount" script="DealHub/scripted/TS-CAS-03-negative-01.xml" ccyPair="EURUSD" UnderAmount="5000001" AccAmount="-1000000"/>
			<method name="testNegativeCcyPair" script="DealHub/scripted/TS-CAS-03-negative-01.xml" ccyPair="USDNOK" UnderAmount="1000000" AccAmount="-1000000"/>
			<method name="testNegativeCounterparty" script="DealHub/scripted/TS-CAS-03-negative-02.xml" counterparty="DRKB"/>
			<method name="testNegativeExpiredStatus" script="DealHub/scripted/TS-CAS-03-negative-03.xml"/>
		</testset>
	</testsets>
</setfile>
