<?xml version="1.0" encoding="utf-8"?>
<transaction>
	<header>
		<messageId>FOP66SGG3IVBK</messageId>
		<messageSource>FO</messageSource>
		<createdDateTime>2007-12-10T12:52:00.929Z</createdDateTime>
		<apiVersion>1.0</apiVersion>
	</header>
	<body>
		<trade>
			<tradeHeader>
				<tradeId>FOP6002727818</tradeId>
				<tradeVersion>1</tradeVersion>
				<tradeDate>2007-12-10</tradeDate>
				<tradeType>FXNONDELIVERABLEEUROOPT</tradeType>
				<tradeStatus>OPEN</tradeStatus>
				<creator>
					<sys>FO</sys>
					<dateTime>2007-12-10T12:52:00.000Z</dateTime>
					<tradeId>FXOP02727818-1-A</tradeId>
					<enteredBy>
						<id sys="FXO">VITTORIO.NUTI</id>
						<location>LN</location>
					</enteredBy>
					<delegateSys>RM</delegateSys>
				</creator>
				<counterparty>
					<legalEntity>LN</legalEntity>
					<idList>
						<id sys="RMS">OPERAMODELS2</id>
					</idList>
					<internalClientTrade>Y</internalClientTrade>
				</counterparty>
				<salesInfo>
					<userId sys="RMS">colale</userId>
					<location>LN</location>
				</salesInfo>
				<book>
					<name>JKPWM</name>
				</book>
				<markup>
					<notional>
						<ccy>EUR</ccy>
						<amount>0</amount>
					</notional>
					<location>LN</location>
				</markup>
				<atRisk>
					<notional>
						<ccy>EUR</ccy>
						<amount>0</amount>
					</notional>
					<location>LN</location>
				</atRisk>
				<referenceMarketData>
					<spotRate>1.4716</spotRate>
					<forwardPoints>0.00071</forwardPoints>
					<volatility>8.59</volatility>
					<depo>
						<ccy>EUR</ccy>
						<rate>4.6909</rate>
					</depo>
					<delta>
						<ccy>EUR</ccy>
						<rate>0.51</rate>
					</delta>
				</referenceMarketData>
			</tradeHeader>
			<nonDeliverableEuroOpt>
				<currencies>
					<underCurrency>USD</underCurrency>
					<accCurrency>KRW</accCurrency>
					<settlementCurrency>GBP</settlementCurrency>
				</currencies>
				<underNotional>-1091762.65</underNotional>
				<accNotional>+1000000000.00</accNotional>
				<strike>915.95</strike>
				<settlementDate>2008-01-14</settlementDate>
				<callPut>C</callPut>
				<expiryDate>2008-01-10</expiryDate>
				<zoneCut>NY</zoneCut>
				<fixing>
					<date>2008-01-14</date>
					<reference>NDO</reference>
				</fixing>
				<premium>
					<amount>75</amount>
					<ccy>GBP</ccy>
					<date>2007-12-12</date>
				</premium>
			</nonDeliverableEuroOpt>
		</trade>
	</body>
</transaction>