<?xml version="1.0" encoding="utf-8"?>
<transaction>
	<header>
		<messageId>FOP66SGG3IVBK</messageId>
		<messageSource>FO</messageSource>
		<createdDateTime>2007-12-10T12:52:00.929Z</createdDateTime>
		<apiVersion>1.0</apiVersion>
	</header>
	<body>
		<structure>
			<structureId>FOP6002727818</structureId>
			<structureVersion>1</structureVersion>
			<trade>
				<tradeHeader>
					<tradeId>FOP6002727818</tradeId>
					<tradeVersion>1</tradeVersion>
					<tradeDate>2007-12-10</tradeDate>
					<tradeType>OPTIONS-PRODUCT</tradeType>
					<tradeStatus>OPEN</tradeStatus>
					<backOffice>
						<processing>STANDARD</processing>
					</backOffice>
					<creator>
						<sys>FO</sys>
						<dateTime>2007-12-10T12:52:00.000Z</dateTime>
						<tradeId>FXOP02727818-1-A</tradeId>
						<enteredBy>
							<id sys="FXO">VITTORIO.NUTI</id>
							<location>LN</location>
						</enteredBy>
					</creator>
					<counterparty>
						<legalEntity>LN</legalEntity>
						<idList>
							<id sys="RMS">OPERAMODELS2</id>
						</idList>
						<internalClientTrade>Y</internalClientTrade>
					</counterparty>
					<salesInfo>
						<userId sys="RMS">colale</userId>
						<location>LN</location>
					</salesInfo>
					<book>
						<name>OPERA</name>
					</book>
					<markup>
						<notional>
							<ccy>EUR</ccy>
							<amount>0</amount>
						</notional>
						<location>LN</location>
					</markup>
					<atRisk>
						<notional>
							<ccy>EUR</ccy>
							<amount>0</amount>
						</notional>
						<location>LN</location>
					</atRisk>
					<referenceMarketData>
						<spotRate>1.4716</spotRate>
						<forwardPoints>0.00071</forwardPoints>
						<volatility>8.59</volatility>
						<depo>
							<ccy>EUR</ccy>
							<rate>4.6909</rate>
						</depo>
						<delta>
							<ccy>EUR</ccy>
							<rate>0.51</rate>
						</delta>
					</referenceMarketData>
				</tradeHeader>
				<optionProduct>
					<productType>NDO</productType>
					<economicDetails>
						<underCurrency>USD</underCurrency>
						<accCurrency>KRW</accCurrency>
						<settlementCurrency>GBP</settlementCurrency>
						<underNotional>-1091762.65</underNotional>
						<accNotional>+1000000000.00</accNotional>
						<dominantNotional>Notional</dominantNotional>
						<strike>915.95</strike>
						<cp>C</cp>
						<expiryDate>2008-01-10</expiryDate>
						<settlementDate>2008-01-14</settlementDate>
						<zoneCut>NY</zoneCut>
					</economicDetails>
					<premium>
						<amount>75</amount>
						<ccy>GBP</ccy>
						<date>2007-12-12</date>
					</premium>
				</optionProduct>
			</trade>
		</structure>
	</body>
</transaction>