<?xml version="1.0" encoding="utf-8"?>
<transaction>
    <header>
        <messageId>SAP6FA07OC8A1</messageId>
        <messageSource>SA</messageSource>
        <createdDateTime>2007-12-09T23:32:57.706Z</createdDateTime>
        <apiVersion>1.0</apiVersion>
    </header>
    <body>
        <trade>
            <tradeHeader>
                <tradeId>TTP2FA07OC700</tradeId>
                <tradeVersion>1</tradeVersion>
                <tradeDate>2007-12-10</tradeDate>
                <tradeType>FXSPOT</tradeType>
                <tradeStatus>OPEN</tradeStatus>
                <creator>
                    <sys>TT</sys>
                    <dateTime>2007-12-09T23:32:57.660Z</dateTime>
                    <tradeId>#SomeID#</tradeId>
                    <tradeVersion>1</tradeVersion>
                    <delegateSys>TT</delegateSys>
                </creator>
                <counterparty>
                    <legalEntity>DSI</legalEntity>
                    <idList>
                        <id sys="RMS">RFLXS</id>
                    </idList>
                    <localLegalEntitySettlementRequired>Y
                    </localLegalEntitySettlementRequired>
                </counterparty>
                <salesInfo>
                    <userId sys="RMS">TSURUNA</userId>
                    <location>
                    </location>
                    <productionCredit>B</productionCredit>
                </salesInfo>
                <traderInfo>
                    <userId sys="RMS">WOODPH</userId>
                    <location>LN</location>
                </traderInfo>
                <brokerInfo>
                    <media>RFLX</media>
                </brokerInfo>
                <book>
                    <name>ARMSPT</name>
                    <pricingLocation>DSI</pricingLocation>
                </book>
            </tradeHeader>
            <spot>
                <underCcy>USD</underCcy>
                <accCcy>JPY</accCcy>
                <leg type="NEAR">
                    <valueDate>2007-12-12</valueDate>
                    <underNotional>+1700000.00</underNotional>
                    <accNotional>-189550000.00</accNotional>
                    <customerRate>111.50</customerRate>
                    <traderRate>111.50</traderRate>
                    <dominantNotional>Notional</dominantNotional>
                </leg>
            </spot>
            <fxquant>
                <tradeType>Spot</tradeType>
                <spotTraderRate>1.30306</spotTraderRate>
                <spotClientRate>1.30296</spotClientRate>
            </fxquant>
        </trade>
    </body>
</transaction>
