<dbfxml version="1.0.1" xmlns="dbfxml.fxtradebus.namespaces.db.com" xmlns:xsi="http://www.w3.org/2001/XMLSchema-instance" xsi:schemaLocation="dbfxml.fxtradeb
us.namespaces.db.com http://it.fxoptions.gm.gci.db.com/tradebus/dbfxml/currentversion/dbfxml.xsd">
    <transaction>
        <header>
            <messageId>FXP679F8PIG1S</messageId>
            <messageSource>FX</messageSource>
            <createdDateTime>2010-07-29T07:37:51.532Z</createdDateTime>
            <apiVersion>1.0</apiVersion>
        </header>
        <body>
            <trade>
                <tradeHeader>
                    <tradeId>FXP6442960045</tradeId>
                    <tradeVersion>1</tradeVersion>
                    <tradeDate>2010-07-29Z</tradeDate>
                    <tradeType>FXSPOT</tradeType>
                    <tradeStatus>OPEN</tradeStatus>
                    <tradeClassification>S</tradeClassification>
                    <creator>
                        <sys>FX</sys>
                        <dateTime>2010-08-03T07:37:51.521Z</dateTime>
                        <tradeId>26442960045</tradeId>
                        <tradeVersion>1</tradeVersion>
                    </creator>
                    <counterparty>
                        <idList>
                            <id sys="DBI">TESTALGO</id>
                        </idList>
                    </counterparty>
                    <salesInfo>
                        <userId sys="RMS">ELDRKE</userId>
                        <location>
                        </location>
                        <productionCredit>T</productionCredit>
                    </salesInfo>
                    <traderInfo>
                        <userId sys="RMS">WOODPH</userId>
                        <location>LN</location>
                    </traderInfo>
                    <brokerInfo>
                        <media>FM</media>
                    </brokerInfo>
                    <clientInfo>
                        <clientTraderName sys="ABFX">QA 001</clientTraderName>
                        <clientTraderId sys="ABFX">TESTALGO.RCUSER</clientTraderId>
                    </clientInfo>
                    <book>
                        <name>ARMEURUSD</name>
                    </book>
                </tradeHeader>
                <spot>
                    <underCcy>EUR</underCcy>
                    <accCcy>USD</accCcy>
                    <leg>
                        <valueDate>2010-08-05Z</valueDate>
                        <underNotional>1000000.00</underNotional>
                        <accNotional>-1302960.00</accNotional>
                        <customerRate>1.30296</customerRate>
                        <traderRate>1.30306</traderRate>
                        <dominantNotional>Notional</dominantNotional>
                    </leg>
                </spot>
                <fxquant>
                    <spotTraderRate>1.30306</spotTraderRate>
                    <spotClientRate>1.30296</spotClientRate>
                </fxquant>
            </trade>
        </body>
    </transaction>
</dbfxml>
