<?xml version="1.0" encoding="utf-8"?>
<transaction>
    <header>
        <messageId>FXP66W0Y298RK</messageId>
        <messageSource>FX</messageSource>
        <createdDateTime>2008-06-29T21:01:11.018Z</createdDateTime>
        <apiVersion>1.0</apiVersion>
    </header>
    <body>
        <trade>
            <tradeHeader>
                <tradeId>FXP6035054508</tradeId>
                <tradeVersion>1</tradeVersion>
                <tradeDate>2008-07-03Z</tradeDate>
                <tradeType>FXSPOT</tradeType>
                <tradeStatus>OPEN</tradeStatus>
                <tradeClassification>S</tradeClassification>
                <creator>
                    <sys>FX</sys>
                    <dateTime>2008-07-03T21:01:11.005Z</dateTime>
                    <tradeId>35054508</tradeId>
                    <tradeVersion>1</tradeVersion>
                </creator>
                <counterparty>
                    <idList>
                        <id sys="DBI">EU0279753</id>
                    </idList>
                </counterparty>
                <salesInfo>
                    <userId sys="RMS">MPRATA</userId>
                    <location>
                    </location>
                    <productionCredit>T</productionCredit>
                </salesInfo>
                <traderInfo>
                    <userId sys="RMS">HAMLMAT</userId>
                    <location>SY</location>
                </traderInfo>
                <brokerInfo>
                    <media>FM</media>
                </brokerInfo>
                <clientInfo>
                    <clientTraderName sys="ABFX">FXCM Retail API</clientTraderName>
                    <clientTraderId sys="ABFX">FXCMRETAIL.API</clientTraderId>
                </clientInfo>
                <book>
                    <name>ARMUSDCAD</name>
                </book>
            </tradeHeader>
            <spot>
                <underCcy>USD</underCcy>
                <accCcy>CAD</accCcy>
                <leg>
                    <valueDate>2008-07-07Z</valueDate>
                    <underNotional>1000123.00</underNotional>
                    <accNotional>-1012300.00</accNotional>
                    <customerRate>1.01000</customerRate>
                    <traderRate>1.010000</traderRate>
                    <dominantNotional>Notional</dominantNotional>
                </leg>
            </spot>
            <fxquant>
                <spotTraderRate>1.010000</spotTraderRate>
                <spotClientRate>1.01000</spotClientRate>
            </fxquant>
        </trade>
    </body>
</transaction>
