<?xml version="1.0" encoding="UTF-8"?>
<Message>
    <SystemInfo>
        <JMSDestination>Topic[exodus.fix.demo]</JMSDestination>
        <JMSReplyTo/>
        <JMSDeliveryMode>2</JMSDeliveryMode>
        <JMSRedelivered>false</JMSRedelivered>
        <JMSCorrelationID>null</JMSCorrelationID>
        <JMSType>null</JMSType>
        <JMSTimestamp>1285344085706</JMSTimestamp>
        <JMSExpiration>0</JMSExpiration>
        <JMSPriority>4</JMSPriority>
    </SystemInfo>
    <ApplicationInfo>
        <StreamIndex100>99</StreamIndex100>
        <FIX_10001>213920899</FIX_10001>
        <FIX_10002>378</FIX_10002>
        <FIX_10006>BMFINANCEPHYS</FIX_10006>
        <FIX_10055/>
        <FIX_10017>BaseMetalWarrant</FIX_10017>
        <FIX_10029>Economic</FIX_10029>
        <MESSAGE_TYPE>RMS_TRADE</MESSAGE_TYPE>
        <FIX_10015>Open</FIX_10015>
        <FIX_10011>BMFINANCEPHYS</FIX_10011>
        <FIX_10010>0840</FIX_10010>
        <FIX_10058>///</FIX_10058>
        <FIX_10056/>
        <FIX_10044>///</FIX_10044>
        <FIX_10057/>
    </ApplicationInfo>
    <Text>8=FIXT.1.1**95000=Exodus_FIX_1.0**35=U1**10001=213920899**10002=378**10003=207668616**10004=1**10006=BMFINANCEPHYS**10007=DB AG London**10009=MET0**10010=0840**10011=BMFINANCEPHYS**10012=RMS**10013=DTCH L  58I**10114=DTCH L  58I**10015=Open**10017=BaseMetalWarrant**10018=BASEMETALWARRANT**10019=RMS**10022=SWORD**10023=213920899**10024=RMS**10025=213920899**10026=124185455**10027=2009-08-03 15:38:30.000**10028=2010-09-15 22:30:09.000**10029=Economic**10030=2009-08-03 00:00:00.000**10032=RMS**10035=RICHEVA**10116=XAL**10117=USD**10122=30273865.43**10133=MT**10134=25**10077=1241596.822**</Text>
</Message>
