<?xml version="1.0" encoding="UTF-8"?>
<Message>
    <SystemInfo>
        <JMSDestination>Topic[exodus.fix.demo]</JMSDestination>
        <JMSReplyTo/>
        <JMSDeliveryMode>2</JMSDeliveryMode>
        <JMSRedelivered>false</JMSRedelivered>
        <JMSCorrelationID>null</JMSCorrelationID>
        <JMSType>null</JMSType>
        <JMSTimestamp>1285344018550</JMSTimestamp>
        <JMSExpiration>0</JMSExpiration>
        <JMSPriority>4</JMSPriority>
    </SystemInfo>
    <ApplicationInfo>
        <StreamIndex100>47</StreamIndex100>
        <FIX_10001>307305247</FIX_10001>
        <FIX_10002>1</FIX_10002>
        <FIX_10006>BRFXNY</FIX_10006>
        <FIX_10055>///</FIX_10055>
        <FIX_10017>BMFFRPFuture</FIX_10017>
        <FIX_10029>New</FIX_10029>
        <MESSAGE_TYPE>RMS_TRADE</MESSAGE_TYPE>
        <FIX_10015>Open</FIX_10015>
        <FIX_10011>BRFXNY</FIX_10011>
        <FIX_10010>0836</FIX_10010>
        <FIX_10058>NNN</FIX_10058>
        <FIX_10056>NNN</FIX_10056>
        <FIX_10044>///</FIX_10044>
        <FIX_10057>///</FIX_10057>
    </ApplicationInfo>
    <Text>8=FIXT.1.1**95000=Exodus_FIX_1.0**35=U1**10001=307305247**10002=1**10003=299211857**10004=1**10006=BRFXNY**10007=DBSA**10010=0836**10011=BRFXNY**10012=RMS**10013=FXNY SPA001**10114=DTCBASPA004**10015=Open**10017=BMFFRPFuture**10018=BMF**10019=RMS**10020=BMF  SPA001**10021=BOLSA DE MERCADORIAS E FUTUROS AC BMF**10115=BMF  SPA001**10022=RMS**10023=307305247**10024=RMS**10025=307305247**10026=174119619**10027=2010-08-25 00:22:13.000**10028=2010-08-25 00:22:13.000**10029=New**10030=2010-08-24 00:00:00.000**10031=BMF**10032=RMS**10035=TRISVIT**10036=2010-08-24 00:00:00.000**10045=CM**10055=///**10056=NNN**10057=///**10058=NNN**10060=RMS_TRISVIT**10071=1**10072=GiroTradeYN**10073=Text**10074=N**10203=Standard**10076=BRL**90020=London**90024=DB**90029=299211857**90031=299211857**90047=75**90049=75**10089=#DOL**10090=2010-09-01 00:00:00.000**10144=1.4**90059=Y**90063=299211857**10077=-8000000**10143=-160**10086=2010-09-01 00:00:00.000**90086=BRFXNY**90095=1**90097=59639215**90098=1**90099=174119619A**90101=FXFUTURE**10075=USB**</Text>
</Message>
