<?xml version="1.0" encoding="UTF-8"?>
<Message>
    <SystemInfo>
        <JMSDestination>Topic[exodus.fix.demo]</JMSDestination>
        <JMSReplyTo/>
        <JMSDeliveryMode>2</JMSDeliveryMode>
        <JMSRedelivered>false</JMSRedelivered>
        <JMSCorrelationID>null</JMSCorrelationID>
        <JMSType>null</JMSType>
        <JMSTimestamp>1285344097572</JMSTimestamp>
        <JMSExpiration>0</JMSExpiration>
        <JMSPriority>4</JMSPriority>
    </SystemInfo>
    <ApplicationInfo>
        <StreamIndex100>36</StreamIndex100>
        <FIX_10001>311959836</FIX_10001>
        <FIX_10002>2</FIX_10002>
        <FIX_10006>TKREPJT</FIX_10006>
        <FIX_10055>///</FIX_10055>
        <FIX_10017>BondFutureOpt</FIX_10017>
        <FIX_10029>Economic</FIX_10029>
        <MESSAGE_TYPE>RMS_TRADE</MESSAGE_TYPE>
        <FIX_10015>Open</FIX_10015>
        <FIX_10011>TKREPJT</FIX_10011>
        <FIX_10010>0840</FIX_10010>
        <FIX_10058>///</FIX_10058>
        <FIX_10056>///</FIX_10056>
        <FIX_10044>///</FIX_10044>
        <FIX_10057>///</FIX_10057>
    </ApplicationInfo>
    <Text>8=FIXT.1.1**95000=Exodus_FIX_1.0**35=U1**10001=311959836**10002=2**10003=303751439**10004=1**10006=TKREPJT**10007=DB AG London**10008=FXG**10009=SPT0**10010=0840**10011=TKREPJT**10012=RMS**10013=DTCH L  65A**10114=DTCH L**10015=Open**10017=BondFutureOpt**10018=TSEX**10019=RMS**10020=DTCH L  T52**10021=TOKYO STOCK EXCHANGE**10115=DTCH L  T52**10022=ABFO2RMSFeed**10023=ABFOSNG:323326:1:1**10024=ABFO**10025=ABFOSNG:323326**10026=176366416**10027=2010-09-14 12:55:00.000**10028=2010-09-14 13:00:13.000**10029=Economic**10030=2010-09-14 00:00:00.000**10031=TSEX**10032=RMS**10035=HISAYYO**10036=2010-09-14 00:00:00.000**10045=DBMG**10052=Comments:-**10055=///**10056=///**10057=///**10058=///**10203=Standard**10117=JPY**10143=50**10090=2010-12-01 00:00:00.000**10089=JP10YT_TSE**10126=C**10080=142.5**10145=0.09**10034=YOSUKE.HISAYAMA@DB.COM**</Text>
</Message>
