<?xml version="1.0" encoding="UTF-8"?>
<Message>
    <SystemInfo>
        <JMSDestination>Topic[exodus.fix.demo]</JMSDestination>
        <JMSReplyTo/>
        <JMSDeliveryMode>2</JMSDeliveryMode>
        <JMSRedelivered>false</JMSRedelivered>
        <JMSCorrelationID>null</JMSCorrelationID>
        <JMSType>null</JMSType>
        <JMSTimestamp>1285344098880</JMSTimestamp>
        <JMSExpiration>0</JMSExpiration>
        <JMSPriority>4</JMSPriority>
    </SystemInfo>
    <ApplicationInfo>
        <StreamIndex100>39</StreamIndex100>
        <FIX_10001>224491239</FIX_10001>
        <FIX_10002>2</FIX_10002>
        <FIX_10006>PMDBMET</FIX_10006>
        <FIX_10055>///</FIX_10055>
        <FIX_10017>CashDeposit</FIX_10017>
        <FIX_10029>Roll</FIX_10029>
        <MESSAGE_TYPE>RMS_TRADE</MESSAGE_TYPE>
        <FIX_10015>Open</FIX_10015>
        <FIX_10011>PMDBMET</FIX_10011>
        <FIX_10010>0840</FIX_10010>
        <FIX_10058>///</FIX_10058>
        <FIX_10056>///</FIX_10056>
        <FIX_10044>DEPO</FIX_10044>
        <FIX_10057>///</FIX_10057>
    </ApplicationInfo>
    <Text>8=FIXT.1.1**95000=Exodus_FIX_1.0**35=U1**10001=224491239**10002=2**10003=217984147**10004=2**10006=PMDBMET**10007=DB AG London**10008=SPX**10009=PML0**10010=0840**10011=PMDBMET**10012=RMS**10013=DTCH L  41G**10114=DTCH N  CMD**10015=Open**10017=CashDeposit**10018=AGYHC**10019=RMS**10020=AGYHOWIL**10021=AGY HOLDING CORP**10115=AGYHOWIL**10022=RMS**10023=224491239**10024=RMS**10025=224491239**10026=129888676**10027=2009-10-05 18:10:03.000**10028=2010-09-11 00:00:48.000**10029=Roll**10030=2010-09-11 00:00:48.000**10031=AGYHC**10032=RMS**10033=matt keen**10035=KEENMAT**10036=2009-10-05 00:00:00.000**10037=51483**10038=EUR**10039=London**10040=2574**10041=EUR**10042=London**10044=DEPO**10055=///**10056=///**10057=///**10058=///**10059=VFP**10060=RMS_KEENMAT**10203=Standard**90112=Act/360**90010=Y**90020=London**90024=DB**10205=Act/360**90029=217984147**90031=217984147**10117=XPT**90047=65**90049=65**10082=1283**90180=Y**90181=68.405**90059=Y**90063=217984147**10077=13200**10087=USD**90216=5.83**90219=XPT**10086=2010-10-12 00:00:00.000**90086=PMDBMET**90233=2010-09-10 00:00:00.000**90092=CASHDEPOSIT**90095=1**90097=0**90098=0**90099=129888676W**90101=CASHDEPOSIT**</Text>
</Message>
