<?xml version="1.0" encoding="UTF-8"?>
<Message>
    <SystemInfo>
        <JMSDestination>Topic[exodus.fix.demo]</JMSDestination>
        <JMSReplyTo/>
        <JMSDeliveryMode>2</JMSDeliveryMode>
        <JMSRedelivered>false</JMSRedelivered>
        <JMSCorrelationID>null</JMSCorrelationID>
        <JMSType>null</JMSType>
        <JMSTimestamp>1285343841456</JMSTimestamp>
        <JMSExpiration>0</JMSExpiration>
        <JMSPriority>4</JMSPriority>
    </SystemInfo>
    <ApplicationInfo>
        <StreamIndex100>26</StreamIndex100>
        <FIX_10001>197424526</FIX_10001>
        <FIX_10002>3</FIX_10002>
        <FIX_10006>EMISFLOW</FIX_10006>
        <FIX_10055>///</FIX_10055>
        <FIX_10017>CommodityFutureOpt</FIX_10017>
        <FIX_10029>Economic</FIX_10029>
        <MESSAGE_TYPE>RMS_TRADE</MESSAGE_TYPE>
        <FIX_10015>Open</FIX_10015>
        <FIX_10011>EMISFLOW</FIX_10011>
        <FIX_10010>0840</FIX_10010>
        <FIX_10058>///</FIX_10058>
        <FIX_10056>///</FIX_10056>
        <FIX_10044>///</FIX_10044>
        <FIX_10057>///</FIX_10057>
    </ApplicationInfo>
    <Text>8=FIXT.1.1**95000=Exodus_FIX_1.0**35=U1**10001=197424526**10002=3**10003=191523036**10004=20**10006=EMISFLOW**10007=DB AG London**10008=FXG**10010=0840**10011=EMISFLOW**10012=RMS**10013=DTCH L  63C**10114=DTCH L**10015=Open**10017=CommodityFutureOpt**10018=ICEX**10019=RMS**10020=DTCH L  6JE**10021=INTERCONTINENTALEXCHANGE**10115=DTCH L  6JE**10022=RMS**10023=197424526**10024=RMS**10025=197424526**10026=114550174**10027=2009-04-08 01:30:02.000**10028=2009-04-08 01:30:55.000**10029=Economic**10030=2009-04-07 00:00:00.000**10031=ICEX**10032=RMS**10035=FORDJAM**10036=2009-04-07 00:00:00.000**10055=///**10056=///**10057=///**10058=///**10060=RMS_FORDJAM**10203=Standard**10117=EUR**10143=400**10090=2011-12-01 00:00:00.000**10089=CER_ECX**10126=C**10080=25**10145=1.11**</Text>
</Message>
