<?xml version="1.0" encoding="UTF-8"?>
<Message>
    <SystemInfo>
        <JMSDestination>Topic[exodus.fix.demo]</JMSDestination>
        <JMSReplyTo/>
        <JMSDeliveryMode>2</JMSDeliveryMode>
        <JMSRedelivered>false</JMSRedelivered>
        <JMSCorrelationID>null</JMSCorrelationID>
        <JMSType>null</JMSType>
        <JMSTimestamp>1285344083363</JMSTimestamp>
        <JMSExpiration>0</JMSExpiration>
        <JMSPriority>4</JMSPriority>
    </SystemInfo>
    <ApplicationInfo>
        <StreamIndex100>57</StreamIndex100>
        <FIX_10001>290680457</FIX_10001>
        <FIX_10002>161</FIX_10002>
        <FIX_10006>PMFFOIL</FIX_10006>
        <FIX_10055/>
        <FIX_10017>CommodityBarOpt</FIX_10017>
        <FIX_10029>Economic</FIX_10029>
        <MESSAGE_TYPE>RMS_TRADE</MESSAGE_TYPE>
        <FIX_10015>Open</FIX_10015>
        <FIX_10011>PMFFOIL</FIX_10011>
        <FIX_10010>0100</FIX_10010>
        <FIX_10058>///</FIX_10058>
        <FIX_10056/>
        <FIX_10044>Warrant</FIX_10044>
        <FIX_10057/>
    </ApplicationInfo>
    <Text>8=FIXT.1.1**95000=Exodus_FIX_1.0**35=U1**10001=290680457**10002=161**10003=282953960**10004=1**10006=PMFFOIL**10007=DB AG Frankfurt**10008=FXG**10010=0100**10011=PMFFOIL**10012=RMS**10013=DTCH L  6YQ**10114=DTCH L**10015=Open**10017=CommodityBarOpt**10018=CUWA**10019=RMS**10020=DTCH F  113**10021=T&amp;S CURRENCY WARRANT DESK**10115=DTCH F  113**10022=XOL**10023=DE000DB16UT1**10024=RMS**10025=290680457**10026=101508183**10027=2010-06-21 14:58:42.000**10028=2010-08-27 18:35:56.000**10029=Economic**10030=2010-08-27 00:00:00.000**10031=CUWA**10032=RMS**10035=XOLBUS_SUBSCRIBER**10036=2010-06-21 00:00:00.000**10044=Warrant**10052=XOL DE000DB16UT1 STRUCTURED**10054=DE000DB16UT1**10060=RMS_FANDKON**10203=Manual**10116=BRE**10117=USD**10080=40.412**10085=2010-09-15 00:00:00.000**10126=C**10086=2010-09-15 00:00:00.000**10076=USD**10075=USD**10077=-22.3752**10137=0b**10142=N**</Text>
</Message>
