<?xml version="1.0" encoding="UTF-8"?>
<Message>
    <SystemInfo>
        <JMSDestination>Topic[exodus.fix.demo]</JMSDestination>
        <JMSReplyTo/>
        <JMSDeliveryMode>2</JMSDeliveryMode>
        <JMSRedelivered>false</JMSRedelivered>
        <JMSCorrelationID>null</JMSCorrelationID>
        <JMSType>null</JMSType>
        <JMSTimestamp>1285344143012</JMSTimestamp>
        <JMSExpiration>0</JMSExpiration>
        <JMSPriority>4</JMSPriority>
    </SystemInfo>
    <ApplicationInfo>
        <StreamIndex100>41</StreamIndex100>
        <FIX_10001>187941441</FIX_10001>
        <FIX_10002>135</FIX_10002>
        <FIX_10006>PMFFINDX</FIX_10006>
        <FIX_10055>///</FIX_10055>
        <FIX_10017>CommodityIndexOneBarOpt</FIX_10017>
        <FIX_10029>Economic</FIX_10029>
        <MESSAGE_TYPE>RMS_TRADE</MESSAGE_TYPE>
        <FIX_10015>Open</FIX_10015>
        <FIX_10011>PMFFINDX</FIX_10011>
        <FIX_10010>0100</FIX_10010>
        <FIX_10058>///</FIX_10058>
        <FIX_10056>///</FIX_10056>
        <FIX_10044>Warrant</FIX_10044>
        <FIX_10057>///</FIX_10057>
    </ApplicationInfo>
    <Text>8=FIXT.1.1**95000=Exodus_FIX_1.0**35=U1**10001=187941441**10002=135**10003=182206123**10004=1**10006=PMFFINDX**10007=DB AG Frankfurt**10008=FXG**10010=0100**10011=PMFFINDX**10012=RMS**10013=DTCH L  5HT**10114=DTCH L**10015=Open**10017=CommodityIndexOneBarOpt**10018=CUWA**10019=RMS**10020=DTCH F  113**10021=T&amp;S CURRENCY WARRANT DESK**10115=DTCH F  113**10022=XOL**10023=DE000DB4CGJ9**10024=RMS**10025=187941441**10026=108306389**10027=2009-02-11 18:23:50.000**10028=2010-09-17 15:18:20.000**10029=Economic**10030=2010-09-17 00:00:00.000**10031=CUWA**10032=RMS**10035=XOLBUS_SUBSCRIBER**10036=2009-02-11 00:00:00.000**10044=Warrant**10052=XOL DE000DB4CGJ9 STRUCTURED**10054=DE000DB4CGJ9**10055=///**10056=///**10057=///**10058=///**10060=RMS_SHERMAR**10203=Manual**10076=EUR**90578=44.292**90579=L**90582=0**90020=London**90024=DB**10116=OYE_AGS_EUR**90607=1**90611=PMFFINDX**10126=P**10117=EUR**90626=0**90627=OY AGS EUR-hedged**90047=67**90049=67**90635=NA**10085=2013-03-12 00:00:00.000**90648=100**90649=100**90650=1**90653=1**10089=OYE_AGS_EUR**90658=N**90659=Index**90660=CommodityFuture**90662=N**90059=Y**90669=N**90677=0**90678=1**10077=-889700**90685=1**90694=DBLCI-OY_AGS_E_EUR_ASK**90080=CUWAWARR**10086=2013-03-15 00:00:00.000**90086=PMFFINDX**90712=DBLCI-OY_AGS_E_EUR**10080=88.5839**90723=1**90724=1**90095=1**90097=0**90098=0**90099=108306389K**90101=COMMODITYINDEX**10075=EUR**90746=0**90747=DBLCI-OY_AGS_E_EUR_VOL**90748=0**92501=0**90758=0**</Text>
</Message>
