<?xml version="1.0" encoding="UTF-8"?>
<Message>
    <SystemInfo>
        <JMSDestination>Topic[exodus.fix.demo]</JMSDestination>
        <JMSReplyTo/>
        <JMSDeliveryMode>2</JMSDeliveryMode>
        <JMSRedelivered>false</JMSRedelivered>
        <JMSCorrelationID>null</JMSCorrelationID>
        <JMSType>null</JMSType>
        <JMSTimestamp>1285343842601</JMSTimestamp>
        <JMSExpiration>0</JMSExpiration>
        <JMSPriority>4</JMSPriority>
    </SystemInfo>
    <ApplicationInfo>
        <StreamIndex100>91</StreamIndex100>
        <FIX_10001>178034091</FIX_10001>
        <FIX_10002>85</FIX_10002>
        <FIX_10006>INDX_MISC01</FIX_10006>
        <FIX_10055>///</FIX_10055>
        <FIX_10017>CommodityIndexSwap</FIX_10017>
        <FIX_10029>Economic</FIX_10029>
        <MESSAGE_TYPE>RMS_TRADE</MESSAGE_TYPE>
        <FIX_10015>Open</FIX_10015>
        <FIX_10011>INDX_MISC01</FIX_10011>
        <FIX_10010>0840</FIX_10010>
        <FIX_10058>///</FIX_10058>
        <FIX_10056>///</FIX_10056>
        <FIX_10044>///</FIX_10044>
        <FIX_10057>///</FIX_10057>
    </ApplicationInfo>
    <Text>8=FIXT.1.1**95000=Exodus_FIX_1.0**35=U1**10001=178034091**10002=85**10003=172709945**10004=71**10006=INDX_MISC01**10007=DB AG London**10008=FXG**10009=COR0**10010=0840**10011=INDX_MISC01**10012=RMS**10013=DTCH L  8YU**10114=DTCH L**10015=Open**10017=CommodityIndexSwap**10018=COMMODITY HARVEST**10019=RMS**10020=DBPL LUX011**10021=DB PLATINUM AC IV COMMODITY HARVEST**10115=DBPL LUX011**10022=RMS**10023=178034091**10024=RMS**10025=178034091**10026=102377486**10027=2008-12-08 16:09:56.000**10028=2010-09-15 15:41:34.000**10029=Economic**10030=2010-09-15 00:00:00.000**10031=COMMODITY HARVEST**10032=RMS**10035=VUTRANG**10036=2008-12-05 00:00:00.000**10055=///**10056=///**10057=///**10058=///**10060=RMS_KELEDEN**10203=Manual**10076=EUR**90010=Y**90582=0**90583=Act/365 Fixed**90020=London**90024=DB**10116=HLTRAC_10_EUR**90607=1**90611=INDX_MISC01**10117=EUR**90619=Mod Foll**90626=0**90627=DB Commodity Harvest 10TV Euro**90628=2008-12-05 00:00:00.000**90047=67**90049=67**90633=2028-10-30 00:00:00.000**90635=NA**90639=0**90640=N**10128=Zero**90648=100**90649=100**90650=1**90653=1**10089=HLTRAC_10_EUR**90658=N**90659=Index**90660=CommodityFuture**90661=Y**90662=Y**90059=Y**90669=N**90677=0**90678=1**10077=-2837460**90681=Y**90685=1**10129=NYC**90694=DBCH_TRAC_10TV_(EUR)_ASK**90703=2028-10-30 00:00:00.000**90086=INDX_MISC01**90711=EOM_CAL**90712=DBCH_TRAC_10TV_(EUR)**10080=738.5788**90720=N**90723=1**90724=1**90095=1**90097=0**90098=0**90099=102377486A**90101=COMMODITYINDEX**10075=EUR**90746=0**90747=DBCH_TRAC_10TV_(EUR)_VOL**90748=0**92501=0**90758=0**</Text>
</Message>
