<?xml version="1.0" encoding="UTF-8"?>
<Message>
    <SystemInfo>
        <JMSDestination>Topic[exodus.fix.demo]</JMSDestination>
        <JMSReplyTo/>
        <JMSDeliveryMode>2</JMSDeliveryMode>
        <JMSRedelivered>false</JMSRedelivered>
        <JMSCorrelationID>null</JMSCorrelationID>
        <JMSType>null</JMSType>
        <JMSTimestamp>1285343792834</JMSTimestamp>
        <JMSExpiration>0</JMSExpiration>
        <JMSPriority>4</JMSPriority>
    </SystemInfo>
    <ApplicationInfo>
        <StreamIndex100>31</StreamIndex100>
        <FIX_10001>307315031</FIX_10001>
        <FIX_10002>1</FIX_10002>
        <FIX_10006>PMLNOILHDG</FIX_10006>
        <FIX_10055>///</FIX_10055>
        <FIX_10017>CommodityFuture</FIX_10017>
        <FIX_10029>New</FIX_10029>
        <MESSAGE_TYPE>RMS_TRADE</MESSAGE_TYPE>
        <FIX_10015>Open</FIX_10015>
        <FIX_10011>PMLNOILHDG</FIX_10011>
        <FIX_10010>0840</FIX_10010>
        <FIX_10058>NNN</FIX_10058>
        <FIX_10056>NNN</FIX_10056>
        <FIX_10044>///</FIX_10044>
        <FIX_10057>///</FIX_10057>
    </ApplicationInfo>
    <Text>8=FIXT.1.1**95000=Exodus_FIX_1.0**35=U1**10001=307315031**10002=1**10003=299221651**10004=1**10006=PMLNOILHDG**10007=DB AG London**10008=SPX**10009=PML0**10010=0840**10011=PMLNOILHDG**10012=RMS**10013=DTCH L  69V**10114=DTCH N  CMD**10015=Open**10017=CommodityFuture**10018=IPEL**10019=RMS**10020=INPTXL**10021=INTERNATIONAL PETROLEUM EXCHANGE OF LONDON LIMITED, THE**10115=INPTXL**10022=ABFO2RMSFeed**10023=ABFOLDN:748908:1:1**10024=ABFO**10025=ABFOLDN:748908**10026=174124015**10027=2010-08-25 01:17:57.000**10028=2010-08-25 01:17:57.000**10029=New**10030=2010-08-25 00:00:00.000**10031=IPEL**10032=RMS**10035=ABFO2RMSFEED**10036=2010-08-24 00:00:00.000**10045=DBMG**10052=Comments:-**10055=///**10056=NNN**10057=///**10058=NNN**10117=USD**10143=2**10090=2010-10-01 00:00:00.000**10144=72.37**10089=BRE**10034=CHRISTOPH-A.PETERS@DB.COM**</Text>
</Message>
