<?xml version="1.0" encoding="UTF-8"?>
<Message>
    <SystemInfo>
        <JMSDestination>Topic[exodus.fix.demo]</JMSDestination>
        <JMSReplyTo/>
        <JMSDeliveryMode>2</JMSDeliveryMode>
        <JMSRedelivered>false</JMSRedelivered>
        <JMSCorrelationID>null</JMSCorrelationID>
        <JMSType>null</JMSType>
        <JMSTimestamp>1285344141860</JMSTimestamp>
        <JMSExpiration>0</JMSExpiration>
        <JMSPriority>4</JMSPriority>
    </SystemInfo>
    <ApplicationInfo>
        <StreamIndex100>1</StreamIndex100>
        <FIX_10001>222395301</FIX_10001>
        <FIX_10002>1</FIX_10002>
        <FIX_10006>INDXOPT</FIX_10006>
        <FIX_10055>///</FIX_10055>
        <FIX_10017>CommodityDigitalOpt</FIX_10017>
        <FIX_10029>New</FIX_10029>
        <MESSAGE_TYPE>RMS_TRADE</MESSAGE_TYPE>
        <FIX_10015>Open</FIX_10015>
        <FIX_10011>INDXOPT</FIX_10011>
        <FIX_10010>0840</FIX_10010>
        <FIX_10058>NNN</FIX_10058>
        <FIX_10056>NNN</FIX_10056>
        <FIX_10044>///</FIX_10044>
        <FIX_10057>///</FIX_10057>
    </ApplicationInfo>
    <Text>8=FIXT.1.1**95000=Exodus_FIX_1.0**35=U1**10001=222395301**10002=1**10003=215939144**10004=1**10006=INDXOPT**10007=DB AG London**10008=FXG**10009=COR0**10010=0840**10011=INDXOPT**10012=RMS**10013=DTCH L  3HF**10114=DTCH L**10015=Open**10017=CommodityDigitalOpt**10018=////**10019=RMS**10020=DTCH L  ABB**10021=DEUTSCHE BANK AG LONDON AC ABBREVIATION  NOT  KNOWN**10115=DTCH L  ABB**10022=RMS**10023=222395301**10024=RMS**10025=222395301**10026=128680717**10027=2009-09-23 16:11:29.000**10028=2009-09-23 16:11:29.000**10029=New**10030=2009-09-23 00:00:00.000**10031=////**10032=RMS**10035=JAIPRAT**10036=2009-09-23 00:00:00.000**10055=///**10056=NNN**10057=///**10058=NNN**10060=RMS_JAIPRAT**10203=Manual**10116=OYE_AGS_USD**10117=USD**10080=109.4318**10085=2010-09-20 00:00:00.000**10126=C**10086=2010-09-23 00:00:00.000**10076=USD**10075=USD**10077=224250**10137=2b**</Text>
</Message>
