<?xml version="1.0" encoding="UTF-8"?>
<Message>
    <SystemInfo>
        <JMSDestination>Topic[exodus.fix.demo]</JMSDestination>
        <JMSReplyTo/>
        <JMSDeliveryMode>2</JMSDeliveryMode>
        <JMSRedelivered>false</JMSRedelivered>
        <JMSCorrelationID>null</JMSCorrelationID>
        <JMSType>null</JMSType>
        <JMSTimestamp>1285344055195</JMSTimestamp>
        <JMSExpiration>0</JMSExpiration>
        <JMSPriority>4</JMSPriority>
    </SystemInfo>
    <ApplicationInfo>
        <StreamIndex100>9</StreamIndex100>
        <FIX_10001>263350209</FIX_10001>
        <FIX_10002>4</FIX_10002>
        <FIX_10006>XBRDLON2</FIX_10006>
        <FIX_10055>///</FIX_10055>
        <FIX_10017>CommodityEuroOpt</FIX_10017>
        <FIX_10029>NonEconomic</FIX_10029>
        <MESSAGE_TYPE>RMS_TRADE</MESSAGE_TYPE>
        <FIX_10015>Open</FIX_10015>
        <FIX_10011>XBRDLON2</FIX_10011>
        <FIX_10010>0840</FIX_10010>
        <FIX_10058>///</FIX_10058>
        <FIX_10056>///</FIX_10056>
        <FIX_10044>///</FIX_10044>
        <FIX_10057>///</FIX_10057>
    </ApplicationInfo>
    <Text>8=FIXT.1.1**95000=Exodus_FIX_1.0**35=U1**10001=263350209**10002=4**10003=262507169**10004=2**10006=XBRDLON2**10007=DB AG London**10008=FXG**10009=ELM0**10010=0840**10011=XBRDLON2**10012=RMS**10013=DTCH L  9OM**10114=DTCH L**10015=Open**10017=CommodityEuroOpt**10018=COMM_BU**10019=RMS**10020=DTCH L  J9W**10021=DEUTSCHE BANK AG AC COMM BU**10115=DTCH L  J9W**10022=RMS**10023=263350209**10024=RMS**10025=263350209**10026=150569838**10027=2010-03-25 18:47:22.000**10028=2010-09-09 23:11:17.000**10029=NonEconomic**10030=2010-09-09 00:00:00.000**10031=COMM_BU**10032=RMS**10035=MENEGUS**10036=2010-03-25 00:00:00.000**10055=///**10056=///**10057=///**10058=///**10060=RMS_CHUMINH**10071=1**10072=GiroTradeYN**10073=Text**10074=N**10203=Manual**10116=AGS_BEANS**10117=USD**10080=9.6**10085=2011-04-21 00:00:00.000**10126=P**10086=2011-04-26 00:00:00.000**10133=Lots**10134=1**10076=USD**10075=USD**10077=330**10137=3b**10142=Y**</Text>
</Message>
