<?xml version="1.0" encoding="UTF-8"?>
<Message>
    <SystemInfo>
        <JMSDestination>Topic[exodus.fix.demo]</JMSDestination>
        <JMSReplyTo/>
        <JMSDeliveryMode>2</JMSDeliveryMode>
        <JMSRedelivered>false</JMSRedelivered>
        <JMSCorrelationID>null</JMSCorrelationID>
        <JMSType>null</JMSType>
        <JMSTimestamp>1285344092447</JMSTimestamp>
        <JMSExpiration>0</JMSExpiration>
        <JMSPriority>4</JMSPriority>
    </SystemInfo>
    <ApplicationInfo>
        <StreamIndex100>52</StreamIndex100>
        <FIX_10001>267662652</FIX_10001>
        <FIX_10002>3</FIX_10002>
        <FIX_10006>BMPROPSTRAT</FIX_10006>
        <FIX_10055>///</FIX_10055>
        <FIX_10017>CommodityExchEuroOpt</FIX_10017>
        <FIX_10029>NonEconomic</FIX_10029>
        <MESSAGE_TYPE>RMS_TRADE</MESSAGE_TYPE>
        <FIX_10015>Open</FIX_10015>
        <FIX_10011>BMPROPSTRAT</FIX_10011>
        <FIX_10010>0840</FIX_10010>
        <FIX_10058>///</FIX_10058>
        <FIX_10056/>
        <FIX_10044>///</FIX_10044>
        <FIX_10057>///</FIX_10057>
    </ApplicationInfo>
    <Text>8=FIXT.1.1**95000=Exodus_FIX_1.0**35=U1**10001=267662652**10002=3**10003=260259166**10004=2**10006=BMPROPSTRAT**10007=DB AG London**10009=MET0**10010=0840**10011=BMPROPSTRAT**10012=RMS**10013=DTCH L  G1E**10114=DTCH L  G1E**10015=Open**10017=CommodityExchEuroOpt**10018=BMOPTMZN**10019=RMS**10020=DTCH L  19L**10021=BMOPTMZN**10115=DTCH L  19L**10022=RMS**10023=267662652**10024=RMS**10025=267662652**10026=152894196**10027=2010-04-13 23:16:47.000**10028=2010-09-07 19:19:25.000**10029=NonEconomic**10030=2010-09-07 00:00:00.000**10031=BMOPTMZN**10032=RMS**10035=ALLTTIM**10036=2010-04-13 00:00:00.000**10048=267662654**10049=BackToBackMaster**10055=///**10057=///**10060=RMS_SORRCHR**10061=USD**10062=-125620**10063=2010-04-14 00:00:00.000**10064=Y**10071=6**10072=ClearVisionTradeYN**10073=Text**10074=Y**10072=TradeCategory**10073=Text**10074=Normal**10072=PriceType**10073=Text**10074=Current**10072=Venue**10073=Text**10074=Telephone**10072=FourWayAgreement**10073=Text**10074=N**10072=LMETradeTime**10073=Text**10074=1970-01-01 16:10:00.000**10203=Manual**10116=XZN**10117=USD**10080=2050**10085=2010-12-01 00:00:00.000**10126=P**10086=2010-12-15 00:00:00.000**10133=Lots**10134=1**10076=USD**10075=USD**10077=40**10137=10b**10090=2010-12-01 00:00:00.000**10141=2010-12-01 00:00:00.000**10142=N**</Text>
</Message>
