<?xml version="1.0" encoding="UTF-8"?>
<Message>
    <SystemInfo>
        <JMSDestination>Topic[exodus.fix.demo]</JMSDestination>
        <JMSReplyTo/>
        <JMSDeliveryMode>2</JMSDeliveryMode>
        <JMSRedelivered>false</JMSRedelivered>
        <JMSCorrelationID>null</JMSCorrelationID>
        <JMSType>null</JMSType>
        <JMSTimestamp>1285343888460</JMSTimestamp>
        <JMSExpiration>0</JMSExpiration>
        <JMSPriority>4</JMSPriority>
    </SystemInfo>
    <ApplicationInfo>
        <StreamIndex100>73</StreamIndex100>
        <FIX_10001>310739673</FIX_10001>
        <FIX_10002>1</FIX_10002>
        <FIX_10006>BMOPTMCU</FIX_10006>
        <FIX_10055>///</FIX_10055>
        <FIX_10017>CommodityExchAsianOpt</FIX_10017>
        <FIX_10029>New</FIX_10029>
        <MESSAGE_TYPE>RMS_TRADE</MESSAGE_TYPE>
        <FIX_10015>Open</FIX_10015>
        <FIX_10011>BMOPTMCU</FIX_10011>
        <FIX_10010>0840</FIX_10010>
        <FIX_10058>NNN</FIX_10058>
        <FIX_10056>NNN</FIX_10056>
        <FIX_10044>///</FIX_10044>
        <FIX_10057>///</FIX_10057>
    </ApplicationInfo>
    <Text>8=FIXT.1.1**95000=Exodus_FIX_1.0**35=U1**10001=310739673**10002=1**10003=302562513**10004=2**10006=BMOPTMCU**10007=DB AG London**10009=MET0**10010=0840**10011=BMOPTMCU**10012=RMS**10013=DTCH L  19U**10114=DTCH L  19U**10015=Open**10017=CommodityExchAsianOpt**10018=BMOTHTEMP**10019=RMS**10020=DTCH L  19C**10021=BMOTHTEMP**10115=DTCH L  19C**10022=RMS**10023=310739673**10024=RMS**10025=310739673**10026=175803720**10027=2010-09-08 19:13:01.000**10028=2010-09-08 19:13:01.000**10029=New**10030=2010-09-08 00:00:00.000**10031=BMOTHTEMP**10032=RMS**10035=PRICMIC**10036=2010-09-08 00:00:00.000**10048=310739674**10049=BackToBackMaster**10055=///**10056=NNN**10057=///**10058=NNN**10060=RMS_PRICMIC**10061=USD**10062=-87200**10063=2010-09-09 00:00:00.000**10064=N**10071=10**10072=ClearVisionTradeYN**10073=Text**10074=Y**10072=ContractFixingRef**10073=Text**10074=SPOT**10072=LMECarryYN**10073=Text**10074=N**10072=MonthOfExpiryDate**10073=Text**10074=2011-01-01 00:00:00.000**10072=SettlementOffset**10073=Text**10074=2b**10072=TradeCategory**10073=Text**10074=Normal**10072=PriceType**10073=Text**10074=Current**10072=Venue**10073=Text**10074=Telephone**10072=FourWayAgreement**10073=Text**10074=N**10072=LMETradeTime**10073=Text**10074=1970-01-01 11:31:00.000**10203=Standard**10116=XCU**10117=USD**10118=2011-01-04 00:00:00.000**10119=2011-01-31 00:00:00.000**10121=16**10122=16**10080=5800**10085=2011-01-31 00:00:00.000**10126=P**10086=2011-02-02 00:00:00.000**10129=NYC**10130=LMH**10133=Lots**10134=1**</Text>
</Message>
