<?xml version="1.0" encoding="UTF-8"?>
<Message>
    <SystemInfo>
        <JMSDestination>Topic[exodus.fix.demo]</JMSDestination>
        <JMSReplyTo/>
        <JMSDeliveryMode>2</JMSDeliveryMode>
        <JMSRedelivered>false</JMSRedelivered>
        <JMSCorrelationID>null</JMSCorrelationID>
        <JMSType>null</JMSType>
        <JMSTimestamp>1285344071377</JMSTimestamp>
        <JMSExpiration>0</JMSExpiration>
        <JMSPriority>4</JMSPriority>
    </SystemInfo>
    <ApplicationInfo>
        <StreamIndex100>35</StreamIndex100>
        <FIX_10001>226798035</FIX_10001>
        <FIX_10002>9</FIX_10002>
        <FIX_10006>BMOPTCURRY</FIX_10006>
        <FIX_10055/>
        <FIX_10017>CommodityAsianOpt</FIX_10017>
        <FIX_10029>CouponPaid</FIX_10029>
        <MESSAGE_TYPE>RMS_TRADE</MESSAGE_TYPE>
        <FIX_10015>Open</FIX_10015>
        <FIX_10011>BMOPTCURRY</FIX_10011>
        <FIX_10010>0840</FIX_10010>
        <FIX_10058>///</FIX_10058>
        <FIX_10056/>
        <FIX_10044>///</FIX_10044>
        <FIX_10057/>
    </ApplicationInfo>
    <Text>8=FIXT.1.1**95000=Exodus_FIX_1.0**35=U1**10001=226798035**10002=9**10003=220245837**10004=12**10006=BMOPTCURRY**10007=DB AG London**10009=MET0**10010=0840**10011=BMOPTCURRY**10012=RMS**10013=DTCH L  19X**10114=DTCH L  19X**10015=Open**10017=CommodityAsianOpt**10018=DEUX**10019=RMS**10020=DBES MAD**10021=DEUTSCHE BANK S.A.E.**10115=DBES MAD**10022=RMS**10023=226798035**10024=RMS**10025=226798035**10026=131141667**10027=2009-10-16 18:27:19.000**10028=2010-09-01 06:06:01.000**10029=CouponPaid**10030=2010-09-01 00:00:00.000**10031=GALVAN**10032=RMS**10035=ALLTTIM**10036=2009-10-16 00:00:00.000**10060=_ALLTTIM**10071=5**10072=ClearVisionTradePosition**10073=Text**10074=6/8**10072=ClearVisionTradeYN**10073=Text**10074=Y**10072=ContractFixingRef**10073=Text**10074=SPOT**10072=MonthOfExpiryDate**10073=Text**10074=2010-08-01 00:00:00.000**10072=SettlementOffset**10073=Text**10074=2b**10203=Standard**10116=XZN_EUR**10117=EUR**10118=2010-08-02 00:00:00.000**10119=2010-08-31 00:00:00.000**10121=2**10122=2**10080=1600**10085=2010-08-31 00:00:00.000**10126=C**10086=2010-09-02 00:00:00.000**10129=EUR**10130=LMH**10133=Lots**10134=1**</Text>
</Message>
