<?xml version="1.0" encoding="UTF-8"?>
<Message>
    <SystemInfo>
        <JMSDestination>Topic[exodus.fix.demo]</JMSDestination>
        <JMSReplyTo/>
        <JMSDeliveryMode>2</JMSDeliveryMode>
        <JMSRedelivered>false</JMSRedelivered>
        <JMSCorrelationID>null</JMSCorrelationID>
        <JMSType>null</JMSType>
        <JMSTimestamp>1285343830007</JMSTimestamp>
        <JMSExpiration>0</JMSExpiration>
        <JMSPriority>4</JMSPriority>
    </SystemInfo>
    <ApplicationInfo>
        <StreamIndex100>85</StreamIndex100>
        <FIX_10001>220785785</FIX_10001>
        <FIX_10002>368</FIX_10002>
        <FIX_10006>BMFINANCEPHYS</FIX_10006>
        <FIX_10055/>
        <FIX_10017>CommodityBalance</FIX_10017>
        <FIX_10029>Economic</FIX_10029>
        <MESSAGE_TYPE>RMS_TRADE</MESSAGE_TYPE>
        <FIX_10015>Open</FIX_10015>
        <FIX_10011>BMFINANCEPHYS</FIX_10011>
        <FIX_10010>0840</FIX_10010>
        <FIX_10058>///</FIX_10058>
        <FIX_10056/>
        <FIX_10044>///</FIX_10044>
        <FIX_10057/>
    </ApplicationInfo>
    <Text>8=FIXT.1.1**95000=Exodus_FIX_1.0**35=U1**10001=220785785**10002=368**10003=218997664**10004=1**10006=BMFINANCEPHYS**10007=DB AG London**10009=MET0**10010=0840**10011=BMFINANCEPHYS**10012=RMS**10013=DTCH L  58I**10114=DTCH L  58I**10015=Open**10017=CommodityBalance**10018=BASEMETALWARRANT**10019=RMS**10022=SWORD**10023=220785785**10024=RMS**10025=220785785**10026=127875017**10027=2009-09-14 15:50:06.000**10028=2010-09-09 22:38:40.000**10029=Economic**10030=2009-09-14 00:00:00.000**10032=RMS**10035=LEEKSHA**10116=XAL**10117=USD**10122=0**10133=MT**10134=25**10077=99265.62**</Text>
</Message>
