<?xml version="1.0" encoding="UTF-8"?>
<Message>
    <SystemInfo>
        <JMSDestination>Topic[exodus.fix.demo]</JMSDestination>
        <JMSReplyTo/>
        <JMSDeliveryMode>2</JMSDeliveryMode>
        <JMSRedelivered>false</JMSRedelivered>
        <JMSCorrelationID>null</JMSCorrelationID>
        <JMSType>null</JMSType>
        <JMSTimestamp>1285344008272</JMSTimestamp>
        <JMSExpiration>0</JMSExpiration>
        <JMSPriority>4</JMSPriority>
    </SystemInfo>
    <ApplicationInfo>
        <StreamIndex100>85</StreamIndex100>
        <FIX_10001>311466385</FIX_10001>
        <FIX_10002>7</FIX_10002>
        <FIX_10006>OILEXOE28</FIX_10006>
        <FIX_10055/>
        <FIX_10017>EnergySwaption</FIX_10017>
        <FIX_10029>Economic</FIX_10029>
        <MESSAGE_TYPE>RMS_TRADE</MESSAGE_TYPE>
        <FIX_10015>Open</FIX_10015>
        <FIX_10011>OILEXOE28</FIX_10011>
        <FIX_10010>0840</FIX_10010>
        <FIX_10058>///</FIX_10058>
        <FIX_10056/>
        <FIX_10044>///</FIX_10044>
        <FIX_10057/>
    </ApplicationInfo>
    <Text>8=FIXT.1.1**95000=Exodus_FIX_1.0**35=U1**10001=311466385**10002=7**10003=303271994**10004=1**10006=OILEXOE28**10007=DB AG London**10008=FXG**10010=0840**10011=OILEXOE28**10012=RMS**10015=Open**10017=EnergySwaption**10018=BPPC_BU**10019=OPENLINK**10022=OpenLink**10023=OL11698554**10024=RMS**10025=11726834**10026=176156239**10027=2010-09-10 23:07:09.000**10028=2010-09-16 15:50:05.000**10029=Economic**10030=2010-09-16 15:50:05.000**10031=BPPC_BU**10032=OPENLINK**10035=rajeash**10036=2010-09-10 00:00:00.000**10045=SALES**10052=OpenLink Status: Amended New**10053=OpenLink**10054=11698554**10061=USD**10062=0**10063=2010-09-14 00:00:00.000**10064=Y**10116=SGAFSL**10117=USD**10118=2011-04-01 00:00:00.000**10119=2011-12-01 00:00:00.000**10122=50000**10080=19.3**10123=0**10124=Unweighted**10085=2011-03-31 00:00:00.000**10126=C**10128=1M**10129=NYC**10130=APSCAN**10131=0**10132=1**10133=BBL**10134=1**10135=N**10136=MR**</Text>
</Message>
