<?xml version="1.0" encoding="UTF-8"?>
<Message>
    <SystemInfo>
        <JMSDestination>Topic[exodus.fix.demo]</JMSDestination>
        <JMSReplyTo/>
        <JMSDeliveryMode>2</JMSDeliveryMode>
        <JMSRedelivered>false</JMSRedelivered>
        <JMSCorrelationID>null</JMSCorrelationID>
        <JMSType>null</JMSType>
        <JMSTimestamp>1285343948249</JMSTimestamp>
        <JMSExpiration>0</JMSExpiration>
        <JMSPriority>4</JMSPriority>
    </SystemInfo>
    <ApplicationInfo>
        <StreamIndex100>48</StreamIndex100>
        <FIX_10001>286650348</FIX_10001>
        <FIX_10002>5</FIX_10002>
        <FIX_10006>OILCP</FIX_10006>
        <FIX_10055>///</FIX_10055>
        <FIX_10017>EnergyFutureOpt</FIX_10017>
        <FIX_10029>Economic</FIX_10029>
        <MESSAGE_TYPE>RMS_TRADE</MESSAGE_TYPE>
        <FIX_10015>Open</FIX_10015>
        <FIX_10011>///</FIX_10011>
        <FIX_10010>0840</FIX_10010>
        <FIX_10058>///</FIX_10058>
        <FIX_10056>///</FIX_10056>
        <FIX_10044>///</FIX_10044>
        <FIX_10057>///</FIX_10057>
    </ApplicationInfo>
    <Text>8=FIXT.1.1**95000=Exodus_FIX_1.0**35=U1**10001=286650348**10002=5**10003=278990469**10004=1**10006=OILCP**10007=DB AG London**10008=FXG**10010=0840**10015=Open**10017=EnergyFutureOpt**10018=CBOT_BU**10019=OPENLINK**10022=OpenLink**10023=OL11061252**10024=RMS**10025=11061252**10026=163466908**10027=2010-06-04 23:44:38.000**10028=2010-09-16 05:45:16.000**10029=Economic**10030=2010-09-16 05:45:16.000**10031=CBOT_BU**10032=OPENLINK**10035=darnrya**10036=2010-06-04 00:00:00.000**10045=GFI_US_BU**10052=OpenLink Status: Validated**10053=OpenLink**10054=11061252**10055=///**10056=///**10057=///**10058=///**10061=USD**10062=72500**10063=2010-06-04 00:00:00.000**10064=Y**10117=USD**10143=-49**10090=2010-12-01 00:00:00.000**10089=AGS_CORN**10126=C**10080=3.7**10145=0**</Text>
</Message>
