<?xml version="1.0" encoding="UTF-8"?>
<Message>
    <SystemInfo>
        <JMSDestination>Topic[exodus.fix.demo]</JMSDestination>
        <JMSReplyTo/>
        <JMSDeliveryMode>2</JMSDeliveryMode>
        <JMSRedelivered>false</JMSRedelivered>
        <JMSCorrelationID>null</JMSCorrelationID>
        <JMSType>null</JMSType>
        <JMSTimestamp>1285343828348</JMSTimestamp>
        <JMSExpiration>0</JMSExpiration>
        <JMSPriority>4</JMSPriority>
    </SystemInfo>
    <ApplicationInfo>
        <StreamIndex100>11</StreamIndex100>
        <FIX_10001>234100111</FIX_10001>
        <FIX_10002>24</FIX_10002>
        <FIX_10006>OILEXOUS2</FIX_10006>
        <FIX_10055/>
        <FIX_10017>EnergyEuroOpt</FIX_10017>
        <FIX_10029>CouponPaid</FIX_10029>
        <MESSAGE_TYPE>RMS_TRADE</MESSAGE_TYPE>
        <FIX_10015>Open</FIX_10015>
        <FIX_10011>///</FIX_10011>
        <FIX_10010>0840</FIX_10010>
        <FIX_10058>///</FIX_10058>
        <FIX_10056/>
        <FIX_10044>///</FIX_10044>
        <FIX_10057/>
    </ApplicationInfo>
    <Text>8=FIXT.1.1**95000=Exodus_FIX_1.0**35=U1**10001=234100111**10002=24**10003=227378451**10004=1**10006=OILEXOUS2**10007=DB AG London**10008=FXG**10010=0840**10015=Open**10017=EnergyEuroOpt**10018=KEYBANK_BU**10019=OPENLINK**10022=OpenLink**10023=OL10002795**10024=RMS**10025=10458326**10026=135145435**10027=2009-11-24 03:18:39.000**10028=2010-09-09 06:49:22.000**10029=CouponPaid**10030=2010-09-09 00:00:00.000**10031=KEYBANK_BU**10032=OPENLINK**10035=dalbcol**10036=2009-11-23 00:00:00.000**10045=SALES**10052=OpenLink Status: Validated**10053=OpenLink**10054=10002795**10061=USD**10062=1864.81**10063=2009-11-25 00:00:00.000**10064=Y**10116=HOL**10117=USD**10118=2010-08-01 00:00:00.000**10119=2010-08-01 00:00:00.000**10122=-8400.04**10080=2.1181**10123=0**10124=Weighted**10085=2010-08-31 00:00:00.000**10126=C**10128=1D**10129=NYMEX**10130=NYMEX**10131=0**10132=1**10133=GAL**10134=1**10135=N**10136=MR**</Text>
</Message>
