<?xml version="1.0" encoding="UTF-8"?>
<Message>
    <SystemInfo>
        <JMSDestination>Topic[exodus.fix.demo]</JMSDestination>
        <JMSReplyTo/>
        <JMSDeliveryMode>2</JMSDeliveryMode>
        <JMSRedelivered>false</JMSRedelivered>
        <JMSCorrelationID>null</JMSCorrelationID>
        <JMSType>null</JMSType>
        <JMSTimestamp>1285343964836</JMSTimestamp>
        <JMSExpiration>0</JMSExpiration>
        <JMSPriority>4</JMSPriority>
    </SystemInfo>
    <ApplicationInfo>
        <StreamIndex100>57</StreamIndex100>
        <FIX_10001>215211657</FIX_10001>
        <FIX_10002>14</FIX_10002>
        <FIX_10006>USNG_EA_FIN01</FIX_10006>
        <FIX_10055/>
        <FIX_10017>EnergyGasDailyOpt</FIX_10017>
        <FIX_10029>CouponPaid</FIX_10029>
        <MESSAGE_TYPE>RMS_TRADE</MESSAGE_TYPE>
        <FIX_10015>Open</FIX_10015>
        <FIX_10011>///</FIX_10011>
        <FIX_10010>0840</FIX_10010>
        <FIX_10058>///</FIX_10058>
        <FIX_10056/>
        <FIX_10044>///</FIX_10044>
        <FIX_10057/>
    </ApplicationInfo>
    <Text>8=FIXT.1.1**95000=Exodus_FIX_1.0**35=U1**10001=215211657**10002=14**10003=208931671**10004=1**10006=USNG_EA_FIN01**10007=DB AG London**10008=FXG**10010=0840**10015=Open**10017=EnergyGasDailyOpt**10018=AMCO_BU**10019=OPENLINK**10022=OpenLink**10023=OL9476446**10024=RMS**10025=9476446**10026=124871927**10027=2009-08-11 02:40:12.000**10028=2010-09-09 06:43:47.000**10029=CouponPaid**10030=2010-09-09 00:00:00.000**10031=AMCO_BU**10032=OPENLINK**10035=jordlan**10036=2009-08-10 00:00:00.000**10045=CGS_BU**10052=OpenLink Status: New**10053=OpenLink**10054=9476446**10061=USD**10062=-19944600**10063=2009-08-12 00:00:00.000**10064=Y**10116=HHC_GDD**10117=USD**10118=2009-11-01 00:00:00.000**10119=1930-11-01 00:00:00.000**10122=153420000**10080=3**10123=0**10124=Weighted**10085=2030-11-01 00:00:00.000**10126=P**10128=1D**10129=NYC**10130=GAS DAILY**10131=0**10132=0**10133=MMBTU**10134=1**10135=N**</Text>
</Message>
