<?xml version="1.0" encoding="UTF-8"?>
<Message>
    <SystemInfo>
        <JMSDestination>Topic[exodus.fix.demo]</JMSDestination>
        <JMSReplyTo/>
        <JMSDeliveryMode>2</JMSDeliveryMode>
        <JMSRedelivered>false</JMSRedelivered>
        <JMSCorrelationID>null</JMSCorrelationID>
        <JMSType>null</JMSType>
        <JMSTimestamp>1285343904247</JMSTimestamp>
        <JMSExpiration>0</JMSExpiration>
        <JMSPriority>4</JMSPriority>
    </SystemInfo>
    <ApplicationInfo>
        <StreamIndex100>78</StreamIndex100>
        <FIX_10001>234056778</FIX_10001>
        <FIX_10002>8</FIX_10002>
        <FIX_10006>OILEXOUS</FIX_10006>
        <FIX_10055/>
        <FIX_10017>EnergyAsianOpt</FIX_10017>
        <FIX_10029>CouponPaid</FIX_10029>
        <MESSAGE_TYPE>RMS_TRADE</MESSAGE_TYPE>
        <FIX_10015>Open</FIX_10015>
        <FIX_10011>OILEXOUS</FIX_10011>
        <FIX_10010>0840</FIX_10010>
        <FIX_10058>///</FIX_10058>
        <FIX_10056/>
        <FIX_10044>///</FIX_10044>
        <FIX_10057/>
    </ApplicationInfo>
    <Text>8=FIXT.1.1**95000=Exodus_FIX_1.0**35=U1**10001=234056778**10002=8**10003=227339559**10004=1**10006=OILEXOUS**10007=DB AG London**10008=FXG**10010=0840**10011=OILEXOUS**10012=RMS**10015=Open**10017=EnergyAsianOpt**10018=NYM_OIL**10019=OPENLINK**10022=OpenLink**10023=OL10000749**10024=RMS**10025=10520843**10026=135124939**10027=2009-11-23 23:08:01.000**10028=2010-09-09 06:49:18.000**10029=CouponPaid**10030=2010-09-09 00:00:00.000**10031=NYM_OIL**10032=OPENLINK**10035=clarnat**10036=2009-11-23 00:00:00.000**10045=IONEG_OIL_US**10052=OpenLink Status: Validated**10053=OpenLink**10054=10000749**10061=USD**10062=1890000**10063=2009-11-23 00:00:00.000**10064=Y**10116=HOL**10117=USD**10118=2010-07-01 00:00:00.000**10119=2010-12-01 00:00:00.000**10122=-6300000**10080=2.25**10123=0**10124=Unweighted**10085=2010-12-31 00:00:00.000**10126=C**10128=1M**10129=NYC**10130=NYMEX**10131=0**10132=1**10133=GAL**10134=1**10135=N**10136=MR**</Text>
</Message>
