<?xml version="1.0" encoding="UTF-8"?>
<Message>
    <SystemInfo>
        <JMSDestination>Topic[exodus.fix.demo]</JMSDestination>
        <JMSReplyTo/>
        <JMSDeliveryMode>2</JMSDeliveryMode>
        <JMSRedelivered>false</JMSRedelivered>
        <JMSCorrelationID>null</JMSCorrelationID>
        <JMSType>null</JMSType>
        <JMSTimestamp>1285344076919</JMSTimestamp>
        <JMSExpiration>0</JMSExpiration>
        <JMSPriority>4</JMSPriority>
    </SystemInfo>
    <ApplicationInfo>
        <StreamIndex100>63</StreamIndex100>
        <FIX_10001>116546163</FIX_10001>
        <FIX_10002>106</FIX_10002>
        <FIX_10006>INDXEXOT</FIX_10006>
        <FIX_10055/>
        <FIX_10017>ExternalTrade</FIX_10017>
        <FIX_10029>Economic</FIX_10029>
        <MESSAGE_TYPE>RMS_TRADE</MESSAGE_TYPE>
        <FIX_10015>Open</FIX_10015>
        <FIX_10011>INDXEXOT</FIX_10011>
        <FIX_10010>0840</FIX_10010>
        <FIX_10058>///</FIX_10058>
        <FIX_10056/>
        <FIX_10044>bb</FIX_10044>
        <FIX_10057/>
    </ApplicationInfo>
    <Text>8=FIXT.1.1**95000=Exodus_FIX_1.0**35=U1**10001=116546163**10002=106**10003=118281253**10004=52**10006=INDXEXOT**10007=DB AG London**10008=FXG**10009=COR0**10010=0840**10011=INDXEXOT**10012=RMS**10013=DTCH L  3HH**10114=DTCH L**10015=Open**10017=ExternalTrade**10018=PMFTINDXLN**10019=RMS**10020=DTCH L  5HS**10021=PMFTINDXLN**10115=DTCH N  CMD**10022=Excel**10023=116546163**10024=Excel**10025=116546163**10026=69142081**10027=2008-01-11 20:40:54.000**10028=2010-08-27 00:14:56.000**10029=Economic**10030=2010-08-27 00:14:56.000**10031=PMFTINDXLN**10035=vutrang**10036=2008-01-09 00:00:00.000**10044=bb**10052=80% Max NAV Perpetual Resources**90010=Y**90020=London**90024=DB**90029=118281253**90031=118281253**90059=Y**90063=118281253**90685=65**91181=FALSE**91195=RMSOtherParams**91196=Y**90086=INDXEXOT**90095=1**90099=116546163**90101=EXOTIC**94393=0**94395=0**90611=INDXEXOT**91071=67**91072=Inputs**91074=NVPair**91072=RMSRiskControl**91074=Table**91072=RMSOtherParams**91074=NVPair**91072=Workbook**91074=INDEX_CPPI**91072=Worksheet**91074=RMS_SAVE_116546163**91072=TradeType**91074=CPPI**91072=AccCurrency**91074=USD**91072=Notional**91074=-1812000**91072=UnderCurrency**91074=USD**91072=ContractCode**91074=M1T_USD**91072=RiskItem**91074=USD**91072=RiskItem**91074=M1T_USD**91072=RiskItem**91074=M1T_USD**91072=RiskItem**91074=M1T_USD**91072=RiskItem**91074=EUR**91072=RiskItem**91074=USD**91072=RiskItem**91072=RiskItem**91072=RiskItem**91072=RiskItem**91072=RiskItem**91072=RiskItem**91072=RiskItem**91072=RiskItem**91072=RiskItem**91072=RiskItem**91072=RiskItem**91072=RiskItem**91072=RiskType**91074=PV**91072=RiskType**91074=CommodityDelta**91072=RiskType**91074=CommodityContractVega**91072=RiskType**91074=CorrelationDelta**91072=RiskType**91074=Rho**91072=RiskType**91074=Rho**91072=RiskType**91072=RiskType**91072=RiskType**91072=RiskType**91072=RiskType**91072=RiskType**91072=RiskType**91072=RiskType**91072=RiskType**91072=RiskType**91072=RiskType**91072=RiskType**91072=RiskRange**91074=[INDEX_CPPI.xls]VALUE_116546163!PV**91072=RiskRange**91074=[INDEX_CPPI.xls]RISK_116546163!CommodityDelta**91072=RiskRange**91074=[INDEX_CPPI.xls]RISK_116546163!CommodityContractVega**91072=RiskRange**91074=[INDEX_CPPI.xls]RISK_116546163!CommodityContractVega**91072=RiskRange**91074=[INDEX_CPPI.xls]RISK_116546163!Rho2**91072=RiskRange**91074=[INDEX_CPPI.xls]RISK_116546163!Rho1**91072=RiskRange**91072=RiskRange**91072=RiskRange**91072=RiskRange**91072=RiskRange**91072=RiskRange**91072=RiskRange**91072=RiskRange**91072=RiskRange**91072=RiskRange**91072=RiskRange**91072=RiskRange**91072=RevalueMacro**91074=INDEX_CPPI.xls!RevalueMacro_116546163**91072=RiskInFull**91074=FALSE**91072=MULTIROW**</Text>
</Message>
