<?xml version="1.0" encoding="UTF-8"?>
<Message>
    <SystemInfo>
        <JMSDestination>Topic[exodus.fix.demo]</JMSDestination>
        <JMSReplyTo/>
        <JMSDeliveryMode>2</JMSDeliveryMode>
        <JMSRedelivered>false</JMSRedelivered>
        <JMSCorrelationID>null</JMSCorrelationID>
        <JMSType>null</JMSType>
        <JMSTimestamp>1285343843939</JMSTimestamp>
        <JMSExpiration>0</JMSExpiration>
        <JMSPriority>4</JMSPriority>
    </SystemInfo>
    <ApplicationInfo>
        <StreamIndex100>14</StreamIndex100>
        <FIX_10001>312745614</FIX_10001>
        <FIX_10002>1</FIX_10002>
        <FIX_10006>EMIS1</FIX_10006>
        <FIX_10055>Inf</FIX_10055>
        <FIX_10017>FixedCertificateFlow</FIX_10017>
        <FIX_10029>New</FIX_10029>
        <MESSAGE_TYPE>RMS_TRADE</MESSAGE_TYPE>
        <FIX_10015>Open</FIX_10015>
        <FIX_10011>EMIS1</FIX_10011>
        <FIX_10010>0840</FIX_10010>
        <FIX_10058>///</FIX_10058>
        <FIX_10056/>
        <FIX_10044>///</FIX_10044>
        <FIX_10057>Inf</FIX_10057>
    </ApplicationInfo>
    <Text>8=FIXT.1.1**95000=Exodus_FIX_1.0**35=U1**10001=312745614**10002=1**10003=304661147**10004=2**10006=EMIS1**10007=DB AG London**10008=FXG**10009=ENV0**10010=0840**10011=EMIS1**10012=RMS**10013=DTCH L  6XV**10114=DTCH L**10015=Open**10017=FixedCertificateFlow**10018=MONDILT**10019=RMS**10020=MNDIFL**10021=MONDI FINANCE PLC**10115=MNDIFL**10022=RMS**10023=312745614**10024=RMS**10025=312745614**10026=154724693**10027=2010-09-16 06:00:04.000**10028=2010-09-16 06:00:04.000**10029=New**10030=2010-09-16 00:00:00.000**10031=MONDILT**10032=RMS**10033=Andreas Dreier**10035=RMS_OWNER**10036=2010-09-16 00:00:00.000**10051=271088853**10052=Auto generated certificate payment from original trade 271088853**10055=Inf**10057=Inf**90010=A**90020=London**10116=EUA**91379=EUR**90047=0**90049=0**90306=Y**91283=50000**91284=2010-09-16 00:00:00.000**90059=N**90324=NONE**90338=SECONDARY**90340=UK**90086=EMIS1**90095=2**90099=154724693CERT-1-1**90101=FIXEDCERTIFICATEFLOW**90110=2010-09-17 02:00:01.000**</Text>
</Message>
