<?xml version="1.0" encoding="UTF-8"?>
<Message>
    <SystemInfo>
        <JMSDestination>Topic[exodus.fix.demo]</JMSDestination>
        <JMSReplyTo/>
        <JMSDeliveryMode>2</JMSDeliveryMode>
        <JMSRedelivered>false</JMSRedelivered>
        <JMSCorrelationID>null</JMSCorrelationID>
        <JMSType>null</JMSType>
        <JMSTimestamp>1285343781598</JMSTimestamp>
        <JMSExpiration>0</JMSExpiration>
        <JMSPriority>4</JMSPriority>
    </SystemInfo>
    <ApplicationInfo>
        <StreamIndex100>21</StreamIndex100>
        <FIX_10001>312702121</FIX_10001>
        <FIX_10002>1</FIX_10002>
        <FIX_10006>FFMMDEURBS</FIX_10006>
        <FIX_10055>///</FIX_10055>
        <FIX_10017>FixedCashflows</FIX_10017>
        <FIX_10029>CouponPaid</FIX_10029>
        <MESSAGE_TYPE>RMS_TRADE</MESSAGE_TYPE>
        <FIX_10015>Open</FIX_10015>
        <FIX_10011>FFMMDEURBS</FIX_10011>
        <FIX_10010>0100</FIX_10010>
        <FIX_10058>NNN</FIX_10058>
        <FIX_10056>NNN</FIX_10056>
        <FIX_10044>SCASH</FIX_10044>
        <FIX_10057>///</FIX_10057>
    </ApplicationInfo>
    <Text>8=FIXT.1.1**95000=Exodus_FIX_1.0**35=U1**10001=312702121**10002=1**10003=304481050**10004=1**10006=FFMMDEURBS**10007=DB AG Frankfurt**10008=FXG**10009=0100GMFMMD**10010=0100**10011=FFMMDEURBS**10012=RMS**10013=DTCH L  7KB**10114=DTCH L**10015=Open**10017=FixedCashflows**10018=MERITBANKHEL**10019=RMS**10020=MERTAHEL**10021=NORDEA BANK FINLAND PLC**10115=MERTAHEL**10022=GMFBlotter**10023=CB050101**10024=RMS**10025=312702121**10026=100016828**10027=2010-09-16 00:51:37.000**10028=2010-09-16 00:51:37.000**10029=CouponPaid**10030=2010-09-16 00:00:00.000**10031=MERITBANKHEL**10032=RMS**10035=SYS**10036=2010-09-16 00:00:00.000**10044=SCASH**10051=174361062**10052=Auto generated SCASH from original Swap 174361062**10053=Swapswire**10054=2700241L**10055=///**10056=NNN**10057=///**10058=NNN**10060=GMFBLOTTER_SKOFOL**10203=Standard**90020=London**90024=DB**91256=1**90029=304481050**90031=304481050**10117=EUR**90047=72**90049=72**91283=-110394.44**91284=2010-09-20 00:00:00.000**91285=0**90059=N**90063=304481050**90086=FFMMDEURBS**90095=1**90097=0**90098=0**90099=100016828W**10034=SKOFOL**90101=FIXEDCASHFLOW**90110=2010-09-22 04:11:31.000**</Text>
</Message>
