<?xml version="1.0" encoding="UTF-8"?>
<Message>
    <SystemInfo>
        <JMSDestination>Topic[exodus.fix.demo]</JMSDestination>
        <JMSReplyTo/>
        <JMSDeliveryMode>2</JMSDeliveryMode>
        <JMSRedelivered>false</JMSRedelivered>
        <JMSCorrelationID>null</JMSCorrelationID>
        <JMSType>null</JMSType>
        <JMSTimestamp>1285343940687</JMSTimestamp>
        <JMSExpiration>0</JMSExpiration>
        <JMSPriority>4</JMSPriority>
    </SystemInfo>
    <ApplicationInfo>
        <StreamIndex100>38</StreamIndex100>
        <FIX_10001>176167938</FIX_10001>
        <FIX_10002>141</FIX_10002>
        <FIX_10006>PMFFWA</FIX_10006>
        <FIX_10055>///</FIX_10055>
        <FIX_10017>FxAmerOpt</FIX_10017>
        <FIX_10029>Economic</FIX_10029>
        <MESSAGE_TYPE>RMS_TRADE</MESSAGE_TYPE>
        <FIX_10015>Open</FIX_10015>
        <FIX_10011>PMFFWA</FIX_10011>
        <FIX_10010>0100</FIX_10010>
        <FIX_10058>///</FIX_10058>
        <FIX_10056>///</FIX_10056>
        <FIX_10044>Warrant</FIX_10044>
        <FIX_10057>///</FIX_10057>
    </ApplicationInfo>
    <Text>8=FIXT.1.1**95000=Exodus_FIX_1.0**35=U1**10001=176167938**10002=141**10003=170667441**10004=1**10006=PMFFWA**10007=DB AG Frankfurt**10008=FXG**10010=0100**10011=PMFFWA**10012=RMS**10013=DTCH L  QU5**10114=DTCH L**10015=Open**10017=FxAmerOpt**10018=CUWA**10019=RMS**10020=DTCH F  113**10021=T&amp;S CURRENCY WARRANT DESK**10115=DTCH F  113**10022=XOL**10023=DE000DB90RY2**10024=RMS**10025=27256**10026=101301361**10027=2008-11-26 21:19:15.000**10028=2010-09-09 01:43:09.000**10029=Economic**10030=2010-09-09 00:00:00.000**10031=CUWA**10035=XOLBUS_SUBSCRIBER**10036=2008-11-27 13:36:01.000**10044=Warrant**10052=XOL DE000DB90RY2 AMERICAN**10055=///**10056=///**10057=///**10058=///**10062=0**90611=PMFFWA**10076=USD**10078=62190**90020=Frankfurt**90024=DB**90029=170667441**90031=170667441**10126=C**90047=79**90049=79**10085=2010-12-20 00:00:00.000**90059=Y**90063=170667441**10136=FDIFF**10077=-6910**90080=CUWAWARR**90213=CUWAWARR**10086=2010-12-27 00:00:00.000**90086=PMFFWA**90088=PMFFWAWAR**10080=9**90095=1**90099=101301361A**90101=FXOPTION**10075=XAG**10088=FT**</Text>
</Message>
