<?xml version="1.0" encoding="UTF-8"?>
<Message>
    <SystemInfo>
        <JMSDestination>Topic[exodus.fix.demo]</JMSDestination>
        <JMSReplyTo/>
        <JMSDeliveryMode>2</JMSDeliveryMode>
        <JMSRedelivered>false</JMSRedelivered>
        <JMSCorrelationID>null</JMSCorrelationID>
        <JMSType>null</JMSType>
        <JMSTimestamp>1285343785200</JMSTimestamp>
        <JMSExpiration>0</JMSExpiration>
        <JMSPriority>4</JMSPriority>
    </SystemInfo>
    <ApplicationInfo>
        <StreamIndex100>90</StreamIndex100>
        <FIX_10001>208297690</FIX_10001>
        <FIX_10002>28</FIX_10002>
        <FIX_10006>WARRNYEXAUTO</FIX_10006>
        <FIX_10055>///</FIX_10055>
        <FIX_10017>FxBasketOpt</FIX_10017>
        <FIX_10029>Economic</FIX_10029>
        <MESSAGE_TYPE>RMS_TRADE</MESSAGE_TYPE>
        <FIX_10015>Open</FIX_10015>
        <FIX_10011>WARRNYEXAUTO</FIX_10011>
        <FIX_10010>0840</FIX_10010>
        <FIX_10058>///</FIX_10058>
        <FIX_10056>///</FIX_10056>
        <FIX_10044>Warrant</FIX_10044>
        <FIX_10057>///</FIX_10057>
    </ApplicationInfo>
    <Text>8=FIXT.1.1**95000=Exodus_FIX_1.0**35=U1**10001=208297690**10002=28**10003=202202245**10004=1**10006=WARRNYEXAUTO**10007=DB AG London**10008=FXG**10009=SMT0**10010=0840**10011=WARRNYEXAUTO**10012=RMS**10013=DTCH L  11J**10114=DTCH L**10015=Open**10017=FxBasketOpt**10018=CUWA**10019=RMS**10020=DTCH F  113**10021=T&amp;S CURRENCY WARRANT DESK**10115=DTCH F  113**10022=XOL**10023=US2515A0K853**10024=RMS**10025=208297690**10026=120606781**10027=2009-06-20 03:25:33.000**10028=2010-09-15 03:17:05.000**10029=Economic**10030=2010-09-15 00:00:00.000**10031=CUWA**10032=RMS**10033=Faraz Munaim**10035=XOLBUS_SUBSCRIBER**10036=2009-06-19 00:00:00.000**10044=Warrant**10052=XOL US2515A0K853 STRUCTURED**10054=US2515A0K853**10055=///**10056=///**10057=///**10058=///**10060=RMS_FRENMOR**10203=Standard**90020=London**90024=DB**90029=202202245**90031=202202245**90047=71**90049=71**90059=Y**90063=202202245**90685=21**91181=1.70905**90080=CUWAWARR**90213=CUWAWARR**91195=TradeDetails**91196=Y**90086=WARRNYEXAUTO**90095=1**90097=0**90098=0**90099=120606781R**90101=EXOTIC**94393=0**94395=0**90611=WARRNYEXAUTO**91071=23**91072=PricingSite**91074=Option**91072=PayCurrency**91074=USD**91072=Notional**91074=3501240**91072=Contract**91074=O**91072=ExpiryDate**91074=2011-06-21 00:00:00.000**91072=SettlementDate**91074=2011-06-24 00:00:00.000**91072=CP**91074=C**91072=Strike**91074=1**91072=AssetLocation**91072=KnockedOutDate**91072=UnderCurrency**91074=BRO**91072=UnderCurrency**91074=RUB**91072=UnderCurrency**91074=INO**91072=UnderCurrency**91074=CNO**91072=AccCurrency**91074=USD**91072=AccCurrency**91074=USD**91072=AccCurrency**91074=USD**91072=AccCurrency**91074=USD**91072=Weight**91074=0.4886875**91072=Weight**91074=7.7827875**91072=Weight**91074=12.02**91072=Weight**91074=1.70905**91072=MULTIROW**</Text>
</Message>
