<?xml version="1.0" encoding="UTF-8"?>
<Message>
    <SystemInfo>
        <JMSDestination>Topic[exodus.fix.demo]</JMSDestination>
        <JMSReplyTo/>
        <JMSDeliveryMode>2</JMSDeliveryMode>
        <JMSRedelivered>false</JMSRedelivered>
        <JMSCorrelationID>null</JMSCorrelationID>
        <JMSType>null</JMSType>
        <JMSTimestamp>1285344085170</JMSTimestamp>
        <JMSExpiration>0</JMSExpiration>
        <JMSPriority>4</JMSPriority>
    </SystemInfo>
    <ApplicationInfo>
        <StreamIndex100>93</StreamIndex100>
        <FIX_10001>286749793</FIX_10001>
        <FIX_10002>2</FIX_10002>
        <FIX_10006>PMLNOGOPV</FIX_10006>
        <FIX_10055/>
        <FIX_10017>FxCashBalance</FIX_10017>
        <FIX_10029>Economic</FIX_10029>
        <MESSAGE_TYPE>RMS_TRADE</MESSAGE_TYPE>
        <FIX_10015>Open</FIX_10015>
        <FIX_10011>PMLNOGOPV</FIX_10011>
        <FIX_10010>0840</FIX_10010>
        <FIX_10058>///</FIX_10058>
        <FIX_10056/>
        <FIX_10044>FuturesCash</FIX_10044>
        <FIX_10057/>
    </ApplicationInfo>
    <Text>8=FIXT.1.1**95000=Exodus_FIX_1.0**35=U1**10001=286749793**10002=2**10003=0**10004=1**10006=PMLNOGOPV**10007=DB AG London**10008=SPX**10009=PML0**10010=0840**10011=PMLNOGOPV**10012=RMS**10013=DTCH L  NI5**10114=DTCH N  CMD**10015=Open**10017=FxCashBalance**10018=FxCashBalance**10019=RMS**10022=ABFO**10023=Archive FxCB**10024=ABFO**10025=Archive FxCB**10026=0**10027=2010-09-05 07:48:55.000**10028=2010-09-05 07:48:55.000**10029=Economic**10030=2010-09-05 00:00:00.000**10044=FuturesCash**10059=NYM**91834=0**10076=XPT**90020=London**90059=Y**91899=0**91900=0**90086=PMLNOGOPV**90088=Cash**90095=0**90099=Archive FxCB**90101=FXCASHBALANCE**91931=-375795**10075=USD**</Text>
</Message>
