<?xml version="1.0" encoding="UTF-8"?>
<Message>
    <SystemInfo>
        <JMSDestination>Topic[exodus.fix.demo]</JMSDestination>
        <JMSReplyTo/>
        <JMSDeliveryMode>2</JMSDeliveryMode>
        <JMSRedelivered>false</JMSRedelivered>
        <JMSCorrelationID>null</JMSCorrelationID>
        <JMSType>null</JMSType>
        <JMSTimestamp>1285343836384</JMSTimestamp>
        <JMSExpiration>0</JMSExpiration>
        <JMSPriority>4</JMSPriority>
    </SystemInfo>
    <ApplicationInfo>
        <StreamIndex100>26</StreamIndex100>
        <FIX_10001>192076526</FIX_10001>
        <FIX_10002>24</FIX_10002>
        <FIX_10006>BKTRS</FIX_10006>
        <FIX_10055>PCA</FIX_10055>
        <FIX_10017>FxDrawdownForward</FIX_10017>
        <FIX_10029>Economic</FIX_10029>
        <MESSAGE_TYPE>RMS_TRADE</MESSAGE_TYPE>
        <FIX_10015>Open</FIX_10015>
        <FIX_10011>BKTRS</FIX_10011>
        <FIX_10010>0783</FIX_10010>
        <FIX_10058>PCA</FIX_10058>
        <FIX_10056>PCA</FIX_10056>
        <FIX_10044>///</FIX_10044>
        <FIX_10057>PCA</FIX_10057>
    </ApplicationInfo>
    <Text>8=FIXT.1.1**95000=Exodus_FIX_1.0**35=U1**10001=192076526**10002=24**10003=186274511**10004=1**10006=BKTRS**10007=DB AG Bangkok**10008=BKK**10009=8150**10010=0783**10011=BKTRS**10012=RMS**10013=DTCH BGK026**10114=DTCH BGK**10015=Open**10017=FxDrawdownForward**10018=BKK-THYSSEV**10019=RMS**10020=THYSSBGK**10021=THYSSENKRUPP ELEVATOR THAILAND CO LTD**10115=THYSSBGK**10022=RMSSales**10023=C-IFP270H4VOF0W-5**10024=RMS**10025=192076526**10026=111197502**10027=2009-03-09 09:47:37.000**10028=2010-08-30 10:41:39.000**10029=Economic**10030=2009-07-30 09:36:54.000**10031=BKK-THYSSEV**10032=RMS**10033=PRATWIN1**10035=PRASWIM**10036=2009-03-09 00:00:00.000**10037=11784**10038=THB**10039=Onshore**10045=PHON**10048=308459848**10049=DrawdownForward**10052=318132 rem **10055=PCA**10056=PCA**10057=PCA**10058=PCA**10060=IFX_IFXBKKWIP**10071=2**10072=DDSystemID**10073=Text**10074=308459848**10072=DDVersion**10073=Text**10074=1**10075=EUR**10076=THB**10077=-9104.46**10078=424085.7468**10080=46.58**10081=46.46**10086=2010-09-30 00:00:00.000**10300=2009-03-09 00:00:00.000**</Text>
</Message>
