<?xml version="1.0" encoding="UTF-8"?>
<Message>
    <SystemInfo>
        <JMSDestination>Topic[exodus.fix.demo]</JMSDestination>
        <JMSReplyTo/>
        <JMSDeliveryMode>2</JMSDeliveryMode>
        <JMSRedelivered>false</JMSRedelivered>
        <JMSCorrelationID>null</JMSCorrelationID>
        <JMSType>null</JMSType>
        <JMSTimestamp>1285343887307</JMSTimestamp>
        <JMSExpiration>0</JMSExpiration>
        <JMSPriority>4</JMSPriority>
    </SystemInfo>
    <ApplicationInfo>
        <StreamIndex100>43</StreamIndex100>
        <FIX_10001>174608643</FIX_10001>
        <FIX_10002>4</FIX_10002>
        <FIX_10006>INDOPT</FIX_10006>
        <FIX_10055>///</FIX_10055>
        <FIX_10017>FxEuroOpt</FIX_10017>
        <FIX_10029>Economic</FIX_10029>
        <MESSAGE_TYPE>RMS_TRADE</MESSAGE_TYPE>
        <FIX_10015>Open</FIX_10015>
        <FIX_10011>INDOPT</FIX_10011>
        <FIX_10010>0840</FIX_10010>
        <FIX_10058>///</FIX_10058>
        <FIX_10056>///</FIX_10056>
        <FIX_10044>///</FIX_10044>
        <FIX_10057>///</FIX_10057>
    </ApplicationInfo>
    <Text>8=FIXT.1.1**95000=Exodus_FIX_1.0**35=U1**10001=174608643**10002=4**10003=169127816**10004=7**10006=INDOPT**10007=DB AG London**10008=FXG**10009=FGO0**10010=0840**10011=INDOPT**10012=RMS**10013=DTCH L  V33**10114=DTCH L**10015=Open**10017=FxEuroOpt**10018=DBOP**10019=RMS**10020=DTCH F  MM**10021=DEUTSCHE BANK AG**10115=DTCH F  MM**10022=RMS**10023=174608643**10024=RMS**10025=174608643**10026=100186091**10027=2008-11-19 22:56:43.000**10028=2010-09-03 21:15:38.000**10029=Economic**10030=2010-09-03 00:00:00.000**10031=ABRAHAMBOX/BLN**10032=RMS**10035=ORNIKHE**10036=2008-11-19 00:00:00.000**10055=///**10056=///**10057=///**10058=///**10060=RMS_KROENIJ**10062=0**10203=Standard**90611=INDOPT**10076=USD**10078=498611.11**90020=London**90024=DB**90029=169127816**90031=169127816**10126=C**10079=AccNotional**90047=79**90049=79**10085=2011-11-24 00:00:00.000**10084=SPOT**90176=N**90059=Y**90063=169127816**10077=-2385.69909091**10087=EUR**91631=1**91779=498611.11**10086=2011-11-28 00:00:00.000**90086=INDOPT**10080=209**90095=1**90097=0**90098=0**90099=100186091B**90101=FXOPTION**10075=HVB**10088=NY**</Text>
</Message>
