<?xml version="1.0" encoding="UTF-8"?>
<Message>
    <SystemInfo>
        <JMSDestination>Topic[exodus.fix.demo]</JMSDestination>
        <JMSReplyTo/>
        <JMSDeliveryMode>2</JMSDeliveryMode>
        <JMSRedelivered>false</JMSRedelivered>
        <JMSCorrelationID>null</JMSCorrelationID>
        <JMSType>null</JMSType>
        <JMSTimestamp>1285344059675</JMSTimestamp>
        <JMSExpiration>0</JMSExpiration>
        <JMSPriority>4</JMSPriority>
    </SystemInfo>
    <ApplicationInfo>
        <StreamIndex100>47</StreamIndex100>
        <FIX_10001>285400647</FIX_10001>
        <FIX_10002>63</FIX_10002>
        <FIX_10006>PMLNOGOGV</FIX_10006>
        <FIX_10055>///</FIX_10055>
        <FIX_10017>FxForward</FIX_10017>
        <FIX_10029>Economic</FIX_10029>
        <MESSAGE_TYPE>RMS_TRADE</MESSAGE_TYPE>
        <FIX_10015>Open</FIX_10015>
        <FIX_10011>PMLNOGOGV</FIX_10011>
        <FIX_10010>0840</FIX_10010>
        <FIX_10058>///</FIX_10058>
        <FIX_10056>///</FIX_10056>
        <FIX_10044>FuturesCash</FIX_10044>
        <FIX_10057>///</FIX_10057>
    </ApplicationInfo>
    <Text>8=FIXT.1.1**95000=Exodus_FIX_1.0**35=U1**10001=285400647**10002=63**10003=277754349**10004=1**10006=PMLNOGOGV**10007=DB AG London**10008=SPX**10009=PML0**10010=0840**10011=PMLNOGOGV**10012=RMS**10013=DTCH L  NI3**10114=DTCH N  CMD**10015=Open**10017=FxForward**10018=NYME**10019=RMS**10020=DTCH L  V53**10021=NEW YORK MERCANTILE EXCHANGE**10115=DTCH L  V53**10022=RMS**10023=285400647**10024=ABFO**10025=285400647**10026=162778131**10027=2010-06-02 02:08:29.000**10028=2010-08-26 02:03:33.000**10029=Economic**10030=2010-08-26 02:03:33.000**10031=NYME**10032=RMS**10035=RMS_OWNER**10036=2010-06-01 00:00:00.000**10044=FuturesCash**10052=Aggregated FuturesCash of FxFuture #PA (SEP10)**10055=///**10056=///**10057=///**10058=///**10059=NYM**10075=USD**10076=XPD**10077=119865**10078=0**10079=Notional**10080=0**10086=2010-08-30 00:00:00.000**10089=#PA**10090=2010-09-01 00:00:00.000**</Text>
</Message>
