<?xml version="1.0" encoding="UTF-8"?>
<Message>
    <SystemInfo>
        <JMSDestination>Topic[exodus.fix.demo]</JMSDestination>
        <JMSReplyTo/>
        <JMSDeliveryMode>2</JMSDeliveryMode>
        <JMSRedelivered>false</JMSRedelivered>
        <JMSCorrelationID>null</JMSCorrelationID>
        <JMSType>null</JMSType>
        <JMSTimestamp>1285343782695</JMSTimestamp>
        <JMSExpiration>0</JMSExpiration>
        <JMSPriority>4</JMSPriority>
    </SystemInfo>
    <ApplicationInfo>
        <StreamIndex100>52</StreamIndex100>
        <FIX_10001>249376752</FIX_10001>
        <FIX_10002>2</FIX_10002>
        <FIX_10006>IRATE</FIX_10006>
        <FIX_10055>///</FIX_10055>
        <FIX_10017>FxForwardStruct</FIX_10017>
        <FIX_10029>NonEconomic</FIX_10029>
        <MESSAGE_TYPE>RMS_TRADE</MESSAGE_TYPE>
        <FIX_10015>Open</FIX_10015>
        <FIX_10011>IRAT</FIX_10011>
        <FIX_10010>0840</FIX_10010>
        <FIX_10058>///</FIX_10058>
        <FIX_10056>///</FIX_10056>
        <FIX_10044>///</FIX_10044>
        <FIX_10057>///</FIX_10057>
    </ApplicationInfo>
    <Text>8=FIXT.1.1**95000=Exodus_FIX_1.0**35=U1**10001=249376752**10002=2**10003=302919067**10004=2**10006=IRATE**10007=DB AG London**10008=FXG**10009=FGO0**10010=0840**10011=IRAT**10012=RMS**10013=DTCH L  K82**10114=DTCH L**10015=Open**10017=FxForwardStruct**10018=DBOB**10019=RMS**10020=DTCH F  MM**10021=DEUTSCHE BANK AG**10115=DTCH F  MM**10022=RMS**10023=249376752**10024=RMS**10025=249376752**10026=143334843**10027=2010-02-01 22:40:45.000**10028=2010-09-02 18:24:09.000**10029=NonEconomic**10030=2010-09-02 00:00:00.000**10031=BIEDERMANN_M/VILL**10032=RMS**10035=ORNIKHE**10036=2010-02-01 00:00:00.000**10055=///**10056=///**10057=///**10058=///**10060=_MARCYAN**10203=Manual**10075=EUR**10076=USD**10077=-220588.23529412**10078=300000**10079=AccNotional**10080=1.36**10085=2010-10-27 00:00:00.000**10086=2010-10-29 00:00:00.000**10088=NY**</Text>
</Message>
