<?xml version="1.0" encoding="UTF-8"?>
<Message>
    <SystemInfo>
        <JMSDestination>Topic[exodus.fix.demo]</JMSDestination>
        <JMSReplyTo/>
        <JMSDeliveryMode>2</JMSDeliveryMode>
        <JMSRedelivered>false</JMSRedelivered>
        <JMSCorrelationID>null</JMSCorrelationID>
        <JMSType>null</JMSType>
        <JMSTimestamp>1285343957960</JMSTimestamp>
        <JMSExpiration>0</JMSExpiration>
        <JMSPriority>4</JMSPriority>
    </SystemInfo>
    <ApplicationInfo>
        <StreamIndex100>43</StreamIndex100>
        <FIX_10001>285400643</FIX_10001>
        <FIX_10002>59</FIX_10002>
        <FIX_10006>PMLNOGOGV</FIX_10006>
        <FIX_10055>///</FIX_10055>
        <FIX_10017>FxFuture</FIX_10017>
        <FIX_10029>Economic</FIX_10029>
        <MESSAGE_TYPE>RMS_TRADE</MESSAGE_TYPE>
        <FIX_10015>Open</FIX_10015>
        <FIX_10011>PMLNOGOGV</FIX_10011>
        <FIX_10010>0840</FIX_10010>
        <FIX_10058>///</FIX_10058>
        <FIX_10056>///</FIX_10056>
        <FIX_10044>FuturesPosition</FIX_10044>
        <FIX_10057>///</FIX_10057>
    </ApplicationInfo>
    <Text>8=FIXT.1.1**95000=Exodus_FIX_1.0**35=U1**10001=285400643**10002=59**10003=277754344**10004=1**10006=PMLNOGOGV**10007=DB AG London**10008=SPX**10009=PML0**10010=0840**10011=PMLNOGOGV**10012=RMS**10013=DTCH L  NI3**10114=DTCH N  CMD**10015=Open**10017=FxFuture**10018=NYME**10019=RMS**10020=DTCH L  V53**10021=NEW YORK MERCANTILE EXCHANGE**10115=DTCH L  V53**10022=RMS**10023=285400643**10024=ABFO**10025=285400643**10026=162778128**10027=2010-06-02 02:08:27.000**10028=2010-08-25 02:02:23.000**10029=Economic**10030=2010-08-25 02:02:23.000**10031=NYME**10032=RMS**10035=RMS_OWNER**10036=2010-06-01 00:00:00.000**10044=FuturesPosition**10052=Aggregated FuturesPosition of FxFuture #PA (SEP10)**10055=///**10056=///**10057=///**10058=///**10059=NYM**10076=USD**90020=Precious Metals**90024=DB**90029=277754344**90031=277754344**90047=75**90049=75**10089=#PA**10090=2010-09-01 00:00:00.000**10144=483.95**90059=N**90063=277754344**10077=-22800**10143=-228**90086=PMLNOGOGV**90095=1**90099=162778128POS**90101=FXFUTURE**10075=XPD**90110=2010-08-26 02:03:31.000**</Text>
</Message>
