<?xml version="1.0" encoding="UTF-8"?>
<Message>
    <SystemInfo>
        <JMSDestination>Topic[exodus.fix.demo]</JMSDestination>
        <JMSReplyTo/>
        <JMSDeliveryMode>2</JMSDeliveryMode>
        <JMSRedelivered>false</JMSRedelivered>
        <JMSCorrelationID>null</JMSCorrelationID>
        <JMSType>null</JMSType>
        <JMSTimestamp>1285344063911</JMSTimestamp>
        <JMSExpiration>0</JMSExpiration>
        <JMSPriority>4</JMSPriority>
    </SystemInfo>
    <ApplicationInfo>
        <StreamIndex100>0</StreamIndex100>
        <FIX_10001>307325200</FIX_10001>
        <FIX_10002>1</FIX_10002>
        <FIX_10006>OPERAEXCHANGE</FIX_10006>
        <FIX_10055>///</FIX_10055>
        <FIX_10017>FxFutureOpt</FIX_10017>
        <FIX_10029>New</FIX_10029>
        <MESSAGE_TYPE>RMS_TRADE</MESSAGE_TYPE>
        <FIX_10015>Open</FIX_10015>
        <FIX_10011>OPERAEXCHANGE</FIX_10011>
        <FIX_10010>0840</FIX_10010>
        <FIX_10058>NNN</FIX_10058>
        <FIX_10056>NNN</FIX_10056>
        <FIX_10044>///</FIX_10044>
        <FIX_10057>///</FIX_10057>
    </ApplicationInfo>
    <Text>8=FIXT.1.1**95000=Exodus_FIX_1.0**35=U1**10001=307325200**10002=1**10003=299231585**10004=1**10006=OPERAEXCHANGE**10007=DB AG London**10008=FXG**10009=FGO0**10010=0840**10011=OPERAEXCHANGE**10012=RMS**10013=DTCH L  66E**10114=DTCH L**10015=Open**10017=FxFutureOpt**10018=CMRE**10019=RMS**10020=CHIMXC**10021=CHICAGO MERCANTILE EXCHANGE**10115=CHIMXC**10022=ABFO2RMSFeed**10023=ABFONYC:298166:1:1**10024=ABFO**10025=ABFONYC:298166**10026=174128879**10027=2010-08-25 02:23:51.000**10028=2010-08-25 02:23:51.000**10029=New**10030=2010-08-25 00:00:00.000**10031=CMRE**10032=RMS**10035=ABFO2RMSFEED**10036=2010-08-24 00:00:00.000**10045=DBMG**10052=Comments:-**10055=///**10056=NNN**10057=///**10058=NNN**10076=USD**90020=London**90024=DB**90029=299231585**90031=299231585**10126=C**90047=75**90049=75**92157=2010-10-01 00:00:00.000**92158=0.000206**10089=#JY**10090=2010-10-01 00:00:00.000**90059=N**90063=299231585**10077=-625000000**10143=-50**10141=2010-10-01 00:00:00.000**10145=0.000206**90086=OPERAEXCHANGE**10080=0.0119**90099=174128879A**10034=PRASHANT.PUNIYA@DB.COM**90101=FXFUTURE**10075=JPY**90110=2010-08-25 02:39:17.000**</Text>
</Message>
