<?xml version="1.0" encoding="UTF-8"?>
<Message>
    <SystemInfo>
        <JMSDestination>Topic[exodus.fix.demo]</JMSDestination>
        <JMSReplyTo/>
        <JMSDeliveryMode>2</JMSDeliveryMode>
        <JMSRedelivered>false</JMSRedelivered>
        <JMSCorrelationID>null</JMSCorrelationID>
        <JMSType>null</JMSType>
        <JMSTimestamp>1285344075069</JMSTimestamp>
        <JMSExpiration>0</JMSExpiration>
        <JMSPriority>4</JMSPriority>
    </SystemInfo>
    <ApplicationInfo>
        <StreamIndex100>67</StreamIndex100>
        <FIX_10001>202683767</FIX_10001>
        <FIX_10002>8</FIX_10002>
        <FIX_10006>EMSTAR</FIX_10006>
        <FIX_10055>///</FIX_10055>
        <FIX_10017>FxGeneralBarEuroOpt</FIX_10017>
        <FIX_10029>Economic</FIX_10029>
        <MESSAGE_TYPE>RMS_TRADE</MESSAGE_TYPE>
        <FIX_10015>Open</FIX_10015>
        <FIX_10011>EMSTAR</FIX_10011>
        <FIX_10010>0840</FIX_10010>
        <FIX_10058>///</FIX_10058>
        <FIX_10056>///</FIX_10056>
        <FIX_10044>///</FIX_10044>
        <FIX_10057>///</FIX_10057>
    </ApplicationInfo>
    <Text>8=FIXT.1.1**95000=Exodus_FIX_1.0**35=U1**10001=202683767**10002=8**10003=196675853**10004=5**10006=EMSTAR**10007=DB AG London**10008=FXG**10009=FGO0**10010=0840**10011=EMSTAR**10012=RMS**10013=DTCH L  VG4**10114=DTCH L**10015=Open**10017=FxGeneralBarEuroOpt**10018=LLOY**10019=RMS**10020=LTSBKL**10021=LLOYDS TSB BANK PLC AC TSY**10115=LTSBKL**10022=FXPricer**10023=202683767**10024=RMS**10025=202683767**10026=117685551**10027=2009-05-14 22:29:03.000**10028=2010-08-31 23:38:51.000**10029=Economic**10030=2010-08-31 00:00:00.000**10031=LLOY**10032=RMS**10033=Agustin Trigo**10035=FRENMOR**10036=2009-05-14 00:00:00.000**10040=6200**10041=EUR**10042=London**10055=///**10056=///**10057=///**10058=///**10060=FXPRICER_FRENMOR**10064=Y**10203=Standard**90010=Y**90020=London**90024=DB**90029=196675853**90031=196675853**90047=71**90049=71**90059=Y**90063=196675853**90685=22**91181=39954**91195=TradeDetails**91196=Y**90086=EMSTAR**90095=1**90097=0**90098=0**90099=117685551A**90101=EXOTIC**94393=0**94395=0**90611=EMSTAR**91071=24**91072=PricingSite**91074=Option**91072=UnderCurrency**91074=USD**91072=AccCurrency**91074=BRO**91072=Notional**91074=-2300000**91072=DominantNotional**91074=Notional**91072=AccNotional**91074=4813670**91072=ExpiryDate**91074=2011-05-16 00:00:00.000**91072=ZoneCut**91074=BR**91072=SettlementDate**91074=2011-05-23 00:00:00.000**91072=CP**91074=P**91072=Strike**91074=2.0929**91072=FixingReference**91074=BRLPTAX**91072=UpBarKnockInYN**91074=N**91072=UpBarIntrinsicRebateYN**91074=N**91072=LowBarKnockInYN**91074=N**91072=LowBarIntrinsicRebateYN**91074=N**91072=PayCurrency**91074=USD**91072=QuantoLevel**91074=0.477805915**91072=AssetLocation**91072=KnockedOutDate**91072=PremiumAmount**91074=98170**91072=PremiumCurrency**91074=USD**91072=PremiumDate**91074=2009-05-21 00:00:00.000**91072=MULTIROW**</Text>
</Message>
