<?xml version="1.0" encoding="UTF-8"?>
<Message>
    <SystemInfo>
        <JMSDestination>Topic[exodus.fix.demo]</JMSDestination>
        <JMSReplyTo/>
        <JMSDeliveryMode>2</JMSDeliveryMode>
        <JMSRedelivered>false</JMSRedelivered>
        <JMSCorrelationID>null</JMSCorrelationID>
        <JMSType>null</JMSType>
        <JMSTimestamp>1285343903068</JMSTimestamp>
        <JMSExpiration>0</JMSExpiration>
        <JMSPriority>4</JMSPriority>
    </SystemInfo>
    <ApplicationInfo>
        <StreamIndex100>1</StreamIndex100>
        <FIX_10001>12179101</FIX_10001>
        <FIX_10002>18</FIX_10002>
        <FIX_10006>IRATE</FIX_10006>
        <FIX_10055/>
        <FIX_10017>FXKnockOutMultiDualCcyOpt</FIX_10017>
        <FIX_10029>Economic</FIX_10029>
        <MESSAGE_TYPE>RMS_TRADE</MESSAGE_TYPE>
        <FIX_10015>Open</FIX_10015>
        <FIX_10011>IRAT</FIX_10011>
        <FIX_10010>0840</FIX_10010>
        <FIX_10058>///</FIX_10058>
        <FIX_10056/>
        <FIX_10044>///</FIX_10044>
        <FIX_10057/>
    </ApplicationInfo>
    <Text>8=FIXT.1.1**95000=Exodus_FIX_1.0**35=U1**10001=12179101**10002=18**10003=11530424**10004=7**10006=IRATE**10007=DB AG London**10008=FXG**10009=FGO0**10010=0840**10011=IRAT**10012=RMS**10013=DTCH L  K82**10114=DTCH L**10015=Open**10017=FXKnockOutMultiDualCcyOpt**10018=DBHK**10019=RMS**10020=DTCH HK RES**10021=DEUTSCHE BANK AKTIENGESELLSCHAFT AC RESIDUAL**10115=DTCH HK RES**10022=Excel**10023=12179101**10024=Excel**10025=12179101**10026=7716503**10027=2004-03-08 18:32:29.000**10028=2004-08-10 16:12:34.000**10029=Economic**10030=2004-08-10 16:12:34.000**10031=MOFC**10033=Richard Li / Connie Leung**10035=mcgoad**10036=2004-03-08 00:00:00.000**10037=0**10038=EUR**10039=London**10040=360000**10041=EUR**10042=London**90010=N**90011=N**90020=London**90024=DB**90029=11530424**90031=11530424**90059=N**90063=11530424**90685=195**91181=-0.35**91195=Inputs**91196=Y**90086=IRATE**90088=IRATE**90095=1**90099=12179101**10034=Adrian McGowan**90101=EXOTIC**90110=2004-08-10 16:19:22.000**94393=0**94395=0**90611=IRAT**91071=197**91072=Inputs**91074=NVPair**91072=Workbook**91074=DualKOTradeEntry**91072=Worksheet**91074=IRATE-KOMD-MOFPAYGExecOpt**91072=Currency**91074=DOMESTIC/FOREIGN**91072=AccCurrency**91074=USD**91072=UnderCurrency**91074=EUR**91072=HolidayCities**91074=EUR,NYC,LDN**91072=DateBumps**91074=MOD FOLL**91072=DomesticCurve**91074=FORECAST**91072=ForeignCurve**91074=FORECAST**91072=Leg1InitialNotional**91074=0**91072=Leg1FinalNotional**91074=116000000**91072=Leg1InitialNotionalCurrency**91074=DOMESTIC**91072=Leg1FinalNotionalCurrency**91074=DOMESTIC**91072=Leg1EffectiveDate**91074=2004-10-29 00:00:00.000**91072=Leg1RollDate**91074=2004-10-29 00:00:00.000**91072=Leg1EndDate**91074=2008-10-29 00:00:00.000**91072=Leg1Frequency**91074=annually**91072=Leg1SetFraction**91074=0**91072=Leg1DaysOffset**91074=0**91072=Leg1ArrearInterval**91074=1y**91072=Leg1NumRates**91074=1**91072=Leg1FxNotification**91074=0y**91072=Leg1NumRatesId**91074=1**91072=Leg1Notional**91074=116000000**91072=Leg1NotionalCurrency**91074=DOMESTIC**91072=Leg1RateStartingTime**91074=0y**91072=Leg1RateTerm**91074=1y**91072=Leg1RateIndexType**91074=LIBOR**91072=Leg1RateFrequency**91074=ZERO**91072=Leg1RateDecompFreq**91074=ZERO**91072=Leg1RateBasis**91074=30/360**91072=Leg1RateCurrency**91074=DOMESTIC**91072=Leg1RateCoupon**91074=0**91072=Leg1Power**91074=1**91072=Leg1Multiplier**91074=0**91072=Leg1Spread**91074=0.0275**91072=Leg1AbsoluteCap**91074=99900000000**91072=Leg1AbsoluteFloor**91074=-99900000000**91072=Leg1FixedFlow**91074=0**91072=Leg1FixedFlowCurrency**91074=FOREIGN**91072=Leg1PreviousRateSet**91074=0**91072=Leg1PreviousFxSet**91074=0**91072=Leg1PreviousMaxMinLegSet**91074=-1**91072=Leg1CouponType**91074=SUMCOUPON**91072=Leg1CouponCap**91074=99900000000**91072=Leg1CouponFloor**91074=-99900000000**91072=Leg1CouponCapCurrency**91074=FOREIGN**91072=Leg1CouponFloorCurrency**91074=FOREIGN**91072=Leg1PreviousCouponCapFxSet**91074=0**91072=Leg1PreviousCouponFloorFxSet**91074=0**91072=Leg1PayBasis**91074=30/360**91072=Leg1ManyFlows**91074=0**91072=Leg1PayOffTableSize**91074=0**91072=Leg2InitialNotional**91074=0**91072=Leg2FinalNotional**91074=100000000**91072=Leg2InitialNotionalCurrency**91074=FOREIGN**91072=Leg2FinalNotionalCurrency**91074=FOREIGN**91072=Leg2EffectiveDate**91074=2004-10-29 00:00:00.000**91072=Leg2RollDate**91074=2004-10-29 00:00:00.000**91072=Leg2EndDate**91074=2008-10-29 00:00:00.000**91072=Leg2Frequency**91074=annually**91072=Leg2SetFraction**91074=0**91072=Leg2DaysOffset**91074=0**91072=Leg2ArrearInterval**91074=1y**91072=Leg2NumRates**91074=1**91072=Leg2FxNotification**91074=0y**91072=Leg2NumRatesId**91074=1**91072=Leg2Notional**91074=100000000**91072=Leg2NotionalCurrency**91074=FOREIGN**91072=Leg2RateStartingTime**91074=0b**91072=Leg2RateTerm**91074=1y**91072=Leg2RateIndexType**91074=LIBOR**91072=Leg2RateFrequency**91074=ZERO**91072=Leg2RateDecompFreq**91074=ZERO**91072=Leg2RateBasis**91074=30/360**91072=Leg2RateCurrency**91074=FOREIGN**91072=Leg2RateCoupon**91074=0**91072=Leg2Power**91074=1**91072=Leg2Multiplier**91074=0**91072=Leg2Spread**91074=0.0375**91072=Leg2AbsoluteCap**91074=99900000000**91072=Leg2AbsoluteFloor**91074=-99900000000**91072=Leg2FixedFlow**91074=0**91072=Leg2FixedFlowCurrency**91074=FOREIGN**91072=Leg2PreviousRateSet**91074=0**91072=Leg2PreviousFxSet**91074=0**91072=Leg2PreviousMaxMinLegSet**91074=-1**91072=Leg2CouponType**91074=SUMCOUPON**91072=Leg2CouponCap**91074=99900000000**91072=Leg2CouponFloor**91074=-99900000000**91072=Leg2CouponCapCurrency**91074=FOREIGN**91072=Leg2CouponFloorCurrency**91074=FOREIGN**91072=Leg2PreviousCouponCapFxSet**91074=0**91072=Leg2PreviousCouponFloorFxSet**91074=0**91072=Leg2PayBasis**91074=30/360**91072=Leg2ManyFlows**91074=0**91072=Leg2PayOffTableSize**91074=0**91072=Leg1NumBarriers**91074=0**91072=Leg1BarrierStartDate**91074=38759**91072=Leg1BarrierEndDate**91074=39855**91072=Leg1BarrierInterval**91074=1y**91072=Leg1RebateDelay**91074=0d**91072=Leg1BarrierApplyDelay**91074=-1y2b**91072=Leg1BarrierRateStartingTime**91074=0y**91072=Leg1BarrierRateIndexType**91074=FXRATE**91072=Leg1BarrierRateTerm**91074=0b**91072=Leg1BarrierRateFrequency**91074=ZERO**91072=Leg1BarrierRateDecompFreq**91074=ZERO**91072=Leg1BarrierRateBasis**91074=ACT/360**91072=Leg1BarrierRateCurrency**91074=DOMESTIC/FOREIGN**91072=Leg1BarrierRateCoupon**91074=0**91072=Leg1BarrierType**91074=UPPER**91072=Leg1BarrierKnockType**91074=TARN**91072=Leg1BarrierRebateCurrency**91074=FOREIGN**91072=Leg1BarrierWedge**91074=0**91072=Leg1ManyBarriers**91074=0**91072=Leg1BarrierRateID**91074=1**91072=Leg1BarrierRateMultiplier**91074=0.794852632361795**91072=Leg1BarrierRateSpread**91074=-1**91072=Leg1BarrierRateCap**91074=99900000000**91072=Leg1BarrierRateFloor**91074=0**91072=Leg1Barrier**91074=1.03125**91072=Leg1BarrierRebate**91074=0**91072=Leg1BarrierShift**91074=0**91072=Leg2NumBarriers**91074=0**91072=Leg2BarrierStartDate**91074=38759**91072=Leg2BarrierEndDate**91074=39855**91072=Leg2BarrierInterval**91074=1y**91072=Leg2RebateDelay**91074=0d**91072=Leg2BarrierApplyDelay**91074=-1y-3b**91072=Leg2BarrierRateStartingTime**91074=0y**91072=Leg2BarrierRateIndexType**91074=FXRATE**91072=Leg2BarrierRateTerm**91074=0b**91072=Leg2BarrierRateFrequency**91074=ZERO**91072=Leg2BarrierRateDecompFreq**91074=ZERO**91072=Leg2BarrierRateBasis**91074=ACT/360**91072=Leg2BarrierRateCurrency**91074=DOMESTIC/FOREIGN**91072=Leg2BarrierRateCoupon**91074=0**91072=Leg2BarrierType**91074=UPPER**91072=Leg2BarrierKnockType**91074=TARN**91072=Leg2BarrierRebateCurrency**91074=FOREIGN**91072=Leg2BarrierWedge**91074=0**91072=Leg2ManyBarriers**91074=0**91072=Leg2BarrierRateID**91074=1**91072=Leg2BarrierRateMultiplier**91074=0.794852632361795**91072=Leg2BarrierRateSpread**91074=-1**91072=Leg2BarrierRateCap**91074=99900000000**91072=Leg2BarrierRateFloor**91074=0**91072=Leg2Barrier**91074=1.03125**91072=Leg2BarrierRebate**91074=7250000**91072=Leg2BarrierShift**91074=0**91072=ExerciseStartDate**91074=38282**91072=ExerciseEndDate**91074=39377**91072=ExerciseInterval**91074=1y**91072=NumStrikes**91074=1**91072=Strike0**91074=0**91072=Strike1**91074=0**91072=StrikeCurrency0**91074=FOREIGN**91072=StrikeCurrency1**91074=FOREIGN**91072=StrikeType**91074=SUMSTRIKE**91072=StrikeCap**91074=99900000000**91072=StrikeFloor**91074=-99900000000**91072=StrikeCapCurrency**91074=DOMESTIC**91072=StrikeFloorCurrency**91074=DOMESTIC**91072=OptionPosition**91074=LONG**91072=OptionType**91074=ENTER**91072=Notification**91074=0y**91072=ManyExercise**91074=4**91072=ExerciseFlowID**91074=1**91072=ExerciseFlowID**91074=2**91072=ExerciseFlowID**91074=3**91072=ExerciseFlowID**91074=4**91072=ExerciseFlowExDate**91074=38282**91072=ExerciseFlowExDate**91074=38647**91072=ExerciseFlowExDate**91074=39012**91072=ExerciseFlowExDate**91074=39377**91072=ExerciseFlowStrikeCap**91074=99900000000**91072=ExerciseFlowStrikeCap**91074=99900000000**91072=ExerciseFlowStrikeCap**91074=99900000000**91072=ExerciseFlowStrikeCap**91074=99900000000**91072=ExerciseFlowStrikeFloor**91074=-99900000000**91072=ExerciseFlowStrikeFloor**91074=-99900000000**91072=ExerciseFlowStrikeFloor**91074=-99900000000**91072=ExerciseFlowStrikeFloor**91074=-99900000000**91072=ExerciseFlowStrike0**91074=-3000000**91072=ExerciseFlowStrike0**91074=-2000000**91072=ExerciseFlowStrike0**91074=-1000000**91072=ExerciseFlowStrike0**91074=0**91072=NumberSims**91074=20000**91072=BeginDomForCorrelation**91074=0.6**91072=BeginDomFXCorrelation**91074=-0.35**91072=BeginForFXCorrelation**91074=-0.35**91072=FinalDomForCorrelation**91074=0.6**91072=FinalDomFXCorrelation**91074=-0.35**91072=FinalForFXCorrelation**91074=-0.35**91072=MULTIROW**</Text>
</Message>
