<?xml version="1.0" encoding="UTF-8"?>
<Message>
    <SystemInfo>
        <JMSDestination>Topic[exodus.fix.demo]</JMSDestination>
        <JMSReplyTo/>
        <JMSDeliveryMode>2</JMSDeliveryMode>
        <JMSRedelivered>false</JMSRedelivered>
        <JMSCorrelationID>null</JMSCorrelationID>
        <JMSType>null</JMSType>
        <JMSTimestamp>1285344014704</JMSTimestamp>
        <JMSExpiration>0</JMSExpiration>
        <JMSPriority>4</JMSPriority>
    </SystemInfo>
    <ApplicationInfo>
        <StreamIndex100>50</StreamIndex100>
        <FIX_10001>130249650</FIX_10001>
        <FIX_10002>3</FIX_10002>
        <FIX_10006>EURGEN</FIX_10006>
        <FIX_10055/>
        <FIX_10017>FxKnockInToBarrierOpt</FIX_10017>
        <FIX_10029>Economic</FIX_10029>
        <MESSAGE_TYPE>RMS_TRADE</MESSAGE_TYPE>
        <FIX_10015>Open</FIX_10015>
        <FIX_10011>EURGEN</FIX_10011>
        <FIX_10010>0840</FIX_10010>
        <FIX_10058>///</FIX_10058>
        <FIX_10056/>
        <FIX_10044>///</FIX_10044>
        <FIX_10057/>
    </ApplicationInfo>
    <Text>8=FIXT.1.1**95000=Exodus_FIX_1.0**35=U1**10001=130249650**10002=3**10003=129490228**10004=2**10006=EURGEN**10007=DB AG London**10008=FXG**10009=FGO0**10010=0840**10011=EURGEN**10012=RMS**10013=DTCH L  4LM**10114=DTCH L**10015=Open**10017=FxKnockInToBarrierOpt**10018=CAMPIM**10019=RMS**10020=CAMPIM**10021=CAMPISI AND C SPA SIM**10115=CAMPIM**10022=Excel**10023=130249650**10024=Excel**10025=130249650**10026=76582763**10027=2008-04-11 02:21:44.000**10028=2008-05-02 01:03:10.000**10029=Economic**10030=2008-05-02 01:03:10.000**10031=CAMPIM**10033=Sandra Carpentieri**10035=watsax**10036=2008-04-10 00:00:00.000**10052= **90010=A**90020=London**90024=DB**90029=129490228**90031=129490228**90059=N**90063=129490228**90685=49**91195=Inputs**91196=Y**90086=EURGEN**90095=1**90099=130249650**10034=Logan Campbell**90101=EXOTIC**90110=2008-08-15 09:03:54.000**94393=0**94395=0**90611=EURGEN**91071=51**91072=Inputs**91074=NVPair**91072=Workbook**91074=TWOCHANCE_DNT3**91072=Worksheet**91074=DNT RMS 76582763 Down**91072=UnderCurrency**91074=EUR**91072=AccCurrency**91074=USD**91072=Notional**91074=-30000**91072=ExpiryDate**91074=2008-10-10 00:00:00.000**91072=SettlementDate**91074=2008-10-14 00:00:00.000**91072=CP**91074=C**91072=Strike**91074=0.1**91072=UpBarKnockInYN**91074=N**91072=UpBarKnockOutRebate**91074=0**91072=UpBarIntrinsicRebateYN**91074=N**91072=LowBarKnockInYN**91074=Y**91072=LowBarKnockOutRebate**91074=0**91072=LowBarIntrinsicRebateYN**91074=N**91072=KnockInRebate**91074=0**91072=PostponeRebateYN**91074=Y**91072=UpBarrierStartLevel**91074=1.62**91072=UpBarrierEndLevel**91074=1.62**91072=UpBarrierStartDate**91074=2008-04-14 00:00:00.000**91072=UpBarrierEndDate**91074=2008-10-10 00:00:00.000**91072=LowBarrierStartLevel**91074=1.48**91072=LowBarrierEndLevel**91074=1.48**91072=LowBarrierStartDate**91074=2008-04-14 00:00:00.000**91072=LowBarrierEndDate**91074=2008-10-10 00:00:00.000**91072=UnderlyingExpiryDate**91074=39731**91072=UnderlyingKnockInRebate**91074=0**91072=UnderlyingUpperRebate**91074=0**91072=UnderlyingLowerRebate**91074=0**91072=UnderlyingUpperKnockInYN**91074=N**91072=UnderlyingUpperIntrinsicRebateYN**91074=N**91072=UnderlyingLowerKnockInYN**91074=N**91072=UnderlyingLowerIntrinsicRebateYN**91074=N**91072=UnderlyingPostponeRebateYN**91074=Y**91072=UnderlyingSettlementDate**91074=39735**91072=UnderlyingUpperBarrierStartLevel**91074=1.52**91072=UnderlyingUpperBarrierEndLevel**91074=1.52**91072=UnderlyingUpperBarrierStartDate**91074=39552**91072=UnderlyingUpperBarrierEndDate**91074=39731**91072=UnderlyingLowerBarrierStartLevel**91074=1.44**91072=UnderlyingLowerBarrierEndLevel**91074=1.44**91072=UnderlyingLowerBarrierStartDate**91074=39552**91072=UnderlyingLowerBarrierEndDate**91074=39731**91072=UnderlyingNoTouchFlag**91074=Y**91072=PayCurrency**91074=EUR**91072=QuantoLevel**91074=1**91072=ModelType**91074=FDIFF**91072=TimeSteps**91074=144**91072=Dummy **91072=MULTIROW**</Text>
</Message>
