<?xml version="1.0" encoding="UTF-8"?>
<Message>
    <SystemInfo>
        <JMSDestination>Topic[exodus.fix.demo]</JMSDestination>
        <JMSReplyTo/>
        <JMSDeliveryMode>2</JMSDeliveryMode>
        <JMSRedelivered>false</JMSRedelivered>
        <JMSCorrelationID>null</JMSCorrelationID>
        <JMSType>null</JMSType>
        <JMSTimestamp>1285343899039</JMSTimestamp>
        <JMSExpiration>0</JMSExpiration>
        <JMSPriority>4</JMSPriority>
    </SystemInfo>
    <ApplicationInfo>
        <StreamIndex100>98</StreamIndex100>
        <FIX_10001>85360298</FIX_10001>
        <FIX_10002>2</FIX_10002>
        <FIX_10006>CCTFXTRAD</FIX_10006>
        <FIX_10055>///</FIX_10055>
        <FIX_10017>FxOneBarWindowNoTouchOpt</FIX_10017>
        <FIX_10029>Economic</FIX_10029>
        <MESSAGE_TYPE>RMS_TRADE</MESSAGE_TYPE>
        <FIX_10015>Cancelled</FIX_10015>
        <FIX_10011>CCT-FX TRADING</FIX_10011>
        <FIX_10010>0840</FIX_10010>
        <FIX_10058>///</FIX_10058>
        <FIX_10056/>
        <FIX_10044>///</FIX_10044>
        <FIX_10057>///</FIX_10057>
    </ApplicationInfo>
    <Text>8=FIXT.1.1**95000=Exodus_FIX_1.0**35=U1**10001=85360298**10002=2**10003=80084582**10004=3**10006=CCTFXTRAD**10007=DB AG London**10008=FXG**10009=SHR0**10010=0840**10011=CCT-FX TRADING**10012=RMS**10013=DTCH L  3LN**10114=DTCH L**10015=Cancelled**10017=FxOneBarWindowNoTouchOpt**10018=CCT_MONITOR**10019=RMS**10020=DTCH L  5ZK**10021=CCT MONITOR**10115=DTCH L  5ZK**10022=RMS**10023=85360298**10024=RMS**10025=85360298**10026=43356270**10027=2007-06-19 21:33:08.000**10028=2010-09-14 00:24:11.000**10029=Economic**10030=2010-09-13 00:00:00.000**10031=CCT_MONITOR**10032=RMS**10035=SALTJON**10036=2007-06-19 00:00:00.000**10052=Weekly monitor**10055=///**10057=///**10060=RMS_SALTJON**10062=0**10071=1**10072=CancelReason**10073=Text**10074=Other**10203=Manual**90611=CCT-FX TRADING**10076=CHF**90578=1.219**90579=U**90580=2010-04-12 00:00:00.000**90581=2007-10-11 00:00:00.000**90020=London**90024=DB**90029=80084582**90031=80084582**90047=78**90049=78**10085=2010-09-15 00:00:00.000**10084=SPOT**90059=Y**90063=80084582**10077=-1**10086=2010-09-17 00:00:00.000**90086=CCTFXTRAD**90095=1**90097=60243115**90098=1**90099=43356270M**90101=FXONEBAROPTION**10075=USD**10088=NY**</Text>
</Message>
