<?xml version="1.0" encoding="UTF-8"?>
<Message>
    <SystemInfo>
        <JMSDestination>Topic[exodus.fix.demo]</JMSDestination>
        <JMSReplyTo/>
        <JMSDeliveryMode>2</JMSDeliveryMode>
        <JMSRedelivered>false</JMSRedelivered>
        <JMSCorrelationID>null</JMSCorrelationID>
        <JMSType>null</JMSType>
        <JMSTimestamp>1285344144136</JMSTimestamp>
        <JMSExpiration>0</JMSExpiration>
        <JMSPriority>4</JMSPriority>
    </SystemInfo>
    <ApplicationInfo>
        <StreamIndex100>78</StreamIndex100>
        <FIX_10001>158656078</FIX_10001>
        <FIX_10002>3</FIX_10002>
        <FIX_10006>IRATE</FIX_10006>
        <FIX_10055>///</FIX_10055>
        <FIX_10017>FxOneBarWindowAmerOpt</FIX_10017>
        <FIX_10029>Economic</FIX_10029>
        <MESSAGE_TYPE>RMS_TRADE</MESSAGE_TYPE>
        <FIX_10015>Cancelled</FIX_10015>
        <FIX_10011>IRAT</FIX_10011>
        <FIX_10010>0840</FIX_10010>
        <FIX_10058>///</FIX_10058>
        <FIX_10056>///</FIX_10056>
        <FIX_10044>///</FIX_10044>
        <FIX_10057>///</FIX_10057>
    </ApplicationInfo>
    <Text>8=FIXT.1.1**95000=Exodus_FIX_1.0**35=U1**10001=158656078**10002=3**10003=153150356**10004=3**10006=IRATE**10007=DB AG London**10008=FXG**10009=FGO0**10010=0840**10011=IRAT**10012=RMS**10013=DTCH L  K82**10114=DTCH L**10015=Cancelled**10017=FxOneBarWindowAmerOpt**10018=IRATE3**10019=RMS**10020=DTCH L  WC9**10021=IRATE3**10115=DTCH L**10022=RMS**10023=158656078**10024=RMS**10025=158656078**10026=38589604**10027=2008-09-14 18:26:04.000**10028=2009-03-20 16:51:42.000**10029=Economic**10030=2009-03-20 00:00:00.000**10031=IRATE3**10032=RMS**10035=MARCYAN**10036=2007-01-15 00:00:00.000**10052=To identify barrier event in 38589604**10055=///**10056=///**10057=///**10058=///**10060=RMS_FRENMOR**10062=0**10071=1**10072=CancelReason**10073=Text**10074=Duplicate**10203=Manual**90611=IRAT**10076=CHF**10078=-1.249**90578=1.249**90579=U**90580=2010-01-08 00:00:00.000**90581=2007-07-10 00:00:00.000**90020=London**90024=DB**90029=153150356**90031=153150356**10126=C**10079=Notional**90047=78**90049=78**10085=2010-01-08 00:00:00.000**10084=SPOT**90059=Y**90063=153150356**10077=1**10086=2010-01-12 00:00:00.000**90086=IRATE**10080=1.249**90095=1**90097=41377495**90098=1**90099=38589604V**90101=FXONEBAROPTION**10075=USD**10088=NY**</Text>
</Message>
