<?xml version="1.0" encoding="UTF-8"?>
<Message>
    <SystemInfo>
        <JMSDestination>Topic[exodus.fix.demo]</JMSDestination>
        <JMSReplyTo/>
        <JMSDeliveryMode>2</JMSDeliveryMode>
        <JMSRedelivered>false</JMSRedelivered>
        <JMSCorrelationID>null</JMSCorrelationID>
        <JMSType>null</JMSType>
        <JMSTimestamp>1285343901214</JMSTimestamp>
        <JMSExpiration>0</JMSExpiration>
        <JMSPriority>4</JMSPriority>
    </SystemInfo>
    <ApplicationInfo>
        <StreamIndex100>11</StreamIndex100>
        <FIX_10001>207772711</FIX_10001>
        <FIX_10002>7</FIX_10002>
        <FIX_10006>EURGEN</FIX_10006>
        <FIX_10055>///</FIX_10055>
        <FIX_10017>FxOneBarWindowOneTouchOpt</FIX_10017>
        <FIX_10029>Expired</FIX_10029>
        <MESSAGE_TYPE>RMS_TRADE</MESSAGE_TYPE>
        <FIX_10015>Expired</FIX_10015>
        <FIX_10011>EURGEN</FIX_10011>
        <FIX_10010>0840</FIX_10010>
        <FIX_10058>///</FIX_10058>
        <FIX_10056>///</FIX_10056>
        <FIX_10044>///</FIX_10044>
        <FIX_10057>///</FIX_10057>
    </ApplicationInfo>
    <Text>8=FIXT.1.1**95000=Exodus_FIX_1.0**35=U1**10001=207772711**10002=7**10003=201689892**10004=25**10006=EURGEN**10007=DB AG London**10008=FXG**10009=FGO0**10010=0840**10011=EURGEN**10012=RMS**10013=DTCH L  4LM**10114=DTCH L**10015=Expired**10017=FxOneBarWindowOneTouchOpt**10018=DEUX**10019=RMS**10020=DBES MAD**10021=DEUTSCHE BANK S.A.E.**10115=DBES MAD**10022=RMS**10023=207772711**10024=RMS**10025=207772711**10026=120662215**10027=2009-06-17 18:04:05.000**10028=2010-09-15 22:12:41.000**10029=Expired**10030=2010-09-15 00:00:00.000**10031=LORQ**10032=RMS**10035=SFEIEDD**10036=2009-06-17 00:00:00.000**10052=Linked to RMS 83615267**10055=///**10056=///**10057=///**10058=///**10060=RMS_HARJRAK**10062=0**10203=Standard**90611=EURGEN**10076=GBP**90011=Y**90578=0.94**90579=U**90580=2010-09-15 00:00:00.000**90581=2010-06-16 00:00:00.000**90020=London**90024=DB**90029=201689892**90031=201689892**90047=78**90049=78**10085=2010-09-15 00:00:00.000**10084=SPOT**90059=Y**90063=201689892**10136=FDIFF**10077=54520**10087=EUR**92518=Y**91631=1**10086=2010-09-20 00:00:00.000**90086=EURGEN**90095=1**90097=0**90098=0**90099=120662215E**90101=FXONEBAROPTION**10075=EUR**10088=NY**</Text>
</Message>
