<?xml version="1.0" encoding="UTF-8"?>
<Message>
    <SystemInfo>
        <JMSDestination>Topic[exodus.fix.demo]</JMSDestination>
        <JMSReplyTo/>
        <JMSDeliveryMode>2</JMSDeliveryMode>
        <JMSRedelivered>false</JMSRedelivered>
        <JMSCorrelationID>null</JMSCorrelationID>
        <JMSType>null</JMSType>
        <JMSTimestamp>1285343899481</JMSTimestamp>
        <JMSExpiration>0</JMSExpiration>
        <JMSPriority>4</JMSPriority>
    </SystemInfo>
    <ApplicationInfo>
        <StreamIndex100>77</StreamIndex100>
        <FIX_10001>308525377</FIX_10001>
        <FIX_10002>3</FIX_10002>
        <FIX_10006>JPY</FIX_10006>
        <FIX_10055>///</FIX_10055>
        <FIX_10017>FxOneBarNoTouchOpt</FIX_10017>
        <FIX_10029>New</FIX_10029>
        <MESSAGE_TYPE>RMS_TRADE</MESSAGE_TYPE>
        <FIX_10015>Open</FIX_10015>
        <FIX_10011>JPY</FIX_10011>
        <FIX_10010>0840</FIX_10010>
        <FIX_10058>///</FIX_10058>
        <FIX_10056>///</FIX_10056>
        <FIX_10044>///</FIX_10044>
        <FIX_10057>///</FIX_10057>
    </ApplicationInfo>
    <Text>8=FIXT.1.1**95000=Exodus_FIX_1.0**35=U1**10001=308525377**10002=3**10003=300404411**10004=2**10006=JPY**10007=DB AG London**10008=FXG**10009=FGO0**10010=0840**10011=JPY**10012=RMS**10013=DTCH L  K84**10114=DTCH L**10015=Open**10017=FxOneBarNoTouchOpt**10018=DBPSO**10019=RMS**10020=DTCH SG 097**10021=DEUTSCHE BANK AG SINGAPORE AC PRIVATE WEALTH MANAGEMENT S PORE**10115=DTCH SG 097**10022=FXPricer(Sales)**10023=308525377**10024=RMS**10025=308525377**10026=167515093**10027=2010-08-30 16:53:27.000**10028=2010-08-30 17:45:53.000**10029=New**10030=2010-08-30 17:45:53.000**10031=DBPSO**10032=RMS**10033=LUMEUGE1**10035=WATSAX**10036=2010-07-01 00:00:00.000**10052=8092884 Singh Bhupinder costUSD150k Jamie Meyer. Partial unwind half of rebate by RMS 174715837**10055=///**10056=///**10057=///**10058=///**10060=FXPRICERSALES_KONGDER**10062=0**10203=Manual**90611=JPY**10076=JPY**90578=83.5**90579=L**90020=London**90024=DB**90029=300404411**90031=300404411**90047=78**90049=78**10085=2010-10-04 00:00:00.000**10084=SPOT**90059=N**90063=300404411**10077=-128500**10087=USD**91631=1**10096=-8.96800249263796**10097=USD**10095=USD**10094=0.72498101**10092=-0.1419**10091=87.76**10093=13.30144017**10086=2010-10-06 00:00:00.000**90086=JPY**90095=2**90097=0**90098=0**90099=167515093C**90101=FXONEBAROPTION**10075=USD**90110=2010-08-31 11:08:35.000**10088=TK**</Text>
</Message>
