<?xml version="1.0" encoding="UTF-8"?>
<Message>
    <SystemInfo>
        <JMSDestination>Topic[exodus.fix.demo]</JMSDestination>
        <JMSReplyTo/>
        <JMSDeliveryMode>2</JMSDeliveryMode>
        <JMSRedelivered>false</JMSRedelivered>
        <JMSCorrelationID>null</JMSCorrelationID>
        <JMSType>null</JMSType>
        <JMSTimestamp>1285343824526</JMSTimestamp>
        <JMSExpiration>0</JMSExpiration>
        <JMSPriority>4</JMSPriority>
    </SystemInfo>
    <ApplicationInfo>
        <StreamIndex100>32</StreamIndex100>
        <FIX_10001>67904732</FIX_10001>
        <FIX_10002>3</FIX_10002>
        <FIX_10006>LIOJV</FIX_10006>
        <FIX_10055/>
        <FIX_10017>FxRangeSwap</FIX_10017>
        <FIX_10029>Economic</FIX_10029>
        <MESSAGE_TYPE>RMS_TRADE</MESSAGE_TYPE>
        <FIX_10015>Open</FIX_10015>
        <FIX_10011>LIOJV</FIX_10011>
        <FIX_10010>0784</FIX_10010>
        <FIX_10058>///</FIX_10058>
        <FIX_10056/>
        <FIX_10044>///</FIX_10044>
        <FIX_10057/>
    </ApplicationInfo>
    <Text>8=FIXT.1.1**95000=Exodus_FIX_1.0**35=U1**10001=67904732**10002=3**10003=63904419**10004=6**10006=LIOJV**10007=DB AG Mumbai**10008=MUM**10009=3050**10010=0784**10011=LIOJV**10012=RMS**10013=DTCH MUM003**10114=DTCH MUM**10015=Open**10017=FxRangeSwap**10018=DBBY**10019=RMS**10020=DTCH MUM**10021=DEUTSCHE BANK AG**10115=DTCH MUM**10022=Excel**10023=67904732**10024=Excel**10025=67904732**10026=38644730**10027=2007-01-11 13:08:07.000**10028=2007-01-16 13:43:51.000**10029=Economic**10030=2007-01-16 13:43:51.000**10031=MUM-JINSAW**10033=Vinay Awasthi**10035=arbelio**10036=2007-01-10 00:00:00.000**10037=123000**10038=EUR**10039=London**10040=40000**10041=EUR**10042=London**90010=N**90011=N**90020=London**90024=DB**90029=63904419**90031=63904419**90059=N**90063=63904419**90685=204**91181=0**91195=Inputs**91196=Y**90086=LIOJV**90095=1**90099=67904732**10034=Rajeev Mehrotri**90101=EXOTIC**90110=2007-07-11 17:31:01.000**94393=0**94395=0**90611=LIOJV**91071=206**91072=Inputs**91074=NVPair**91072=Workbook**91074=LIOJV_template**91072=Worksheet**91074=CMS5-2_10jan07**91072=Currency**91074=FOREIGN**91072=AccCurrency**91074=CHF**91072=UnderCurrency**91074=USD**91072=HolidayCities**91074=NYC,BOM**91072=DateBumps**91074=MOD FOLL**91072=DomesticCurve**91074=FORECAST**91072=ForeignCurve**91074=FORECAST**91072=Leg1Notional**91074=-25000000**91072=Leg1EffectiveDate**91074=2007-01-12 00:00:00.000**91072=Leg1RollDate**91074=2007-01-12 00:00:00.000**91072=Leg1EndDate**91074=2008-01-12 00:00:00.000**91072=Leg1Frequency**91074=6m**91072=Leg1SetFraction**91074=0**91072=Leg1DaysOffset**91074=0**91072=Leg1ArrearInterval**91074=6m**91072=Leg1NumRates**91074=1**91072=Leg1RateStartingTime**91074=0y**91072=Leg1RateTerm**91074=0m**91072=Leg1RateIndexType**91074=FIXED**91072=Leg1RateFrequency**91074=ZERO**91072=Leg1RateDecompFreq**91074=ZERO**91072=Leg1RateBasis**91074=ACT/360**91072=Leg1RateCurrency**91074=FOREIGN**91072=Leg1RateCoupon**91074=0**91072=Leg1Power**91074=1**91072=Leg1Power**91074=1**91072=Leg1Multiplier**91074=0**91072=Leg1Spread**91074=0.0475**91072=Leg1CouponDecomp**91074=1**91072=Leg1PeriodicPayType**91074=Normal**91072=Leg1AbsoluteCap**91074=9.99**91072=Leg1AbsoluteFloor**91074=-9.99**91072=Leg1PeriodicCap**91074=9.99**91072=Leg1PeriodicCap**91074=9.99**91072=Leg1PeriodicFloor**91074=9.99**91072=Leg1PeriodicFloor**91074=9.99**91072=Leg1PreviousCoupon**91074=0**91072=Leg1PayBasis**91074=ACT/360**91072=Leg1PayOffTableSize**91074=0**91072=Leg1PayCurrency**91074=FOREIGN**91072=Leg1NumRangeRates**91074=1**91072=Leg1RangeRateStartingTime**91074=0y**91072=Leg1RangeRateTerm**91074=5y-2y**91072=Leg1RangeRateIndexType**91074=CMSSPREAD**91072=Leg1RangeRateFrequency**91074=ZERO**91072=Leg1RangeRateDecompFreq**91074=ZERO**91072=Leg1RangeRateBasis**91074=ACT/360**91072=Leg1RangeRateCurrency**91074=FOREIGN**91072=Leg1RangeRateCoupon**91074=0**91072=Leg1RangeRateMultiplier**91074=1**91072=Leg1RangeRateSpread**91074=0**91072=Leg1RangeType**91074=NONE**91072=Leg1RangeLookFraction**91074=0**91072=Leg1RangeLookFreq**91074=1m**91072=Leg1UpperBarrier**91074=0.002**91072=Leg1LowerBarrier**91074=-9.99**91072=Leg1UpperRebate**91074=0**91072=Leg1LowerRebate**91074=0**91072=Leg1ChooserBand**91074=0**91072=Leg1Wedge**91074=0**91072=Leg1RangeCouponCap**91074=9.99**91072=Leg1RangeCouponFloor**91074=-9.99**91072=Leg1RangeRatePreviousSet**91074=0**91072=Leg1PrevDaysAboveBarrier**91074=0**91072=Leg1PrevDaysBelowBarrier**91074=0**91072=Leg1TarnBarrier**91074=9.99**91072=Leg1TarnBarrierShift**91074=0**91072=Leg1TarnWedge**91074=0**91072=Leg1TarnUnderlying**91074=PAY**91072=Leg1TarnCouponFloor**91074=-9.99**91072=Leg1TarnLifeTimeCap**91074=9.99**91072=Leg1TarnLifeTimeFloor**91074=-9.99**91072=Leg1ManyFlows**91074=0**91072=Leg1FlowDayCountFraction**91074=0**91072=Leg1FlowDayCountFraction**91074=0**91072=Leg1DefaultEndDate**91074=0**91072=Leg2Notional**91074=0**91072=Leg2EffectiveDate**91074=2007-01-12 00:00:00.000**91072=Leg2RollDate**91074=2007-01-12 00:00:00.000**91072=Leg2EndDate**91074=2008-01-12 00:00:00.000**91072=Leg2Frequency**91074=6m**91072=Leg2SetFraction**91074=0**91072=Leg2DaysOffset**91074=0**91072=Leg2ArrearInterval**91074=6m**91072=Leg2NumRates**91074=1**91072=Leg2RateStartingTime**91074=0y**91072=Leg2RateTerm**91074=0b**91072=Leg2RateIndexType**91074=FIXED**91072=Leg2RateFrequency**91074=ZERO**91072=Leg2RateDecompFreq**91074=ZERO**91072=Leg2RateBasis**91074=ACT/360**91072=Leg2RateCurrency**91074=DOMESTIC**91072=Leg2RateCoupon**91074=0**91072=Leg2Power**91074=1**91072=Leg2Multiplier**91074=0**91072=Leg2Spread**91074=0**91072=Leg2CouponDecomp**91074=1**91072=Leg2PeriodicPayType**91074=NORMAL**91072=Leg2AbsoluteCap**91074=9.99**91072=Leg2AbsoluteFloor**91074=-9.99**91072=Leg2PreviousCoupon**91074=0**91072=Leg2PayBasis**91074=NUMBER_1**91072=Leg2PayOffTableSize**91074=0**91072=Leg2PayCurrency**91074=DOMESTIC**91072=Leg2NumRangeRates**91074=1**91072=Leg2RangeRateStartingTime**91074=0y**91072=Leg2RangeRateTerm**91074=0B**91072=Leg2RangeRateIndexType**91074=FXRATE**91072=Leg2RangeRateFrequency**91074=ZERO**91072=Leg2RangeRateDecompFreq**91074=ZERO**91072=Leg2RangeRateBasis**91074=ACT/360**91072=Leg2RangeRateCurrency**91074=DOMESTIC/FOREIGN**91072=Leg2RangeRateCoupon**91074=0**91072=Leg2RangeRateMultiplier**91074=1**91072=Leg2RangeType**91074=NONE**91072=Leg2RangeLookFraction**91074=1**91072=Leg2RangeLookFreq**91074=1y**91072=Leg2UpperBarrier**91074=9.99**91072=Leg2LowerBarrier**91074=-9.99**91072=Leg2UpperRebate**91074=0**91072=Leg2LowerRebate**91074=0**91072=Leg2ChooserBand**91074=0**91072=Leg2Wedge**91074=0**91072=Leg2RangeCouponCap**91074=9.99**91072=Leg2RangeCouponFloor**91074=-9.99**91072=Leg2RangeRatePreviousSet**91074=0**91072=Leg2PrevDaysAboveBarrier**91074=0**91072=Leg2PrevDaysBelowBarrier**91074=0**91072=Leg2TarnBarrier**91074=9.99**91072=Leg2TarnBarrierShift**91074=0**91072=Leg2TarnWedge**91074=0**91072=Leg2TarnUnderlying**91074=PAY**91072=Leg2TarnCouponFloor**91074=-9.99**91072=Leg2TarnLifeTimeCap**91074=9.99**91072=Leg2TarnLifeTimeFloor**91074=-9.99**91072=Leg2ManyFlows**91074=0**91072=Leg2FlowMultiplier**91074=0**91072=Leg2FlowMultiplier**91074=0**91072=Leg2FlowSpread**91074=38.3**91072=Leg2FlowSpread**91074=0**91072=Leg2FlowDayCountFraction**91074=0**91072=Leg2FlowDayCountFraction**91074=0**91072=Leg2FlowRateSet**91074=38.3**91072=Leg2FlowRateSet**91074=38.3**91072=NumOptions**91074=1**91072=NumOptionsID**91074=1**91072=NumOptionsID**91074=2**91072=ExerciseStartDate**91074=39008**91072=ExerciseStartDate**91074=38827**91072=ExerciseEndDate**91074=39169**91072=ExerciseEndDate**91074=39435**91072=ExerciseInterval**91074=1w**91072=ExerciseInterval**91074=1M**91072=ExerciseAccrualType**91074=NONE**91072=ExerciseAccrualType**91074=BOND**91072=ExercisePremium**91074=0**91072=ExercisePremium**91074=0**91072=OptionPosition**91074=NONE**91072=OptionPosition**91074=NONE**91072=OptionType**91074=CANCEL**91072=OptionType**91074=CANCEL**91072=Notification**91074=2bd**91072=Notification**91074=0d**91072=ExerciseFraction**91074=1**91072=ExerciseFraction**91074=1**91072=ManyExercise**91074=0**91072=ManyExercise**91074=0**91072=TriggerType**91074=NONE**91072=TriggerType**91074=SPOT**91072=TriggerRateStartingTime**91074=0m**91072=TriggerRateStartingTime**91074=0m**91072=TriggerRateTerm**91074=0m**91072=TriggerRateTerm**91074=6m**91072=TriggerRateIndexType**91074=FXRATE**91072=TriggerRateIndexType**91074=LIBOR**91072=TriggerRateFrequency**91074=ZERO**91072=TriggerRateFrequency**91074=ZERO**91072=TriggerRateDecompFreq**91074=ZERO**91072=TriggerRateDecompFreq**91074=ZERO**91072=TriggerRateBasis**91074=ACT/360**91072=TriggerRateBasis**91074=ACT/360**91072=TriggerRateCurrency**91074=DOMESTIC/FOREIGN**91072=TriggerRateCurrency**91074=FOREIGN**91072=TriggerRateCoupon**91074=0**91072=TriggerRateCoupon**91074=0**91072=LowerTrigger**91074=-9.99**91072=LowerTrigger**91074=-9.99**91072=UpperTrigger**91074=9.99**91072=UpperTrigger**91074=9.99**91072=TriggerWedge**91074=0**91072=TriggerWedge**91074=0**91072=NumberSims**91074=5000**91072=FrontLatticeFreq**91074=25**91072=DecayTime**91074=1**91072=FreqTimeVec**91074=25**91072=IntegrationFreq**91074=25**91072=BeginDomForCorrelation**91074=0.99**91072=BeginDomFXCorrelation**91074=0**91072=BeginForFXCorrelation**91074=0**91072=FinalDomForCorrelation**91074=0.99**91072=FinalDomFXCorrelation**91074=0**91072=FinalForFXCorrelation**91074=0**91072=MULTIROW**</Text>
</Message>
