<?xml version="1.0" encoding="UTF-8"?>
<Message>
    <SystemInfo>
        <JMSDestination>Topic[exodus.fix.demo]</JMSDestination>
        <JMSReplyTo/>
        <JMSDeliveryMode>2</JMSDeliveryMode>
        <JMSRedelivered>false</JMSRedelivered>
        <JMSCorrelationID>null</JMSCorrelationID>
        <JMSType>null</JMSType>
        <JMSTimestamp>1285344016037</JMSTimestamp>
        <JMSExpiration>0</JMSExpiration>
        <JMSPriority>4</JMSPriority>
    </SystemInfo>
    <ApplicationInfo>
        <StreamIndex100>23</StreamIndex100>
        <FIX_10001>309091823</FIX_10001>
        <FIX_10002>1</FIX_10002>
        <FIX_10006>ARMCLSAGG</FIX_10006>
        <FIX_10055>PCA</FIX_10055>
        <FIX_10017>FxSpot</FIX_10017>
        <FIX_10029>New</FIX_10029>
        <MESSAGE_TYPE>RMS_TRADE</MESSAGE_TYPE>
        <FIX_10015>Open</FIX_10015>
        <FIX_10011>ARMCLSAGG</FIX_10011>
        <FIX_10010>0840</FIX_10010>
        <FIX_10058>NNN</FIX_10058>
        <FIX_10056>NNN</FIX_10056>
        <FIX_10044>///</FIX_10044>
        <FIX_10057>PCA</FIX_10057>
    </ApplicationInfo>
    <Text>8=FIXT.1.1**95000=Exodus_FIX_1.0**35=U1**10001=309091823**10002=1**10003=300957756**10004=1**10006=ARMCLSAGG**10007=DB AG London**10008=FXG**10009=FFT0**10010=0840**10011=ARMCLSAGG**10012=RMS**10013=DTCH L  K9E**10114=DTCH L**10015=Open**10017=FxSpot**10018=CITILAGG**10019=RMS**10020=CITI L  AGG**10021=CITIBANK NA LONDON AC CAS CLS AGGREGATION ACCOUNT**10115=CITI L  AGG**10022=TradeExecution**10023=CAS8099767**10024=CAS**10025=8099767**10026=174997587**10027=2010-09-01 14:00:04.000**10028=2010-09-01 14:00:04.000**10029=New**10030=2010-09-01 14:00:04.000**10031=CITILAGG**10032=RMS**10035=TRADE_EXECUTION**10036=2010-09-01 00:00:00.000**10055=PCA**10056=NNN**10057=PCA**10058=NNN**10075=AUD**10076=JPY**10077=2000000**10078=-151050000**10080=75.525**10086=2010-09-03 00:00:00.000**</Text>
</Message>
