<?xml version="1.0" encoding="UTF-8"?>
<Message>
    <SystemInfo>
        <JMSDestination>Topic[exodus.fix.demo]</JMSDestination>
        <JMSReplyTo/>
        <JMSDeliveryMode>2</JMSDeliveryMode>
        <JMSRedelivered>false</JMSRedelivered>
        <JMSCorrelationID>null</JMSCorrelationID>
        <JMSType>null</JMSType>
        <JMSTimestamp>1285343838439</JMSTimestamp>
        <JMSExpiration>0</JMSExpiration>
        <JMSPriority>4</JMSPriority>
    </SystemInfo>
    <ApplicationInfo>
        <StreamIndex100>60</StreamIndex100>
        <FIX_10001>174850460</FIX_10001>
        <FIX_10002>3</FIX_10002>
        <FIX_10006>LNFAUUS</FIX_10006>
        <FIX_10055>PCA</FIX_10055>
        <FIX_10017>FxSwap</FIX_10017>
        <FIX_10029>Roll</FIX_10029>
        <MESSAGE_TYPE>RMS_TRADE</MESSAGE_TYPE>
        <FIX_10015>Open</FIX_10015>
        <FIX_10011>LNFAUUS</FIX_10011>
        <FIX_10010>0840</FIX_10010>
        <FIX_10058>PCA</FIX_10058>
        <FIX_10056>PCA</FIX_10056>
        <FIX_10044>///</FIX_10044>
        <FIX_10057>PCA</FIX_10057>
    </ApplicationInfo>
    <Text>8=FIXT.1.1**95000=Exodus_FIX_1.0**35=U1**10001=174850460**10002=3**10003=169359540**10004=1**10006=LNFAUUS**10007=DB AG London**10008=FXG**10009=FXD0**10010=0840**10011=LNFAUUS**10012=RMS**10013=DTCH L  O19**10114=DTCH L**10015=Open**10017=FxSwap**10018=0318121**10019=DBI**10020=GENLULUX**10021=BGL BNP PARIBAS**10115=GENLULUX**10022=TradeBus**10023=FXP6044833622-1**10024=RMS**10025=44833622-1**10026=100355884**10027=2008-11-20 19:16:23.000**10028=2010-08-25 00:01:45.000**10029=Roll**10030=2010-08-25 00:01:45.000**10031=0318121**10032=DBI**10033=BILLAND**10035=RMS_OWNER**10036=2008-11-20 00:00:00.000**10043=TwoWay**10045=FXPL**10055=PCA**10056=PCA**10057=PCA**10058=PCA**10060=RMS_BILLAND**10071=2**10072=ClientTraderId**10073=Text**10074=ALAIN.STEPHANY**10072=ClientTraderName**10073=Text**10074=Alain Stephany**10075=AUD**10076=USD**10100=5000000**10101=-3147950**10102=NearNotional**10103=2008-11-24 00:00:00.000**10104=0.62959**10105=Y**10106=-5000000**10107=3056850**10108=FarNotional**10109=2010-08-24 00:00:00.000**10110=0.61137**10081=0.61137**10111=Y**10112=-182.2**10113=10000**10034=VOSADAM**</Text>
</Message>
