<?xml version="1.0" encoding="UTF-8"?>
<Message>
    <SystemInfo>
        <JMSDestination>Topic[exodus.fix.demo]</JMSDestination>
        <JMSReplyTo/>
        <JMSDeliveryMode>2</JMSDeliveryMode>
        <JMSRedelivered>false</JMSRedelivered>
        <JMSCorrelationID>null</JMSCorrelationID>
        <JMSType>null</JMSType>
        <JMSTimestamp>1285344058273</JMSTimestamp>
        <JMSExpiration>0</JMSExpiration>
        <JMSPriority>4</JMSPriority>
    </SystemInfo>
    <ApplicationInfo>
        <StreamIndex100>52</StreamIndex100>
        <FIX_10001>66418052</FIX_10001>
        <FIX_10002>2</FIX_10002>
        <FIX_10006>EXOT</FIX_10006>
        <FIX_10055/>
        <FIX_10017>FxThreeFactorDiscreteDNT</FIX_10017>
        <FIX_10029>New</FIX_10029>
        <MESSAGE_TYPE>RMS_TRADE</MESSAGE_TYPE>
        <FIX_10015>Open</FIX_10015>
        <FIX_10011>EXTO</FIX_10011>
        <FIX_10010>0840</FIX_10010>
        <FIX_10058>///</FIX_10058>
        <FIX_10056/>
        <FIX_10044>///</FIX_10044>
        <FIX_10057/>
    </ApplicationInfo>
    <Text>8=FIXT.1.1**95000=Exodus_FIX_1.0**35=U1**10001=66418052**10002=2**10003=48547996**10004=54**10006=EXOT**10007=DB AG London**10008=FXG**10009=FGO0**10010=0840**10011=EXTO**10012=RMS**10013=DTCH L  B32**10114=DTCH L**10015=Open**10017=FxThreeFactorDiscreteDNT**10018=DBOB**10019=RMS**10020=DTCH F  MM**10021=DEUTSCHE BANK AG**10115=DTCH F  MM**10022=RMS**10023=66418052**10024=RMS**10025=66418052**10026=30150106**10027=2006-12-21 00:34:57.000**10028=2006-12-21 00:51:25.000**10029=New**10030=2006-12-21 00:51:24.000**10031=SPIT/HDBG**10032=RMS**10033=KOREMA**10035=SALTJON**10036=2006-12-20 00:00:00.000**10037=20000**10038=EUR**10039=Branch**10040=60000**10041=EUR**10042=Branch**10052=Period 5 (on restructure) - 5.8%**10060=_SALTJON**10203=Manual**90010=A**90020=London**90024=DB**90029=48547996**90031=48547996**90059=N**90063=48547996**90685=22**91195=TradeDetails**91196=Y**90086=EXOT**90095=1**90097=0**90098=0**90099=30150106AJ**90101=EXOTIC**90110=2009-12-05 00:28:12.000**94393=0**94395=0**90611=EXTO**91071=24**91072=PricingSite**91074=Option**91072=UnderCurrency1**91074=EUR**91072=AccCurrency1**91074=USD**91072=UpBarrier1**91074=1.5**91072=LowBarrier1**91074=1.1**91072=UnderCurrency2**91074=EUR**91072=AccCurrency2**91074=CHF**91072=UpBarrier2**91074=1.67**91072=LowBarrier2**91074=1.45**91072=UnderCurrency3**91074=GBP**91072=AccCurrency3**91074=USD**91072=UpBarrier3**91074=9999**91072=LowBarrier3**91074=0.0001**91072=SettlementDate**91074=2011-06-16 00:00:00.000**91072=Notional**91074=-411638.89**91072=PayCurrency**91074=EUR**91072=NumPaths**91074=25000**91072=FixingReference**91074=ECB37**91072=FirstFixingDate**91074=2010-06-16 00:00:00.000**91072=LastFixingDate**91074=2011-06-14 00:00:00.000**91072=FixingMode**91074=B**91072=FixingHolidays**91074=EUR**91072=LastFixedDate**91072=MULTIROW**</Text>
</Message>
