<?xml version="1.0" encoding="UTF-8"?>
<Message>
    <SystemInfo>
        <JMSDestination>Topic[exodus.fix.demo]</JMSDestination>
        <JMSReplyTo/>
        <JMSDeliveryMode>2</JMSDeliveryMode>
        <JMSRedelivered>false</JMSRedelivered>
        <JMSCorrelationID>null</JMSCorrelationID>
        <JMSType>null</JMSType>
        <JMSTimestamp>1285344096984</JMSTimestamp>
        <JMSExpiration>0</JMSExpiration>
        <JMSPriority>4</JMSPriority>
    </SystemInfo>
    <ApplicationInfo>
        <StreamIndex100>28</StreamIndex100>
        <FIX_10001>294685228</FIX_10001>
        <FIX_10002>2</FIX_10002>
        <FIX_10006>GMYR</FIX_10006>
        <FIX_10055>///</FIX_10055>
        <FIX_10017>FxTwoBarDigitalOpt</FIX_10017>
        <FIX_10029>Re-opened</FIX_10029>
        <MESSAGE_TYPE>RMS_TRADE</MESSAGE_TYPE>
        <FIX_10015>Open</FIX_10015>
        <FIX_10011>GMYR</FIX_10011>
        <FIX_10010>0840</FIX_10010>
        <FIX_10058>///</FIX_10058>
        <FIX_10056>///</FIX_10056>
        <FIX_10044>///</FIX_10044>
        <FIX_10057>///</FIX_10057>
    </ApplicationInfo>
    <Text>8=FIXT.1.1**95000=Exodus_FIX_1.0**35=U1**10001=294685228**10002=2**10003=286877303**10004=1**10006=GMYR**10007=DB AG London**10008=FXG**10009=FGO0**10010=0840**10011=GMYR**10012=RMS**10013=DTCH L  M02**10114=DTCH L**10015=Open**10017=FxTwoBarDigitalOpt**10018=////**10019=RMS**10020=DTCH L  ABB**10021=DEUTSCHE BANK AG LONDON AC ABBREVIATION  NOT  KNOWN**10115=DTCH L  ABB**10022=RMS**10023=294685228**10024=RMS**10025=294685228**10026=167888369**10027=2010-07-05 17:17:01.000**10028=2010-07-05 17:17:52.000**10029=Re-opened**10030=2010-07-05 00:00:00.000**10031=////**10032=RMS**10035=HWEEGAN**10036=2010-07-05 00:00:00.000**10055=///**10056=///**10057=///**10058=///**10060=RMS_HWEEGAN**10061=USD**10062=400000**10063=2010-07-07 00:00:00.000**10064=N**10203=Standard**90611=GMYR**10076=MYR**90020=London**90024=DB**90029=286877303**90031=286877303**10126=C**90047=83**90049=83**10085=2010-08-04 00:00:00.000**10084=SPOT**90059=N**90063=286877303**90671=3.155**10077=-2000000**10086=2010-08-06 00:00:00.000**90086=GMYR**10080=3.24**90095=1**90097=0**90098=0**90099=167888369A**90101=FXTWOBAROPTION**10075=USD**90742=3.402**90110=2010-07-05 17:26:02.000**10088=KL**</Text>
</Message>
