<?xml version="1.0" encoding="UTF-8"?>
<Message>
    <SystemInfo>
        <JMSDestination>Topic[exodus.fix.demo]</JMSDestination>
        <JMSReplyTo/>
        <JMSDeliveryMode>2</JMSDeliveryMode>
        <JMSRedelivered>false</JMSRedelivered>
        <JMSCorrelationID>null</JMSCorrelationID>
        <JMSType>null</JMSType>
        <JMSTimestamp>1285343780779</JMSTimestamp>
        <JMSExpiration>0</JMSExpiration>
        <JMSPriority>4</JMSPriority>
    </SystemInfo>
    <ApplicationInfo>
        <StreamIndex100>46</StreamIndex100>
        <FIX_10001>253538246</FIX_10001>
        <FIX_10002>14</FIX_10002>
        <FIX_10006>SPCSFPEN</FIX_10006>
        <FIX_10055>///</FIX_10055>
        <FIX_10017>GeneralFutureOpt</FIX_10017>
        <FIX_10029>Expired</FIX_10029>
        <MESSAGE_TYPE>RMS_TRADE</MESSAGE_TYPE>
        <FIX_10015>Open</FIX_10015>
        <FIX_10011>SPCSFPEN</FIX_10011>
        <FIX_10010>1789</FIX_10010>
        <FIX_10058>///</FIX_10058>
        <FIX_10056>///</FIX_10056>
        <FIX_10044>///</FIX_10044>
        <FIX_10057>///</FIX_10057>
    </ApplicationInfo>
    <Text>8=FIXT.1.1**95000=Exodus_FIX_1.0**35=U1**10001=253538246**10002=14**10003=246439007**10004=1**10006=SPCSFPEN**10007=ATLAS PORTFOLIO SELECT SPC, GEORGE TOWN**10009=1789**10010=1789**10011=SPCSFPEN**10012=RMS**10013=ATLPOGCY261**10114=ATLPOGCY261**10015=Open**10017=GeneralFutureOpt**10018=GESMARGIN**10019=RMS**10020=DTCH L  3XC**10021=GESMARGIN ANDY GRANT**10115=DTCH L  3XC**10022=R&amp;N**10023=20100216BQM5-0**10024=RMS**10025=20100216BQM5**10026=145550762**10027=2010-02-17 04:50:26.000**10028=2010-09-10 00:40:56.000**10029=Expired**10030=2010-09-09 19:49:02.000**10031=GESMARGIN**10032=RMS**10035=FXSELECT_OWNER**10036=2010-02-16 00:00:00.000**10045=830L**10052=Reconciliation:O:CME:SP:L16028:Y::::.7::348:-400**10055=///**10056=///**10057=///**10058=///**10117=USD**10143=-400**10090=2010-12-01 00:00:00.000**10089=SP**10126=P**10085=2010-12-17 00:00:00.000**10080=425**10145=0.7**</Text>
</Message>
