<?xml version="1.0" encoding="UTF-8"?>
<Message>
    <SystemInfo>
        <JMSDestination>Topic[exodus.fix.demo]</JMSDestination>
        <JMSReplyTo/>
        <JMSDeliveryMode>2</JMSDeliveryMode>
        <JMSRedelivered>false</JMSRedelivered>
        <JMSCorrelationID>null</JMSCorrelationID>
        <JMSType>null</JMSType>
        <JMSTimestamp>1285344065201</JMSTimestamp>
        <JMSExpiration>0</JMSExpiration>
        <JMSPriority>4</JMSPriority>
    </SystemInfo>
    <ApplicationInfo>
        <StreamIndex100>79</StreamIndex100>
        <FIX_10001>307888479</FIX_10001>
        <FIX_10002>1</FIX_10002>
        <FIX_10006>LNMMDMCPRP</FIX_10006>
        <FIX_10055>///</FIX_10055>
        <FIX_10017>InterestRateFRA</FIX_10017>
        <FIX_10029>New</FIX_10029>
        <MESSAGE_TYPE>RMS_TRADE</MESSAGE_TYPE>
        <FIX_10015>Open</FIX_10015>
        <FIX_10011>LNMMDMCPRP</FIX_10011>
        <FIX_10010>0840</FIX_10010>
        <FIX_10058>NNN</FIX_10058>
        <FIX_10056>NNN</FIX_10056>
        <FIX_10044>///</FIX_10044>
        <FIX_10057>///</FIX_10057>
    </ApplicationInfo>
    <Text>8=FIXT.1.1**95000=Exodus_FIX_1.0**35=U1**10001=307888479**10002=1**10003=182420766**10004=1**10006=LNMMDMCPRP**10007=DB AG London**10008=FXG**10009=FRJ0**10010=0840**10011=LNMMDMCPRP**10012=RMS**10013=DTCH L  1XT**10114=DTCH L**10015=Open**10017=InterestRateFRA**10018=CITINMIGRATE**10019=RMS**10020=CITI N**10021=CITIBANK NA NEW YORK**10115=CITI N**10022=RMS**10023=307888479**10024=RMS**10025=307888479**10026=108714971**10027=2010-08-26 20:36:08.000**10028=2010-08-26 20:36:08.000**10029=New**10030=2010-08-26 00:00:00.000**10031=CITINMIGRATE**10032=RMS**10035=RAFIIMR**10036=2010-08-26 00:00:00.000**10045=FITZ**10052=_B. Trades moved CITINY. Steve-P White by BAAT**10053=Summit**10054=3629592M**10055=///**10056=NNN**10057=///**10058=NNN**10060=GMFBLOTTER_CURTMI**10203=Standard**10206=DB_LN_1MOISU**10077=1000000000**10086=2011-03-16 00:00:00.000**10262=2011-06-15 00:00:00.000**10202=3M**10130=LDN**10205=Act/360**10076=USD**10080=2.4**10084=LIBOR**10260=0.252778**10034=CURTMI**</Text>
</Message>
