<?xml version="1.0" encoding="UTF-8"?>
<Message>
    <SystemInfo>
        <JMSDestination>Topic[exodus.fix.demo]</JMSDestination>
        <JMSReplyTo/>
        <JMSDeliveryMode>2</JMSDeliveryMode>
        <JMSRedelivered>false</JMSRedelivered>
        <JMSCorrelationID>null</JMSCorrelationID>
        <JMSType>null</JMSType>
        <JMSTimestamp>1285343786251</JMSTimestamp>
        <JMSExpiration>0</JMSExpiration>
        <JMSPriority>4</JMSPriority>
    </SystemInfo>
    <ApplicationInfo>
        <StreamIndex100>30</StreamIndex100>
        <FIX_10001>309672130</FIX_10001>
        <FIX_10002>1</FIX_10002>
        <FIX_10006>NYFUSJP</FIX_10006>
        <FIX_10055>///</FIX_10055>
        <FIX_10017>InterestRateFutureOpt</FIX_10017>
        <FIX_10029>New</FIX_10029>
        <MESSAGE_TYPE>RMS_TRADE</MESSAGE_TYPE>
        <FIX_10015>Open</FIX_10015>
        <FIX_10011>NYFUSJP</FIX_10011>
        <FIX_10010>0840</FIX_10010>
        <FIX_10058>NNN</FIX_10058>
        <FIX_10056>NNN</FIX_10056>
        <FIX_10044>///</FIX_10044>
        <FIX_10057>///</FIX_10057>
    </ApplicationInfo>
    <Text>8=FIXT.1.1**95000=Exodus_FIX_1.0**35=U1**10001=309672130**10002=1**10003=301522394**10004=1**10006=NYFUSJP**10007=DB AG London**10008=FXG**10009=FNY0**10010=0840**10011=NYFUSJP**10012=RMS**10013=DTCH L  S20**10114=DTCH L**10015=Open**10017=InterestRateFutureOpt**10018=CMRE**10019=RMS**10020=CHIMXC**10021=CHICAGO MERCANTILE EXCHANGE**10115=CHIMXC**10022=ABFO2RMSFeed**10023=ABFONYC:302099:1:1**10024=ABFO**10025=ABFONYC:302099**10026=175280396**10027=2010-09-03 01:24:23.000**10028=2010-09-03 01:24:23.000**10029=New**10030=2010-09-03 00:00:00.000**10031=CMRE**10032=RMS**10035=ABFO2RMSFEED**10036=2010-09-02 00:00:00.000**10045=DBMG**10052=Comments:-**10055=///**10056=NNN**10057=///**10058=NNN**10117=USD**10143=-1**10090=2010-09-01 00:00:00.000**10089=USI_CME_MIDCURVE**10126=P**10080=99.25**10145=0.025**10034=DANIEL.YI@DB.COM**</Text>
</Message>
