<?xml version="1.0" encoding="UTF-8"?>
<Message>
    <SystemInfo>
        <JMSDestination>Topic[exodus.fix.demo]</JMSDestination>
        <JMSReplyTo/>
        <JMSDeliveryMode>2</JMSDeliveryMode>
        <JMSRedelivered>false</JMSRedelivered>
        <JMSCorrelationID>null</JMSCorrelationID>
        <JMSType>null</JMSType>
        <JMSTimestamp>1285343951513</JMSTimestamp>
        <JMSExpiration>0</JMSExpiration>
        <JMSPriority>4</JMSPriority>
    </SystemInfo>
    <ApplicationInfo>
        <StreamIndex100>5</StreamIndex100>
        <FIX_10001>496405</FIX_10001>
        <FIX_10002>4</FIX_10002>
        <FIX_10006>USDEURO</FIX_10006>
        <FIX_10055/>
        <FIX_10017>InterestRateSwap</FIX_10017>
        <FIX_10029>///</FIX_10029>
        <MESSAGE_TYPE>RMS_TRADE</MESSAGE_TYPE>
        <FIX_10015>Open</FIX_10015>
        <FIX_10011>GLU</FIX_10011>
        <FIX_10010>0840</FIX_10010>
        <FIX_10058>///</FIX_10058>
        <FIX_10056/>
        <FIX_10044>HEDGE</FIX_10044>
        <FIX_10057/>
    </ApplicationInfo>
    <Text>8=FIXT.1.1**95000=Exodus_FIX_1.0**35=U1**10001=496405**10002=4**10003=189502**10004=4**10006=USDEURO**10007=DB AG London**10008=FXG**10009=FGO0**10010=0840**10011=GLU**10012=RMS**10013=DTCH L  C12**10114=DTCH L**10015=Open**10017=InterestRateSwap**10018=KBCL**10019=RMS**10022=GEOS**10023=190232**10024=GEOS**10025=190232**10026=22338**10027=2000-03-22 00:00:00.000**10028=2000-03-23 20:04:18.000**10032=RMS**10035=OSMACA**10036=2000-03-22 00:00:00.000**10044=HEDGE**10060=GEOS_OSMACA**10206=DB_LN_FXOPT**10208=2**10209=1**10238=INCL_SPD**10242=0**10209=2**10238=INCL_SPD**10242=0**</Text>
</Message>
