<?xml version="1.0" encoding="UTF-8"?>
<Message>
    <SystemInfo>
        <JMSDestination>Topic[exodus.fix.demo]</JMSDestination>
        <JMSReplyTo/>
        <JMSDeliveryMode>2</JMSDeliveryMode>
        <JMSRedelivered>false</JMSRedelivered>
        <JMSCorrelationID>null</JMSCorrelationID>
        <JMSType>null</JMSType>
        <JMSTimestamp>1285343905563</JMSTimestamp>
        <JMSExpiration>0</JMSExpiration>
        <JMSPriority>4</JMSPriority>
    </SystemInfo>
    <ApplicationInfo>
        <StreamIndex100>97</StreamIndex100>
        <FIX_10001>307457097</FIX_10001>
        <FIX_10002>1</FIX_10002>
        <FIX_10006>LNFCHF</FIX_10006>
        <FIX_10055>///</FIX_10055>
        <FIX_10017>InterestRateFuture</FIX_10017>
        <FIX_10029>New</FIX_10029>
        <MESSAGE_TYPE>RMS_TRADE</MESSAGE_TYPE>
        <FIX_10015>Open</FIX_10015>
        <FIX_10011>LNFCHF</FIX_10011>
        <FIX_10010>0840</FIX_10010>
        <FIX_10058>NNN</FIX_10058>
        <FIX_10056>NNN</FIX_10056>
        <FIX_10044>///</FIX_10044>
        <FIX_10057>///</FIX_10057>
    </ApplicationInfo>
    <Text>8=FIXT.1.1**95000=Exodus_FIX_1.0**35=U1**10001=307457097**10002=1**10003=299361948**10004=1**10006=LNFCHF**10007=DB AG London**10008=FXG**10009=FXD0**10010=0840**10011=LNFCHF**10012=RMS**10013=DTCH L  UP9**10114=DTCH L**10015=Open**10017=InterestRateFuture**10018=LIFF**10019=RMS**10020=DTCH L  M80**10021=LIFFE**10115=DTCH L  M80**10022=ABFO2RMSFeed**10023=ABFOLDN:748072:1:6**10024=ABFO**10025=ABFOLDN:748072**10026=174058685**10027=2010-08-25 16:00:53.000**10028=2010-08-25 16:00:53.000**10029=New**10030=2010-08-25 00:00:00.000**10031=LIFF**10032=RMS**10035=ABFO2RMSFEED**10036=2010-08-25 00:00:00.000**10045=DBMG**10052=Comments:-**10055=///**10056=NNN**10057=///**10058=NNN**10117=CHF**10143=4**10090=2011-03-01 00:00:00.000**10144=99.77**10089=CHI_LIF**10034=PAUL.STEPHENSON@DB.COM**</Text>
</Message>
