<?xml version="1.0" encoding="UTF-8"?>
<Message>
    <SystemInfo>
        <JMSDestination>Topic[exodus.fix.demo]</JMSDestination>
        <JMSReplyTo/>
        <JMSDeliveryMode>2</JMSDeliveryMode>
        <JMSRedelivered>false</JMSRedelivered>
        <JMSCorrelationID>null</JMSCorrelationID>
        <JMSType>null</JMSType>
        <JMSTimestamp>1285343816190</JMSTimestamp>
        <JMSExpiration>0</JMSExpiration>
        <JMSPriority>4</JMSPriority>
    </SystemInfo>
    <ApplicationInfo>
        <StreamIndex100>0</StreamIndex100>
        <FIX_10001>17234500</FIX_10001>
        <FIX_10002>5</FIX_10002>
        <FIX_10006>IRATE</FIX_10006>
        <FIX_10055/>
        <FIX_10017>MatrixIAS</FIX_10017>
        <FIX_10029>Economic</FIX_10029>
        <MESSAGE_TYPE>RMS_TRADE</MESSAGE_TYPE>
        <FIX_10015>Open</FIX_10015>
        <FIX_10011>IRAT</FIX_10011>
        <FIX_10010>0840</FIX_10010>
        <FIX_10058>///</FIX_10058>
        <FIX_10056/>
        <FIX_10044>///</FIX_10044>
        <FIX_10057/>
    </ApplicationInfo>
    <Text>8=FIXT.1.1**95000=Exodus_FIX_1.0**35=U1**10001=17234500**10002=5**10003=15615633**10004=6**10006=IRATE**10007=DB AG London**10008=FXG**10009=FGO0**10010=0840**10011=IRAT**10012=RMS**10013=DTCH L  K82**10114=DTCH L**10015=Open**10017=MatrixIAS**10018=DBMI**10019=RMS**10020=DEUBKM**10021=DEUTSCHE BANK S.P.A.**10115=DEUBKM**10022=Excel**10023=17234500**10024=Excel**10025=17234500**10026=8728019**10027=2004-07-28 00:56:02.000**10028=2004-11-18 19:29:12.000**10029=Economic**10030=2004-11-18 19:29:12.000**10031=UMCU**10033=ANGELO MORMINA**10035=mcgoad**10036=2004-04-21 00:00:00.000**10037=260000**10038=EUR**10039=London**10040=120000**10041=EUR**10042=London**90010=N**90011=N**90020=London**90024=DB**90029=15615633**90031=15615633**90059=N**90063=15615633**90685=172**91181=0**91195=Inputs**91196=Y**90086=IRATE**90095=1**90099=17234500**10034=ADRIAN MCGOWAN**90101=EXOTIC**90110=2005-03-31 22:01:36.000**94393=0**94395=0**90611=IRAT**91071=174**91072=Inputs**91074=NVPair**91072=Workbook**91074=MatrixIASTradeEntry**91072=Worksheet**91074=FX_Ladder_EURUSD_CALL_21APR_Mk2**91072=Currency**91074=DOMESTIC/FOREIGN**91072=AccCurrency**91074=USD**91072=UnderCurrency**91074=EUR**91072=HolidayCities**91074=EUR**91072=DateBumps**91074=MOD FOLL**91072=DomesticCurve**91074=FORECAST**91072=ForeignCurve**91074=FORECAST**91072=Leg1Notional**91074=50000**91072=Leg1EffectiveDate**91074=2004-10-25 00:00:00.000**91072=Leg1RollDate**91074=2005-04-23 00:00:00.000**91072=Leg1EndDate**91074=2008-04-23 00:00:00.000**91072=Leg1Frequency**91074=SEMI**91072=Leg1SetFraction**91074=0**91072=Leg1DaysOffset**91074=0**91072=Leg1ArrearInterval**91074=6m**91072=Leg1NumRates**91074=1**91072=Leg1NumRatesID**91074=1**91072=Leg1RateStartingTime**91074=0y**91072=Leg1RateTerm**91074=6m**91072=Leg1RateIndexType**91074=FIXED**91072=Leg1RateFrequency**91074=ZERO**91072=Leg1RateDecompFreq**91074=ZERO**91072=Leg1RateBasis**91074=ACT/360**91072=Leg1RateCurrency**91074=FOREIGN**91072=Leg1RateCoupon**91074=0**91072=Leg1Power**91074=1**91072=Leg1Multiplier**91074=0**91072=Leg1Spread**91074=1**91072=Leg1CouponDecomp**91074=1**91072=Leg1AbsoluteCap**91074=9.99**91072=Leg1AbsoluteFloor**91074=-9.99**91072=Leg1PeriodicCap**91074=9.99**91072=Leg1PeriodicFloor**91074=9.99**91072=Leg1PeriodicPayType**91074=NORMAL**91072=Leg1PreviousCoupon**91074=0**91072=Leg1PayBasis**91074=ACT/360**91072=Leg1PayCurrency**91074=FOREIGN**91072=Leg1ManyFlows**91074=0**91072=Leg1PayOffTableSize**91074=0**91072=Leg1DefaultEndDate**91074=0**91072=Leg2Notional**91074=10000000**91072=Leg2EffectiveDate**91074=2004-10-25 00:00:00.000**91072=Leg2RollDate**91074=2005-04-23 00:00:00.000**91072=Leg2EndDate**91074=2008-04-23 00:00:00.000**91072=Leg2Frequency**91074=SEMI**91072=Leg2SetFraction**91074=0**91072=Leg2DaysOffset**91074=0**91072=Leg2ArrearInterval**91074=6m**91072=Leg2NumRates**91074=1**91072=Leg2NumRatesID**91074=1**91072=Leg2RateStartingTime**91074=0y**91072=Leg2RateTerm**91074=6m**91072=Leg2RateIndexType**91074=FIXED**91072=Leg2RateFrequency**91074=ZERO**91072=Leg2RateDecompFreq**91074=ZERO**91072=Leg2RateBasis**91074=ACT/360**91072=Leg2RateCurrency**91074=FOREIGN**91072=Leg2RateCoupon**91074=0**91072=Leg2Power**91074=1**91072=Leg2Multiplier**91074=0**91072=Leg2Spread**91074=0.02**91072=Leg2CouponDecomp**91074=1**91072=Leg2AbsoluteCap**91074=9.99**91072=Leg2AbsoluteFloor**91074=-9.99**91072=Leg2PeriodicCap**91074=9.99**91072=Leg2PeriodicFloor**91074=9.99**91072=Leg2PeriodicPayType**91074=NORMAL**91072=Leg2PreviousCoupon**91074=0**91072=Leg2PayBasis**91074=ACT/360**91072=Leg2PayCurrency**91074=FOREIGN**91072=Leg2ManyFlows**91074=0**91072=Leg2PayOffTableSize**91074=0**91072=Leg2DefaultEndDate**91074=0**91072=Leg1AmortFreq**91074=SEMI**91072=Leg1AmortStartDate**91074=38465**91072=Leg1AmortEndDate**91074=39561**91072=Leg1AmortType**91074=ORIGINAL**91072=Leg1AmortTableMethod**91074=SINGLE**91072=Leg1AmortCleanup**91074=-999.99**91072=Leg1ReferenceRate**91074=-1.535**91072=Leg1MaxPayout**91074=300**91072=Leg1MinPayout**91074=0**91072=Leg1ManyReferenceRates**91074=0**91072=Leg1AmortRateSetFraction**91074=1**91072=Leg1AmortRateDaysOffset**91074=0**91072=Leg1AmortRateArrearInterval**91074=-6m**91072=Leg1NumAmortRates**91074=1**91072=Leg1AmortRateID**91074=1**91072=Leg1AmortRateStartingTime**91074=0y**91072=Leg1AmortRateTerm**91074=0m**91072=Leg1AmortRateIndex**91074=FXRATE**91072=Leg1AmortRateFreq**91074=ZERO**91072=Leg1AmortRateDecompFreq**91074=ZERO**91072=Leg1AmortRateBasis**91074=ACT/360**91072=Leg1AmortRateCurrency**91074=DOMESTIC/FOREIGN**91072=Leg1AmortRateCoupon**91074=0**91072=Leg1AmortRateMultiplier**91074=-1**91072=Leg1AmortTableSize**91074=2**91072=Leg2AmortStartDate**91074=38283**91072=Leg2AmortEndDate**91074=39561**91072=Leg2AmortFreq**91074=SEMI**91072=Leg2AmortType**91074=NONE**91072=Leg2AmortTableMethod**91074=SINGLE**91072=Leg2AmortCleanup**91074=-999.99**91072=Leg2ReferenceRate**91074=0**91072=Leg2MaxPayout**91074=9.99**91072=Leg2MinPayout**91074=-9.99**91072=Leg2ManyReferenceRates**91074=0**91072=Leg2AmortRateSetFraction**91074=0**91072=Leg2AmortRateDaysOffset**91074=0**91072=Leg2AmortRateArrearInterval**91074=-6m**91072=Leg2NumAmortRates**91074=1**91072=Leg2AmortRateID**91074=1**91072=Leg2AmortRateStartingTime**91074=0y**91072=Leg2AmortRateTerm**91074=6m**91072=Leg2AmortRateIndex**91074=LIBOR**91072=Leg2AmortRateFreq**91074=ZERO**91072=Leg2AmortRateDecompFreq**91074=ZERO**91072=Leg2AmortRateBasis**91074=ACT/360**91072=Leg2AmortRateCurrency**91074=DOMESTIC**91072=Leg2AmortRateCoupon**91074=0**91072=Leg2AmortRateMultiplier**91074=-1**91072=Leg2AmortTableSize**91074=0**91072=Leg1ExerciseStartDate**91074=38465**91072=Leg1ExerciseEndDate**91074=39561**91072=Leg1ExerciseInterval**91074=6m**91072=Leg1ExercisePremium**91074=0**91072=Leg1ExerciseFraction**91074=1**91072=Leg1OptionPosition**91074=LONG**91072=Leg1OptionType**91074=CANCEL**91072=Leg1Notification**91074=0d**91072=Leg1ManyExercise**91074=0**91072=Leg1TriggerType**91074=NONE**91072=Leg1TriggerTerm**91074=6m**91072=Leg1TriggerRateIndexType**91074=LIBOR**91072=Leg1TriggerRateCurrency**91074=DOMESTIC**91072=Leg1LowerTrigger**91074=-9.99**91072=Leg1UpperTrigger**91074=9.99**91072=Leg1TriggerWedge**91074=0**91072=Leg2ExerciseStartDate**91074=38465**91072=Leg2ExerciseEndDate**91074=39561**91072=Leg2ExerciseInterval**91074=6m**91072=Leg2ExercisePremium**91074=0**91072=Leg2ExerciseFraction**91074=1**91072=Leg2OptionPosition**91074=NONE**91072=Leg2OptionType**91074=CANCEL**91072=Leg2Notification**91074=10b**91072=Leg2ManyExercise**91074=0**91072=Leg2TriggerType**91074=NONE**91072=Leg2TriggerTerm**91074=6m**91072=Leg2TriggerRateIndexType**91074=LIBOR**91072=Leg2TriggerRateCurrency**91074=DOMESTIC**91072=Leg2LowerTrigger**91074=-9.99**91072=Leg2UpperTrigger**91074=9.99**91072=Leg2TriggerWedge**91074=0**91072=Leg1FlowAmortID**91074=1**91072=Leg1FlowAmortID**91074=2**91072=Leg1FlowAmortDate**91074=38648**91072=Leg1FlowAmortDate**91074=38648**91072=Leg1FlowAmortRateGrid**91074=-9.99**91072=Leg1FlowAmortRateGrid**91074=9.99**91072=Leg1FlowAmortValue**91074=-1998**91072=Leg1FlowAmortValue**91074=1998**91072=NumberSims**91074=40000**91072=BeginDomForCorrelation**91074=0.8**91072=BeginDomFXCorrelation**91074=-0.5**91072=BeginForFXCorrelation**91074=0**91072=FinalDomForCorrelation**91074=0.8**91072=FinalDomFXCorrelation**91074=-0.5**91072=FinalForFXCorrelation**91074=0**91072=MULTIROW**</Text>
</Message>
