<?xml version="1.0" encoding="UTF-8"?>
<Message>
    <SystemInfo>
        <JMSDestination>Topic[exodus.fix.demo]</JMSDestination>
        <JMSReplyTo/>
        <JMSDeliveryMode>2</JMSDeliveryMode>
        <JMSRedelivered>false</JMSRedelivered>
        <JMSCorrelationID>null</JMSCorrelationID>
        <JMSType>null</JMSType>
        <JMSTimestamp>1285343837481</JMSTimestamp>
        <JMSExpiration>0</JMSExpiration>
        <JMSPriority>4</JMSPriority>
    </SystemInfo>
    <ApplicationInfo>
        <StreamIndex100>31</StreamIndex100>
        <FIX_10001>307061331</FIX_10001>
        <FIX_10002>6</FIX_10002>
        <FIX_10006>LNMMDCYBXMKT</FIX_10006>
        <FIX_10055/>
        <FIX_10017>MMDExternal</FIX_10017>
        <FIX_10029>Economic</FIX_10029>
        <MESSAGE_TYPE>RMS_TRADE</MESSAGE_TYPE>
        <FIX_10015>Open</FIX_10015>
        <FIX_10011>LNMMDCYBXMKT</FIX_10011>
        <FIX_10010>0840</FIX_10010>
        <FIX_10058>///</FIX_10058>
        <FIX_10056/>
        <FIX_10044>///</FIX_10044>
        <FIX_10057/>
    </ApplicationInfo>
    <Text>8=FIXT.1.1**95000=Exodus_FIX_1.0**35=U1**10001=307061331**10002=6**10003=122238**10004=1**10006=LNMMDCYBXMKT**10007=DB AG London**10008=FXG**10009=FRJ0**10010=0840**10011=LNMMDCYBXMKT**10012=RMS**10013=DTCH L  M3T**10114=DTCH L**10015=Open**10017=MMDExternal**10018=GOLSACCMNY**10019=RMS**10020=GLSCMN**10021=GOLDMAN SACHS BANK USA**10115=GLSCMN**10022=Excel**10023=307061331**10024=Excel**10025=307061331**10026=0**10027=2010-08-24 15:27:23.000**10028=2010-08-31 15:14:07.000**10029=Economic**10030=2010-08-31 15:14:07.000**10031=GOLSACCMNY**10036=2010-08-20 00:00:00.000**10052=Struct ID 174014855**90010=N**90020=SINGAPORE**90024=DB**90029=122238**90031=122238**90059=N**90063=122238**90685=29**91181=112	20101115	0&#xd;
20101116	20101115	20101116	0&#xd;
20101117	20101116	20101117	0&#xd;
20101118	20101117	20101118	0&#xd;
20101119	20101118	20101119	0&#xd;
20101122	20101119	20101122	0&#xd;
20101123	20101122	20101123	0&#xd;
20101124	20101123	20101124	0&#xd;
SubTableEnd&#xd;
**91195=MMDExternal**91196=Y**90086=LNMMDCYBXMKT**90095=1**90099=307061331**90101=EXOTIC**90110=2010-09-01 15:09:13.000**94393=0**94395=0**90611=LNMMDCYBXMKT**91071=31**91072=MMDExternal**91074=NVPair**91072=Configuration**91074=CMSFLOOR_DBM_3F**91072=Curve1Currency**91074=USD**91072=DBAXSecurityPartCount**91074=26**91072=DBAXSecurityPart0**91074=NEWSECURITY&#xd;
SecurityName	"KOMULTIDUALCCY"	""&#xd;
TradeID	1	""&#xd;
CounterpartyName	""	""&#xd;
Currency	"USD"	""&#xd;
FundingName	""	""&#xd;
HolidayCities	"NYC"	""&#xd;
DateBumps	"MOD_FORWARD"	""&#xd;
FixingMethod	"RATESET"	""&#xd;
InitialNotional	0	0&#xd;
FinalNotional	0	0&#xd;
InitialNotiona**91072=DBAXSecurityPart1**91074=lCurrency	"USD"	"USD"&#xd;
FinalNotionalCurrency	"USD"	"USD"&#xd;
FxNotificationInitialNotional	"0d"	"0d"&#xd;
FxNotificationFinalNotional	"0d"	"0d"&#xd;
InitialNotionalFxSet	0	0&#xd;
FinalNotionalFxSet	0	0&#xd;
EffectiveDate	20101124	20101124&#xd;
RollDate	20101124	20101124&#xd;
EndDate**91072=DBAXSecurityPart2**91074=	20101124	20101124&#xd;
Frequency	"QUARTERLY"	"QUARTERLY"&#xd;
SetFraction	0	0&#xd;
DaysOffset	0	0&#xd;
ArrearInterval	"3M"	"3M"&#xd;
NumRates	1	1&#xd;
FxNotification	"0y"	"0y"&#xd;
CpnNotification	"0y"	"0y"&#xd;
Notional	2000000000	0&#xd;
NotionalCurrency	"USD"	"USD"&#xd;
RateIndexType	"CMS"	"L**91072=DBAXSecurityPart3**91074=IBOR"&#xd;
RateStartingTime	"0y"	"0y"&#xd;
RateTerm	"10Y"	"3m"&#xd;
RateFrequency	"SEMI"	"QUARTERLY"&#xd;
RateDecompFreq	"SEMI"	"QUARTERLY"&#xd;
RateBasis	"30/360"	"ACT/360"&#xd;
RateCurrency	"USD"	"USD"&#xd;
RateCoupon	0	0&#xd;
Power	1	1&#xd;
Multiplier	-1	0&#xd;
Spread	0.0260000000000000	0&#xd;
Ab**91072=DBAXSecurityPart4**91074=soluteValue	"NO"	"NO"&#xd;
AbsoluteCap	9.9900000000000002	9.9900000000000002&#xd;
AbsoluteFloor	0	-9.9900000000000002&#xd;
FixedFlow	0	0&#xd;
FixedFlowCurrency	"DOMESTIC"	"DOMESTIC"&#xd;
PreviousRateSet	0	0&#xd;
PreviousFxSet	0	0&#xd;
PreviousMaxMinLegSet	-1	-1&#xd;
CouponType	"SUMCOUPON**91072=DBAXSecurityPart5**91074="	"SUMCOUPON"&#xd;
CouponTableSize	-1	-1&#xd;
CouponCap	9.9900000000000002	9.9900000000000002&#xd;
CouponFloor	-9.9900000000000002	-9.9900000000000002&#xd;
CouponCapCurrency	"DOMESTIC"	"DOMESTIC"&#xd;
CouponFloorCurrency	"DOMESTIC"	"DOMESTIC"&#xd;
PreviousCouponCapFxSet	0	0&#xd;
Prev**91072=DBAXSecurityPart6**91074=iousCouponFloorFxSet	0	0&#xd;
PayBasis	"30/360"	"ACT/360"&#xd;
PayOffTableSize	0	0&#xd;
PeriodicPayType	"NONE"	"NONE"&#xd;
PeriodicCap	9.9900000000000002	9.9900000000000002&#xd;
PeriodicFloor	9.9900000000000002	9.9900000000000002&#xd;
PeriodicCurrency	"DOMESTIC"	"DOMESTIC"&#xd;
Perio**91072=DBAXSecurityPart7**91074=dicMult	1	1&#xd;
TarnBarrier	9.9900000000000002	9.9900000000000002&#xd;
ManyFlows	1	0&#xd;
NumBarriers	1	0&#xd;
BarrierStartDate	20100824	20100824&#xd;
BarrierEndDate	20101124	20101124&#xd;
BarrierInterval	"1b"	"1m"&#xd;
RebateDelay	"0d"	"0d"&#xd;
RebateNotification	"0d"	"0d"&#xd;
BarrierApp**91072=DBAXSecurityPart8**91074=lyDelay	"0d"	"0d"&#xd;
BarrierSetFraction	0	0&#xd;
CpnUnderlying	-1	""&#xd;
NumBarrierRates	1	""&#xd;
BarrierType	"LOWER"	""&#xd;
BarrierRateType	"SUMCOUPON"	""&#xd;
KnockType	"CONTINUOUSKOLEG"	""&#xd;
Barrier	0.0225000000000000	""&#xd;
Rebate	0	""&#xd;
RebateCurrency	"USD"	""&#xd;
Wedge	0.00050**91072=DBAXSecurityPart9**91074=00000000000	""&#xd;
BarrierShift	0	""&#xd;
RebateShift	0	""&#xd;
PrevBarrierSetsBreached	-1	""&#xd;
BarrierRateAccrualBasis	"NUMBER_1"	""&#xd;
BarrierRateSpread	0	""&#xd;
BarrierRateCap	9.9900000000000002	""&#xd;
BarrierRateFloor	-9.9900000000000002	""&#xd;
BarrierRateIndexType	"CMS"	""&#xd;**91072=DBAXSecurityPart10**91074=
BarrierRateStartingTime	"0y"	""&#xd;
BarrierRateTerm	"10Y"	""&#xd;
BarrierRateFrequency	"SEMI"	""&#xd;
BarrierRateDecompFreq	"SEMI"	""&#xd;
BarrierRateBasis	"30/360"	""&#xd;
BarrierRateCurrency	"USD"	""&#xd;
BarrierRateCoupon	0	""&#xd;
BarrierRatePreCap	9.9900000000000002	""&#xd;
Barrie**91072=DBAXSecurityPart11**91074=rRatePreFloor	-9.9900000000000002	""&#xd;
BarrierRateMultiplier	1	""&#xd;
BarrierRatePower	1	""&#xd;
NumBarrierHits	1	1&#xd;
BarrierHitWedge	0	0&#xd;
BarrierHitLookBack	"NO"	"NO"&#xd;
ManyBarriers	64	0&#xd;
KnockOutStrikes	"YES"	""&#xd;
NumOptions	1	""&#xd;
ExerciseStart	20101124	""&#xd;
Exercis**91072=DBAXSecurityPart12**91074=eEnd	20101124	""&#xd;
ExerciseInterval	"1y"	""&#xd;
ExerciseFraction	1	""&#xd;
OptionPosition	"NONE"	""&#xd;
OptionType	"ENTER"	""&#xd;
Notification	"0y"	""&#xd;
TriggerType	"NONE"	""&#xd;
TriggerRateIndexType	"LIBOR"	""&#xd;
TriggerRateStartingTime	"0y"	""&#xd;
TriggerRateTerm	"6m"	""&#xd;
Trig**91072=DBAXSecurityPart13**91074=gerRateFrequency	"SEMI"	""&#xd;
TriggerRateDecompFreq	"SEMI"	""&#xd;
TriggerRateBasis	"ACT/360"	""&#xd;
TriggerRateCurrency	"DOMESTIC"	""&#xd;
TriggerRateCoupon	0	""&#xd;
UpperTrigger	9.9900000000000002	""&#xd;
LowerTrigger	-9.9900000000000002	""&#xd;
TriggerWedge	0	""&#xd;
ExerciseAccru**91072=DBAXSecurityPart14**91074=alType	"NONE"	""&#xd;
ManyExercise	0	""&#xd;
NumStrikes	1	""&#xd;
Strike	0	""&#xd;
StrikeCurrency	"DOMESTIC"	""&#xd;
StrikeRateIndexType	"BOND"	""&#xd;
StrikeRateStartingTime	"0y"	""&#xd;
StrikeRateTerm	"0y"	""&#xd;
StrikeRateFrequency	"ZERO"	""&#xd;
StrikeRateDecompFreq	"ZERO"	""&#xd;
StrikeRat**91072=DBAXSecurityPart15**91074=eBasis	"ACT/365"	""&#xd;
StrikeRateCurrency	"DOMESTIC"	""&#xd;
StrikeRateCoupon	0	""&#xd;
StrikeCap	9.9900000000000002	""&#xd;
StrikeFloor	-9.9900000000000002	""&#xd;
StrikeCapCurrency	"USD"	""&#xd;
StrikeFloorCurrency	"USD"	""&#xd;
FxNotificationStrike	"0d"	""&#xd;
StrikeType	"SUMSTRIKE**91072=DBAXSecurityPart16**91074="	""&#xd;
DB_ID	-1	""&#xd;
DB_Name	"CMSFLOOR_USD_CYRIL"	""&#xd;
DB_ClassName	"cSecurity"	""&#xd;
DB_GroupName	"-"	""&#xd;
DB_Type	"KOMULTIDUALCCY"	""&#xd;
DB_Status	"CREATED"	""&#xd;
DB_UserID	"simpma@longmfxwts024.uk.db.com"	""&#xd;
DB_CreateTime	"20100831 080924"	""&#xd;
DB_ModTime	"201008**91072=DBAXSecurityPart17**91074=31 080729"	""&#xd;
DB_SummitID	"-"	""&#xd;
DB_Ccy	"-"	""&#xd;
DB_CounterParty	"-"	""&#xd;
DB_Comment	"-"	""&#xd;
DB_ExtraField10	"ver90"	""&#xd;
SubTableBegin	RecFlows&#xd;
DaycountFraction&#xd;
1&#xd;
SubTableEnd&#xd;
SubTableBegin	RecBarriers&#xd;
BarrierDate	BarrierStartDate	BarrierApplyDate	Barr**91072=DBAXSecurityPart18**91074=ierRateSet0&#xd;
20100824	20100824	20100824	0.0254400000000000&#xd;
20100825	20100824	20100825	0.0249400000000000&#xd;
20100826	20100825	20100826	0.0255000000000000&#xd;
20100827	20100826	20100827	0.0259300000000000&#xd;
20100830	20100827	20100830	0.0258800000000000&#xd;
20100831**91072=DBAXSecurityPart19**91074=	20100830	20100831	0&#xd;
20100901	20100831	20100901	0&#xd;
20100902	20100901	20100902	0&#xd;
20100903	20100902	20100903	0&#xd;
20100907	20100903	20100907	0&#xd;
20100908	20100907	20100908	0&#xd;
20100909	20100908	20100909	0&#xd;
20100910	20100909	20100910	0&#xd;
20100913	20100910	201009**91072=DBAXSecurityPart20**91074=13	0&#xd;
20100914	20100913	20100914	0&#xd;
20100915	20100914	20100915	0&#xd;
20100916	20100915	20100916	0&#xd;
20100917	20100916	20100917	0&#xd;
20100920	20100917	20100920	0&#xd;
20100921	20100920	20100921	0&#xd;
20100922	20100921	20100922	0&#xd;
20100923	20100922	20100923	0&#xd;
20100924	2**91072=DBAXSecurityPart21**91074=0100923	20100924	0&#xd;
20100927	20100924	20100927	0&#xd;
20100928	20100927	20100928	0&#xd;
20100929	20100928	20100929	0&#xd;
20100930	20100929	20100930	0&#xd;
20101001	20100930	20101001	0&#xd;
20101004	20101001	20101004	0&#xd;
20101005	20101004	20101005	0&#xd;
20101006	20101005	20101006**91072=DBAXSecurityPart22**91074=	0&#xd;
20101007	20101006	20101007	0&#xd;
20101008	20101007	20101008	0&#xd;
20101012	20101008	20101012	0&#xd;
20101013	20101012	20101013	0&#xd;
20101014	20101013	20101014	0&#xd;
20101015	20101014	20101015	0&#xd;
20101018	20101015	20101018	0&#xd;
20101019	20101018	20101019	0&#xd;
20101020	201**91072=DBAXSecurityPart23**91074=01019	20101020	0&#xd;
20101021	20101020	20101021	0&#xd;
20101022	20101021	20101022	0&#xd;
20101025	20101022	20101025	0&#xd;
20101026	20101025	20101026	0&#xd;
20101027	20101026	20101027	0&#xd;
20101028	20101027	20101028	0&#xd;
20101029	20101028	20101029	0&#xd;
20101101	20101029	20101101	0**91072=DBAXSecurityPart24**91074=&#xd;
20101102	20101101	20101102	0&#xd;
20101103	20101102	20101103	0&#xd;
20101104	20101103	20101104	0&#xd;
20101105	20101104	20101105	0&#xd;
20101108	20101105	20101108	0&#xd;
20101109	20101108	20101109	0&#xd;
20101110	20101109	20101110	0&#xd;
20101112	20101110	20101112	0&#xd;
20101115	20101**91072=DBAXSecurityPart25**91074=112	20101115	0&#xd;
20101116	20101115	20101116	0&#xd;
20101117	20101116	20101117	0&#xd;
20101118	20101117	20101118	0&#xd;
20101119	20101118	20101119	0&#xd;
20101122	20101119	20101122	0&#xd;
20101123	20101122	20101123	0&#xd;
20101124	20101123	20101124	0&#xd;
SubTableEnd&#xd;
**91072=MULTIROW**</Text>
</Message>
