<?xml version="1.0" encoding="UTF-8"?>
<Message>
    <SystemInfo>
        <JMSDestination>Topic[exodus.fix.demo]</JMSDestination>
        <JMSReplyTo/>
        <JMSDeliveryMode>2</JMSDeliveryMode>
        <JMSRedelivered>false</JMSRedelivered>
        <JMSCorrelationID>null</JMSCorrelationID>
        <JMSType>null</JMSType>
        <JMSTimestamp>1285344062611</JMSTimestamp>
        <JMSExpiration>0</JMSExpiration>
        <JMSPriority>4</JMSPriority>
    </SystemInfo>
    <ApplicationInfo>
        <StreamIndex100>43</StreamIndex100>
        <FIX_10001>307974843</FIX_10001>
        <FIX_10002>1</FIX_10002>
        <FIX_10006>LNMMDPROP2</FIX_10006>
        <FIX_10055>///</FIX_10055>
        <FIX_10017>OvernightIndexFutureOpt</FIX_10017>
        <FIX_10029>New</FIX_10029>
        <MESSAGE_TYPE>RMS_TRADE</MESSAGE_TYPE>
        <FIX_10015>Open</FIX_10015>
        <FIX_10011>LNMMDPROP2</FIX_10011>
        <FIX_10010>0840</FIX_10010>
        <FIX_10058>NNN</FIX_10058>
        <FIX_10056>NNN</FIX_10056>
        <FIX_10044>///</FIX_10044>
        <FIX_10057>///</FIX_10057>
    </ApplicationInfo>
    <Text>8=FIXT.1.1**95000=Exodus_FIX_1.0**35=U1**10001=307974843**10002=1**10003=299872544**10004=1**10006=LNMMDPROP2**10007=DB AG London**10008=FXG**10009=FRJ0**10010=0840**10011=LNMMDPROP2**10012=RMS**10013=DTCH L  QA5**10114=DTCH L**10015=Open**10017=OvernightIndexFutureOpt**10018=CBOT**10019=RMS**10020=DTCH L  M78**10021=CHICAGO BOARD OF TRADE**10115=DTCH L  M78**10022=GMBus**10023=EL20100826BL100R-1**10024=RMS**10025=EL20100826BL100R**10026=174459264**10027=2010-08-26 23:49:49.000**10028=2010-08-26 23:49:49.000**10029=New**10030=2010-08-26 00:00:00.000**10031=CBOT**10032=RMS**10035=EL_SUBSCRIBER**10036=2010-08-26 00:00:00.000**10045=DBMG**10052=Broker:714L  **10055=///**10056=NNN**10057=///**10058=NNN**10117=USD**10143=2000**10090=2010-11-01 00:00:00.000**10089=US30DT_CBT**10126=C**10080=99.875**10145=0.0075**</Text>
</Message>
