<?xml version="1.0" encoding="UTF-8"?>
<Message>
    <SystemInfo>
        <JMSDestination>Topic[exodus.fix.demo]</JMSDestination>
        <JMSReplyTo/>
        <JMSDeliveryMode>2</JMSDeliveryMode>
        <JMSRedelivered>false</JMSRedelivered>
        <JMSCorrelationID>null</JMSCorrelationID>
        <JMSType>null</JMSType>
        <JMSTimestamp>1285343840870</JMSTimestamp>
        <JMSExpiration>0</JMSExpiration>
        <JMSPriority>4</JMSPriority>
    </SystemInfo>
    <ApplicationInfo>
        <StreamIndex100>23</StreamIndex100>
        <FIX_10001>307362823</FIX_10001>
        <FIX_10002>1</FIX_10002>
        <FIX_10006>SYFAUUS</FIX_10006>
        <FIX_10055>///</FIX_10055>
        <FIX_10017>OvernightIndexFuture</FIX_10017>
        <FIX_10029>New</FIX_10029>
        <MESSAGE_TYPE>RMS_TRADE</MESSAGE_TYPE>
        <FIX_10015>Open</FIX_10015>
        <FIX_10011>SYFAUUS</FIX_10011>
        <FIX_10010>0840</FIX_10010>
        <FIX_10058>NNN</FIX_10058>
        <FIX_10056>NNN</FIX_10056>
        <FIX_10044>///</FIX_10044>
        <FIX_10057>///</FIX_10057>
    </ApplicationInfo>
    <Text>8=FIXT.1.1**95000=Exodus_FIX_1.0**35=U1**10001=307362823**10002=1**10003=299268981**10004=1**10006=SYFAUUS**10007=DB AG London**10008=FXG**10009=FSY0**10010=0840**10011=SYFAUUS**10012=RMS**10013=DTCH L  P32**10114=DTCH L**10015=Open**10017=OvernightIndexFuture**10018=SDFX**10019=RMS**10020=DTCH L  M82**10021=SYDNEY FUTURES EXCHANGE**10115=DTCH L  M82**10022=ABFO2RMSFeed**10023=ABFOLDN:745531:1:2**10024=ABFO**10025=ABFOLDN:745531**10026=174109491**10027=2010-08-25 06:33:30.000**10028=2010-08-25 06:33:30.000**10029=New**10030=2010-08-25 00:00:00.000**10031=SDFX**10032=RMS**10035=ABFO2RMSFEED**10036=2010-08-24 00:00:00.000**10045=DBMG**10052=Comments:-**10055=///**10056=NNN**10057=///**10058=NNN**10117=AUD**10143=-1000**10090=2010-08-01 00:00:00.000**10144=95.505**10089=AU30DT_SFE**10034=JAMES.CLARKE@DB.COM**</Text>
</Message>
