<?xml version="1.0" encoding="UTF-8"?>
<Message>
    <SystemInfo>
        <JMSDestination>Topic[exodus.fix.demo]</JMSDestination>
        <JMSReplyTo/>
        <JMSDeliveryMode>2</JMSDeliveryMode>
        <JMSRedelivered>false</JMSRedelivered>
        <JMSCorrelationID>null</JMSCorrelationID>
        <JMSType>null</JMSType>
        <JMSTimestamp>1285344056879</JMSTimestamp>
        <JMSExpiration>0</JMSExpiration>
        <JMSPriority>4</JMSPriority>
    </SystemInfo>
    <ApplicationInfo>
        <StreamIndex100>39</StreamIndex100>
        <FIX_10001>179434139</FIX_10001>
        <FIX_10002>437</FIX_10002>
        <FIX_10006>SPCISSUE</FIX_10006>
        <FIX_10055>///</FIX_10055>
        <FIX_10017>Security</FIX_10017>
        <FIX_10029>Economic</FIX_10029>
        <MESSAGE_TYPE>RMS_TRADE</MESSAGE_TYPE>
        <FIX_10015>Open</FIX_10015>
        <FIX_10011>SPCISSUE</FIX_10011>
        <FIX_10010>1789</FIX_10010>
        <FIX_10058>///</FIX_10058>
        <FIX_10056>///</FIX_10056>
        <FIX_10044>///</FIX_10044>
        <FIX_10057>///</FIX_10057>
    </ApplicationInfo>
    <Text>8=FIXT.1.1**95000=Exodus_FIX_1.0**35=U1**10001=179434139**10002=437**10003=173871373**10004=1**10006=SPCISSUE**10007=ATLAS PORTFOLIO SELECT SPC, GEORGE TOWN**10009=1789**10010=1789**10011=SPCISSUE**10012=RMS**10013=ATLPOGCY022**10114=ATLPOGCY022**10015=Open**10017=Security**10018=DBACC19**10019=RMS**10020=DTCH L  QL1**10021=DEUTSCHE BANK AG (LDN) AC DBACC19**10115=DTCH L**10022=RMS**10023=179434139**10024=RMS**10025=179434139**10026=103223845**10027=2008-12-16 19:31:44.000**10028=2010-08-25 02:13:29.000**10029=Economic**10030=2010-08-24 00:00:00.000**10031=DBACC19**10032=RMS**10035=GRANAJ**10036=2008-12-16 00:00:00.000**10048=179434140**10049=BackToBackMaster**10052=Fee Payment: DB Purchase**10055=///**10056=///**10057=///**10058=///**10060=RMS_CHHAYOG**10203=Standard**90020=London**90024=DB**90029=173871373**90031=173871373**90047=71**90049=71**90059=N**90063=173871373**90685=7**91181=40277.6666666667**91195=TradeDetails**91196=Y**90086=SPCISSUE**90095=1**90097=0**90098=0**90099=103223845A**90101=EXOTIC**90110=2010-08-26 02:39:29.000**94393=0**94395=0**90611=SPCISSUE**91071=9**91072=PricingSite**91074=Option**91072=Currency**91074=JPY**91072=ValuationCurrency**91074=EUR**91072=SecurityType**91074=CTA**91072=SecurityCode**91074=SPCALLAXI_INDEX_SECURITY**91072=NumShares**91074=-3260.30499369606**91072=IsFixingYN**91074=Y**91072=LastFixedDateTime**91074=40277.6666666667**91072=MULTIROW**</Text>
</Message>
