<?xml version="1.0" encoding="UTF-8"?>
<Message>
    <SystemInfo>
        <JMSDestination>Topic[exodus.pipe.demo]</JMSDestination>
        <JMSReplyTo/>
        <JMSDeliveryMode>2</JMSDeliveryMode>
        <JMSRedelivered>false</JMSRedelivered>
        <JMSCorrelationID>null</JMSCorrelationID>
        <JMSType>null</JMSType>
        <JMSTimestamp>1285344085705</JMSTimestamp>
        <JMSExpiration>0</JMSExpiration>
        <JMSPriority>4</JMSPriority>
    </SystemInfo>
    <ApplicationInfo>
        <SYSTEMID>213920899</SYSTEMID>
        <TRADEGROUP>COMMODITYONELEG</TRADEGROUP>
        <VERSION>378</VERSION>
        <COUNTERPARTY>BASEMETALWARRANT</COUNTERPARTY>
        <MESSAGE_TYPE>RMS_TRADE</MESSAGE_TYPE>
        <TRADETYPE>BaseMetalWarrant</TRADETYPE>
        <BOOK>BMFINANCEPHYS</BOOK>
        <ACTION>Economic</ACTION>
        <STATUS>Open</STATUS>
    </ApplicationInfo>
    <Text>SYSTEMID|213920899|TRADETYPE|BaseMetalWarrant|TRADEID|124185455A|SOURCESYSTEM|RMS|BOOK|BMFINANCEPHYS|BLOTTER||COUNTERPARTY|BASEMETALWARRANT|COUNTERPARTYSOURCESYSTEM|RMS|DBICOUNTERPARTYID||CUSTOMER||CUSTOMERSOURCESYSTEM|RMS|STATUS|Open|PREMIUMCURRENCY||PREMIUMAMOUNT||PREMIUMDATE||PREMIUMHASPAIDYN||UNWINDRATE||UNWINDPREMIUMCURRENCY||UNWINDPREMIUMAMOUNT||UNWINDPREMIUMDATE||MARGINPAYMENTCURRENCY||MARGINPAYMENTAMOUNT||CONTRACTCODE|XAL|CURRENCY|USD|STARTCONTRACTDATE||ENDCONTRACTDATE||DAILYNOTIONAL||PERIODNOTIONAL|30273865.43|TOTALNOTIONAL|30273865.43|STRIKE||SPREAD||AVERAGINGSTYLE||NUMFLOWSHAVEPAID|0|EXPIRYDATE||CP||BUYSELL||SETTLEMENTDATE||FREQUENCY||PAYMENTCITIES||FIXINGCITIES||LASTTRADINGDATEOFFSET||PROMPTCONTRACTOFFSET||UNITS|MT|UNITCONVERSIONFACTOR|25|UNDISCOUNTEDYN||MODELTYPE||PRODUCTID|207668616|PRODUCTVERSION|1|PRODUCTLEGID||STRUCTUREID|124185455|TRADEDATE||LASTUPDATED|2010-09-15 22:30:09.000|ACTION|Economic|ACTIONEFFECTIVEDATE|2009-08-03 00:00:00.000|SOURCESYSTEMBOOK|BMFINANCEPHYS|SOURCESYSTEMPROFITCENTRE||SALESPERSON||TRADER||ENTEREDBY|RICHEVA|FUNDSPLITID||FUNDSPLITVERSION||STRUCTURENAME||MARKUPAMT||MARKUPCCY||MARKUPLOCATION||ATRISKAMT||ATRISKCCY||ATRISKLOCATION||ATRISKINDICATOR||REASON||NOTES||BROKER||BROKERAMT||BROKERCCY||LINKSYSTEMID||LINKTYPE||SOURCESYSTEMID|213920899|DATECREATED|2009-08-03 15:38:30.000|CONFIRMAS||VERSION|378|CANCELSSOURCESYSTEMID||CANCELLEDBYSOURCESYSTEMID||CANCELLINGHALFSOURCESYSTEMID||CORRECTSSOURCESYSTEMID||CORRECTEDBYSOURCESYSTEMID||CLOSESSOURCESYSTEMID||CLOSEDBYSOURCESYSTEMID||EXERCISEDINTOSOURCESYSTEMID||EXERCISEDFROMSOURCESYSTEMID||LATESTVERSIONYN|N|CLOSINGDATE||LEGALENTITY|London|DEALCAPTURESYSTEM|SWORD|DEALCAPTURESYSTEMID|213920899|BOOKINGLOCATION|London|PRODUCTTYPE||PRODUCTINSTANCE||BACKOFFICESYSTEM||BACKOFFICESYSTEMID||VERSIONVALIDUNTILDATE|2010-09-16 23:27:22.000|TRADEEXTRADETAILID||TRADEEXTRADETAILVERSION||TRADECLASSIFICATION||DEALCAPTURESALESUSER||FUNDSPLITALLOCATIONID||FUNDSPLITALLOCATIONLEGID||TEARUPID||ELECTEDCONFIRMATIONSYSTEM||ELECTEDCONFIRMATIONRULEID||PREVIOUSCONFIRMATIONSYSTEM||ELECTEDSETTLEMENTSYSTEM||ELECTEDSETTLEMENTRULEID||PREVIOUSSETTLEMENTSYSTEM||ACCCURRENCY||CALCULATIONAGENT|DB|BACKOFFICEPROCESSING||BACKOFFICEACCEPTED||BACKOFFICEENDDATE||BACKOFFICEEVENT||BACKOFFICEBRANCHACCEPTED||BACKOFFICEBRANCHEVENT||ASSETLOCATION||TRADETABLE|COMMODITYONELEG|USERENTEREDTRADEDATE||UNDERCURRENCY||NOTIONAL|1241596.822|OPTIONRATETERM||PRODUCTNOTIONAL||STRIKEFIXINGDATE||STRIKEFIXINGPERCENTAGE||FUTURESEXPIRYDATE||OPTIONEXPIRYDATE||CASHSETTLEDYN||USERDATA||CONTRACTCURRENCY|USD|LOTSNOTIONAL|49663.87288|BARRIER||BARRIERDIRECTION||BARRIERSTARTDATE||BARRIERENDDATE||FIXRAW_PERIODNOTIONAL||FIXRAW_ACCCURRENCY||PRODUCTTYPEID|////|ONELEGSCHEDULE|&lt;EMPTY&gt;|ONELEGRESET|&lt;EMPTY&gt;|BOOK_CPTY_CDRMNEMONIC|DTCH L  58I|PROFIT_CENTRE|MET0|BOOKBRANCHPARENT|Commodities|HIGH_LEVEL_CPTY_CDRMNEMONIC||HIGH_LEVEL_BOOK_CPTY_CDRM|DTCH L  58I|BOOK_CPYT_SRC_SYSTEM|RMS|SUBBRANCH||CPTY_CDRMNEMONIC||AMI_CODE|0840|BOOK_CPTY|BMFINANCEPHYS|PUBLICATIONTIME|2010-09-24 16:01:25.704|DBLEGALENTITY|London|ISLIVEYN|Y</Text>
</Message>
