<?xml version="1.0" encoding="UTF-8"?>
<Message>
    <SystemInfo>
        <JMSDestination>Topic[exodus.pipe.demo]</JMSDestination>
        <JMSReplyTo/>
        <JMSDeliveryMode>2</JMSDeliveryMode>
        <JMSRedelivered>false</JMSRedelivered>
        <JMSCorrelationID>null</JMSCorrelationID>
        <JMSType>null</JMSType>
        <JMSTimestamp>1285344019585</JMSTimestamp>
        <JMSExpiration>0</JMSExpiration>
        <JMSPriority>4</JMSPriority>
    </SystemInfo>
    <ApplicationInfo>
        <SYSTEMID>306953749</SYSTEMID>
        <TRADEGROUP>FXFUTURE</TRADEGROUP>
        <VERSION>4</VERSION>
        <COUNTERPARTY>BMF</COUNTERPARTY>
        <MESSAGE_TYPE>RMS_TRADE</MESSAGE_TYPE>
        <TRADETYPE>BMFDOLFuture</TRADETYPE>
        <BOOK>BRXBRD</BOOK>
        <ACTION>Economic</ACTION>
        <STATUS>Open</STATUS>
    </ApplicationInfo>
    <Text>SYSTEMID|306953749|TRADETYPE|BMFDOLFuture|TRADEID|173941283POS|SOURCESYSTEM|RMS|BOOK|BRXBRD|BLOTTER||COUNTERPARTY|BMF|COUNTERPARTYSOURCESYSTEM|RMS|COUNTERPARTYNAME|BOLSA DE MERCADORIAS E FUTUROS AC BMF|DBICOUNTERPARTYID||CUSTOMER|BMF|CUSTOMERSOURCESYSTEM|RMS|STATUS|Open|UNDERCURRENCY|USB|ACCCURRENCY|BRL|ASSETLOCATION||NUMBEROFCONTRACTS|27371|NOTIONAL|1368550000|SETTLEMENTDATE|2010-09-01 00:00:00.000|FUTURESEXPIRYDATE|2010-09-01 00:00:00.000|PAYCURRENCY||QUANTOLEVEL||STRIKE||STRIKEASENTERED||STRIKETERMSASENTERED||CP||EXPIRYDATE|2010-08-31 00:00:00.000|OPTIONEXPIRYDATE||FIXING||FUTURESPRICEPAID|1769.5|OPTIONPRICEPAID||FUTURECODE|#DOL|PREMIUMINTERMS||PREMIUMTERMS||PREMIUMCURRENCY||PREMIUMAMOUNT||PREMIUMDATE||PREMIUMCURRENCYASENTERED||PREMIUMAMOUNTASENTERED||PREMIUMHASPAIDYN||UNWINDRATE||UNWINDPREMIUMCURRENCY||UNWINDPREMIUMAMOUNT||UNWINDPREMIUMDATE||MARGINPAYMENTCURRENCY||MARGINPAYMENTAMOUNT||ZONECUT||MODELTYPE||NUMTIMESTEPS||USEMINIMUMDENSITYYN||PRODUCTID|298865453|PRODUCTVERSION|1|PRODUCTLEGID||STRUCTUREID|173941283|REFERENCESPOT||REFERENCEFORWARDPOINTS||REFERENCEVOLATILITY||REFERENCEDEPORATE||REFERENCEDEPOCURRENCY||REFERENCEDELTA||REFERENCEDELTACURRENCY||GENERATERISKSWEEPTRADEYN||RISKSWEEPTRADETYPE||RISKSWEEPSTRIKE||RISKSWEEPSETTLEMENTDATE||RISKSWEEPBOOK||RISKSWEEPUNDERCURRENCY||RISKSWEEPACCCURRENCY||RISKSWEEPLINKMASTERSYSTEMID||TRADEDATE|2010-08-23 00:00:00.000|LASTUPDATED|2010-08-25 12:03:33.000|ACTION|Economic|ACTIONEFFECTIVEDATE|2010-08-25 12:03:33.000|SOURCESYSTEMBOOK|BRXBRD|SOURCESYSTEMPROFITCENTRE||SALESPERSON||TRADER||ENTEREDBY|RMS_OWNER|FUNDSPLITID||FUNDSPLITVERSION||STRUCTURENAME||MARKUPAMT||MARKUPCCY||MARKUPLOCATION||ATRISKAMT||ATRISKCCY||ATRISKLOCATION||ATRISKINDICATOR||REASON|FuturesPosition|NOTES|#DOL SEP10 Aggregated Future; RateSetID 2052739|BROKER||BROKERAMT||BROKERCCY||LINKSYSTEMID||LINKTYPE||SOURCESYSTEMID|306953749|DATECREATED|2010-08-24 05:26:11.000|CONFIRMAS||VERSION|4|CANCELSSOURCESYSTEMID||CANCELLEDBYSOURCESYSTEMID||CANCELLINGHALFSOURCESYSTEMID||CORRECTSSOURCESYSTEMID||CORRECTEDBYSOURCESYSTEMID||CLOSESSOURCESYSTEMID||CLOSEDBYSOURCESYSTEMID||EXERCISEDINTOSOURCESYSTEMID||EXERCISEDFROMSOURCESYSTEMID||LATESTVERSIONYN|N|CLOSINGDATE||LEGALENTITY|DBSA|DEALCAPTURESYSTEM|RMS|DEALCAPTURESYSTEMID|306953749|BOOKINGLOCATION|Brazil Onshore|PRODUCTTYPE||PRODUCTINSTANCE||BACKOFFICESYSTEM||BACKOFFICESYSTEMID||VERSIONVALIDUNTILDATE|2010-08-25 12:05:11.000|TRADEEXTRADETAILID||TRADEEXTRADETAILVERSION||TRADECLASSIFICATION|1|DEALCAPTURESALESUSER||FUNDSPLITALLOCATIONID||FUNDSPLITALLOCATIONLEGID||FUTURESRATEPAID||FRCFUTURESRATEPAID||TEARUPID||ELECTEDCONFIRMATIONSYSTEM|///|ELECTEDCONFIRMATIONRULEID|75|PREVIOUSCONFIRMATIONSYSTEM|///|ELECTEDSETTLEMENTSYSTEM|///|ELECTEDSETTLEMENTRULEID|75|PREVIOUSSETTLEMENTSYSTEM|///|BACKOFFICEPROCESSING||CALCULATIONAGENT|DB|CLOSEDBY_PRODUCTID|298865453|CLOSES_PRODUCTID|298865453|LINK_PRODUCTID|298865453|PRODUCTTYPEID|////|FOEXPIRYDATE||FOPRICEPAID||BACKOFFICEENDDATE||BACKOFFICEEVENT||BACKOFFICEBRANCHACCEPTED||BACKOFFICEBRANCHEVENT||TRADETABLE|FXFUTURE|USERENTEREDTRADEDATE||MEASUREMENTUNITCONVERSION|1|HIGH_LEVEL_CPTY_CDRMNEMONIC|BMF  SPA001|CPTY_CDRMNEMONIC|BMF  SPA001|BOOK_CPTY|BRXBRD|EXCHANGE|BMF|BOOK_CPTY_CDRMNEMONIC|FXCBOSPA001|CURRENCY||PROFIT_CENTRE||BOOKBRANCHPARENT|Emerging Markets LATAM|HIGH_LEVEL_BOOK_CPTY_CDRM|DTCBASPA004|BOOK_CPYT_SRC_SYSTEM|RMS|SUBBRANCH||AMI_CODE|0836|PUBLICATIONTIME|2010-09-24 16:00:19.583|DBLEGALENTITY|DBSA|ISLIVEYN|Y</Text>
</Message>
