<?xml version="1.0" encoding="UTF-8"?>
<Message>
    <SystemInfo>
        <JMSDestination>Topic[exodus.pipe.demo]</JMSDestination>
        <JMSReplyTo/>
        <JMSDeliveryMode>2</JMSDeliveryMode>
        <JMSRedelivered>false</JMSRedelivered>
        <JMSCorrelationID>null</JMSCorrelationID>
        <JMSType>null</JMSType>
        <JMSTimestamp>1285344018029</JMSTimestamp>
        <JMSExpiration>0</JMSExpiration>
        <JMSPriority>4</JMSPriority>
    </SystemInfo>
    <ApplicationInfo>
        <SYSTEMID>307007657</SYSTEMID>
        <TRADEGROUP>INTERESTRATEFUTURE</TRADEGROUP>
        <VERSION>2</VERSION>
        <COUNTERPARTY>BMF</COUNTERPARTY>
        <MESSAGE_TYPE>RMS_TRADE</MESSAGE_TYPE>
        <TRADETYPE>BMFDI1Future</TRADETYPE>
        <BOOK>BRXBRD</BOOK>
        <ACTION>Economic</ACTION>
        <STATUS>Open</STATUS>
    </ApplicationInfo>
    <Text>SYSTEMID|307007657|TRADETYPE|BMFDI1Future|TRADEID|173969164POS|SOURCESYSTEM|RMS|BOOK|BRXBRD|BLOTTER||COUNTERPARTY|BMF|COUNTERPARTYSOURCESYSTEM|RMS|COUNTERPARTYNAME|BOLSA DE MERCADORIAS E FUTUROS AC BMF|DBICOUNTERPARTYID||CUSTOMER|BMF|CUSTOMERSOURCESYSTEM|RMS|STATUS|Open|CURRENCY|BRL|CONTRACTCURRENCY|BRL|NUMBEROFCONTRACTS|149|NOTIONAL|-14900000|FUTURESEXPIRYDATE|2011-04-01 00:00:00.000|FUTURESPRICEPAID|94011.22272507064319204163920114500618|FUTURESMATURITYDATE||FUTURECODE|DI1_BMF|CALCULATEDEXPIRYDATE||CP||EXPIRYDATE|2011-03-31 00:00:00.000|OPTIONEXPIRYDATE||STRIKE||SETTLEMENTDATE|2011-04-01 00:00:00.000|OPTIONPRICEPAID||ZONECUT||MODELTYPE||ASSETLOCATION||PREMIUMCURRENCY||PREMIUMAMOUNT||PREMIUMDATE||PREMIUMHASPAIDYN||UNWINDRATE||UNWINDPREMIUMCURRENCY||UNWINDPREMIUMAMOUNT||UNWINDPREMIUMDATE||MARGINPAYMENTCURRENCY||MARGINPAYMENTAMOUNT||PRODUCTID|298918670|PRODUCTVERSION|1|PRODUCTLEGID||STRUCTUREID|173969164|TRADEDATE|2010-08-23 00:00:00.000|LASTUPDATED|2010-08-25 12:03:36.000|ACTION|Economic|ACTIONEFFECTIVEDATE|2010-08-25 12:03:36.000|SOURCESYSTEMBOOK|BRXBRD|SOURCESYSTEMPROFITCENTRE||SALESPERSON||TRADER||ENTEREDBY|RMS_OWNER|FUNDSPLITID||FUNDSPLITVERSION||STRUCTURENAME||MARKUPAMT||MARKUPCCY||MARKUPLOCATION||ATRISKAMT||ATRISKCCY||ATRISKLOCATION||ATRISKINDICATOR||REASON|FuturesPosition|NOTES|DI1_BMF APR11 Aggregated Future; RateSetID 2052739|BROKER||BROKERAMT||BROKERCCY||LINKSYSTEMID||LINKTYPE||SOURCESYSTEMID|307007657|DATECREATED|2010-08-24 12:05:56.000|CONFIRMAS||VERSION|2|CANCELSSOURCESYSTEMID||CANCELLEDBYSOURCESYSTEMID||CANCELLINGHALFSOURCESYSTEMID||CORRECTSSOURCESYSTEMID||CORRECTEDBYSOURCESYSTEMID||CLOSESSOURCESYSTEMID||CLOSEDBYSOURCESYSTEMID||EXERCISEDINTOSOURCESYSTEMID||EXERCISEDFROMSOURCESYSTEMID||LATESTVERSIONYN|N|CLOSINGDATE||LEGALENTITY|DBSA|DEALCAPTURESYSTEM|RMS|DEALCAPTURESYSTEMID|307007657|BOOKINGLOCATION|Brazil Onshore|PRODUCTTYPE||PRODUCTINSTANCE||BACKOFFICESYSTEM||BACKOFFICESYSTEMID||VERSIONVALIDUNTILDATE|2010-08-25 12:05:22.000|TRADEEXTRADETAILID||TRADEEXTRADETAILVERSION||TRADECLASSIFICATION|1|DEALCAPTURESALESUSER||FUNDSPLITALLOCATIONID||FUNDSPLITALLOCATIONLEGID||FUTURESRATEPAID|0.10706879573543898930559829064928|TEARUPID||ELECTEDCONFIRMATIONSYSTEM|///|ELECTEDCONFIRMATIONRULEID|87|PREVIOUSCONFIRMATIONSYSTEM|///|ELECTEDSETTLEMENTSYSTEM|///|ELECTEDSETTLEMENTRULEID|87|PREVIOUSSETTLEMENTSYSTEM|///|BACKOFFICEPROCESSING||CALCULATIONAGENT|DB|CLOSEDBY_PRODUCTID||CLOSES_PRODUCTID||LINK_PRODUCTID||PRODUCTTYPEID|////|FOEXPIRYDATE||FOPRICEPAID||ACCCURRENCY|BRL|BACKOFFICEACCEPTED||BACKOFFICEENDDATE||BACKOFFICEEVENT||BACKOFFICEBRANCHACCEPTED||BACKOFFICEBRANCHEVENT||TRADETABLE|INTERESTRATEFUTURE|USERENTEREDTRADEDATE||LOGICALDELETEYN|N|FUTSELECTOPTSETTLEMENT||FUTSELECTZONECUT||FUTURETYPE|BMFDI1Future|FUTURESUBTYPE||FUTURESHORTCODE|DI1|ORDERFIELD|1|EXCHANGE|BMF|DESCRIPTION|BMF One Day Interband Deposit Future|UNDERCURRENCY|BRL|CURRENCYMEASUREMENTUNIT||CONTRACTMEASUREMENTUNIT||MEASUREMENTUNITCONVERSION|1|CONTRACTSIZE|-100000|TICKSIZE|1|TICKVALUE|0|DECAYRATE|0|BASEVOL|0|MEANREVERSION|0|PRICECURVE||VOLCURVE||VOLBLEND|0|VOLPRICESHIFT|0|VOLSURFACE||WSSCONTRACTCODE||RRATESCONTRACTCODE||COUNTERPARTYID|BMF|CONFIRMATIONUNIT||CONFIRMATIONSTATISTICSTATION||DATECALCULATIONRULE||COMPOSITIONTYPE||COMPOSITIONSOURCE||COMPOSITIONOPTION||COMPOSITIONWEIGHTING||SPOTCURVE||UNDERLYINGSPOTINDEXCURVE||RICCODE||FUTURESSELECTMAPYN|N|FUTSELECTOPTTYPE||FUTSELECTPRICESCALAR|1|FUTSELECTDELIVERY||FUTSELECTFRACTSCALAR|100|FUTSELECTOPTPRICESCALAR|1|FUTSELECTOPTFRACTSCALAR|100|FIXRAW_CURRENCY|BRL|HIGH_LEVEL_CPTY_CDRMNEMONIC|BMF  SPA001|CPTY_CDRMNEMONIC|BMF  SPA001|BOOK_CPTY|BRXBRD|BOOK_CPTY_CDRMNEMONIC|FXCBOSPA001|PROFIT_CENTRE||BOOKBRANCHPARENT|Emerging Markets LATAM|HIGH_LEVEL_BOOK_CPTY_CDRM|DTCBASPA004|BOOK_CPYT_SRC_SYSTEM|RMS|SUBBRANCH||AMI_CODE|0836|PUBLICATIONTIME|2010-09-24 16:00:18.027|DBLEGALENTITY|DBSA|ISLIVEYN|Y</Text>
</Message>
