<?xml version="1.0" encoding="UTF-8"?>
<Message>
    <SystemInfo>
        <JMSDestination>Topic[exodus.pipe.demo]</JMSDestination>
        <JMSReplyTo/>
        <JMSDeliveryMode>2</JMSDeliveryMode>
        <JMSRedelivered>false</JMSRedelivered>
        <JMSCorrelationID>null</JMSCorrelationID>
        <JMSType>null</JMSType>
        <JMSTimestamp>1285344018549</JMSTimestamp>
        <JMSExpiration>0</JMSExpiration>
        <JMSPriority>4</JMSPriority>
    </SystemInfo>
    <ApplicationInfo>
        <SYSTEMID>307305247</SYSTEMID>
        <TRADEGROUP>FXFUTURE</TRADEGROUP>
        <VERSION>1</VERSION>
        <COUNTERPARTY>BMF</COUNTERPARTY>
        <MESSAGE_TYPE>RMS_TRADE</MESSAGE_TYPE>
        <TRADETYPE>BMFFRPFuture</TRADETYPE>
        <BOOK>BRFXNY</BOOK>
        <ACTION>New</ACTION>
        <STATUS>Open</STATUS>
    </ApplicationInfo>
    <Text>SYSTEMID|307305247|TRADETYPE|BMFFRPFuture|TRADEID|174119619A|SOURCESYSTEM|RMS|BOOK|BRFXNY|BLOTTER||COUNTERPARTY|BMF|COUNTERPARTYSOURCESYSTEM|RMS|COUNTERPARTYNAME|BOLSA DE MERCADORIAS E FUTUROS AC BMF|DBICOUNTERPARTYID||CUSTOMER|BMF|CUSTOMERSOURCESYSTEM|RMS|STATUS|Open|UNDERCURRENCY|USB|ACCCURRENCY|BRL|ASSETLOCATION||NUMBEROFCONTRACTS|-160|NOTIONAL|-8000000|SETTLEMENTDATE|2010-09-01 00:00:00.000|FUTURESEXPIRYDATE|2010-09-01 00:00:00.000|PAYCURRENCY||QUANTOLEVEL||STRIKE||STRIKEASENTERED||STRIKETERMSASENTERED||CP||EXPIRYDATE||OPTIONEXPIRYDATE||FIXING||FUTURESPRICEPAID|1.4|OPTIONPRICEPAID||FUTURECODE|#DOL|PREMIUMINTERMS||PREMIUMTERMS||PREMIUMCURRENCY||PREMIUMAMOUNT||PREMIUMDATE||PREMIUMCURRENCYASENTERED||PREMIUMAMOUNTASENTERED||PREMIUMHASPAIDYN||UNWINDRATE||UNWINDPREMIUMCURRENCY||UNWINDPREMIUMAMOUNT||UNWINDPREMIUMDATE||MARGINPAYMENTCURRENCY||MARGINPAYMENTAMOUNT||ZONECUT||MODELTYPE||NUMTIMESTEPS||USEMINIMUMDENSITYYN||PRODUCTID|299211857|PRODUCTVERSION|1|PRODUCTLEGID||STRUCTUREID|174119619|REFERENCESPOT||REFERENCEFORWARDPOINTS||REFERENCEVOLATILITY||REFERENCEDEPORATE||REFERENCEDEPOCURRENCY||REFERENCEDELTA||REFERENCEDELTACURRENCY||GENERATERISKSWEEPTRADEYN||RISKSWEEPTRADETYPE||RISKSWEEPSTRIKE||RISKSWEEPSETTLEMENTDATE||RISKSWEEPBOOK||RISKSWEEPUNDERCURRENCY||RISKSWEEPACCCURRENCY||RISKSWEEPLINKMASTERSYSTEMID||TRADEDATE|2010-08-24 00:00:00.000|LASTUPDATED|2010-08-25 00:22:13.000|ACTION|New|ACTIONEFFECTIVEDATE|2010-08-24 00:00:00.000|SOURCESYSTEMBOOK|BRFXNY|SOURCESYSTEMPROFITCENTRE||SALESPERSON||TRADER||ENTEREDBY|TRISVIT|FUNDSPLITID||FUNDSPLITVERSION||STRUCTURENAME||MARKUPAMT||MARKUPCCY||MARKUPLOCATION||ATRISKAMT||ATRISKCCY||ATRISKLOCATION||ATRISKINDICATOR||REASON||NOTES||BROKER|CM|BROKERAMT||BROKERCCY||LINKSYSTEMID||LINKTYPE||SOURCESYSTEMID|307305247|DATECREATED|2010-08-25 00:22:13.000|CONFIRMAS||VERSION|1|CANCELSSOURCESYSTEMID||CANCELLEDBYSOURCESYSTEMID||CANCELLINGHALFSOURCESYSTEMID||CORRECTSSOURCESYSTEMID||CORRECTEDBYSOURCESYSTEMID||CLOSESSOURCESYSTEMID||CLOSEDBYSOURCESYSTEMID||EXERCISEDINTOSOURCESYSTEMID||EXERCISEDFROMSOURCESYSTEMID||LATESTVERSIONYN|Y|CLOSINGDATE||LEGALENTITY|London|DEALCAPTURESYSTEM|RMS|DEALCAPTURESYSTEMID|307305247|BOOKINGLOCATION|London|PRODUCTTYPE||PRODUCTINSTANCE||BACKOFFICESYSTEM||BACKOFFICESYSTEMID||VERSIONVALIDUNTILDATE||TRADEEXTRADETAILID|59639215|TRADEEXTRADETAILVERSION|1|TRADECLASSIFICATION|1|DEALCAPTURESALESUSER|RMS_TRISVIT|FUNDSPLITALLOCATIONID||FUNDSPLITALLOCATIONLEGID||FUTURESRATEPAID||FRCFUTURESRATEPAID||TEARUPID||ELECTEDCONFIRMATIONSYSTEM|///|ELECTEDCONFIRMATIONRULEID|75|PREVIOUSCONFIRMATIONSYSTEM|NNN|ELECTEDSETTLEMENTSYSTEM|///|ELECTEDSETTLEMENTRULEID|75|PREVIOUSSETTLEMENTSYSTEM|NNN|BACKOFFICEPROCESSING|Standard|CALCULATIONAGENT|DB|CLOSEDBY_PRODUCTID|299211857|CLOSES_PRODUCTID|299211857|LINK_PRODUCTID|299211857|PRODUCTTYPEID|////|FOEXPIRYDATE||FOPRICEPAID||BACKOFFICEENDDATE||BACKOFFICEEVENT||BACKOFFICEBRANCHACCEPTED||BACKOFFICEBRANCHEVENT||TRADETABLE|FXFUTURE|USERENTEREDTRADEDATE||EXTRADETAILGIROTRADEYN|N|GIROTRADEYN|N|MEASUREMENTUNITCONVERSION|1|HIGH_LEVEL_CPTY_CDRMNEMONIC|BMF  SPA001|CPTY_CDRMNEMONIC|BMF  SPA001|BOOK_CPTY|BRFXNY|EXCHANGE|BMF|BOOK_CPTY_CDRMNEMONIC|FXNY SPA001|CURRENCY||PROFIT_CENTRE||BOOKBRANCHPARENT|Emerging Markets LATAM|HIGH_LEVEL_BOOK_CPTY_CDRM|DTCBASPA004|BOOK_CPYT_SRC_SYSTEM|RMS|SUBBRANCH||AMI_CODE|0836|PUBLICATIONTIME|2010-09-24 16:00:18.547|DBLEGALENTITY|London|ISLIVEYN|Y</Text>
</Message>
