<?xml version="1.0" encoding="UTF-8"?>
<Message>
    <SystemInfo>
        <JMSDestination>Topic[exodus.pipe.demo]</JMSDestination>
        <JMSReplyTo/>
        <JMSDeliveryMode>2</JMSDeliveryMode>
        <JMSRedelivered>false</JMSRedelivered>
        <JMSCorrelationID>null</JMSCorrelationID>
        <JMSType>null</JMSType>
        <JMSTimestamp>1285344088436</JMSTimestamp>
        <JMSExpiration>0</JMSExpiration>
        <JMSPriority>4</JMSPriority>
    </SystemInfo>
    <ApplicationInfo>
        <SYSTEMID>307296286</SYSTEMID>
        <TRADEGROUP>INTERESTRATEFUTURE</TRADEGROUP>
        <VERSION>1</VERSION>
        <COUNTERPARTY>EURX</COUNTERPARTY>
        <MESSAGE_TYPE>RMS_TRADE</MESSAGE_TYPE>
        <TRADETYPE>BondFuture</TRADETYPE>
        <BOOK>LNMMDCLXMKT</BOOK>
        <ACTION>New</ACTION>
        <STATUS>Open</STATUS>
    </ApplicationInfo>
    <Text>SYSTEMID|307296286|TRADETYPE|BondFuture|TRADEID|174117858A|SOURCESYSTEM|ABFO|BOOK|LNMMDCLXMKT|BLOTTER||COUNTERPARTY|EURX|COUNTERPARTYSOURCESYSTEM|RMS|COUNTERPARTYNAME|EUREX|DBICOUNTERPARTYID||CUSTOMER|EURX|CUSTOMERSOURCESYSTEM|RMS|STATUS|Open|CURRENCY|EUR|CONTRACTCURRENCY|EUR|NUMBEROFCONTRACTS|-12|NOTIONAL||FUTURESEXPIRYDATE|2010-09-01 00:00:00.000|FUTURESPRICEPAID|109.8|FUTURESMATURITYDATE||FUTURECODE|EU2YT_EUX|CALCULATEDEXPIRYDATE||CP||EXPIRYDATE|2010-09-08 00:00:00.000|OPTIONEXPIRYDATE||STRIKE||SETTLEMENTDATE||OPTIONPRICEPAID||ZONECUT||MODELTYPE||ASSETLOCATION||PREMIUMCURRENCY||PREMIUMAMOUNT||PREMIUMDATE||PREMIUMHASPAIDYN||UNWINDRATE||UNWINDPREMIUMCURRENCY||UNWINDPREMIUMAMOUNT||UNWINDPREMIUMDATE||MARGINPAYMENTCURRENCY||MARGINPAYMENTAMOUNT||PRODUCTID|299208438|PRODUCTVERSION|1|PRODUCTLEGID||STRUCTUREID|174117858|TRADEDATE|2010-08-24 00:00:00.000|LASTUPDATED|2010-08-25 00:07:56.000|ACTION|New|ACTIONEFFECTIVEDATE|2010-08-25 00:00:00.000|SOURCESYSTEMBOOK|LNMMDCLXMKT|SOURCESYSTEMPROFITCENTRE||SALESPERSON||TRADER|CEDRIC.LEVARD@DB.COM|ENTEREDBY|ABFO2RMSFEED|FUNDSPLITID||FUNDSPLITVERSION||STRUCTURENAME||MARKUPAMT||MARKUPCCY||MARKUPLOCATION||ATRISKAMT||ATRISKCCY||ATRISKLOCATION||ATRISKINDICATOR||REASON||NOTES|Comments:-|BROKER|DBMG|BROKERAMT||BROKERCCY||LINKSYSTEMID||LINKTYPE||SOURCESYSTEMID|ABFOLDN:748826|DATECREATED|2010-08-25 00:07:56.000|CONFIRMAS||VERSION|1|CANCELSSOURCESYSTEMID||CANCELLEDBYSOURCESYSTEMID||CANCELLINGHALFSOURCESYSTEMID||CORRECTSSOURCESYSTEMID||CORRECTEDBYSOURCESYSTEMID||CLOSESSOURCESYSTEMID||CLOSEDBYSOURCESYSTEMID||EXERCISEDINTOSOURCESYSTEMID||EXERCISEDFROMSOURCESYSTEMID||LATESTVERSIONYN|N|CLOSINGDATE||LEGALENTITY|London|DEALCAPTURESYSTEM|ABFO2RMSFeed|DEALCAPTURESYSTEMID|ABFOLDN:748826:1:1|BOOKINGLOCATION|London|PRODUCTTYPE||PRODUCTINSTANCE||BACKOFFICESYSTEM||BACKOFFICESYSTEMID||VERSIONVALIDUNTILDATE|2010-08-26 02:19:39.000|TRADEEXTRADETAILID||TRADEEXTRADETAILVERSION||TRADECLASSIFICATION||DEALCAPTURESALESUSER||FUNDSPLITALLOCATIONID||FUNDSPLITALLOCATIONLEGID||FUTURESRATEPAID||TEARUPID||ELECTEDCONFIRMATIONSYSTEM|///|ELECTEDCONFIRMATIONRULEID|87|PREVIOUSCONFIRMATIONSYSTEM|NNN|ELECTEDSETTLEMENTSYSTEM|///|ELECTEDSETTLEMENTRULEID|87|PREVIOUSSETTLEMENTSYSTEM|NNN|BACKOFFICEPROCESSING||CALCULATIONAGENT|DB|CLOSEDBY_PRODUCTID||CLOSES_PRODUCTID||LINK_PRODUCTID||PRODUCTTYPEID|BONDFUT|FOEXPIRYDATE|2010-09-01 00:00:00.000|FOPRICEPAID|109.8|ACCCURRENCY||BACKOFFICEACCEPTED||BACKOFFICEENDDATE||BACKOFFICEEVENT||BACKOFFICEBRANCHACCEPTED||BACKOFFICEBRANCHEVENT||TRADETABLE|INTERESTRATEFUTURE|USERENTEREDTRADEDATE||LOGICALDELETEYN|N|FUTSELECTOPTSETTLEMENT|F|FUTSELECTZONECUT||FUTURETYPE|BondFuture|FUTURESUBTYPE|Future.BondFuture|FUTURESHORTCODE|FGBS|ORDERFIELD|1|EXCHANGE|EUREX|DESCRIPTION|Euro-SCHATZ|UNDERCURRENCY||CURRENCYMEASUREMENTUNIT||CONTRACTMEASUREMENTUNIT||MEASUREMENTUNITCONVERSION|1|CONTRACTSIZE|100000|TICKSIZE|0|TICKVALUE|0|DECAYRATE|0|BASEVOL|0|MEANREVERSION|0|PRICECURVE||VOLCURVE||VOLBLEND|0|VOLPRICESHIFT|0|VOLSURFACE||WSSCONTRACTCODE|FGBS|RRATESCONTRACTCODE|ESCHT|COUNTERPARTYID|EURX|CONFIRMATIONUNIT||CONFIRMATIONSTATISTICSTATION||DATECALCULATIONRULE||COMPOSITIONTYPE||COMPOSITIONSOURCE||COMPOSITIONOPTION||COMPOSITIONWEIGHTING||SPOTCURVE||UNDERLYINGSPOTINDEXCURVE||RICCODE||FUTURESSELECTMAPYN|Y|FUTSELECTOPTTYPE|BondFutureOpt|FUTSELECTPRICESCALAR|1|FUTSELECTDELIVERY|P|FUTSELECTFRACTSCALAR|100|FUTSELECTOPTPRICESCALAR|1|FUTSELECTOPTFRACTSCALAR|100|FIXRAW_CURRENCY|EUR|HIGH_LEVEL_CPTY_CDRMNEMONIC|DTCH L  M79|CPTY_CDRMNEMONIC|DTCH L  M79|BOOK_CPTY|LNMMDCLXMKT|BOOK_CPTY_CDRMNEMONIC|DTCH L  M3S|PROFIT_CENTRE|FRJ0|BOOKBRANCHPARENT|Non GFX Business|HIGH_LEVEL_BOOK_CPTY_CDRM|DTCH L|BOOK_CPYT_SRC_SYSTEM|RMS|SUBBRANCH|SNG|AMI_CODE|0840|PUBLICATIONTIME|2010-09-24 16:01:28.435|DBLEGALENTITY|London|ISLIVEYN|Y</Text>
</Message>
