<?xml version="1.0" encoding="UTF-8"?>
<Message>
    <SystemInfo>
        <JMSDestination>Topic[exodus.pipe.demo]</JMSDestination>
        <JMSReplyTo/>
        <JMSDeliveryMode>2</JMSDeliveryMode>
        <JMSRedelivered>false</JMSRedelivered>
        <JMSCorrelationID>null</JMSCorrelationID>
        <JMSType>null</JMSType>
        <JMSTimestamp>1285343827070</JMSTimestamp>
        <JMSExpiration>0</JMSExpiration>
        <JMSPriority>4</JMSPriority>
    </SystemInfo>
    <ApplicationInfo>
        <SYSTEMID>40432221</SYSTEMID>
        <TRADEGROUP>CASHBALANCE</TRADEGROUP>
        <VERSION>28</VERSION>
        <COUNTERPARTY>CashBalance</COUNTERPARTY>
        <MESSAGE_TYPE>RMS_TRADE</MESSAGE_TYPE>
        <TRADETYPE>CashBalance</TRADETYPE>
        <BOOK>JPYLT</BOOK>
        <ACTION>Economic</ACTION>
        <STATUS>Open</STATUS>
    </ApplicationInfo>
    <Text>SYSTEMID|40432221|TRADETYPE|CashBalance|TRADEID|Markup Balance|SOURCESYSTEM|GEOS|BOOK|JPYLT|BLOTTER||COUNTERPARTY|CashBalance|COUNTERPARTYSOURCESYSTEM|RMS|DBICOUNTERPARTYID||CUSTOMER||CUSTOMERSOURCESYSTEM||STATUS|Open|CURRENCY|EUR|AMOUNT|0|OPENAMOUNT|0|SHOWEXPECTEDFLOWSYN||STARTOFDAYDATE||ASSETLOCATION||PRODUCTID|0|PRODUCTVERSION|1|PRODUCTLEGID||STRUCTUREID|0|TRADEDATE||LASTUPDATED|2010-09-03 13:26:03.000|ACTION|Economic|ACTIONEFFECTIVEDATE|2010-09-03 13:26:03.000|SOURCESYSTEMBOOK|JPYLT|SOURCESYSTEMPROFITCENTRE|Cash|SALESPERSON||TRADER||ENTEREDBY||FUNDSPLITID||FUNDSPLITVERSION||STRUCTURENAME||MARKUPAMT|78559|MARKUPCCY|EUR|MARKUPLOCATION||ATRISKAMT||ATRISKCCY||ATRISKLOCATION||ATRISKINDICATOR||REASON||NOTES||BROKER||BROKERAMT||BROKERCCY||LINKSYSTEMID||LINKTYPE||SOURCESYSTEMID|Markup Balance|DATECREATED|2010-09-03 13:26:03.000|CONFIRMAS||VERSION|28|CANCELSSOURCESYSTEMID||CANCELLEDBYSOURCESYSTEMID||CANCELLINGHALFSOURCESYSTEMID||CORRECTSSOURCESYSTEMID||CORRECTEDBYSOURCESYSTEMID||CLOSESSOURCESYSTEMID||CLOSEDBYSOURCESYSTEMID||EXERCISEDINTOSOURCESYSTEMID||EXERCISEDFROMSOURCESYSTEMID||LATESTVERSIONYN|Y|CLOSINGDATE||LEGALENTITY|London|DEALCAPTURESYSTEM|GEOS|DEALCAPTURESYSTEMID|Markup Balance|BOOKINGLOCATION|London|PRODUCTTYPE||PRODUCTINSTANCE||BACKOFFICESYSTEM||BACKOFFICESYSTEMID||VERSIONVALIDUNTILDATE||TRADEEXTRADETAILID||TRADEEXTRADETAILVERSION||TRADECLASSIFICATION|0|DEALCAPTURESALESUSER||FUNDSPLITALLOCATIONID||FUNDSPLITALLOCATIONLEGID||TEARUPID||ELECTEDCONFIRMATIONSYSTEM||ELECTEDCONFIRMATIONRULEID||PREVIOUSCONFIRMATIONSYSTEM||ELECTEDSETTLEMENTSYSTEM||ELECTEDSETTLEMENTRULEID||PREVIOUSSETTLEMENTSYSTEM||BACKOFFICEPROCESSING||CLOSEDBY_PRODUCTID|0|CLOSES_PRODUCTID|0|LINK_PRODUCTID|0|UNDERCURRENCY||ACCCURRENCY||PREMIUMCURRENCY||PREMIUMAMOUNT||PREMIUMDATE||PREMIUMHASPAIDYN||UNWINDRATE||UNWINDPREMIUMCURRENCY||UNWINDPREMIUMAMOUNT||UNWINDPREMIUMDATE||MARGINPAYMENTCURRENCY||MARGINPAYMENTAMOUNT||CALCULATIONAGENT||BACKOFFICEACCEPTED||BACKOFFICEENDDATE||BACKOFFICEEVENT||BACKOFFICEBRANCHACCEPTED||BACKOFFICEBRANCHEVENT||TRADETABLE|CASHBALANCE|USERENTEREDTRADEDATE||PRODUCTTYPEID|////|BOOK_CPTY_CDRMNEMONIC|DTCH L  K86|PROFIT_CENTRE|FGO0|BOOKBRANCHPARENT|Global|HIGH_LEVEL_CPTY_CDRMNEMONIC||HIGH_LEVEL_BOOK_CPTY_CDRM|DTCH L|BOOK_CPYT_SRC_SYSTEM|RMS|SUBBRANCH|LDN|CPTY_CDRMNEMONIC||AMI_CODE|0840|BOOK_CPTY|JPYL|PUBLICATIONTIME|2010-09-24 15:57:07.069|DBLEGALENTITY|London|ISLIVEYN|Y</Text>
</Message>
