<?xml version="1.0" encoding="UTF-8"?>
<Message>
    <SystemInfo>
        <JMSDestination>Topic[exodus.pipe.demo]</JMSDestination>
        <JMSReplyTo/>
        <JMSDeliveryMode>2</JMSDeliveryMode>
        <JMSRedelivered>false</JMSRedelivered>
        <JMSCorrelationID>null</JMSCorrelationID>
        <JMSType>null</JMSType>
        <JMSTimestamp>1285344098879</JMSTimestamp>
        <JMSExpiration>0</JMSExpiration>
        <JMSPriority>4</JMSPriority>
    </SystemInfo>
    <ApplicationInfo>
        <SYSTEMID>224491239</SYSTEMID>
        <TRADEGROUP>CASHDEPOSIT</TRADEGROUP>
        <VERSION>2</VERSION>
        <COUNTERPARTY>AGYHC</COUNTERPARTY>
        <MESSAGE_TYPE>RMS_TRADE</MESSAGE_TYPE>
        <TRADETYPE>CashDeposit</TRADETYPE>
        <BOOK>PMDBMET</BOOK>
        <ACTION>Roll</ACTION>
        <STATUS>Open</STATUS>
    </ApplicationInfo>
    <Text>SYSTEMID|224491239|TRADETYPE|CashDeposit|TRADEID|129888676W|SOURCESYSTEM|RMS|BOOK|PMDBMET|BLOTTER||COUNTERPARTY|AGYHC|COUNTERPARTYSOURCESYSTEM|RMS|COUNTERPARTYNAME|AGY HOLDING CORP|DBICOUNTERPARTYID||CUSTOMER|AGYHC|CUSTOMERSOURCESYSTEM|RMS|STATUS|Open|CURRENCY|XPT|NOTIONAL|13200|STARTDATE|2010-09-10 00:00:00.000|SETTLEMENTDATE|2010-10-12 00:00:00.000|MARKETRATE||RATE|5.83|INTERESTAMOUNT|68.405|PAYINTERESTAMOUNT||INITIALEXCHANGEDYN|Y|ACCRUALBASIS|Act/360|CASHACCRUALBASIS|Act/360|RATETENOR||MATURITYDATE||STRIKE||FRATYPE||FIXINGCITIES||FIXINGDATE||DAYCOUNT||FIXING|1283|MODELTYPE||ASSETLOCATION|VFP|PREMIUMCURRENCY||PREMIUMAMOUNT||PREMIUMDATE||PREMIUMHASPAIDYN||UNWINDRATE||UNWINDPREMIUMCURRENCY||UNWINDPREMIUMAMOUNT||UNWINDPREMIUMDATE||MARGINPAYMENTCURRENCY||MARGINPAYMENTAMOUNT||PRODUCTID|217984147|PRODUCTVERSION|2|PRODUCTLEGID||STRUCTUREID|129888676|TRADEDATE|2009-10-05 00:00:00.000|LASTUPDATED|2010-09-11 00:00:48.000|ACTION|Roll|ACTIONEFFECTIVEDATE|2010-09-11 00:00:48.000|SOURCESYSTEMBOOK|PMDBMET|SOURCESYSTEMPROFITCENTRE||SALESPERSON|matt keen|TRADER||ENTEREDBY|KEENMAT|FUNDSPLITID||FUNDSPLITVERSION||STRUCTURENAME|CASHDEPOSIT|MARKUPAMT|51483|MARKUPCCY|EUR|MARKUPLOCATION|London|ATRISKAMT|2574|ATRISKCCY|EUR|ATRISKLOCATION|London|ATRISKINDICATOR||REASON|DEPO|NOTES||BROKER||BROKERAMT||BROKERCCY||LINKSYSTEMID||LINKTYPE||SOURCESYSTEMID|224491239|DATECREATED|2009-10-05 18:10:03.000|CONFIRMAS||VERSION|2|CANCELSSOURCESYSTEMID||CANCELLEDBYSOURCESYSTEMID||CANCELLINGHALFSOURCESYSTEMID||CORRECTSSOURCESYSTEMID||CORRECTEDBYSOURCESYSTEMID||CLOSESSOURCESYSTEMID||CLOSEDBYSOURCESYSTEMID||EXERCISEDINTOSOURCESYSTEMID||EXERCISEDFROMSOURCESYSTEMID||LATESTVERSIONYN|Y|CLOSINGDATE||LEGALENTITY|London|DEALCAPTURESYSTEM|RMS|DEALCAPTURESYSTEMID|224491239|BOOKINGLOCATION|London|PRODUCTTYPE||PRODUCTINSTANCE||BACKOFFICESYSTEM||BACKOFFICESYSTEMID||VERSIONVALIDUNTILDATE||TRADEEXTRADETAILID|0|TRADEEXTRADETAILVERSION|0|TRADECLASSIFICATION|1|DEALCAPTURESALESUSER|RMS_KEENMAT|FUNDSPLITALLOCATIONID||FUNDSPLITALLOCATIONLEGID||GENERATEBACKTOBACKTRADEYN||INTERNALGROUPID||TEARUPID||ELECTEDCONFIRMATIONSYSTEM|///|ELECTEDCONFIRMATIONRULEID|65|PREVIOUSCONFIRMATIONSYSTEM|///|ELECTEDSETTLEMENTSYSTEM|///|ELECTEDSETTLEMENTRULEID|65|PREVIOUSSETTLEMENTSYSTEM|///|BACKOFFICEPROCESSING|Standard|CALCULATIONAGENT|DB|CLOSEDBY_PRODUCTID|217984147|CLOSES_PRODUCTID|217984147|LINK_PRODUCTID|217984147|PRODUCTTYPEID|CASHDEPOSIT|ACCCURRENCY||BACKOFFICEACCEPTED|Y|BACKOFFICEENDDATE||BACKOFFICEEVENT||BACKOFFICEBRANCHACCEPTED||BACKOFFICEBRANCHEVENT||TRADETABLE|CASHDEPOSIT|USERENTEREDTRADEDATE||GROUPID||GROUPREASON||SUMMITCPBOOK||NOTIONALSIGN||SUMMITNAME||INARREARS||RESETLAG||OFFSET||BROKERRATE||PUBLISHFIXINGREF||FIXINGREFERENCE||BOOK_CPTY_CDRMNEMONIC|DTCH L  41G|PROFIT_CENTRE|PML0|BOOKBRANCHPARENT|Commodities|HIGH_LEVEL_CPTY_CDRMNEMONIC|AGYHOWIL|HIGH_LEVEL_BOOK_CPTY_CDRM|DTCH N  CMD|BOOK_CPYT_SRC_SYSTEM|RMS|SUBBRANCH|SPX|CPTY_CDRMNEMONIC|AGYHOWIL|AMI_CODE|0840|BOOK_CPTY|PMDBMET|PAYINTERESTCURRENCY|USD|PUBLICATIONTIME|2010-09-24 16:01:38.878|DBLEGALENTITY|London|ISLIVEYN|Y</Text>
</Message>
