<?xml version="1.0" encoding="UTF-8"?>
<Message>
    <SystemInfo>
        <JMSDestination>Topic[exodus.pipe.demo]</JMSDestination>
        <JMSReplyTo/>
        <JMSDeliveryMode>2</JMSDeliveryMode>
        <JMSRedelivered>false</JMSRedelivered>
        <JMSCorrelationID>null</JMSCorrelationID>
        <JMSType>null</JMSType>
        <JMSTimestamp>1285343955990</JMSTimestamp>
        <JMSExpiration>0</JMSExpiration>
        <JMSPriority>4</JMSPriority>
    </SystemInfo>
    <ApplicationInfo>
        <SYSTEMID>175395910</SYSTEMID>
        <TRADEGROUP>CERTIFICATEBALANCE</TRADEGROUP>
        <VERSION>145</VERSION>
        <COUNTERPARTY>CERTIFICATEBALANCE</COUNTERPARTY>
        <MESSAGE_TYPE>RMS_TRADE</MESSAGE_TYPE>
        <TRADETYPE>CertificateBalance</TRADETYPE>
        <BOOK>EMIS1</BOOK>
        <ACTION>Economic</ACTION>
        <STATUS>Open</STATUS>
    </ApplicationInfo>
    <Text>SYSTEMID|175395910|VERSION|145|LATESTVERSIONYN|N|CONTRACTCODE|EUA|ETSCOMPLIANTYN|Y|METHODOLOGY|NONE|PROJECT|SECONDARY|REGISTRY|UK|AMOUNT|27355844|GENERATEDDATE|2009-01-22 00:00:00.000|ACCCURRENCY||PREMIUMCURRENCY||PREMIUMAMOUNT||PREMIUMDATE||PREMIUMHASPAIDYN||UNWINDRATE||UNWINDPREMIUMCURRENCY||UNWINDPREMIUMAMOUNT||UNWINDPREMIUMDATE||MARGINPAYMENTCURRENCY||MARGINPAYMENTAMOUNT||NOTES||CALCULATIONAGENT|DB|BACKOFFICESYSTEM||BACKOFFICESYSTEMID||BACKOFFICEPROCESSING||BACKOFFICEACCEPTED|N|BACKOFFICEENDDATE||BACKOFFICEEVENT||BACKOFFICEBRANCHACCEPTED||BACKOFFICEBRANCHEVENT||ASSETLOCATION||TRADEEXTRADETAILID||TRADEEXTRADETAILVERSION||VERSIONVALIDUNTILDATE|2010-09-17 02:00:01.000|TRADECLASSIFICATION|0|FUNDSPLITALLOCATIONID||FUNDSPLITALLOCATIONLEGID||DEALCAPTURESALESUSER||TEARUPID||ELECTEDCONFIRMATIONSYSTEM||ELECTEDCONFIRMATIONRULEID||PREVIOUSCONFIRMATIONSYSTEM||ELECTEDSETTLEMENTSYSTEM||ELECTEDSETTLEMENTRULEID||PREVIOUSSETTLEMENTSYSTEM||BOOK|EMIS1|BLOTTER||STATUS|Open|TRADETYPE|CertificateBalance|TRADETABLE|CERTIFICATEBALANCE|TRADEID|175395910CB|COUNTERPARTY|CERTIFICATEBALANCE|COUNTERPARTYSOURCESYSTEM|RMS|DBICOUNTERPARTYID||DEALCAPTURESYSTEM|RMS|DEALCAPTURESYSTEMID|RMS175395910|SOURCESYSTEM|RMS|SOURCESYSTEMID|RMS|SOURCESYSTEMBOOK|EMIS1|STRUCTUREID|0|LEGALENTITY|London|BOOKINGLOCATION|London|DATECREATED|2009-01-22 00:00:00.000|LASTUPDATED|2010-09-08 02:00:01.000|ACTION|Economic|ACTIONEFFECTIVEDATE|2009-01-22 00:00:00.000|FUNDSPLITID||FUNDSPLITVERSION||PRODUCTTYPE||PRODUCTINSTANCE||SOURCESYSTEMPROFITCENTRE|CertificateBalance|CUSTOMER||CUSTOMERSOURCESYSTEM||SALESPERSON||TRADER||ENTEREDBY|RMS_OWNER|TRADEDATE||USERENTEREDTRADEDATE||CLOSINGDATE||CONFIRMAS||MARKUPAMT||MARKUPCCY||MARKUPLOCATION||ATRISKAMT||ATRISKCCY||ATRISKLOCATION||ATRISKINDICATOR||REASON|ComBal|STRUCTURENAME||BROKER||BROKERAMT||BROKERCCY||LINKSYSTEMID||LINKTYPE||CANCELSSOURCESYSTEMID||CANCELLEDBYSOURCESYSTEMID||CANCELLINGHALFSOURCESYSTEMID||CORRECTSSOURCESYSTEMID||CORRECTEDBYSOURCESYSTEMID||CLOSESSOURCESYSTEMID||CLOSEDBYSOURCESYSTEMID||EXERCISEDINTOSOURCESYSTEMID||EXERCISEDFROMSOURCESYSTEMID||PRODUCTID|0|PRODUCTVERSION|1|PRODUCTLEGID||NOTIONAL|27355844|CURRENCY|EUR|PRODUCTTYPEID|////|BOOK_CPTY_CDRMNEMONIC|DTCH L  6XV|PROFIT_CENTRE|ENV0|BOOKBRANCHPARENT|Commodities|HIGH_LEVEL_CPTY_CDRMNEMONIC||HIGH_LEVEL_BOOK_CPTY_CDRM|DTCH L|BOOK_CPYT_SRC_SYSTEM|RMS|SUBBRANCH|LDN|CPTY_CDRMNEMONIC||AMI_CODE|0840|BOOK_CPTY|EMIS1|PUBLICATIONTIME|2010-09-24 15:59:15.989|DBLEGALENTITY|London|ISLIVEYN|Y</Text>
</Message>
