<?xml version="1.0" encoding="UTF-8"?>
<Message>
    <SystemInfo>
        <JMSDestination>Topic[exodus.pipe.demo]</JMSDestination>
        <JMSReplyTo/>
        <JMSDeliveryMode>2</JMSDeliveryMode>
        <JMSRedelivered>false</JMSRedelivered>
        <JMSCorrelationID>null</JMSCorrelationID>
        <JMSType>null</JMSType>
        <JMSTimestamp>1285344143008</JMSTimestamp>
        <JMSExpiration>0</JMSExpiration>
        <JMSPriority>4</JMSPriority>
    </SystemInfo>
    <ApplicationInfo>
        <SYSTEMID>187941441</SYSTEMID>
        <TRADEGROUP>COMMODITYINDEX</TRADEGROUP>
        <VERSION>135</VERSION>
        <COUNTERPARTY>CUWA</COUNTERPARTY>
        <MESSAGE_TYPE>RMS_TRADE</MESSAGE_TYPE>
        <TRADETYPE>CommodityIndexOneBarOpt</TRADETYPE>
        <BOOK>PMFFINDX</BOOK>
        <ACTION>Economic</ACTION>
        <STATUS>Open</STATUS>
    </ApplicationInfo>
    <Text>SYSTEMID|187941441|VERSION|135|LATESTVERSIONYN|Y|ACCCURRENCY|EUR|UNDERCURRENCY|EUR|CONTRACTCODE|OYE_AGS_EUR|NOTIONAL|-889700|NOTIONALRESETTINGYN||FEEPERCENTAGE||FEESONLYYN||STRIKE|88.5839|EFFECTIVEDATE||ROLLDATE||LASTROLLDATE||ENDDATE||NUMFLOWSHAVEPAID||FREQUENCY||DATECONVENTION||PAYMENTCITIES||SPECIALROLLTYPE||SWAPTBILLYN||CP|P|EXPIRYDATE|2013-03-12 00:00:00.000|SETTLEMENTDATE|2013-03-15 00:00:00.000|BARRIER|44.292|BARRIERDIRECTION|L|UPBARRIER||LOWBARRIER||UPBARKNOCKINYN||LOWBARKNOCKINYN||PRODUCTNOTIONAL||BARRIERSTARTDATE||BARRIERENDDATE||OPTIONRATETERM||STRIKEFIXINGDATE||STRIKEFIXINGPERCENTAGE||FUTURESEXPIRYDATE||OPTIONEXPIRYDATE||CASHSETTLEDYN||INDEXFUNDYN||DEACCRUINGUNWINDPERCENTAGE||PENALTYENDDATE||FIXEDUNWINDPERCENTAGE||UNITS||UNITCONVERSIONFACTOR||STRIKEFIXINGSPREAD||PREMIUMAMOUNT||PREMIUMDATE||PREMIUMHASPAIDYN||UNWINDRATE||UNWINDPREMIUMCURRENCY||UNWINDPREMIUMAMOUNT||UNWINDPREMIUMDATE||MARGINPAYMENTCURRENCY||MARGINPAYMENTAMOUNT||NOTES|XOL DE000DB4CGJ9 STRUCTURED|CALCULATIONAGENT|DB|BACKOFFICESYSTEM||BACKOFFICESYSTEMID|DE000DB4CGJ9|BACKOFFICEPROCESSING|Manual|BACKOFFICEACCEPTED||BACKOFFICEENDDATE||BACKOFFICEEVENT||BACKOFFICEBRANCHACCEPTED||BACKOFFICEBRANCHEVENT||ASSETLOCATION||TRADEEXTRADETAILID|0|TRADEEXTRADETAILVERSION|0|VERSIONVALIDUNTILDATE||TRADECLASSIFICATION|1|FUNDSPLITALLOCATIONID||FUNDSPLITALLOCATIONLEGID||DEALCAPTURESALESUSER|RMS_SHERMAR|TEARUPID||ELECTEDCONFIRMATIONSYSTEM|///|ELECTEDCONFIRMATIONRULEID|67|PREVIOUSCONFIRMATIONSYSTEM|///|ELECTEDSETTLEMENTSYSTEM|///|ELECTEDSETTLEMENTRULEID|67|PREVIOUSSETTLEMENTSYSTEM|///|BOOK|PMFFINDX|BLOTTER||STATUS|Open|TRADETYPE|CommodityIndexOneBarOpt|TRADETABLE|COMMODITYINDEX|TRADEID|108306389K|COUNTERPARTY|CUWA|COUNTERPARTYSOURCESYSTEM|RMS|DBICOUNTERPARTYID||DEALCAPTURESYSTEM|XOL|DEALCAPTURESYSTEMID|DE000DB4CGJ9|SOURCESYSTEM|RMS|SOURCESYSTEMID|187941441|SOURCESYSTEMBOOK|PMFFINDX|STRUCTUREID|108306389|LEGALENTITY|London|BOOKINGLOCATION|London|DATECREATED|2009-02-11 18:23:50.000|LASTUPDATED|2010-09-17 15:18:20.000|ACTION|Economic|ACTIONEFFECTIVEDATE|2010-09-17 00:00:00.000|FUNDSPLITID||FUNDSPLITVERSION||PRODUCTTYPE|CUWAWARR|PRODUCTINSTANCE||SOURCESYSTEMPROFITCENTRE||CUSTOMER|CUWA|CUSTOMERSOURCESYSTEM|RMS|SALESPERSON||TRADER||ENTEREDBY|XOLBUS_SUBSCRIBER|TRADEDATE|2009-02-11 00:00:00.000|USERENTEREDTRADEDATE||CLOSINGDATE||CONFIRMAS||MARKUPAMT||MARKUPCCY||MARKUPLOCATION||ATRISKAMT||ATRISKCCY||ATRISKLOCATION||ATRISKINDICATOR||REASON|Warrant|STRUCTURENAME||BROKER||BROKERAMT||BROKERCCY||LINKSYSTEMID||LINKTYPE||CANCELSSOURCESYSTEMID||CANCELLEDBYSOURCESYSTEMID||CANCELLINGHALFSOURCESYSTEMID||CORRECTSSOURCESYSTEMID||CORRECTEDBYSOURCESYSTEMID||CLOSESSOURCESYSTEMID||CLOSEDBYSOURCESYSTEMID||EXERCISEDINTOSOURCESYSTEMID||EXERCISEDFROMSOURCESYSTEMID||PRODUCTID|182206123|PRODUCTVERSION|1|PRODUCTLEGID||PREMIUMCURRENCY||INDEXTRYN|N|LOGICALDELETEYN|N|FUTSELECTOPTSETTLEMENT||FUTSELECTZONECUT||FUTURETYPE|CommodityFuture|FUTURESUBTYPE|Index|FUTURECODE|OYE_AGS_EUR|FUTURESHORTCODE||ORDERFIELD|1|EXCHANGE|NA|DESCRIPTION|OY AGS EUR-hedged|CURRENCY|EUR|CURRENCYMEASUREMENTUNIT||CONTRACTMEASUREMENTUNIT||MEASUREMENTUNITCONVERSION|1|CONTRACTSIZE|1|TICKSIZE|1|TICKVALUE|1|DECAYRATE|0|BASEVOL|0|MEANREVERSION|0|PRICECURVE|DBLCI-OY_AGS_E_EUR_ASK|VOLCURVE|DBLCI-OY_AGS_E_EUR_VOL|VOLBLEND|0|VOLPRICESHIFT|0|VOLSURFACE||WSSCONTRACTCODE||RRATESCONTRACTCODE||COUNTERPARTYID||CONFIRMATIONUNIT||CONFIRMATIONSTATISTICSTATION||DATECALCULATIONRULE||COMPOSITIONTYPE||COMPOSITIONSOURCE||COMPOSITIONOPTION||COMPOSITIONWEIGHTING||SPOTCURVE|DBLCI-OY_AGS_E_EUR|UNDERLYINGSPOTINDEXCURVE||RICCODE||FUTURESSELECTMAPYN|N|FUTSELECTOPTTYPE||FUTSELECTPRICESCALAR|1|FUTSELECTDELIVERY||FUTSELECTFRACTSCALAR|100|FUTSELECTOPTPRICESCALAR|1|FUTSELECTOPTFRACTSCALAR|100|PRODUCTTYPEID|WARRANT|INDEXSCHEDULE|&lt;EMPTY&gt;|INDEXRESETS|&lt;EMPTY&gt;|HIGH_LEVEL_CPTY_CDRMNEMONIC|DTCH F  113|COUNTERPARTYNAME|T&amp;S CURRENCY WARRANT DESK|CPTY_CDRMNEMONIC|DTCH F  113|BOOK_CPTY|PMFFINDX|BOOK_CPTY_CDRMNEMONIC|DTCH L  5HT|PROFIT_CENTRE||BOOKBRANCHPARENT|Commodities|HIGH_LEVEL_BOOK_CPTY_CDRM|DTCH L|BOOK_CPYT_SRC_SYSTEM|RMS|SUBBRANCH|FFT|AMI_CODE|0100|ACCRUALBASIS||PUBLICATIONTIME|2010-09-24 16:02:23.007|DBLEGALENTITY|London|ISLIVEYN|Y</Text>
</Message>
