<?xml version="1.0" encoding="UTF-8"?>
<Message>
    <SystemInfo>
        <JMSDestination>Topic[exodus.pipe.demo]</JMSDestination>
        <JMSReplyTo/>
        <JMSDeliveryMode>2</JMSDeliveryMode>
        <JMSRedelivered>false</JMSRedelivered>
        <JMSCorrelationID>null</JMSCorrelationID>
        <JMSType>null</JMSType>
        <JMSTimestamp>1285344055194</JMSTimestamp>
        <JMSExpiration>0</JMSExpiration>
        <JMSPriority>4</JMSPriority>
    </SystemInfo>
    <ApplicationInfo>
        <SYSTEMID>263350209</SYSTEMID>
        <TRADEGROUP>COMMODITYONELEG</TRADEGROUP>
        <VERSION>4</VERSION>
        <COUNTERPARTY>COMM_BU</COUNTERPARTY>
        <MESSAGE_TYPE>RMS_TRADE</MESSAGE_TYPE>
        <TRADETYPE>CommodityEuroOpt</TRADETYPE>
        <BOOK>XBRDLON2</BOOK>
        <ACTION>NonEconomic</ACTION>
        <STATUS>Open</STATUS>
    </ApplicationInfo>
    <Text>SYSTEMID|263350209|TRADETYPE|CommodityEuroOpt|TRADEID|150569838B|SOURCESYSTEM|RMS|BOOK|XBRDLON2|BLOTTER||COUNTERPARTY|COMM_BU|COUNTERPARTYSOURCESYSTEM|RMS|COUNTERPARTYNAME|DEUTSCHE BANK AG AC COMM BU|DBICOUNTERPARTYID||CUSTOMER|COMM_BU|CUSTOMERSOURCESYSTEM|RMS|STATUS|Open|PREMIUMCURRENCY||PREMIUMAMOUNT||PREMIUMDATE||PREMIUMHASPAIDYN||UNWINDRATE||UNWINDPREMIUMCURRENCY||UNWINDPREMIUMAMOUNT||UNWINDPREMIUMDATE||MARGINPAYMENTCURRENCY||MARGINPAYMENTAMOUNT||CONTRACTCODE|AGS_BEANS|CURRENCY|USD|STARTCONTRACTDATE||ENDCONTRACTDATE||DAILYNOTIONAL||PERIODNOTIONAL||TOTALNOTIONAL||STRIKE|9.6|SPREAD||AVERAGINGSTYLE||NUMFLOWSHAVEPAID||EXPIRYDATE|2011-04-21 00:00:00.000|CP|P|BUYSELL||SETTLEMENTDATE|2011-04-26 00:00:00.000|FREQUENCY||PAYMENTCITIES||FIXINGCITIES||LASTTRADINGDATEOFFSET||PROMPTCONTRACTOFFSET||UNITS|Lots|UNITCONVERSIONFACTOR|1|UNDISCOUNTEDYN||MODELTYPE||PRODUCTID|262507169|PRODUCTVERSION|2|PRODUCTLEGID||STRUCTUREID|150569838|TRADEDATE|2010-03-25 00:00:00.000|LASTUPDATED|2010-09-09 23:11:17.000|ACTION|NonEconomic|ACTIONEFFECTIVEDATE|2010-09-09 00:00:00.000|SOURCESYSTEMBOOK|XBRDLON2|SOURCESYSTEMPROFITCENTRE||SALESPERSON||TRADER||ENTEREDBY|MENEGUS|FUNDSPLITID||FUNDSPLITVERSION||STRUCTURENAME||MARKUPAMT||MARKUPCCY||MARKUPLOCATION||ATRISKAMT||ATRISKCCY||ATRISKLOCATION||ATRISKINDICATOR||REASON||NOTES||BROKER||BROKERAMT||BROKERCCY||LINKSYSTEMID||LINKTYPE||SOURCESYSTEMID|263350209|DATECREATED|2010-03-25 18:47:22.000|CONFIRMAS||VERSION|4|CANCELSSOURCESYSTEMID||CANCELLEDBYSOURCESYSTEMID||CANCELLINGHALFSOURCESYSTEMID||CORRECTSSOURCESYSTEMID||CORRECTEDBYSOURCESYSTEMID||CLOSESSOURCESYSTEMID||CLOSEDBYSOURCESYSTEMID||EXERCISEDINTOSOURCESYSTEMID||EXERCISEDFROMSOURCESYSTEMID||LATESTVERSIONYN|Y|CLOSINGDATE||LEGALENTITY|London|DEALCAPTURESYSTEM|RMS|DEALCAPTURESYSTEMID|263350209|BOOKINGLOCATION|London|PRODUCTTYPE||PRODUCTINSTANCE||BACKOFFICESYSTEM||BACKOFFICESYSTEMID||VERSIONVALIDUNTILDATE||TRADEEXTRADETAILID|53651621|TRADEEXTRADETAILVERSION|3|TRADECLASSIFICATION|1|DEALCAPTURESALESUSER|RMS_CHUMINH|FUNDSPLITALLOCATIONID||FUNDSPLITALLOCATIONLEGID||TEARUPID||ELECTEDCONFIRMATIONSYSTEM|///|ELECTEDCONFIRMATIONRULEID|68|PREVIOUSCONFIRMATIONSYSTEM|///|ELECTEDSETTLEMENTSYSTEM|///|ELECTEDSETTLEMENTRULEID|68|PREVIOUSSETTLEMENTSYSTEM|///|ACCCURRENCY|USD|CALCULATIONAGENT|DB|BACKOFFICEPROCESSING|Manual|BACKOFFICEACCEPTED|Y|BACKOFFICEENDDATE||BACKOFFICEEVENT||BACKOFFICEBRANCHACCEPTED||BACKOFFICEBRANCHEVENT||ASSETLOCATION||TRADETABLE|COMMODITYONELEG|USERENTEREDTRADEDATE||UNDERCURRENCY|USD|NOTIONAL|330|OPTIONRATETERM|3b|PRODUCTNOTIONAL||STRIKEFIXINGDATE||STRIKEFIXINGPERCENTAGE||FUTURESEXPIRYDATE||OPTIONEXPIRYDATE||CASHSETTLEDYN|Y|USERDATA||CONTRACTCURRENCY|USD|LOTSNOTIONAL|330|BARRIER||BARRIERDIRECTION||BARRIERSTARTDATE||BARRIERENDDATE||FIXRAW_PERIODNOTIONAL||FIXRAW_ACCCURRENCY|USD|PRODUCTTYPEID|INTERNAL|ONELEGSCHEDULE|&lt;EMPTY&gt;|ONELEGRESET|&lt;EMPTY&gt;|EXTRADETAILGIROTRADEYN|N|GIROTRADEYN|N|BOOK_CPTY_CDRMNEMONIC|DTCH L  9OM|PROFIT_CENTRE|ELM0|BOOKBRANCHPARENT|Emerging Markets LATAM|HIGH_LEVEL_CPTY_CDRMNEMONIC|DTCH L  J9W|HIGH_LEVEL_BOOK_CPTY_CDRM|DTCH L|BOOK_CPYT_SRC_SYSTEM|RMS|SUBBRANCH|EMK|CPTY_CDRMNEMONIC|DTCH L  J9W|AMI_CODE|0840|BOOK_CPTY|XBRDLON2|PUBLICATIONTIME|2010-09-24 16:00:55.193|DBLEGALENTITY|London|ISLIVEYN|Y</Text>
</Message>
