<?xml version="1.0" encoding="UTF-8"?>
<Message>
    <SystemInfo>
        <JMSDestination>Topic[exodus.pipe.demo]</JMSDestination>
        <JMSReplyTo/>
        <JMSDeliveryMode>2</JMSDeliveryMode>
        <JMSRedelivered>false</JMSRedelivered>
        <JMSCorrelationID>null</JMSCorrelationID>
        <JMSType>null</JMSType>
        <JMSTimestamp>1285344075996</JMSTimestamp>
        <JMSExpiration>0</JMSExpiration>
        <JMSPriority>4</JMSPriority>
    </SystemInfo>
    <ApplicationInfo>
        <SYSTEMID>271088853</SYSTEMID>
        <TRADEGROUP>COMMODITYEMISSION</TRADEGROUP>
        <VERSION>2</VERSION>
        <COUNTERPARTY>MONDILT</COUNTERPARTY>
        <MESSAGE_TYPE>RMS_TRADE</MESSAGE_TYPE>
        <TRADETYPE>CommodityEmissionSec</TRADETYPE>
        <BOOK>EMIS1</BOOK>
        <ACTION>New</ACTION>
        <STATUS>Open</STATUS>
    </ApplicationInfo>
    <Text>SYSTEMID|271088853|VERSION|2|LATESTVERSIONYN|N|LEG1CONTRACTCODE|EUA|LEG1PROBABILITYCODE|ITL|LEG1CURRENCY|EUR|LEG1UNDERCURRENCY|EUR|LEG1ETSCOMPLIANTYN|Y|LEG1METHODOLOGY|NONE|LEG1PROJECT|SECONDARY|LEG1REGISTRY|UK|LEG1PHYSICALLYDELIVERABLEYN|Y|LEG1PERIODNOTIONAL|50000|LEG1TOTALNOTIONAL|50000|LEG1VERIFICATIONOFFSET|0d|LEG1DELIVERYOFFSET|0|LEG1PAYMENTOFFSET|2b|LEG1STRIKE|15.1|LEG1ASSETSPREAD|0|LEG1ASSETMULTIPLIER|1|LEG1EFFECTIVEDATE|2010-09-16 00:00:00.000|LEG1ENDDATE|2010-09-16 00:00:00.000|LEG1NUMFLOWSHAVEPAID|0|LEG1FREQUENCY|1Y|LEG1DATECONVENTION|Prev|LEG2CONTRACTCODE|EUA|LEG2PROBABILITYCODE|ITL|LEG2CURRENCY|EUR|LEG2UNDERCURRENCY|EUR|LEG2ETSCOMPLIANTYN|Y|LEG2METHODOLOGY|NONE|LEG2PROJECT|SECONDARY|LEG2REGISTRY|UK|LEG2PHYSICALLYDELIVERABLEYN|N|LEG2PERIODNOTIONAL|-50000|LEG2TOTALNOTIONAL|-50000|LEG2VERIFICATIONOFFSET|0d|LEG2DELIVERYOFFSET|0|LEG2PAYMENTOFFSET|2b|LEG2STRIKE|15.1|LEG2ASSETSPREAD|0|LEG2ASSETMULTIPLIER|1|LEG2EFFECTIVEDATE|2010-09-16 00:00:00.000|LEG2ENDDATE|2010-09-16 00:00:00.000|LEG2NUMFLOWSHAVEPAID|1|LEG2FREQUENCY|1Y|LEG2DATECONVENTION|Prev|LEG1FUNDINGRATE|0|LEG1HASFUNDING|N|LEG1LOANPAID|N|LEG2FUNDINGRATE|0|LEG2HASFUNDING|N|LEG2LOANPAID|N|NOTES||CALCULATIONAGENT|DB|BACKOFFICESYSTEM||BACKOFFICESYSTEMID||BACKOFFICEPROCESSING|Manual|BACKOFFICEACCEPTED|N|BACKOFFICEENDDATE||BACKOFFICEEVENT||BACKOFFICEBRANCHACCEPTED||BACKOFFICEBRANCHEVENT||ASSETLOCATION||TRADEEXTRADETAILID|0|TRADEEXTRADETAILVERSION|0|VERSIONVALIDUNTILDATE|2010-09-16 06:00:04.000|TRADECLASSIFICATION|1|FUNDSPLITALLOCATIONID||FUNDSPLITALLOCATIONLEGID||DEALCAPTURESALESUSER|RMS_DREIAND|TEARUPID||ELECTEDCONFIRMATIONSYSTEM|///|ELECTEDCONFIRMATIONRULEID|66|PREVIOUSCONFIRMATIONSYSTEM|///|ELECTEDSETTLEMENTSYSTEM|///|ELECTEDSETTLEMENTRULEID|66|PREVIOUSSETTLEMENTSYSTEM|///|BOOK|EMIS1|BLOTTER||STATUS|Open|TRADETYPE|CommodityEmissionSec|TRADETABLE|COMMODITYEMISSION|TRADEID|154724693A|COUNTERPARTY|MONDILT|COUNTERPARTYSOURCESYSTEM|RMS|DBICOUNTERPARTYID||DEALCAPTURESYSTEM|RMS|DEALCAPTURESYSTEMID|271088853|SOURCESYSTEM|RMS|SOURCESYSTEMID|271088853|SOURCESYSTEMBOOK|EMIS1|STRUCTUREID|154724693|LEGALENTITY|London|BOOKINGLOCATION|London|DATECREATED|2010-04-26 18:28:39.000|LASTUPDATED|2010-09-16 06:00:03.000|ACTION|New|ACTIONEFFECTIVEDATE|2010-04-26 00:00:00.000|FUNDSPLITID||FUNDSPLITVERSION||PRODUCTTYPE||PRODUCTINSTANCE||SOURCESYSTEMPROFITCENTRE||CUSTOMER|MONDILT|CUSTOMERSOURCESYSTEM|RMS|SALESPERSON|Andreas Dreier|TRADER||ENTEREDBY|RMS_OWNER|TRADEDATE|2010-04-26 00:00:00.000|USERENTEREDTRADEDATE||CLOSINGDATE||CONFIRMAS||MARKUPAMT|1000|MARKUPCCY|EUR|MARKUPLOCATION|London|ATRISKAMT|1500|ATRISKCCY|EUR|ATRISKLOCATION|London|ATRISKINDICATOR||REASON||STRUCTURENAME||BROKER||BROKERAMT||BROKERCCY||LINKSYSTEMID||LINKTYPE||CANCELSSOURCESYSTEMID||CANCELLEDBYSOURCESYSTEMID||CANCELLINGHALFSOURCESYSTEMID||CORRECTSSOURCESYSTEMID||CORRECTEDBYSOURCESYSTEMID||CLOSESSOURCESYSTEMID||CLOSEDBYSOURCESYSTEMID||EXERCISEDINTOSOURCESYSTEMID||EXERCISEDFROMSOURCESYSTEMID||PRODUCTID|263993651|PRODUCTVERSION|2|PRODUCTLEGID||PRODUCTTYPEID|COMMODEMISSEC|EMISSIONRESETS|&lt;EMPTY&gt;|LEG1FLOWASSETSPREAD|0|LEG1FLOWID|1|LEG1FLOWASSETMULTIPLIER|1|LEG1FLOWPROBABILITYSPREAD|0|LEG1FLOWTOPAY|N|LEG1FLOWEDITEDYN|N|LEG1FLOWPROBABILITYMULTIPLIER|1|LEG1FLOWHAVEPAID|N|LEG1DELIVERYSTARTDATE|2010-09-16 00:00:00.000|LEG1DELIVERYENDDATE|2010-09-16 00:00:00.000|LEG1PREPAIDNOTIONAL|0|LEG1PAYMENTDATE|2010-09-20 00:00:00.000|LEG1VERIFICATIONENDDATE|2010-09-16 00:00:00.000|LEG1VERIFICATIONSTARTDATE|2010-09-16 00:00:00.000|LEG1LEGID|1|LEG1FLOWNOTIONAL|50000|LEG2FLOWASSETSPREAD|0|LEG2FLOWID|1|LEG2FLOWASSETMULTIPLIER|1|LEG2FLOWPROBABILITYSPREAD|0|LEG2FLOWTOPAY|N|LEG2FLOWEDITEDYN|N|LEG2FLOWPROBABILITYMULTIPLIER|1|LEG2FLOWHAVEPAID|Y|LEG2DELIVERYSTARTDATE|2010-09-16 00:00:00.000|LEG2DELIVERYENDDATE|2010-09-16 00:00:00.000|LEG2PREPAIDNOTIONAL|0|LEG2PAYMENTDATE|2010-09-20 00:00:00.000|LEG2VERIFICATIONENDDATE|2010-09-16 00:00:00.000|LEG2VERIFICATIONSTARTDATE|2010-09-16 00:00:00.000|LEG2LEGID|2|LEG2FLOWNOTIONAL|-50000|BOOK_CPTY_CDRMNEMONIC|DTCH L  6XV|PROFIT_CENTRE|ENV0|BOOKBRANCHPARENT|Commodities|HIGH_LEVEL_CPTY_CDRMNEMONIC|MNDIFL|HIGH_LEVEL_BOOK_CPTY_CDRM|DTCH L|BOOK_CPYT_SRC_SYSTEM|RMS|COUNTERPARTYNAME|MONDI FINANCE PLC|SUBBRANCH|LDN|CPTY_CDRMNEMONIC|MNDIFL|AMI_CODE|0840|BOOK_CPTY|EMIS1|LEG1PAYMENTHOLIDAYS|EUR|LEG1PROBABILITYMULTIPLIER|1|LEG1SPECIALROLLTYPE|RollUp|LEG1PROBABILITYSPREAD|0|LEG2PROBABILITYSPREAD|0|LEG1FLOATYN|Y|LEG2SPECIALROLLTYPE|RollUp|LEG2FLOATYN|N|LEG1INITIALLOANAMOUNT|0|LEG2STARTDATE|2010-09-16 00:00:00.000|LEG2LOANDATE|2010-04-26 00:00:00.000|LEG2PROBABILITYMULTIPLIER|1|LEG1STARTDATE|2010-09-16 00:00:00.000|LEG2PAYMENTHOLIDAYS|EUR|LEG1LOANDATE|2010-04-26 00:00:00.000|LEG2INITIALLOANAMOUNT|0|PUBLICATIONTIME|2010-09-24 16:01:15.994|DBLEGALENTITY|London|ISLIVEYN|Y</Text>
</Message>
