<?xml version="1.0" encoding="UTF-8"?>
<Message>
    <SystemInfo>
        <JMSDestination>Topic[exodus.pipe.demo]</JMSDestination>
        <JMSReplyTo/>
        <JMSDeliveryMode>2</JMSDeliveryMode>
        <JMSRedelivered>false</JMSRedelivered>
        <JMSCorrelationID>null</JMSCorrelationID>
        <JMSType>null</JMSType>
        <JMSTimestamp>1285344092445</JMSTimestamp>
        <JMSExpiration>0</JMSExpiration>
        <JMSPriority>4</JMSPriority>
    </SystemInfo>
    <ApplicationInfo>
        <SYSTEMID>267662652</SYSTEMID>
        <TRADEGROUP>COMMODITYONELEG</TRADEGROUP>
        <VERSION>3</VERSION>
        <COUNTERPARTY>BMOPTMZN</COUNTERPARTY>
        <MESSAGE_TYPE>RMS_TRADE</MESSAGE_TYPE>
        <TRADETYPE>CommodityExchEuroOpt</TRADETYPE>
        <BOOK>BMPROPSTRAT</BOOK>
        <ACTION>NonEconomic</ACTION>
        <STATUS>Open</STATUS>
    </ApplicationInfo>
    <Text>SYSTEMID|267662652|TRADETYPE|CommodityExchEuroOpt|TRADEID|152894196I|SOURCESYSTEM|RMS|BOOK|BMPROPSTRAT|BLOTTER||COUNTERPARTY|BMOPTMZN|COUNTERPARTYSOURCESYSTEM|RMS|COUNTERPARTYNAME|BMOPTMZN|DBICOUNTERPARTYID||CUSTOMER|BMOPTMZN|CUSTOMERSOURCESYSTEM|RMS|STATUS|Open|PREMIUMCURRENCY|USD|PREMIUMAMOUNT|-125620|PREMIUMDATE|2010-04-14 00:00:00.000|PREMIUMHASPAIDYN|Y|UNWINDRATE||UNWINDPREMIUMCURRENCY||UNWINDPREMIUMAMOUNT||UNWINDPREMIUMDATE||MARGINPAYMENTCURRENCY||MARGINPAYMENTAMOUNT||CONTRACTCODE|XZN|CURRENCY|USD|STARTCONTRACTDATE||ENDCONTRACTDATE||DAILYNOTIONAL||PERIODNOTIONAL||TOTALNOTIONAL||STRIKE|2050|SPREAD||AVERAGINGSTYLE||NUMFLOWSHAVEPAID||EXPIRYDATE|2010-12-01 00:00:00.000|CP|P|BUYSELL||SETTLEMENTDATE|2010-12-15 00:00:00.000|FREQUENCY||PAYMENTCITIES||FIXINGCITIES||LASTTRADINGDATEOFFSET||PROMPTCONTRACTOFFSET||UNITS|Lots|UNITCONVERSIONFACTOR|1|UNDISCOUNTEDYN||MODELTYPE||PRODUCTID|260259166|PRODUCTVERSION|2|PRODUCTLEGID||STRUCTUREID|152894196|TRADEDATE|2010-04-13 00:00:00.000|LASTUPDATED|2010-09-07 19:19:25.000|ACTION|NonEconomic|ACTIONEFFECTIVEDATE|2010-09-07 00:00:00.000|SOURCESYSTEMBOOK|BMPROPSTRAT|SOURCESYSTEMPROFITCENTRE||SALESPERSON||TRADER||ENTEREDBY|ALLTTIM|FUNDSPLITID||FUNDSPLITVERSION||STRUCTURENAME||MARKUPAMT||MARKUPCCY||MARKUPLOCATION||ATRISKAMT||ATRISKCCY||ATRISKLOCATION||ATRISKINDICATOR||REASON||NOTES||BROKER||BROKERAMT||BROKERCCY||LINKSYSTEMID|267662654|LINKTYPE|BackToBackMaster|SOURCESYSTEMID|267662652|DATECREATED|2010-04-13 23:16:47.000|CONFIRMAS||VERSION|3|CANCELSSOURCESYSTEMID||CANCELLEDBYSOURCESYSTEMID||CANCELLINGHALFSOURCESYSTEMID||CORRECTSSOURCESYSTEMID||CORRECTEDBYSOURCESYSTEMID||CLOSESSOURCESYSTEMID||CLOSEDBYSOURCESYSTEMID||EXERCISEDINTOSOURCESYSTEMID||EXERCISEDFROMSOURCESYSTEMID||LATESTVERSIONYN|Y|CLOSINGDATE||LEGALENTITY|London|DEALCAPTURESYSTEM|RMS|DEALCAPTURESYSTEMID|267662652|BOOKINGLOCATION|London|PRODUCTTYPE||PRODUCTINSTANCE||BACKOFFICESYSTEM||BACKOFFICESYSTEMID||VERSIONVALIDUNTILDATE||TRADEEXTRADETAILID|54215288|TRADEEXTRADETAILVERSION|2|TRADECLASSIFICATION|1|DEALCAPTURESALESUSER|RMS_SORRCHR|FUNDSPLITALLOCATIONID||FUNDSPLITALLOCATIONLEGID||TEARUPID||ELECTEDCONFIRMATIONSYSTEM|///|ELECTEDCONFIRMATIONRULEID|68|PREVIOUSCONFIRMATIONSYSTEM||ELECTEDSETTLEMENTSYSTEM|///|ELECTEDSETTLEMENTRULEID|68|PREVIOUSSETTLEMENTSYSTEM||ACCCURRENCY|USD|CALCULATIONAGENT|DB|BACKOFFICEPROCESSING|Manual|BACKOFFICEACCEPTED|Y|BACKOFFICEENDDATE||BACKOFFICEEVENT||BACKOFFICEBRANCHACCEPTED||BACKOFFICEBRANCHEVENT||ASSETLOCATION||TRADETABLE|COMMODITYONELEG|USERENTEREDTRADEDATE||UNDERCURRENCY|USD|NOTIONAL|40|OPTIONRATETERM|10b|PRODUCTNOTIONAL||STRIKEFIXINGDATE||STRIKEFIXINGPERCENTAGE||FUTURESEXPIRYDATE|2010-12-01 00:00:00.000|OPTIONEXPIRYDATE|2010-12-01 00:00:00.000|CASHSETTLEDYN|N|USERDATA||CONTRACTCURRENCY|USD|LOTSNOTIONAL|40|BARRIER||BARRIERDIRECTION||BARRIERSTARTDATE||BARRIERENDDATE||FIXRAW_PERIODNOTIONAL||FIXRAW_ACCCURRENCY|USD|PRODUCTTYPEID|INTERNAL|ONELEGSCHEDULE|&lt;EMPTY&gt;|ONELEGRESET|&lt;EMPTY&gt;|EXTRADETAILCLEARVISIONTRADEYN|Y|CLEARVISIONTRADEYN|Y|EXTRADETAILTRADECATEGORY|Normal|TRADECATEGORY|Normal|EXTRADETAILPRICETYPE|Current|PRICETYPE|Current|EXTRADETAILVENUE|Telephone|VENUE|Telephone|EXTRADETAILFOURWAYAGREEMENT|N|FOURWAYAGREEMENT|N|EXTRADETAILLMETRADETIME|1970-01-01 16:10:00.000|LMETRADETIME|1970-01-01 16:10:00.000|BOOK_CPTY_CDRMNEMONIC|DTCH L  G1E|PROFIT_CENTRE|MET0|BOOKBRANCHPARENT|Commodities|HIGH_LEVEL_CPTY_CDRMNEMONIC|DTCH L  19L|HIGH_LEVEL_BOOK_CPTY_CDRM|DTCH L  G1E|BOOK_CPYT_SRC_SYSTEM|RMS|SUBBRANCH||CPTY_CDRMNEMONIC|DTCH L  19L|AMI_CODE|0840|BOOK_CPTY|BMPROPSTRAT|PUBLICATIONTIME|2010-09-24 16:01:32.444|DBLEGALENTITY|London|ISLIVEYN|Y</Text>
</Message>
