<?xml version="1.0" encoding="UTF-8"?>
<Message>
    <SystemInfo>
        <JMSDestination>Topic[exodus.pipe.demo]</JMSDestination>
        <JMSReplyTo/>
        <JMSDeliveryMode>2</JMSDeliveryMode>
        <JMSRedelivered>false</JMSRedelivered>
        <JMSCorrelationID>null</JMSCorrelationID>
        <JMSType>null</JMSType>
        <JMSTimestamp>1285343793901</JMSTimestamp>
        <JMSExpiration>0</JMSExpiration>
        <JMSPriority>4</JMSPriority>
    </SystemInfo>
    <ApplicationInfo>
        <SYSTEMID>180653031</SYSTEMID>
        <TRADEGROUP>COMMODITYINDEX</TRADEGROUP>
        <VERSION>6022</VERSION>
        <COUNTERPARTY>CUWA</COUNTERPARTY>
        <MESSAGE_TYPE>RMS_TRADE</MESSAGE_TYPE>
        <TRADETYPE>CommodityForward</TRADETYPE>
        <BOOK>PMFFOIL</BOOK>
        <ACTION>Economic</ACTION>
        <STATUS>Open</STATUS>
    </ApplicationInfo>
    <Text>SYSTEMID|180653031|VERSION|6022|LATESTVERSIONYN|N|ACCCURRENCY|EUR|UNDERCURRENCY|USD|CONTRACTCODE|BRE|NOTIONAL|-182.653218764877|NOTIONALRESETTINGYN||FEEPERCENTAGE||FEESONLYYN||STRIKE|1|EFFECTIVEDATE||ROLLDATE||LASTROLLDATE||ENDDATE||NUMFLOWSHAVEPAID||FREQUENCY||DATECONVENTION||PAYMENTCITIES||SPECIALROLLTYPE||SWAPTBILLYN||CP||EXPIRYDATE|2010-10-14 00:00:00.000|SETTLEMENTDATE|2010-10-14 00:00:00.000|BARRIER||BARRIERDIRECTION||UPBARRIER|0|LOWBARRIER|0|UPBARKNOCKINYN||LOWBARKNOCKINYN||PRODUCTNOTIONAL||BARRIERSTARTDATE||BARRIERENDDATE||OPTIONRATETERM||STRIKEFIXINGDATE||STRIKEFIXINGPERCENTAGE||FUTURESEXPIRYDATE||OPTIONEXPIRYDATE||CASHSETTLEDYN||INDEXFUNDYN||DEACCRUINGUNWINDPERCENTAGE||PENALTYENDDATE||FIXEDUNWINDPERCENTAGE||UNITS||UNITCONVERSIONFACTOR||STRIKEFIXINGSPREAD||PREMIUMAMOUNT||PREMIUMDATE||PREMIUMHASPAIDYN||UNWINDRATE||UNWINDPREMIUMCURRENCY||UNWINDPREMIUMAMOUNT||UNWINDPREMIUMDATE||MARGINPAYMENTCURRENCY||MARGINPAYMENTAMOUNT||NOTES|XOL DE000DB2BRE3 STRUCTURED|CALCULATIONAGENT|DB|BACKOFFICESYSTEM||BACKOFFICESYSTEMID|DE000DB2BRE3|BACKOFFICEPROCESSING|Manual|BACKOFFICEACCEPTED||BACKOFFICEENDDATE||BACKOFFICEEVENT||BACKOFFICEBRANCHACCEPTED||BACKOFFICEBRANCHEVENT||ASSETLOCATION||TRADEEXTRADETAILID|0|TRADEEXTRADETAILVERSION|0|VERSIONVALIDUNTILDATE|2010-09-17 17:09:56.000|TRADECLASSIFICATION|1|FUNDSPLITALLOCATIONID||FUNDSPLITALLOCATIONLEGID||DEALCAPTURESALESUSER|RMS_PETECHRI1|TEARUPID||ELECTEDCONFIRMATIONSYSTEM|///|ELECTEDCONFIRMATIONRULEID|67|PREVIOUSCONFIRMATIONSYSTEM|///|ELECTEDSETTLEMENTSYSTEM|///|ELECTEDSETTLEMENTRULEID|67|PREVIOUSSETTLEMENTSYSTEM|///|BOOK|PMFFOIL|BLOTTER||STATUS|Open|TRADETYPE|CommodityForward|TRADETABLE|COMMODITYINDEX|TRADEID|103999405A|COUNTERPARTY|CUWA|COUNTERPARTYSOURCESYSTEM|RMS|DBICOUNTERPARTYID||DEALCAPTURESYSTEM|XOL|DEALCAPTURESYSTEMID|DE000DB2BRE3|SOURCESYSTEM|RMS|SOURCESYSTEMID|180653031|SOURCESYSTEMBOOK|PMFFOIL|STRUCTUREID|103999405|LEGALENTITY|London|BOOKINGLOCATION|London|DATECREATED|2008-12-23 23:22:37.000|LASTUPDATED|2010-09-17 15:23:22.000|ACTION|Economic|ACTIONEFFECTIVEDATE|2010-09-17 00:00:00.000|FUNDSPLITID||FUNDSPLITVERSION||PRODUCTTYPE|CUWAWARR|PRODUCTINSTANCE||SOURCESYSTEMPROFITCENTRE||CUSTOMER|CUWA|CUSTOMERSOURCESYSTEM|RMS|SALESPERSON||TRADER||ENTEREDBY|XOLBUS_SUBSCRIBER|TRADEDATE|2008-12-23 00:00:00.000|USERENTEREDTRADEDATE||CLOSINGDATE||CONFIRMAS||MARKUPAMT||MARKUPCCY||MARKUPLOCATION||ATRISKAMT||ATRISKCCY||ATRISKLOCATION||ATRISKINDICATOR||REASON|Warrant|STRUCTURENAME||BROKER||BROKERAMT||BROKERCCY||LINKSYSTEMID||LINKTYPE||CANCELSSOURCESYSTEMID||CANCELLEDBYSOURCESYSTEMID||CANCELLINGHALFSOURCESYSTEMID||CORRECTSSOURCESYSTEMID||CORRECTEDBYSOURCESYSTEMID||CLOSESSOURCESYSTEMID||CLOSEDBYSOURCESYSTEMID||EXERCISEDINTOSOURCESYSTEMID||EXERCISEDFROMSOURCESYSTEMID||PRODUCTID|175067248|PRODUCTVERSION|1|PRODUCTLEGID||PREMIUMCURRENCY||INDEXTRYN|N|LOGICALDELETEYN|N|FUTSELECTOPTSETTLEMENT||FUTSELECTZONECUT||FUTURETYPE|CommodityFuture|FUTURESUBTYPE|Oil|FUTURECODE|BRE|FUTURESHORTCODE||ORDERFIELD|1|EXCHANGE|&lt;not set&gt;|DESCRIPTION|IPE_BRENT|CURRENCY|USD|CURRENCYMEASUREMENTUNIT||CONTRACTMEASUREMENTUNIT|BBL|MEASUREMENTUNITCONVERSION|1|CONTRACTSIZE|1000|TICKSIZE|0.01|TICKVALUE|10|DECAYRATE|0.9|BASEVOL|0.2045|MEANREVERSION|0.2|PRICECURVE|IPE_BRENT|VOLCURVE|IPE_BRENT_USD_VOL|VOLBLEND|0|VOLPRICESHIFT|0|VOLSURFACE|BRE_DELTAVOL|WSSCONTRACTCODE|LCO|RRATESCONTRACTCODE|LCO|COUNTERPARTYID|IPEL|CONFIRMATIONUNIT||CONFIRMATIONSTATISTICSTATION||DATECALCULATIONRULE||COMPOSITIONTYPE|S|COMPOSITIONSOURCE|WTI|COMPOSITIONOPTION|InvertedSpread=False|COMPOSITIONWEIGHTING||SPOTCURVE||UNDERLYINGSPOTINDEXCURVE||RICCODE||FUTURESSELECTMAPYN|N|FUTSELECTOPTTYPE||FUTSELECTPRICESCALAR|1|FUTSELECTDELIVERY||FUTSELECTFRACTSCALAR|1|FUTSELECTOPTPRICESCALAR|1|FUTSELECTOPTFRACTSCALAR|1|PRODUCTTYPEID|WARRANT|INDEXSCHEDULE|&lt;EMPTY&gt;|INDEXRESETS|&lt;EMPTY&gt;|HIGH_LEVEL_CPTY_CDRMNEMONIC|DTCH F  113|COUNTERPARTYNAME|T&amp;S CURRENCY WARRANT DESK|CPTY_CDRMNEMONIC|DTCH F  113|BOOK_CPTY|PMFFOIL|BOOK_CPTY_CDRMNEMONIC|DTCH L  6YQ|PROFIT_CENTRE||BOOKBRANCHPARENT|Commodities|HIGH_LEVEL_BOOK_CPTY_CDRM|DTCH L|BOOK_CPYT_SRC_SYSTEM|RMS|SUBBRANCH|FFT|AMI_CODE|0100|ACCRUALBASIS||PUBLICATIONTIME|2010-09-24 15:56:33.900|DBLEGALENTITY|London|ISLIVEYN|Y</Text>
</Message>
