<?xml version="1.0" encoding="UTF-8"?>
<Message>
    <SystemInfo>
        <JMSDestination>Topic[exodus.pipe.demo]</JMSDestination>
        <JMSReplyTo/>
        <JMSDeliveryMode>2</JMSDeliveryMode>
        <JMSRedelivered>false</JMSRedelivered>
        <JMSCorrelationID>null</JMSCorrelationID>
        <JMSType>null</JMSType>
        <JMSTimestamp>1285343792832</JMSTimestamp>
        <JMSExpiration>0</JMSExpiration>
        <JMSPriority>4</JMSPriority>
    </SystemInfo>
    <ApplicationInfo>
        <SYSTEMID>307315031</SYSTEMID>
        <TRADEGROUP>INTERESTRATEFUTURE</TRADEGROUP>
        <VERSION>1</VERSION>
        <COUNTERPARTY>IPEL</COUNTERPARTY>
        <MESSAGE_TYPE>RMS_TRADE</MESSAGE_TYPE>
        <TRADETYPE>CommodityFuture</TRADETYPE>
        <BOOK>PMLNOILHDG</BOOK>
        <ACTION>New</ACTION>
        <STATUS>Open</STATUS>
    </ApplicationInfo>
    <Text>SYSTEMID|307315031|TRADETYPE|CommodityFuture|TRADEID|174124015A|SOURCESYSTEM|ABFO|BOOK|PMLNOILHDG|BLOTTER||COUNTERPARTY|IPEL|COUNTERPARTYSOURCESYSTEM|RMS|COUNTERPARTYNAME|INTERNATIONAL PETROLEUM EXCHANGE OF LONDON LIMITED, THE|DBICOUNTERPARTYID||CUSTOMER|IPEL|CUSTOMERSOURCESYSTEM|RMS|STATUS|Open|CURRENCY|USD|CONTRACTCURRENCY|USD|NUMBEROFCONTRACTS|2|NOTIONAL||FUTURESEXPIRYDATE|2010-10-01 00:00:00.000|FUTURESPRICEPAID|72.37|FUTURESMATURITYDATE||FUTURECODE|BRE|CALCULATEDEXPIRYDATE||CP||EXPIRYDATE||OPTIONEXPIRYDATE||STRIKE||SETTLEMENTDATE||OPTIONPRICEPAID||ZONECUT||MODELTYPE||ASSETLOCATION||PREMIUMCURRENCY||PREMIUMAMOUNT||PREMIUMDATE||PREMIUMHASPAIDYN||UNWINDRATE||UNWINDPREMIUMCURRENCY||UNWINDPREMIUMAMOUNT||UNWINDPREMIUMDATE||MARGINPAYMENTCURRENCY||MARGINPAYMENTAMOUNT||PRODUCTID|299221651|PRODUCTVERSION|1|PRODUCTLEGID||STRUCTUREID|174124015|TRADEDATE|2010-08-24 00:00:00.000|LASTUPDATED|2010-08-25 01:17:57.000|ACTION|New|ACTIONEFFECTIVEDATE|2010-08-25 00:00:00.000|SOURCESYSTEMBOOK|PMLNOILHDG|SOURCESYSTEMPROFITCENTRE||SALESPERSON||TRADER|CHRISTOPH-A.PETERS@DB.COM|ENTEREDBY|ABFO2RMSFEED|FUNDSPLITID||FUNDSPLITVERSION||STRUCTURENAME||MARKUPAMT||MARKUPCCY||MARKUPLOCATION||ATRISKAMT||ATRISKCCY||ATRISKLOCATION||ATRISKINDICATOR||REASON||NOTES|Comments:-|BROKER|DBMG|BROKERAMT||BROKERCCY||LINKSYSTEMID||LINKTYPE||SOURCESYSTEMID|ABFOLDN:748908|DATECREATED|2010-08-25 01:17:57.000|CONFIRMAS||VERSION|1|CANCELSSOURCESYSTEMID||CANCELLEDBYSOURCESYSTEMID||CANCELLINGHALFSOURCESYSTEMID||CORRECTSSOURCESYSTEMID||CORRECTEDBYSOURCESYSTEMID||CLOSESSOURCESYSTEMID||CLOSEDBYSOURCESYSTEMID||EXERCISEDINTOSOURCESYSTEMID||EXERCISEDFROMSOURCESYSTEMID||LATESTVERSIONYN|N|CLOSINGDATE||LEGALENTITY|London|DEALCAPTURESYSTEM|ABFO2RMSFeed|DEALCAPTURESYSTEMID|ABFOLDN:748908:1:1|BOOKINGLOCATION|London|PRODUCTTYPE||PRODUCTINSTANCE||BACKOFFICESYSTEM||BACKOFFICESYSTEMID||VERSIONVALIDUNTILDATE|2010-09-16 00:25:20.000|TRADEEXTRADETAILID||TRADEEXTRADETAILVERSION||TRADECLASSIFICATION||DEALCAPTURESALESUSER||FUNDSPLITALLOCATIONID||FUNDSPLITALLOCATIONLEGID||FUTURESRATEPAID||TEARUPID||ELECTEDCONFIRMATIONSYSTEM|///|ELECTEDCONFIRMATIONRULEID|87|PREVIOUSCONFIRMATIONSYSTEM|NNN|ELECTEDSETTLEMENTSYSTEM|///|ELECTEDSETTLEMENTRULEID|87|PREVIOUSSETTLEMENTSYSTEM|NNN|BACKOFFICEPROCESSING||CALCULATIONAGENT|DB|CLOSEDBY_PRODUCTID||CLOSES_PRODUCTID||LINK_PRODUCTID||PRODUCTTYPEID|////|FOEXPIRYDATE|2010-10-01 00:00:00.000|FOPRICEPAID|72.37|ACCCURRENCY||BACKOFFICEACCEPTED||BACKOFFICEENDDATE||BACKOFFICEEVENT||BACKOFFICEBRANCHACCEPTED||BACKOFFICEBRANCHEVENT||TRADETABLE|INTERESTRATEFUTURE|USERENTEREDTRADEDATE||LOGICALDELETEYN|N|FUTSELECTOPTSETTLEMENT||FUTSELECTZONECUT||FUTURETYPE|CommodityFuture|FUTURESUBTYPE|Oil|FUTURESHORTCODE||ORDERFIELD|1|EXCHANGE|&lt;not set&gt;|DESCRIPTION|IPE_BRENT|UNDERCURRENCY||CURRENCYMEASUREMENTUNIT||CONTRACTMEASUREMENTUNIT|BBL|MEASUREMENTUNITCONVERSION|1|CONTRACTSIZE|1000|TICKSIZE|0.01|TICKVALUE|10|DECAYRATE|0.9|BASEVOL|0.2045|MEANREVERSION|0.2|PRICECURVE|IPE_BRENT|VOLCURVE|IPE_BRENT_USD_VOL|VOLBLEND|0|VOLPRICESHIFT|0|VOLSURFACE|BRE_DELTAVOL|WSSCONTRACTCODE|LCO|RRATESCONTRACTCODE|LCO|COUNTERPARTYID|IPEL|CONFIRMATIONUNIT||CONFIRMATIONSTATISTICSTATION||DATECALCULATIONRULE||COMPOSITIONTYPE|S|COMPOSITIONSOURCE|WTI|COMPOSITIONOPTION|InvertedSpread=False|COMPOSITIONWEIGHTING||SPOTCURVE||UNDERLYINGSPOTINDEXCURVE||RICCODE||FUTURESSELECTMAPYN|N|FUTSELECTOPTTYPE||FUTSELECTPRICESCALAR|1|FUTSELECTDELIVERY||FUTSELECTFRACTSCALAR|1|FUTSELECTOPTPRICESCALAR|1|FUTSELECTOPTFRACTSCALAR|1|FIXRAW_CURRENCY|USD|HIGH_LEVEL_CPTY_CDRMNEMONIC|INPTXL|CPTY_CDRMNEMONIC|INPTXL|BOOK_CPTY|PMLNOILHDG|BOOK_CPTY_CDRMNEMONIC|DTCH L  69V|PROFIT_CENTRE|PML0|BOOKBRANCHPARENT|Commodities|HIGH_LEVEL_BOOK_CPTY_CDRM|DTCH N  CMD|BOOK_CPYT_SRC_SYSTEM|RMS|SUBBRANCH|SPX|AMI_CODE|0840|PUBLICATIONTIME|2010-09-24 15:56:32.831|DBLEGALENTITY|London|ISLIVEYN|Y</Text>
</Message>
