<?xml version="1.0" encoding="UTF-8"?>
<Message>
    <SystemInfo>
        <JMSDestination>Topic[exodus.pipe.demo]</JMSDestination>
        <JMSReplyTo/>
        <JMSDeliveryMode>2</JMSDeliveryMode>
        <JMSRedelivered>false</JMSRedelivered>
        <JMSCorrelationID>null</JMSCorrelationID>
        <JMSType>null</JMSType>
        <JMSTimestamp>1285343888455</JMSTimestamp>
        <JMSExpiration>0</JMSExpiration>
        <JMSPriority>4</JMSPriority>
    </SystemInfo>
    <ApplicationInfo>
        <SYSTEMID>310739673</SYSTEMID>
        <TRADEGROUP>COMMODITYONELEG</TRADEGROUP>
        <VERSION>1</VERSION>
        <COUNTERPARTY>BMOTHTEMP</COUNTERPARTY>
        <MESSAGE_TYPE>RMS_TRADE</MESSAGE_TYPE>
        <TRADETYPE>CommodityExchAsianOpt</TRADETYPE>
        <BOOK>BMOPTMCU</BOOK>
        <ACTION>New</ACTION>
        <STATUS>Open</STATUS>
    </ApplicationInfo>
    <Text>SYSTEMID|310739673|TRADETYPE|CommodityExchAsianOpt|TRADEID|175803720A|SOURCESYSTEM|RMS|BOOK|BMOPTMCU|BLOTTER||COUNTERPARTY|BMOTHTEMP|COUNTERPARTYSOURCESYSTEM|RMS|COUNTERPARTYNAME|BMOTHTEMP|DBICOUNTERPARTYID||CUSTOMER|BMOTHTEMP|CUSTOMERSOURCESYSTEM|RMS|STATUS|Open|PREMIUMCURRENCY|USD|PREMIUMAMOUNT|-87200|PREMIUMDATE|2010-09-09 00:00:00.000|PREMIUMHASPAIDYN|N|UNWINDRATE||UNWINDPREMIUMCURRENCY||UNWINDPREMIUMAMOUNT||UNWINDPREMIUMDATE||MARGINPAYMENTCURRENCY||MARGINPAYMENTAMOUNT||CONTRACTCODE|XCU|CURRENCY|USD|STARTCONTRACTDATE|04-JAN-2011|ENDCONTRACTDATE|2011-01-31 00:00:00.000|DAILYNOTIONAL||PERIODNOTIONAL|16|TOTALNOTIONAL|16|STRIKE|5800|SPREAD||AVERAGINGSTYLE||NUMFLOWSHAVEPAID|0|EXPIRYDATE|2011-01-31 00:00:00.000|CP|P|BUYSELL||SETTLEMENTDATE|2011-02-02 00:00:00.000|FREQUENCY||PAYMENTCITIES|NYC|FIXINGCITIES|LMH|LASTTRADINGDATEOFFSET||PROMPTCONTRACTOFFSET||UNITS|Lots|UNITCONVERSIONFACTOR|1|UNDISCOUNTEDYN||MODELTYPE||PRODUCTID|302562513|PRODUCTVERSION|2|PRODUCTLEGID||STRUCTUREID|175803720|TRADEDATE|2010-09-08 00:00:00.000|LASTUPDATED|2010-09-08 19:13:01.000|ACTION|New|ACTIONEFFECTIVEDATE|2010-09-08 00:00:00.000|SOURCESYSTEMBOOK|BMOPTMCU|SOURCESYSTEMPROFITCENTRE||SALESPERSON||TRADER||ENTEREDBY|PRICMIC|FUNDSPLITID||FUNDSPLITVERSION||STRUCTURENAME||MARKUPAMT||MARKUPCCY||MARKUPLOCATION||ATRISKAMT||ATRISKCCY||ATRISKLOCATION||ATRISKINDICATOR||REASON||NOTES||BROKER||BROKERAMT||BROKERCCY||LINKSYSTEMID|310739674|LINKTYPE|BackToBackMaster|SOURCESYSTEMID|310739673|DATECREATED|2010-09-08 19:13:01.000|CONFIRMAS||VERSION|1|CANCELSSOURCESYSTEMID||CANCELLEDBYSOURCESYSTEMID||CANCELLINGHALFSOURCESYSTEMID||CORRECTSSOURCESYSTEMID||CORRECTEDBYSOURCESYSTEMID||CLOSESSOURCESYSTEMID||CLOSEDBYSOURCESYSTEMID||EXERCISEDINTOSOURCESYSTEMID||EXERCISEDFROMSOURCESYSTEMID||LATESTVERSIONYN|N|CLOSINGDATE||LEGALENTITY|London|DEALCAPTURESYSTEM|RMS|DEALCAPTURESYSTEMID|310739673|BOOKINGLOCATION|London|PRODUCTTYPE||PRODUCTINSTANCE||BACKOFFICESYSTEM||BACKOFFICESYSTEMID||VERSIONVALIDUNTILDATE|2010-09-09 01:16:54.000|TRADEEXTRADETAILID|60108752|TRADEEXTRADETAILVERSION|1|TRADECLASSIFICATION|1|DEALCAPTURESALESUSER|RMS_PRICMIC|FUNDSPLITALLOCATIONID||FUNDSPLITALLOCATIONLEGID||TEARUPID||ELECTEDCONFIRMATIONSYSTEM|///|ELECTEDCONFIRMATIONRULEID|68|PREVIOUSCONFIRMATIONSYSTEM|NNN|ELECTEDSETTLEMENTSYSTEM|///|ELECTEDSETTLEMENTRULEID|68|PREVIOUSSETTLEMENTSYSTEM|NNN|ACCCURRENCY|USD|CALCULATIONAGENT|DB|BACKOFFICEPROCESSING|Standard|BACKOFFICEACCEPTED|Y|BACKOFFICEENDDATE||BACKOFFICEEVENT||BACKOFFICEBRANCHACCEPTED||BACKOFFICEBRANCHEVENT||ASSETLOCATION||TRADETABLE|COMMODITYONELEG|USERENTEREDTRADEDATE||UNDERCURRENCY||NOTIONAL||OPTIONRATETERM||PRODUCTNOTIONAL||STRIKEFIXINGDATE||STRIKEFIXINGPERCENTAGE||FUTURESEXPIRYDATE||OPTIONEXPIRYDATE||CASHSETTLEDYN||USERDATA||CONTRACTCURRENCY|USD|LOTSNOTIONAL|16|BARRIER||BARRIERDIRECTION||BARRIERSTARTDATE||BARRIERENDDATE||FIXRAW_PERIODNOTIONAL|16|FIXRAW_ACCCURRENCY||PRODUCTTYPEID|INTERNAL|FLOWID|1|FLOWFIXINGDATE|2011-02-02 00:00:00.000|FLOWCONTRACTDATE||FLOWNUMBEROFCONTRACTS|16|FLOWNOTIONAL|16|FLOWCP||FLOWSTRIKE|5800|FLOWSPREAD|0|FLOWPAYMENTDATE|2011-02-02 00:00:00.000|FLOWFIXING||FLOWHASPAID|N|RESETID|1|RESETFLOWID|1|RESETFIXINGDATE|2011-01-04 00:00:00.000|RESETCONTRACTDATE|2011-01-04 00:00:00.000|RESETFIXINGWEIGHT|0.8|RESETFIXINGVALUE||RESETHASPAIDYN|N|RESETID|2|RESETFLOWID|1|RESETFIXINGDATE|2011-01-05 00:00:00.000|RESETCONTRACTDATE|2011-01-05 00:00:00.000|RESETFIXINGWEIGHT|0.8|RESETFIXINGVALUE||RESETHASPAIDYN|N|RESETID|3|RESETFLOWID|1|RESETFIXINGDATE|2011-01-06 00:00:00.000|RESETCONTRACTDATE|2011-01-06 00:00:00.000|RESETFIXINGWEIGHT|0.8|RESETFIXINGVALUE||RESETHASPAIDYN|N|RESETID|4|RESETFLOWID|1|RESETFIXINGDATE|2011-01-07 00:00:00.000|RESETCONTRACTDATE|2011-01-07 00:00:00.000|RESETFIXINGWEIGHT|0.8|RESETFIXINGVALUE||RESETHASPAIDYN|N|RESETID|5|RESETFLOWID|1|RESETFIXINGDATE|2011-01-10 00:00:00.000|RESETCONTRACTDATE|2011-01-10 00:00:00.000|RESETFIXINGWEIGHT|0.8|RESETFIXINGVALUE||RESETHASPAIDYN|N|RESETID|6|RESETFLOWID|1|RESETFIXINGDATE|2011-01-11 00:00:00.000|RESETCONTRACTDATE|2011-01-11 00:00:00.000|RESETFIXINGWEIGHT|0.8|RESETFIXINGVALUE||RESETHASPAIDYN|N|RESETID|7|RESETFLOWID|1|RESETFIXINGDATE|2011-01-12 00:00:00.000|RESETCONTRACTDATE|2011-01-12 00:00:00.000|RESETFIXINGWEIGHT|0.8|RESETFIXINGVALUE||RESETHASPAIDYN|N|RESETID|8|RESETFLOWID|1|RESETFIXINGDATE|2011-01-13 00:00:00.000|RESETCONTRACTDATE|2011-01-13 00:00:00.000|RESETFIXINGWEIGHT|0.8|RESETFIXINGVALUE||RESETHASPAIDYN|N|RESETID|9|RESETFLOWID|1|RESETFIXINGDATE|2011-01-14 00:00:00.000|RESETCONTRACTDATE|2011-01-14 00:00:00.000|RESETFIXINGWEIGHT|0.8|RESETFIXINGVALUE||RESETHASPAIDYN|N|RESETID|10|RESETFLOWID|1|RESETFIXINGDATE|2011-01-17 00:00:00.000|RESETCONTRACTDATE|2011-01-17 00:00:00.000|RESETFIXINGWEIGHT|0.8|RESETFIXINGVALUE||RESETHASPAIDYN|N|RESETID|11|RESETFLOWID|1|RESETFIXINGDATE|2011-01-18 00:00:00.000|RESETCONTRACTDATE|2011-01-18 00:00:00.000|RESETFIXINGWEIGHT|0.8|RESETFIXINGVALUE||RESETHASPAIDYN|N|RESETID|12|RESETFLOWID|1|RESETFIXINGDATE|2011-01-19 00:00:00.000|RESETCONTRACTDATE|2011-01-19 00:00:00.000|RESETFIXINGWEIGHT|0.8|RESETFIXINGVALUE||RESETHASPAIDYN|N|RESETID|13|RESETFLOWID|1|RESETFIXINGDATE|2011-01-20 00:00:00.000|RESETCONTRACTDATE|2011-01-20 00:00:00.000|RESETFIXINGWEIGHT|0.8|RESETFIXINGVALUE||RESETHASPAIDYN|N|RESETID|14|RESETFLOWID|1|RESETFIXINGDATE|2011-01-21 00:00:00.000|RESETCONTRACTDATE|2011-01-21 00:00:00.000|RESETFIXINGWEIGHT|0.8|RESETFIXINGVALUE||RESETHASPAIDYN|N|RESETID|15|RESETFLOWID|1|RESETFIXINGDATE|2011-01-24 00:00:00.000|RESETCONTRACTDATE|2011-01-24 00:00:00.000|RESETFIXINGWEIGHT|0.8|RESETFIXINGVALUE||RESETHASPAIDYN|N|RESETID|16|RESETFLOWID|1|RESETFIXINGDATE|2011-01-25 00:00:00.000|RESETCONTRACTDATE|2011-01-25 00:00:00.000|RESETFIXINGWEIGHT|0.8|RESETFIXINGVALUE||RESETHASPAIDYN|N|RESETID|17|RESETFLOWID|1|RESETFIXINGDATE|2011-01-26 00:00:00.000|RESETCONTRACTDATE|2011-01-26 00:00:00.000|RESETFIXINGWEIGHT|0.8|RESETFIXINGVALUE||RESETHASPAIDYN|N|RESETID|18|RESETFLOWID|1|RESETFIXINGDATE|2011-01-27 00:00:00.000|RESETCONTRACTDATE|2011-01-27 00:00:00.000|RESETFIXINGWEIGHT|0.8|RESETFIXINGVALUE||RESETHASPAIDYN|N|RESETID|19|RESETFLOWID|1|RESETFIXINGDATE|2011-01-28 00:00:00.000|RESETCONTRACTDATE|2011-01-28 00:00:00.000|RESETFIXINGWEIGHT|0.8|RESETFIXINGVALUE||RESETHASPAIDYN|N|RESETID|20|RESETFLOWID|1|RESETFIXINGDATE|2011-01-31 00:00:00.000|RESETCONTRACTDATE|2011-01-31 00:00:00.000|RESETFIXINGWEIGHT|0.8|RESETFIXINGVALUE||RESETHASPAIDYN|N|EXTRADETAILCLEARVISIONTRADEYN|Y|CLEARVISIONTRADEYN|Y|EXTRADETAILCONTRACTFIXINGREF|SPOT|CONTRACTFIXINGREF|SPOT|EXTRADETAILLMECARRYYN|N|LMECARRYYN|N|EXTRADETAILMONTHOFEXPIRYDATE|2011-01-01 00:00:00.000|MONTHOFEXPIRYDATE|2011-01-01 00:00:00.000|EXTRADETAILSETTLEMENTOFFSET|2b|SETTLEMENTOFFSET|2b|EXTRADETAILTRADECATEGORY|Normal|TRADECATEGORY|Normal|EXTRADETAILPRICETYPE|Current|PRICETYPE|Current|EXTRADETAILVENUE|Telephone|VENUE|Telephone|EXTRADETAILFOURWAYAGREEMENT|N|FOURWAYAGREEMENT|N|EXTRADETAILLMETRADETIME|1970-01-01 11:31:00.000|LMETRADETIME|1970-01-01 11:31:00.000|BOOK_CPTY_CDRMNEMONIC|DTCH L  19U|PROFIT_CENTRE|MET0|BOOKBRANCHPARENT|Commodities|HIGH_LEVEL_CPTY_CDRMNEMONIC|DTCH L  19C|HIGH_LEVEL_BOOK_CPTY_CDRM|DTCH L  19U|BOOK_CPYT_SRC_SYSTEM|RMS|SUBBRANCH||CPTY_CDRMNEMONIC|DTCH L  19C|AMI_CODE|0840|BOOK_CPTY|BMOPTMCU|PUBLICATIONTIME|2010-09-24 15:58:08.452|DBLEGALENTITY|London|ISLIVEYN|Y</Text>
</Message>
