<?xml version="1.0" encoding="UTF-8"?>
<Message>
    <SystemInfo>
        <JMSDestination>Topic[exodus.pipe.demo]</JMSDestination>
        <JMSReplyTo/>
        <JMSDeliveryMode>2</JMSDeliveryMode>
        <JMSRedelivered>false</JMSRedelivered>
        <JMSCorrelationID>null</JMSCorrelationID>
        <JMSType>null</JMSType>
        <JMSTimestamp>1285344083361</JMSTimestamp>
        <JMSExpiration>0</JMSExpiration>
        <JMSPriority>4</JMSPriority>
    </SystemInfo>
    <ApplicationInfo>
        <SYSTEMID>290680457</SYSTEMID>
        <TRADEGROUP>COMMODITYONELEG</TRADEGROUP>
        <VERSION>161</VERSION>
        <COUNTERPARTY>CUWA</COUNTERPARTY>
        <MESSAGE_TYPE>RMS_TRADE</MESSAGE_TYPE>
        <TRADETYPE>CommodityBarOpt</TRADETYPE>
        <BOOK>PMFFOIL</BOOK>
        <ACTION>Economic</ACTION>
        <STATUS>Open</STATUS>
    </ApplicationInfo>
    <Text>SYSTEMID|290680457|TRADETYPE|CommodityBarOpt|TRADEID|101508183C|SOURCESYSTEM|RMS|BOOK|PMFFOIL|BLOTTER||COUNTERPARTY|CUWA|COUNTERPARTYSOURCESYSTEM|RMS|COUNTERPARTYNAME|T&amp;S CURRENCY WARRANT DESK|DBICOUNTERPARTYID||CUSTOMER|CUWA|CUSTOMERSOURCESYSTEM|RMS|STATUS|Open|PREMIUMCURRENCY||PREMIUMAMOUNT||PREMIUMDATE||PREMIUMHASPAIDYN||UNWINDRATE||UNWINDPREMIUMCURRENCY||UNWINDPREMIUMAMOUNT||UNWINDPREMIUMDATE||MARGINPAYMENTCURRENCY||MARGINPAYMENTAMOUNT||CONTRACTCODE|BRE|CURRENCY|USD|STARTCONTRACTDATE||ENDCONTRACTDATE||DAILYNOTIONAL||PERIODNOTIONAL||TOTALNOTIONAL||STRIKE|40.412|SPREAD||AVERAGINGSTYLE||NUMFLOWSHAVEPAID||EXPIRYDATE|2010-09-15 00:00:00.000|CP|C|BUYSELL||SETTLEMENTDATE|2010-09-15 00:00:00.000|FREQUENCY||PAYMENTCITIES||FIXINGCITIES||LASTTRADINGDATEOFFSET||PROMPTCONTRACTOFFSET||UNITS||UNITCONVERSIONFACTOR||UNDISCOUNTEDYN||MODELTYPE||PRODUCTID|282953960|PRODUCTVERSION|1|PRODUCTLEGID||STRUCTUREID|101508183|TRADEDATE|2010-06-21 00:00:00.000|LASTUPDATED|2010-08-27 18:35:56.000|ACTION|Economic|ACTIONEFFECTIVEDATE|2010-08-27 00:00:00.000|SOURCESYSTEMBOOK|PMFFOIL|SOURCESYSTEMPROFITCENTRE||SALESPERSON||TRADER||ENTEREDBY|XOLBUS_SUBSCRIBER|FUNDSPLITID||FUNDSPLITVERSION||STRUCTURENAME||MARKUPAMT||MARKUPCCY||MARKUPLOCATION||ATRISKAMT||ATRISKCCY||ATRISKLOCATION||ATRISKINDICATOR||REASON|Warrant|NOTES|XOL DE000DB16UT1 STRUCTURED|BROKER||BROKERAMT||BROKERCCY||LINKSYSTEMID||LINKTYPE||SOURCESYSTEMID|290680457|DATECREATED|2010-06-21 14:58:42.000|CONFIRMAS||VERSION|161|CANCELSSOURCESYSTEMID||CANCELLEDBYSOURCESYSTEMID||CANCELLINGHALFSOURCESYSTEMID||CORRECTSSOURCESYSTEMID||CORRECTEDBYSOURCESYSTEMID||CLOSESSOURCESYSTEMID||CLOSEDBYSOURCESYSTEMID||EXERCISEDINTOSOURCESYSTEMID||EXERCISEDFROMSOURCESYSTEMID||LATESTVERSIONYN|N|CLOSINGDATE||LEGALENTITY|London|DEALCAPTURESYSTEM|XOL|DEALCAPTURESYSTEMID|DE000DB16UT1|BOOKINGLOCATION|London|PRODUCTTYPE|CUWAWARR|PRODUCTINSTANCE||BACKOFFICESYSTEM||BACKOFFICESYSTEMID|DE000DB16UT1|VERSIONVALIDUNTILDATE|2010-08-27 18:38:51.000|TRADEEXTRADETAILID|0|TRADEEXTRADETAILVERSION|0|TRADECLASSIFICATION|1|DEALCAPTURESALESUSER|RMS_FANDKON|FUNDSPLITALLOCATIONID||FUNDSPLITALLOCATIONLEGID||TEARUPID||ELECTEDCONFIRMATIONSYSTEM||ELECTEDCONFIRMATIONRULEID||PREVIOUSCONFIRMATIONSYSTEM||ELECTEDSETTLEMENTSYSTEM||ELECTEDSETTLEMENTRULEID||PREVIOUSSETTLEMENTSYSTEM||ACCCURRENCY|USD|CALCULATIONAGENT|DB|BACKOFFICEPROCESSING|Manual|BACKOFFICEACCEPTED||BACKOFFICEENDDATE||BACKOFFICEEVENT||BACKOFFICEBRANCHACCEPTED||BACKOFFICEBRANCHEVENT||ASSETLOCATION||TRADETABLE|COMMODITYONELEG|USERENTEREDTRADEDATE||UNDERCURRENCY|USD|NOTIONAL|-22.3752|OPTIONRATETERM|0b|PRODUCTNOTIONAL||STRIKEFIXINGDATE||STRIKEFIXINGPERCENTAGE||FUTURESEXPIRYDATE||OPTIONEXPIRYDATE||CASHSETTLEDYN|N|USERDATA||CONTRACTCURRENCY|USD|LOTSNOTIONAL||BARRIER|41.63|BARRIERDIRECTION|L|BARRIERSTARTDATE||BARRIERENDDATE||FIXRAW_PERIODNOTIONAL||FIXRAW_ACCCURRENCY|USD|PRODUCTTYPEID|INTERNAL|ONELEGSCHEDULE|&lt;EMPTY&gt;|ONELEGRESET|&lt;EMPTY&gt;|BOOK_CPTY_CDRMNEMONIC|DTCH L  6YQ|PROFIT_CENTRE||BOOKBRANCHPARENT|Commodities|HIGH_LEVEL_CPTY_CDRMNEMONIC|DTCH F  113|HIGH_LEVEL_BOOK_CPTY_CDRM|DTCH L|BOOK_CPYT_SRC_SYSTEM|RMS|SUBBRANCH|FFT|CPTY_CDRMNEMONIC|DTCH F  113|AMI_CODE|0100|BOOK_CPTY|PMFFOIL|PUBLICATIONTIME|2010-09-24 16:01:23.360|DBLEGALENTITY|London|ISLIVEYN|Y</Text>
</Message>
