<?xml version="1.0" encoding="UTF-8"?>
<Message>
    <SystemInfo>
        <JMSDestination>Topic[exodus.pipe.demo]</JMSDestination>
        <JMSReplyTo/>
        <JMSDeliveryMode>2</JMSDeliveryMode>
        <JMSRedelivered>false</JMSRedelivered>
        <JMSCorrelationID>null</JMSCorrelationID>
        <JMSType>null</JMSType>
        <JMSTimestamp>1285344002470</JMSTimestamp>
        <JMSExpiration>0</JMSExpiration>
        <JMSPriority>4</JMSPriority>
    </SystemInfo>
    <ApplicationInfo>
        <SYSTEMID>267220524</SYSTEMID>
        <TRADEGROUP>COMMODITYTWOLEG</TRADEGROUP>
        <VERSION>2</VERSION>
        <COUNTERPARTY>ICMFBM</COUNTERPARTY>
        <MESSAGE_TYPE>RMS_TRADE</MESSAGE_TYPE>
        <TRADETYPE>CommodityBulletSwap</TRADETYPE>
        <BOOK>BMAVDAILY</BOOK>
        <ACTION>CouponPaid</ACTION>
        <STATUS>Open</STATUS>
    </ApplicationInfo>
    <Text>SYSTEMID|267220524|TRADETYPE|CommodityBulletSwap|TRADEID|142903881L|SOURCESYSTEM|RMS|BOOK|BMAVDAILY|BLOTTER||COUNTERPARTY|ICMFBM|COUNTERPARTYSOURCESYSTEM|RMS|COUNTERPARTYNAME|IONIC CAPITAL MASTER FUND LTD|DBICOUNTERPARTYID||CUSTOMER|ICMFBM|CUSTOMERSOURCESYSTEM|RMS|STATUS|Open|PREMIUMCURRENCY||PREMIUMAMOUNT||PREMIUMDATE||PREMIUMHASPAIDYN||UNWINDRATE||UNWINDPREMIUMCURRENCY||UNWINDPREMIUMAMOUNT||UNWINDPREMIUMDATE||MARGINPAYMENTCURRENCY|USD|MARGINPAYMENTAMOUNT|1685905|LEG1CONTRACTCODE|XCU|LEG1CURRENCY|USD|LEG1STARTCONTRACTDATE|2010-09-13 00:00:00.000|LEG1ENDCONTRACTDATE|2010-09-13 00:00:00.000|LEG1DAILYNOTIONAL||LEG1PERIODNOTIONAL|148|LEG1TOTALNOTIONAL|148|LEG1STRIKE|7010|LEG1SPREAD|7010|LEG1NUMFLOWSHAVEPAID|1|LEG1AVERAGINGSTYLE||LEG1FLOATINGYN|N|LEG1FREQUENCY|1M|LEG1PAYMENTCITIES|NYC|LEG1FIXINGCITIES|LMH|LEG1LASTTRADINGDATEOFFSET||LEG1PROMPTCONTRACTOFFSET||LEG1UNITS|Lots|LEG1UNITCONVERSIONFACTOR|1|LEG1UNDISCOUNTEDYN||LEG2CONTRACTCODE|XCU|LEG2CURRENCY|USD|LEG2STARTCONTRACTDATE|2010-09-13 00:00:00.000|LEG2ENDCONTRACTDATE|2010-09-13 00:00:00.000|LEG2DAILYNOTIONAL||LEG2PERIODNOTIONAL|-148|LEG2TOTALNOTIONAL|-148|LEG2STRIKE||LEG2SPREAD||LEG2NUMFLOWSHAVEPAID|0|LEG2AVERAGINGSTYLE||LEG2FLOATINGYN|Y|LEG2FREQUENCY|1M|LEG2PAYMENTCITIES|NYC|LEG2FIXINGCITIES|LMH|LEG2LASTTRADINGDATEOFFSET||LEG2PROMPTCONTRACTOFFSET||LEG2UNITS|Lots|LEG2UNITCONVERSIONFACTOR|1|LEG2UNDISCOUNTEDYN||EXPIRYDATE|2010-09-13 00:00:00.000|CP||BUYSELL||SETTLEMENTDATE|2010-09-15 00:00:00.000|MODELTYPE||PRODUCTID|260547070|PRODUCTVERSION|2|PRODUCTLEGID||STRUCTUREID|142903881|TRADEDATE|2010-01-28 00:00:00.000|LASTUPDATED|2010-09-14 06:04:46.000|ACTION|CouponPaid|ACTIONEFFECTIVEDATE|2010-09-14 00:00:00.000|SOURCESYSTEMBOOK|BMAVDAILY|SOURCESYSTEMPROFITCENTRE||SALESPERSON||TRADER||ENTEREDBY|SORRCHR|FUNDSPLITID||FUNDSPLITVERSION||STRUCTURENAME||MARKUPAMT||MARKUPCCY||MARKUPLOCATION||ATRISKAMT||ATRISKCCY||ATRISKLOCATION||ATRISKINDICATOR||REASON||NOTES||BROKER||BROKERAMT||BROKERCCY||LINKSYSTEMID||LINKTYPE||SOURCESYSTEMID|267220524|DATECREATED|2010-04-12 17:25:36.000|CONFIRMAS||VERSION|2|CANCELSSOURCESYSTEMID||CANCELLEDBYSOURCESYSTEMID||CANCELLINGHALFSOURCESYSTEMID||CORRECTSSOURCESYSTEMID||CORRECTEDBYSOURCESYSTEMID||CLOSESSOURCESYSTEMID||CLOSEDBYSOURCESYSTEMID||EXERCISEDINTOSOURCESYSTEMID|311895217|EXERCISEDFROMSOURCESYSTEMID||LATESTVERSIONYN|N|CLOSINGDATE||LEGALENTITY|London|DEALCAPTURESYSTEM|RMS|DEALCAPTURESYSTEMID|267220524|BOOKINGLOCATION|London|PRODUCTTYPE||PRODUCTINSTANCE||BACKOFFICESYSTEM||BACKOFFICESYSTEMID||VERSIONVALIDUNTILDATE|2010-09-14 06:04:46.000|TRADEEXTRADETAILID|54153010|TRADEEXTRADETAILVERSION|1|TRADECLASSIFICATION|1|DEALCAPTURESALESUSER|RMS_SORRCHR|FUNDSPLITALLOCATIONID||FUNDSPLITALLOCATIONLEGID||TEARUPID||ELECTEDCONFIRMATIONSYSTEM||ELECTEDCONFIRMATIONRULEID||PREVIOUSCONFIRMATIONSYSTEM||ELECTEDSETTLEMENTSYSTEM||ELECTEDSETTLEMENTRULEID||PREVIOUSSETTLEMENTSYSTEM||ACCCURRENCY||CALCULATIONAGENT|DB|BACKOFFICEPROCESSING|Manual|BACKOFFICEACCEPTED|N|BACKOFFICEENDDATE||BACKOFFICEEVENT||BACKOFFICEBRANCHACCEPTED||BACKOFFICEBRANCHEVENT||ASSETLOCATION||TRADETABLE|COMMODITYTWOLEG|USERENTEREDTRADEDATE||LEG1CONTRACTCURRENCY|USD|LEG2CONTRACTCURRENCY|USD|PRODUCTTYPEID|CBSWAP|RESETID|1|RESETLEGNUMBER|1|RESETFLOWID|1|RESETFIXINGDATE|2010-09-13 00:00:00.000|RESETCONTRACTDATE|2010-09-13 00:00:00.000|RESETFIXINGWEIGHT|1|RESETFIXINGVALUE||RESETFLOWFIRSTFIXINGDATE|2010-09-13 00:00:00.000|RESETCOMPRESSIONSTATUS|N|RESETCONTRACTCODE|XCU|RESETHASPAIDYN|Y|RESETID|2|RESETLEGNUMBER|2|RESETFLOWID|1|RESETFIXINGDATE|2010-09-13 00:00:00.000|RESETCONTRACTDATE|2010-09-13 00:00:00.000|RESETFIXINGWEIGHT|1|RESETFIXINGVALUE||RESETFLOWFIRSTFIXINGDATE|2010-09-13 00:00:00.000|RESETCOMPRESSIONSTATUS|N|RESETCONTRACTCODE|XCU|RESETHASPAIDYN|N|LEG1FLOWID|1|LEG1FLOWFIXINGDATE|2010-09-13 00:00:00.000|LEG1FLOWCONTRACTDATE||LEG1FLOWNUMBEROFCONTRACTS|148|LEG1FLOWNOTIONAL||LEG1FLOWCP||LEG1FLOWSPREAD|7010|LEG1FLOWPAYMENTDATE|2010-09-15 00:00:00.000|LEG1FLOWFIXING|7010|LEG1FLOWHASPAID|Y|LEG2FLOWID|1|LEG2FLOWFIXINGDATE|2010-09-13 00:00:00.000|LEG2FLOWCONTRACTDATE||LEG2FLOWNUMBEROFCONTRACTS|-148|LEG2FLOWNOTIONAL||LEG2FLOWCP||LEG2FLOWSPREAD|0|LEG2FLOWPAYMENTDATE|2010-09-15 00:00:00.000|LEG2FLOWFIXING||LEG2FLOWHASPAID|N|EXTRADETAILLEG1CONTRACTFIXINGREF|SPOT|LEG1CONTRACTFIXINGREF|SPOT|EXTRADETAILLEG2CONTRACTFIXINGREF|SPOT|LEG2CONTRACTFIXINGREF|SPOT|EXTRADETAILMONTHOFEXPIRYDATE|2010-09-01 00:00:00.000|MONTHOFEXPIRYDATE|2010-09-01 00:00:00.000|EXTRADETAILSETTLEMENTOFFSET|2b|SETTLEMENTOFFSET|2b|BOOK_CPTY_CDRMNEMONIC|DTCH L  19P|PROFIT_CENTRE|MET0|BOOKBRANCHPARENT|Commodities|HIGH_LEVEL_CPTY_CDRMNEMONIC|ICAMAGCI|HIGH_LEVEL_BOOK_CPTY_CDRM|DTCH L  19P|BOOK_CPYT_SRC_SYSTEM|RMS|SUBBRANCH||CPTY_CDRMNEMONIC|ICAMAGCI|AMI_CODE|0840|BOOK_CPTY|BMAVDAILY|PUBLICATIONTIME|2010-09-24 16:00:02.468|DBLEGALENTITY|London|ISLIVEYN|Y</Text>
</Message>
