<?xml version="1.0" encoding="UTF-8"?>
<Message>
    <SystemInfo>
        <JMSDestination>Topic[exodus.pipe.demo]</JMSDestination>
        <JMSReplyTo/>
        <JMSDeliveryMode>2</JMSDeliveryMode>
        <JMSRedelivered>false</JMSRedelivered>
        <JMSCorrelationID>null</JMSCorrelationID>
        <JMSType>null</JMSType>
        <JMSTimestamp>1285343842597</JMSTimestamp>
        <JMSExpiration>0</JMSExpiration>
        <JMSPriority>4</JMSPriority>
    </SystemInfo>
    <ApplicationInfo>
        <SYSTEMID>178034091</SYSTEMID>
        <TRADEGROUP>COMMODITYINDEX</TRADEGROUP>
        <VERSION>85</VERSION>
        <COUNTERPARTY>COMMODITY HARVEST</COUNTERPARTY>
        <MESSAGE_TYPE>RMS_TRADE</MESSAGE_TYPE>
        <TRADETYPE>CommodityIndexSwap</TRADETYPE>
        <BOOK>INDX_MISC01</BOOK>
        <ACTION>Economic</ACTION>
        <STATUS>Open</STATUS>
    </ApplicationInfo>
    <Text>SYSTEMID|178034091|VERSION|85|LATESTVERSIONYN|Y|ACCCURRENCY|EUR|UNDERCURRENCY|EUR|CONTRACTCODE|HLTRAC_10_EUR|NOTIONAL|-2837460|NOTIONALRESETTINGYN|Y|FEEPERCENTAGE|0|FEESONLYYN|N|STRIKE|738.5788|EFFECTIVEDATE|2008-12-05 00:00:00.000|ROLLDATE|2028-10-30 00:00:00.000|LASTROLLDATE||ENDDATE|2028-10-30 00:00:00.000|NUMFLOWSHAVEPAID||FREQUENCY|Zero|DATECONVENTION|Mod Foll|PAYMENTCITIES|NYC|SPECIALROLLTYPE|EOM_CAL|SWAPTBILLYN|N|CP||EXPIRYDATE||SETTLEMENTDATE||BARRIER||BARRIERDIRECTION||UPBARRIER||LOWBARRIER||UPBARKNOCKINYN||LOWBARKNOCKINYN||PRODUCTNOTIONAL||BARRIERSTARTDATE||BARRIERENDDATE||OPTIONRATETERM||STRIKEFIXINGDATE||STRIKEFIXINGPERCENTAGE||FUTURESEXPIRYDATE||OPTIONEXPIRYDATE||CASHSETTLEDYN||INDEXFUNDYN|Y|DEACCRUINGUNWINDPERCENTAGE||PENALTYENDDATE||FIXEDUNWINDPERCENTAGE||UNITS||UNITCONVERSIONFACTOR||STRIKEFIXINGSPREAD||PREMIUMAMOUNT||PREMIUMDATE||PREMIUMHASPAIDYN||UNWINDRATE||UNWINDPREMIUMCURRENCY||UNWINDPREMIUMAMOUNT||UNWINDPREMIUMDATE||MARGINPAYMENTCURRENCY||MARGINPAYMENTAMOUNT||NOTES||CALCULATIONAGENT|DB|BACKOFFICESYSTEM||BACKOFFICESYSTEMID||BACKOFFICEPROCESSING|Manual|BACKOFFICEACCEPTED|Y|BACKOFFICEENDDATE||BACKOFFICEEVENT||BACKOFFICEBRANCHACCEPTED||BACKOFFICEBRANCHEVENT||ASSETLOCATION||TRADEEXTRADETAILID|0|TRADEEXTRADETAILVERSION|0|VERSIONVALIDUNTILDATE||TRADECLASSIFICATION|1|FUNDSPLITALLOCATIONID||FUNDSPLITALLOCATIONLEGID||DEALCAPTURESALESUSER|RMS_KELEDEN|TEARUPID||ELECTEDCONFIRMATIONSYSTEM|///|ELECTEDCONFIRMATIONRULEID|67|PREVIOUSCONFIRMATIONSYSTEM|///|ELECTEDSETTLEMENTSYSTEM|///|ELECTEDSETTLEMENTRULEID|67|PREVIOUSSETTLEMENTSYSTEM|///|BOOK|INDX_MISC01|BLOTTER||STATUS|Open|TRADETYPE|CommodityIndexSwap|TRADETABLE|COMMODITYINDEX|TRADEID|102377486A|COUNTERPARTY|COMMODITY HARVEST|COUNTERPARTYSOURCESYSTEM|RMS|DBICOUNTERPARTYID||DEALCAPTURESYSTEM|RMS|DEALCAPTURESYSTEMID|178034091|SOURCESYSTEM|RMS|SOURCESYSTEMID|178034091|SOURCESYSTEMBOOK|INDX_MISC01|STRUCTUREID|102377486|LEGALENTITY|London|BOOKINGLOCATION|London|DATECREATED|2008-12-08 16:09:56.000|LASTUPDATED|2010-09-15 15:41:34.000|ACTION|Economic|ACTIONEFFECTIVEDATE|2010-09-15 00:00:00.000|FUNDSPLITID||FUNDSPLITVERSION||PRODUCTTYPE||PRODUCTINSTANCE||SOURCESYSTEMPROFITCENTRE||CUSTOMER|COMMODITY HARVEST|CUSTOMERSOURCESYSTEM|RMS|SALESPERSON||TRADER||ENTEREDBY|VUTRANG|TRADEDATE|2008-12-05 00:00:00.000|USERENTEREDTRADEDATE||CLOSINGDATE||CONFIRMAS||MARKUPAMT||MARKUPCCY||MARKUPLOCATION||ATRISKAMT||ATRISKCCY||ATRISKLOCATION||ATRISKINDICATOR||REASON||STRUCTURENAME||BROKER||BROKERAMT||BROKERCCY||LINKSYSTEMID||LINKTYPE||CANCELSSOURCESYSTEMID||CANCELLEDBYSOURCESYSTEMID||CANCELLINGHALFSOURCESYSTEMID||CORRECTSSOURCESYSTEMID||CORRECTEDBYSOURCESYSTEMID||CLOSESSOURCESYSTEMID||CLOSEDBYSOURCESYSTEMID||EXERCISEDINTOSOURCESYSTEMID||EXERCISEDFROMSOURCESYSTEMID||PRODUCTID|172709945|PRODUCTVERSION|71|PRODUCTLEGID||PREMIUMCURRENCY||INDEXTRYN|Y|LOGICALDELETEYN|N|FUTSELECTOPTSETTLEMENT||FUTSELECTZONECUT||FUTURETYPE|CommodityFuture|FUTURESUBTYPE|Index|FUTURECODE|HLTRAC_10_EUR|FUTURESHORTCODE||ORDERFIELD|1|EXCHANGE|NA|DESCRIPTION|DB Commodity Harvest 10TV Euro|CURRENCY|EUR|CURRENCYMEASUREMENTUNIT||CONTRACTMEASUREMENTUNIT||MEASUREMENTUNITCONVERSION|1|CONTRACTSIZE|1|TICKSIZE|1|TICKVALUE|1|DECAYRATE|0|BASEVOL|0|MEANREVERSION|0|PRICECURVE|DBCH_TRAC_10TV_(EUR)_ASK|VOLCURVE|DBCH_TRAC_10TV_(EUR)_VOL|VOLBLEND|0|VOLPRICESHIFT|0|VOLSURFACE||WSSCONTRACTCODE||RRATESCONTRACTCODE||COUNTERPARTYID||CONFIRMATIONUNIT||CONFIRMATIONSTATISTICSTATION||DATECALCULATIONRULE||COMPOSITIONTYPE||COMPOSITIONSOURCE||COMPOSITIONOPTION||COMPOSITIONWEIGHTING||SPOTCURVE|DBCH_TRAC_10TV_(EUR)|UNDERLYINGSPOTINDEXCURVE||RICCODE||FUTURESSELECTMAPYN|N|FUTSELECTOPTTYPE||FUTSELECTPRICESCALAR|1|FUTSELECTDELIVERY||FUTSELECTFRACTSCALAR|100|FUTSELECTOPTPRICESCALAR|1|FUTSELECTOPTFRACTSCALAR|100|PRODUCTTYPEID|DBHARVEST|FLOWID|1|PAYMENTDATE|2028-11-01 00:00:00.000|ACCRUALSTARTDATE|2008-12-05 00:00:00.000|ACCRUALENDDATE|2028-10-30 00:00:00.000|FIXINGDATE|2028-10-30 00:00:00.000|FIXINGVALUE||FIXINGWEIGHT||INDEXRESETS|&lt;EMPTY&gt;|HIGH_LEVEL_CPTY_CDRMNEMONIC|DBPL LUX011|COUNTERPARTYNAME|DB PLATINUM AC IV COMMODITY HARVEST|CPTY_CDRMNEMONIC|DBPL LUX011|BOOK_CPTY|INDX_MISC01|BOOK_CPTY_CDRMNEMONIC|DTCH L  8YU|PROFIT_CENTRE|COR0|BOOKBRANCHPARENT|Commodities|HIGH_LEVEL_BOOK_CPTY_CDRM|DTCH L|BOOK_CPYT_SRC_SYSTEM|RMS|SUBBRANCH|LDN|AMI_CODE|0840|ACCRUALBASIS|Act/365 Fixed|PUBLICATIONTIME|2010-09-24 15:57:22.596|DBLEGALENTITY|London|ISLIVEYN|Y</Text>
</Message>
