<?xml version="1.0" encoding="UTF-8"?>
<Message>
    <SystemInfo>
        <JMSDestination>Topic[exodus.pipe.demo]</JMSDestination>
        <JMSReplyTo/>
        <JMSDeliveryMode>2</JMSDeliveryMode>
        <JMSRedelivered>false</JMSRedelivered>
        <JMSCorrelationID>null</JMSCorrelationID>
        <JMSType>null</JMSType>
        <JMSTimestamp>1285344073320</JMSTimestamp>
        <JMSExpiration>0</JMSExpiration>
        <JMSPriority>4</JMSPriority>
    </SystemInfo>
    <ApplicationInfo>
        <SYSTEMID>208289190</SYSTEMID>
        <TRADEGROUP>COMMODITYEMISSION</TRADEGROUP>
        <VERSION>4</VERSION>
        <COUNTERPARTY>XILIJIXI</COUNTERPARTY>
        <MESSAGE_TYPE>RMS_TRADE</MESSAGE_TYPE>
        <TRADETYPE>CommodityEmission</TRADETYPE>
        <BOOK>EMIS1</BOOK>
        <ACTION>NonEconomic</ACTION>
        <STATUS>Open</STATUS>
    </ApplicationInfo>
    <Text>SYSTEMID|208289190|VERSION|4|LATESTVERSIONYN|Y|LEG1CONTRACTCODE|CER|LEG1PROBABILITYCODE|BJENERGY|LEG1CURRENCY|EUR|LEG1UNDERCURRENCY|EUR|LEG1ETSCOMPLIANTYN|Y|LEG1METHODOLOGY|ACM0002|LEG1PROJECT|BJENERGY|LEG1REGISTRY|UK|LEG1PHYSICALLYDELIVERABLEYN|Y|LEG1PERIODNOTIONAL|133655|LEG1TOTALNOTIONAL|400966|LEG1VERIFICATIONOFFSET|1y-1d|LEG1DELIVERYOFFSET|4m+1d|LEG1PAYMENTOFFSET|0d|LEG1STRIKE|0|LEG1ASSETSPREAD|0|LEG1ASSETMULTIPLIER|1|LEG1EFFECTIVEDATE|2009-07-01 00:00:00.000|LEG1ENDDATE|2013-06-30 00:00:00.000|LEG1NUMFLOWSHAVEPAID|0|LEG1FREQUENCY|1Y|LEG1DATECONVENTION|Prev|LEG2CONTRACTCODE|CER|LEG2PROBABILITYCODE|BJENERGY|LEG2CURRENCY|EUR|LEG2UNDERCURRENCY|EUR|LEG2ETSCOMPLIANTYN|Y|LEG2METHODOLOGY|ACM0002|LEG2PROJECT|BJENERGY|LEG2REGISTRY|UK|LEG2PHYSICALLYDELIVERABLEYN|Y|LEG2PERIODNOTIONAL|-106924|LEG2TOTALNOTIONAL|-320772|LEG2VERIFICATIONOFFSET|1y-1d|LEG2DELIVERYOFFSET|4m+1d|LEG2PAYMENTOFFSET|0d|LEG2STRIKE|0|LEG2ASSETSPREAD|0|LEG2ASSETMULTIPLIER|1|LEG2EFFECTIVEDATE|2009-07-01 00:00:00.000|LEG2ENDDATE|2013-06-30 00:00:00.000|LEG2NUMFLOWSHAVEPAID|0|LEG2FREQUENCY|1Y|LEG2DATECONVENTION|Prev|LEG1FUNDINGRATE|0|LEG1HASFUNDING|N|LEG1LOANPAID|Y|LEG2FUNDINGRATE|0|LEG2HASFUNDING|N|LEG2LOANPAID|Y|NOTES|BJ Energy|CALCULATIONAGENT|DB|BACKOFFICESYSTEM||BACKOFFICESYSTEMID||BACKOFFICEPROCESSING|Manual|BACKOFFICEACCEPTED|Y|BACKOFFICEENDDATE||BACKOFFICEEVENT||BACKOFFICEBRANCHACCEPTED||BACKOFFICEBRANCHEVENT||ASSETLOCATION||TRADEEXTRADETAILID|0|TRADEEXTRADETAILVERSION|0|VERSIONVALIDUNTILDATE||TRADECLASSIFICATION|1|FUNDSPLITALLOCATIONID||FUNDSPLITALLOCATIONLEGID||DEALCAPTURESALESUSER|RMS_SHARSUMX|TEARUPID||ELECTEDCONFIRMATIONSYSTEM|///|ELECTEDCONFIRMATIONRULEID|66|PREVIOUSCONFIRMATIONSYSTEM|///|ELECTEDSETTLEMENTSYSTEM|///|ELECTEDSETTLEMENTRULEID|66|PREVIOUSSETTLEMENTSYSTEM|///|BOOK|EMIS1|BLOTTER||STATUS|Open|TRADETYPE|CommodityEmission|TRADETABLE|COMMODITYEMISSION|TRADEID|120945956A|COUNTERPARTY|XILIJIXI|COUNTERPARTYSOURCESYSTEM|RMS|DBICOUNTERPARTYID||DEALCAPTURESYSTEM|RMS|DEALCAPTURESYSTEMID|208289190|SOURCESYSTEM|RMS|SOURCESYSTEMID|208289190|SOURCESYSTEMBOOK|EMIS1|STRUCTUREID|120945956|LEGALENTITY|London|BOOKINGLOCATION|London|DATECREATED|2009-06-20 01:19:43.000|LASTUPDATED|2010-09-03 17:55:18.000|ACTION|NonEconomic|ACTIONEFFECTIVEDATE|2010-09-03 00:00:00.000|FUNDSPLITID||FUNDSPLITVERSION||PRODUCTTYPE||PRODUCTINSTANCE||SOURCESYSTEMPROFITCENTRE||CUSTOMER|XILIJIXI|CUSTOMERSOURCESYSTEM|RMS|SALESPERSON||TRADER||ENTEREDBY|SHARSUMX|TRADEDATE|2009-06-19 00:00:00.000|USERENTEREDTRADEDATE||CLOSINGDATE||CONFIRMAS||MARKUPAMT||MARKUPCCY||MARKUPLOCATION||ATRISKAMT||ATRISKCCY||ATRISKLOCATION||ATRISKINDICATOR||REASON||STRUCTURENAME||BROKER||BROKERAMT||BROKERCCY||LINKSYSTEMID||LINKTYPE||CANCELSSOURCESYSTEMID||CANCELLEDBYSOURCESYSTEMID||CANCELLINGHALFSOURCESYSTEMID||CORRECTSSOURCESYSTEMID||CORRECTEDBYSOURCESYSTEMID||CLOSESSOURCESYSTEMID||CLOSEDBYSOURCESYSTEMID||EXERCISEDINTOSOURCESYSTEMID||EXERCISEDFROMSOURCESYSTEMID||PRODUCTID|202343585|PRODUCTVERSION|3|PRODUCTLEGID||PRODUCTTYPEID|COMMODEMISSEC|EMISSIONRESETS|&lt;EMPTY&gt;|LEG1FLOWASSETSPREAD|0|LEG1FLOWID|1|LEG1FLOWASSETMULTIPLIER|1|LEG1FLOWPROBABILITYSPREAD|0|LEG1FLOWTOPAY|N|LEG1FLOWEDITEDYN|Y|LEG1FLOWPROBABILITYMULTIPLIER|1|LEG1FLOWHAVEPAID|N|LEG1DELIVERYSTARTDATE|2010-06-30 00:00:00.000|LEG1DELIVERYENDDATE|2010-11-01 00:00:00.000|LEG1PREPAIDNOTIONAL|0|LEG1PAYMENTDATE|2010-11-01 00:00:00.000|LEG1VERIFICATIONENDDATE|2010-06-30 00:00:00.000|LEG1VERIFICATIONSTARTDATE|2010-01-01 00:00:00.000|LEG1LEGID|1|LEG1FLOWNOTIONAL|66828|LEG1FLOWASSETSPREAD|0|LEG1FLOWID|2|LEG1FLOWASSETMULTIPLIER|1|LEG1FLOWPROBABILITYSPREAD|0|LEG1FLOWTOPAY|N|LEG1FLOWEDITEDYN|Y|LEG1FLOWPROBABILITYMULTIPLIER|1|LEG1FLOWHAVEPAID|N|LEG1DELIVERYSTARTDATE|2011-06-30 00:00:00.000|LEG1DELIVERYENDDATE|2011-11-01 00:00:00.000|LEG1PREPAIDNOTIONAL|0|LEG1PAYMENTDATE|2011-11-01 00:00:00.000|LEG1VERIFICATIONENDDATE|2011-06-30 00:00:00.000|LEG1VERIFICATIONSTARTDATE|2010-07-01 00:00:00.000|LEG1LEGID|1|LEG1FLOWNOTIONAL|133655|LEG1FLOWASSETSPREAD|0|LEG1FLOWID|3|LEG1FLOWASSETMULTIPLIER|1|LEG1FLOWPROBABILITYSPREAD|0|LEG1FLOWTOPAY|N|LEG1FLOWEDITEDYN|Y|LEG1FLOWPROBABILITYMULTIPLIER|1|LEG1FLOWHAVEPAID|N|LEG1DELIVERYSTARTDATE|2012-06-30 00:00:00.000|LEG1DELIVERYENDDATE|2012-11-01 00:00:00.000|LEG1PREPAIDNOTIONAL|0|LEG1PAYMENTDATE|2012-11-01 00:00:00.000|LEG1VERIFICATIONENDDATE|2012-06-30 00:00:00.000|LEG1VERIFICATIONSTARTDATE|2011-07-01 00:00:00.000|LEG1LEGID|1|LEG1FLOWNOTIONAL|133655|LEG1FLOWASSETSPREAD|0|LEG1FLOWID|4|LEG1FLOWASSETMULTIPLIER|1|LEG1FLOWPROBABILITYSPREAD|0|LEG1FLOWTOPAY|N|LEG1FLOWEDITEDYN|Y|LEG1FLOWPROBABILITYMULTIPLIER|1|LEG1FLOWHAVEPAID|N|LEG1DELIVERYSTARTDATE|2012-12-31 00:00:00.000|LEG1DELIVERYENDDATE|2013-03-01 00:00:00.000|LEG1PREPAIDNOTIONAL|0|LEG1PAYMENTDATE|2013-03-01 00:00:00.000|LEG1VERIFICATIONENDDATE|2012-12-31 00:00:00.000|LEG1VERIFICATIONSTARTDATE|2012-07-01 00:00:00.000|LEG1LEGID|1|LEG1FLOWNOTIONAL|66828|LEG2FLOWASSETSPREAD|0|LEG2FLOWID|1|LEG2FLOWASSETMULTIPLIER|1|LEG2FLOWPROBABILITYSPREAD|0|LEG2FLOWTOPAY|N|LEG2FLOWEDITEDYN|Y|LEG2FLOWPROBABILITYMULTIPLIER|1|LEG2FLOWHAVEPAID|N|LEG2DELIVERYSTARTDATE|2010-06-30 00:00:00.000|LEG2DELIVERYENDDATE|2010-11-01 00:00:00.000|LEG2PREPAIDNOTIONAL|0|LEG2PAYMENTDATE|2010-11-01 00:00:00.000|LEG2VERIFICATIONENDDATE|2010-06-30 00:00:00.000|LEG2VERIFICATIONSTARTDATE|2010-01-01 00:00:00.000|LEG2LEGID|2|LEG2FLOWNOTIONAL|-53462|LEG2FLOWASSETSPREAD|0|LEG2FLOWID|2|LEG2FLOWASSETMULTIPLIER|1|LEG2FLOWPROBABILITYSPREAD|0|LEG2FLOWTOPAY|N|LEG2FLOWEDITEDYN|Y|LEG2FLOWPROBABILITYMULTIPLIER|1|LEG2FLOWHAVEPAID|N|LEG2DELIVERYSTARTDATE|2011-06-30 00:00:00.000|LEG2DELIVERYENDDATE|2011-11-01 00:00:00.000|LEG2PREPAIDNOTIONAL|0|LEG2PAYMENTDATE|2011-11-01 00:00:00.000|LEG2VERIFICATIONENDDATE|2011-06-30 00:00:00.000|LEG2VERIFICATIONSTARTDATE|2010-07-01 00:00:00.000|LEG2LEGID|2|LEG2FLOWNOTIONAL|-106924|LEG2FLOWASSETSPREAD|0|LEG2FLOWID|3|LEG2FLOWASSETMULTIPLIER|1|LEG2FLOWPROBABILITYSPREAD|0|LEG2FLOWTOPAY|N|LEG2FLOWEDITEDYN|Y|LEG2FLOWPROBABILITYMULTIPLIER|1|LEG2FLOWHAVEPAID|N|LEG2DELIVERYSTARTDATE|2012-06-30 00:00:00.000|LEG2DELIVERYENDDATE|2012-11-01 00:00:00.000|LEG2PREPAIDNOTIONAL|0|LEG2PAYMENTDATE|2012-11-01 00:00:00.000|LEG2VERIFICATIONENDDATE|2012-06-30 00:00:00.000|LEG2VERIFICATIONSTARTDATE|2011-07-01 00:00:00.000|LEG2LEGID|2|LEG2FLOWNOTIONAL|-106924|LEG2FLOWASSETSPREAD|0|LEG2FLOWID|4|LEG2FLOWASSETMULTIPLIER|1|LEG2FLOWPROBABILITYSPREAD|0|LEG2FLOWTOPAY|N|LEG2FLOWEDITEDYN|Y|LEG2FLOWPROBABILITYMULTIPLIER|1|LEG2FLOWHAVEPAID|N|LEG2DELIVERYSTARTDATE|2012-12-31 00:00:00.000|LEG2DELIVERYENDDATE|2013-03-01 00:00:00.000|LEG2PREPAIDNOTIONAL|0|LEG2PAYMENTDATE|2013-03-01 00:00:00.000|LEG2VERIFICATIONENDDATE|2012-12-31 00:00:00.000|LEG2VERIFICATIONSTARTDATE|2012-07-01 00:00:00.000|LEG2LEGID|2|LEG2FLOWNOTIONAL|-53462|BOOK_CPTY_CDRMNEMONIC|DTCH L  6XV|PROFIT_CENTRE|ENV0|BOOKBRANCHPARENT|Commodities|HIGH_LEVEL_CPTY_CDRMNEMONIC|XJIWPINU|HIGH_LEVEL_BOOK_CPTY_CDRM|DTCH L|BOOK_CPYT_SRC_SYSTEM|RMS|COUNTERPARTYNAME|XILINGUOLE JIXIANGHUAYA WIND POWER GENERATION CO LTD|SUBBRANCH|LDN|CPTY_CDRMNEMONIC|XJIWPINU|AMI_CODE|0840|BOOK_CPTY|EMIS1|LEG1PAYMENTHOLIDAYS|EUR|LEG1PROBABILITYMULTIPLIER|1|LEG1SPECIALROLLTYPE|None|LEG1PROBABILITYSPREAD|0|LEG2PROBABILITYSPREAD|0|LEG1FLOATYN|Y|LEG2SPECIALROLLTYPE|None|LEG2FLOATYN|Y|LEG1INITIALLOANAMOUNT|0|LEG2STARTDATE|2009-07-01 00:00:00.000|LEG2LOANDATE|2009-06-19 00:00:00.000|LEG2PROBABILITYMULTIPLIER|1|LEG1STARTDATE|2009-07-01 00:00:00.000|LEG2PAYMENTHOLIDAYS|EUR|LEG1LOANDATE|2009-06-19 00:00:00.000|LEG2INITIALLOANAMOUNT|0|PUBLICATIONTIME|2010-09-24 16:01:13.318|DBLEGALENTITY|London|ISLIVEYN|Y</Text>
</Message>
