<?xml version="1.0" encoding="UTF-8"?>
<Message>
    <SystemInfo>
        <JMSDestination>Topic[exodus.pipe.demo]</JMSDestination>
        <JMSReplyTo/>
        <JMSDeliveryMode>2</JMSDeliveryMode>
        <JMSRedelivered>false</JMSRedelivered>
        <JMSCorrelationID>null</JMSCorrelationID>
        <JMSType>null</JMSType>
        <JMSTimestamp>1285343959190</JMSTimestamp>
        <JMSExpiration>0</JMSExpiration>
        <JMSPriority>4</JMSPriority>
    </SystemInfo>
    <ApplicationInfo>
        <SYSTEMID>216943973</SYSTEMID>
        <TRADEGROUP>COMMODITYINDEX</TRADEGROUP>
        <VERSION>35</VERSION>
        <COUNTERPARTY>CUWA</COUNTERPARTY>
        <MESSAGE_TYPE>RMS_TRADE</MESSAGE_TYPE>
        <TRADETYPE>CommodityIndexEuroOpt</TRADETYPE>
        <BOOK>CRGNYINDX</BOOK>
        <ACTION>Economic</ACTION>
        <STATUS>Open</STATUS>
    </ApplicationInfo>
    <Text>SYSTEMID|216943973|VERSION|35|LATESTVERSIONYN|Y|ACCCURRENCY|USD|UNDERCURRENCY|USD|CONTRACTCODE|MRE_PLUS_USD|NOTIONAL|415800|NOTIONALRESETTINGYN||FEEPERCENTAGE||FEESONLYYN||STRIKE|452.29431|EFFECTIVEDATE||ROLLDATE||LASTROLLDATE||ENDDATE||NUMFLOWSHAVEPAID||FREQUENCY||DATECONVENTION||PAYMENTCITIES||SPECIALROLLTYPE||SWAPTBILLYN||CP|C|EXPIRYDATE|2014-02-19 00:00:00.000|SETTLEMENTDATE|2014-02-24 00:00:00.000|BARRIER||BARRIERDIRECTION||UPBARRIER||LOWBARRIER||UPBARKNOCKINYN||LOWBARKNOCKINYN||PRODUCTNOTIONAL||BARRIERSTARTDATE||BARRIERENDDATE||OPTIONRATETERM||STRIKEFIXINGDATE||STRIKEFIXINGPERCENTAGE||FUTURESEXPIRYDATE||OPTIONEXPIRYDATE||CASHSETTLEDYN||INDEXFUNDYN||DEACCRUINGUNWINDPERCENTAGE||PENALTYENDDATE||FIXEDUNWINDPERCENTAGE||UNITS||UNITCONVERSIONFACTOR||STRIKEFIXINGSPREAD||PREMIUMAMOUNT||PREMIUMDATE||PREMIUMHASPAIDYN||UNWINDRATE||UNWINDPREMIUMCURRENCY||UNWINDPREMIUMAMOUNT||UNWINDPREMIUMDATE||MARGINPAYMENTCURRENCY||MARGINPAYMENTAMOUNT||NOTES|XOL US2515A0Q488 STRUCTURED|CALCULATIONAGENT|DB|BACKOFFICESYSTEM||BACKOFFICESYSTEMID|US2515A0Q488|BACKOFFICEPROCESSING|Manual|BACKOFFICEACCEPTED||BACKOFFICEENDDATE||BACKOFFICEEVENT||BACKOFFICEBRANCHACCEPTED||BACKOFFICEBRANCHEVENT||ASSETLOCATION||TRADEEXTRADETAILID|0|TRADEEXTRADETAILVERSION|0|VERSIONVALIDUNTILDATE||TRADECLASSIFICATION|1|FUNDSPLITALLOCATIONID||FUNDSPLITALLOCATIONLEGID||DEALCAPTURESALESUSER|RMS_CMICHEL|TEARUPID||ELECTEDCONFIRMATIONSYSTEM|///|ELECTEDCONFIRMATIONRULEID|67|PREVIOUSCONFIRMATIONSYSTEM|///|ELECTEDSETTLEMENTSYSTEM|///|ELECTEDSETTLEMENTRULEID|67|PREVIOUSSETTLEMENTSYSTEM|///|BOOK|CRGNYINDX|BLOTTER||STATUS|Open|TRADETYPE|CommodityIndexEuroOpt|TRADETABLE|COMMODITYINDEX|TRADEID|125515194R|COUNTERPARTY|CUWA|COUNTERPARTYSOURCESYSTEM|RMS|DBICOUNTERPARTYID||DEALCAPTURESYSTEM|XOL|DEALCAPTURESYSTEMID|US2515A0Q488|SOURCESYSTEM|RMS|SOURCESYSTEMID|216943973|SOURCESYSTEMBOOK|CRGNYINDX|STRUCTUREID|125515194|LEGALENTITY|London|BOOKINGLOCATION|London|DATECREATED|2009-08-20 16:16:17.000|LASTUPDATED|2010-08-28 02:06:44.000|ACTION|Economic|ACTIONEFFECTIVEDATE|2010-08-28 00:00:00.000|FUNDSPLITID||FUNDSPLITVERSION||PRODUCTTYPE|CUWAWARR|PRODUCTINSTANCE||SOURCESYSTEMPROFITCENTRE||CUSTOMER|CUWA|CUSTOMERSOURCESYSTEM|RMS|SALESPERSON||TRADER||ENTEREDBY|XOLBUS_SUBSCRIBER|TRADEDATE|2009-08-19 00:00:00.000|USERENTEREDTRADEDATE||CLOSINGDATE||CONFIRMAS||MARKUPAMT||MARKUPCCY||MARKUPLOCATION||ATRISKAMT||ATRISKCCY||ATRISKLOCATION||ATRISKINDICATOR||REASON|Warrant|STRUCTURENAME||BROKER||BROKERAMT||BROKERCCY||LINKSYSTEMID||LINKTYPE||CANCELSSOURCESYSTEMID||CANCELLEDBYSOURCESYSTEMID||CANCELLINGHALFSOURCESYSTEMID||CORRECTSSOURCESYSTEMID||CORRECTEDBYSOURCESYSTEMID||CLOSESSOURCESYSTEMID||CLOSEDBYSOURCESYSTEMID||EXERCISEDINTOSOURCESYSTEMID||EXERCISEDFROMSOURCESYSTEMID||PRODUCTID|210642200|PRODUCTVERSION|1|PRODUCTLEGID||PREMIUMCURRENCY||INDEXTRYN|N|LOGICALDELETEYN|N|FUTSELECTOPTSETTLEMENT||FUTSELECTZONECUT||FUTURETYPE|CommodityFuture|FUTURESUBTYPE|Index|FUTURECODE|MRE_PLUS_USD|FUTURESHORTCODE||ORDERFIELD|1|EXCHANGE|NA|DESCRIPTION|DB MR PLUS Excess Return|CURRENCY|USD|CURRENCYMEASUREMENTUNIT||CONTRACTMEASUREMENTUNIT||MEASUREMENTUNITCONVERSION|1|CONTRACTSIZE|1|TICKSIZE|1|TICKVALUE|1|DECAYRATE|0|BASEVOL|0|MEANREVERSION|0|PRICECURVE|DBLCI-MR_PLUS_ER_ASK|VOLCURVE|DBLCI-MR_PLUS_ER_VOL|VOLBLEND|0|VOLPRICESHIFT|0|VOLSURFACE||WSSCONTRACTCODE||RRATESCONTRACTCODE||COUNTERPARTYID||CONFIRMATIONUNIT||CONFIRMATIONSTATISTICSTATION||DATECALCULATIONRULE||COMPOSITIONTYPE||COMPOSITIONSOURCE||COMPOSITIONOPTION||COMPOSITIONWEIGHTING||SPOTCURVE|DBLCI-MR_PLUS_ER|UNDERLYINGSPOTINDEXCURVE||RICCODE||FUTURESSELECTMAPYN|N|FUTSELECTOPTTYPE||FUTSELECTPRICESCALAR|1|FUTSELECTDELIVERY||FUTSELECTFRACTSCALAR|100|FUTSELECTOPTPRICESCALAR|1|FUTSELECTOPTFRACTSCALAR|100|PRODUCTTYPEID|WARRANT|INDEXSCHEDULE|&lt;EMPTY&gt;|INDEXRESETS|&lt;EMPTY&gt;|HIGH_LEVEL_CPTY_CDRMNEMONIC|DTCH F  113|COUNTERPARTYNAME|T&amp;S CURRENCY WARRANT DESK|CPTY_CDRMNEMONIC|DTCH F  113|BOOK_CPTY|CRGNYINDX|BOOK_CPTY_CDRMNEMONIC|DTCH L  39A|PROFIT_CENTRE|SMT1|BOOKBRANCHPARENT|Commodities|HIGH_LEVEL_BOOK_CPTY_CDRM|DTCH L|BOOK_CPYT_SRC_SYSTEM|RMS|SUBBRANCH|LDN|AMI_CODE|0840|ACCRUALBASIS||PUBLICATIONTIME|2010-09-24 15:59:19.189|DBLEGALENTITY|London|ISLIVEYN|Y</Text>
</Message>
