<?xml version="1.0" encoding="UTF-8"?>
<Message>
    <SystemInfo>
        <JMSDestination>Topic[exodus.pipe.demo]</JMSDestination>
        <JMSReplyTo/>
        <JMSDeliveryMode>2</JMSDeliveryMode>
        <JMSRedelivered>false</JMSRedelivered>
        <JMSCorrelationID>null</JMSCorrelationID>
        <JMSType>null</JMSType>
        <JMSTimestamp>1285344101958</JMSTimestamp>
        <JMSExpiration>0</JMSExpiration>
        <JMSPriority>4</JMSPriority>
    </SystemInfo>
    <ApplicationInfo>
        <SYSTEMID>254368993</SYSTEMID>
        <TRADEGROUP>COMMODITYONELEG</TRADEGROUP>
        <VERSION>1</VERSION>
        <COUNTERPARTY>////</COUNTERPARTY>
        <MESSAGE_TYPE>RMS_TRADE</MESSAGE_TYPE>
        <TRADETYPE>CommodityVarSwap</TRADETYPE>
        <BOOK>BMOPTMCU</BOOK>
        <ACTION>New</ACTION>
        <STATUS>Open</STATUS>
    </ApplicationInfo>
    <Text>SYSTEMID|254368993|TRADETYPE|CommodityVarSwap|TRADEID|145989793A|SOURCESYSTEM|RMS|BOOK|BMOPTMCU|BLOTTER||COUNTERPARTY|////|COUNTERPARTYSOURCESYSTEM|RMS|COUNTERPARTYNAME|DEUTSCHE BANK AG LONDON AC ABBREVIATION  NOT  KNOWN|DBICOUNTERPARTYID||CUSTOMER|////|CUSTOMERSOURCESYSTEM|RMS|STATUS|Open|PREMIUMCURRENCY||PREMIUMAMOUNT||PREMIUMDATE||PREMIUMHASPAIDYN||UNWINDRATE||UNWINDPREMIUMCURRENCY||UNWINDPREMIUMAMOUNT||UNWINDPREMIUMDATE||MARGINPAYMENTCURRENCY||MARGINPAYMENTAMOUNT||CONTRACTCODE|XCU|CURRENCY|USD|STARTCONTRACTDATE||ENDCONTRACTDATE||DAILYNOTIONAL||PERIODNOTIONAL||TOTALNOTIONAL||STRIKE|0.405|SPREAD||AVERAGINGSTYLE|252|NUMFLOWSHAVEPAID||EXPIRYDATE|2010-12-01 00:00:00.000|CP||BUYSELL||SETTLEMENTDATE|2010-12-03 00:00:00.000|FREQUENCY|1B|PAYMENTCITIES|NYC|FIXINGCITIES||LASTTRADINGDATEOFFSET||PROMPTCONTRACTOFFSET||UNITS||UNITCONVERSIONFACTOR||UNDISCOUNTEDYN||MODELTYPE||PRODUCTID|247255214|PRODUCTVERSION|1|PRODUCTLEGID||STRUCTUREID|145989793|TRADEDATE|2010-02-19 00:00:00.000|LASTUPDATED|2010-02-19 13:55:00.000|ACTION|New|ACTIONEFFECTIVEDATE|2010-02-19 00:00:00.000|SOURCESYSTEMBOOK|BMOPTMCU|SOURCESYSTEMPROFITCENTRE||SALESPERSON||TRADER||ENTEREDBY|FARTAD|FUNDSPLITID||FUNDSPLITVERSION||STRUCTURENAME||MARKUPAMT||MARKUPCCY||MARKUPLOCATION||ATRISKAMT||ATRISKCCY||ATRISKLOCATION||ATRISKINDICATOR||REASON||NOTES||BROKER||BROKERAMT||BROKERCCY||LINKSYSTEMID||LINKTYPE||SOURCESYSTEMID|254368993|DATECREATED|2010-02-19 13:55:00.000|CONFIRMAS||VERSION|1|CANCELSSOURCESYSTEMID||CANCELLEDBYSOURCESYSTEMID||CANCELLINGHALFSOURCESYSTEMID||CORRECTSSOURCESYSTEMID||CORRECTEDBYSOURCESYSTEMID||CLOSESSOURCESYSTEMID||CLOSEDBYSOURCESYSTEMID||EXERCISEDINTOSOURCESYSTEMID||EXERCISEDFROMSOURCESYSTEMID||LATESTVERSIONYN|N|CLOSINGDATE||LEGALENTITY|London|DEALCAPTURESYSTEM|RMS|DEALCAPTURESYSTEMID|254368993|BOOKINGLOCATION|London|PRODUCTTYPE||PRODUCTINSTANCE||BACKOFFICESYSTEM||BACKOFFICESYSTEMID||VERSIONVALIDUNTILDATE|2010-02-22 15:10:44.000|TRADEEXTRADETAILID|0|TRADEEXTRADETAILVERSION|0|TRADECLASSIFICATION|1|DEALCAPTURESALESUSER|RMS_FARTAD|FUNDSPLITALLOCATIONID||FUNDSPLITALLOCATIONLEGID||TEARUPID||ELECTEDCONFIRMATIONSYSTEM|///|ELECTEDCONFIRMATIONRULEID|68|PREVIOUSCONFIRMATIONSYSTEM|NNN|ELECTEDSETTLEMENTSYSTEM|///|ELECTEDSETTLEMENTRULEID|68|PREVIOUSSETTLEMENTSYSTEM|NNN|ACCCURRENCY|USD|CALCULATIONAGENT|DB|BACKOFFICEPROCESSING|Manual|BACKOFFICEACCEPTED|N|BACKOFFICEENDDATE||BACKOFFICEEVENT||BACKOFFICEBRANCHACCEPTED||BACKOFFICEBRANCHEVENT||ASSETLOCATION||TRADETABLE|COMMODITYONELEG|USERENTEREDTRADEDATE||UNDERCURRENCY|USD|NOTIONAL|11200000|OPTIONRATETERM||PRODUCTNOTIONAL||STRIKEFIXINGDATE||STRIKEFIXINGPERCENTAGE||FUTURESEXPIRYDATE||OPTIONEXPIRYDATE||CASHSETTLEDYN||USERDATA|;;Act/360;PUTCOUPON;40228;40228;;Mod Foll;EOM_CAL|CONTRACTCURRENCY|USD|LOTSNOTIONAL||BARRIER||BARRIERDIRECTION||BARRIERSTARTDATE||BARRIERENDDATE||FIXRAW_PERIODNOTIONAL||FIXRAW_ACCCURRENCY|USD|PRODUCTTYPEID|////|FLOWID|1|FLOWFIXINGDATE|2010-02-19 00:00:00.000|FLOWCONTRACTDATE||FLOWNUMBEROFCONTRACTS|0|FLOWNOTIONAL|0|FLOWCP||FLOWSTRIKE|1|FLOWSPREAD|0|FLOWPAYMENTDATE|2010-02-19 00:00:00.000|FLOWFIXING||FLOWHASPAID|N|FLOWID|2|FLOWFIXINGDATE|2010-02-22 00:00:00.000|FLOWCONTRACTDATE||FLOWNUMBEROFCONTRACTS|0|FLOWNOTIONAL|0|FLOWCP||FLOWSTRIKE|1|FLOWSPREAD|0|FLOWPAYMENTDATE|2010-02-22 00:00:00.000|FLOWFIXING||FLOWHASPAID|N|FLOWID|3|FLOWFIXINGDATE|2010-02-23 00:00:00.000|FLOWCONTRACTDATE||FLOWNUMBEROFCONTRACTS|0|FLOWNOTIONAL|0|FLOWCP||FLOWSTRIKE|1|FLOWSPREAD|0|FLOWPAYMENTDATE|2010-02-23 00:00:00.000|FLOWFIXING||FLOWHASPAID|N|FLOWID|4|FLOWFIXINGDATE|2010-02-24 00:00:00.000|FLOWCONTRACTDATE||FLOWNUMBEROFCONTRACTS|0|FLOWNOTIONAL|0|FLOWCP||FLOWSTRIKE|1|FLOWSPREAD|0|FLOWPAYMENTDATE|2010-02-24 00:00:00.000|FLOWFIXING||FLOWHASPAID|N|FLOWID|5|FLOWFIXINGDATE|2010-02-25 00:00:00.000|FLOWCONTRACTDATE||FLOWNUMBEROFCONTRACTS|0|FLOWNOTIONAL|0|FLOWCP||FLOWSTRIKE|1|FLOWSPREAD|0|FLOWPAYMENTDATE|2010-02-25 00:00:00.000|FLOWFIXING||FLOWHASPAID|N|FLOWID|6|FLOWFIXINGDATE|2010-02-26 00:00:00.000|FLOWCONTRACTDATE||FLOWNUMBEROFCONTRACTS|0|FLOWNOTIONAL|0|FLOWCP||FLOWSTRIKE|1|FLOWSPREAD|0|FLOWPAYMENTDATE|2010-02-26 00:00:00.000|FLOWFIXING||FLOWHASPAID|N|FLOWID|7|FLOWFIXINGDATE|2010-03-01 00:00:00.000|FLOWCONTRACTDATE||FLOWNUMBEROFCONTRACTS|0|FLOWNOTIONAL|0|FLOWCP||FLOWSTRIKE|1|FLOWSPREAD|0|FLOWPAYMENTDATE|2010-03-01 00:00:00.000|FLOWFIXING||FLOWHASPAID|N|FLOWID|8|FLOWFIXINGDATE|2010-03-02 00:00:00.000|FLOWCONTRACTDATE||FLOWNUMBEROFCONTRACTS|0|FLOWNOTIONAL|0|FLOWCP||FLOWSTRIKE|1|FLOWSPREAD|0|FLOWPAYMENTDATE|2010-03-02 00:00:00.000|FLOWFIXING||FLOWHASPAID|N|FLOWID|9|FLOWFIXINGDATE|2010-03-03 00:00:00.000|FLOWCONTRACTDATE||FLOWNUMBEROFCONTRACTS|0|FLOWNOTIONAL|0|FLOWCP||FLOWSTRIKE|1|FLOWSPREAD|0|FLOWPAYMENTDATE|2010-03-03 00:00:00.000|FLOWFIXING||FLOWHASPAID|N|FLOWID|10|FLOWFIXINGDATE|2010-03-04 00:00:00.000|FLOWCONTRACTDATE||FLOWNUMBEROFCONTRACTS|0|FLOWNOTIONAL|0|FLOWCP||FLOWSTRIKE|1|FLOWSPREAD|0|FLOWPAYMENTDATE|2010-03-04 00:00:00.000|FLOWFIXING||FLOWHASPAID|N|FLOWID|11|FLOWFIXINGDATE|2010-03-05 00:00:00.000|FLOWCONTRACTDATE||FLOWNUMBEROFCONTRACTS|0|FLOWNOTIONAL|0|FLOWCP||FLOWSTRIKE|1|FLOWSPREAD|0|FLOWPAYMENTDATE|2010-03-05 00:00:00.000|FLOWFIXING||FLOWHASPAID|N|FLOWID|12|FLOWFIXINGDATE|2010-03-08 00:00:00.000|FLOWCONTRACTDATE||FLOWNUMBEROFCONTRACTS|0|FLOWNOTIONAL|0|FLOWCP||FLOWSTRIKE|1|FLOWSPREAD|0|FLOWPAYMENTDATE|2010-03-08 00:00:00.000|FLOWFIXING||FLOWHASPAID|N|FLOWID|13|FLOWFIXINGDATE|2010-03-09 00:00:00.000|FLOWCONTRACTDATE||FLOWNUMBEROFCONTRACTS|0|FLOWNOTIONAL|0|FLOWCP||FLOWSTRIKE|1|FLOWSPREAD|0|FLOWPAYMENTDATE|2010-03-09 00:00:00.000|FLOWFIXING||FLOWHASPAID|N|FLOWID|14|FLOWFIXINGDATE|2010-03-10 00:00:00.000|FLOWCONTRACTDATE||FLOWNUMBEROFCONTRACTS|0|FLOWNOTIONAL|0|FLOWCP||FLOWSTRIKE|1|FLOWSPREAD|0|FLOWPAYMENTDATE|2010-03-10 00:00:00.000|FLOWFIXING||FLOWHASPAID|N|FLOWID|15|FLOWFIXINGDATE|2010-03-11 00:00:00.000|FLOWCONTRACTDATE||FLOWNUMBEROFCONTRACTS|0|FLOWNOTIONAL|0|FLOWCP||FLOWSTRIKE|1|FLOWSPREAD|0|FLOWPAYMENTDATE|2010-03-11 00:00:00.000|FLOWFIXING||FLOWHASPAID|N|FLOWID|16|FLOWFIXINGDATE|2010-03-12 00:00:00.000|FLOWCONTRACTDATE||FLOWNUMBEROFCONTRACTS|0|FLOWNOTIONAL|0|FLOWCP||FLOWSTRIKE|1|FLOWSPREAD|0|FLOWPAYMENTDATE|2010-03-12 00:00:00.000|FLOWFIXING||FLOWHASPAID|N|FLOWID|17|FLOWFIXINGDATE|2010-03-15 00:00:00.000|FLOWCONTRACTDATE||FLOWNUMBEROFCONTRACTS|0|FLOWNOTIONAL|0|FLOWCP||FLOWSTRIKE|1|FLOWSPREAD|0|FLOWPAYMENTDATE|2010-03-15 00:00:00.000|FLOWFIXING||FLOWHASPAID|N|FLOWID|18|FLOWFIXINGDATE|2010-03-16 00:00:00.000|FLOWCONTRACTDATE||FLOWNUMBEROFCONTRACTS|0|FLOWNOTIONAL|0|FLOWCP||FLOWSTRIKE|1|FLOWSPREAD|0|FLOWPAYMENTDATE|2010-03-16 00:00:00.000|FLOWFIXING||FLOWHASPAID|N|FLOWID|19|FLOWFIXINGDATE|2010-03-17 00:00:00.000|FLOWCONTRACTDATE||FLOWNUMBEROFCONTRACTS|0|FLOWNOTIONAL|0|FLOWCP||FLOWSTRIKE|1|FLOWSPREAD|0|FLOWPAYMENTDATE|2010-03-17 00:00:00.000|FLOWFIXING||FLOWHASPAID|N|FLOWID|20|FLOWFIXINGDATE|2010-03-18 00:00:00.000|FLOWCONTRACTDATE||FLOWNUMBEROFCONTRACTS|0|FLOWNOTIONAL|0|FLOWCP||FLOWSTRIKE|1|FLOWSPREAD|0|FLOWPAYMENTDATE|2010-03-18 00:00:00.000|FLOWFIXING||FLOWHASPAID|N|FLOWID|21|FLOWFIXINGDATE|2010-03-19 00:00:00.000|FLOWCONTRACTDATE||FLOWNUMBEROFCONTRACTS|0|FLOWNOTIONAL|0|FLOWCP||FLOWSTRIKE|1|FLOWSPREAD|0|FLOWPAYMENTDATE|2010-03-19 00:00:00.000|FLOWFIXING||FLOWHASPAID|N|FLOWID|22|FLOWFIXINGDATE|2010-03-22 00:00:00.000|FLOWCONTRACTDATE||FLOWNUMBEROFCONTRACTS|0|FLOWNOTIONAL|0|FLOWCP||FLOWSTRIKE|1|FLOWSPREAD|0|FLOWPAYMENTDATE|2010-03-22 00:00:00.000|FLOWFIXING||FLOWHASPAID|N|FLOWID|23|FLOWFIXINGDATE|2010-03-23 00:00:00.000|FLOWCONTRACTDATE||FLOWNUMBEROFCONTRACTS|0|FLOWNOTIONAL|0|FLOWCP||FLOWSTRIKE|1|FLOWSPREAD|0|FLOWPAYMENTDATE|2010-03-23 00:00:00.000|FLOWFIXING||FLOWHASPAID|N|FLOWID|24|FLOWFIXINGDATE|2010-03-24 00:00:00.000|FLOWCONTRACTDATE||FLOWNUMBEROFCONTRACTS|0|FLOWNOTIONAL|0|FLOWCP||FLOWSTRIKE|1|FLOWSPREAD|0|FLOWPAYMENTDATE|2010-03-24 00:00:00.000|FLOWFIXING||FLOWHASPAID|N|FLOWID|25|FLOWFIXINGDATE|2010-03-25 00:00:00.000|FLOWCONTRACTDATE||FLOWNUMBEROFCONTRACTS|0|FLOWNOTIONAL|0|FLOWCP||FLOWSTRIKE|1|FLOWSPREAD|0|FLOWPAYMENTDATE|2010-03-25 00:00:00.000|FLOWFIXING||FLOWHASPAID|N|FLOWID|26|FLOWFIXINGDATE|2010-03-26 00:00:00.000|FLOWCONTRACTDATE||FLOWNUMBEROFCONTRACTS|0|FLOWNOTIONAL|0|FLOWCP||FLOWSTRIKE|1|FLOWSPREAD|0|FLOWPAYMENTDATE|2010-03-26 00:00:00.000|FLOWFIXING||FLOWHASPAID|N|FLOWID|27|FLOWFIXINGDATE|2010-03-29 00:00:00.000|FLOWCONTRACTDATE||FLOWNUMBEROFCONTRACTS|0|FLOWNOTIONAL|0|FLOWCP||FLOWSTRIKE|1|FLOWSPREAD|0|FLOWPAYMENTDATE|2010-03-29 00:00:00.000|FLOWFIXING||FLOWHASPAID|N|FLOWID|28|FLOWFIXINGDATE|2010-03-30 00:00:00.000|FLOWCONTRACTDATE||FLOWNUMBEROFCONTRACTS|0|FLOWNOTIONAL|0|FLOWCP||FLOWSTRIKE|1|FLOWSPREAD|0|FLOWPAYMENTDATE|2010-03-30 00:00:00.000|FLOWFIXING||FLOWHASPAID|N|FLOWID|29|FLOWFIXINGDATE|2010-03-31 00:00:00.000|FLOWCONTRACTDATE||FLOWNUMBEROFCONTRACTS|0|FLOWNOTIONAL|0|FLOWCP||FLOWSTRIKE|1|FLOWSPREAD|0|FLOWPAYMENTDATE|2010-03-31 00:00:00.000|FLOWFIXING||FLOWHASPAID|N|FLOWID|30|FLOWFIXINGDATE|2010-04-01 00:00:00.000|FLOWCONTRACTDATE||FLOWNUMBEROFCONTRACTS|0|FLOWNOTIONAL|0|FLOWCP||FLOWSTRIKE|1|FLOWSPREAD|0|FLOWPAYMENTDATE|2010-04-01 00:00:00.000|FLOWFIXING||FLOWHASPAID|N|FLOWID|31|FLOWFIXINGDATE|2010-04-02 00:00:00.000|FLOWCONTRACTDATE||FLOWNUMBEROFCONTRACTS|0|FLOWNOTIONAL|0|FLOWCP||FLOWSTRIKE|1|FLOWSPREAD|0|FLOWPAYMENTDATE|2010-04-02 00:00:00.000|FLOWFIXING||FLOWHASPAID|N|FLOWID|32|FLOWFIXINGDATE|2010-04-05 00:00:00.000|FLOWCONTRACTDATE||FLOWNUMBEROFCONTRACTS|0|FLOWNOTIONAL|0|FLOWCP||FLOWSTRIKE|1|FLOWSPREAD|0|FLOWPAYMENTDATE|2010-04-05 00:00:00.000|FLOWFIXING||FLOWHASPAID|N|FLOWID|33|FLOWFIXINGDATE|2010-04-06 00:00:00.000|FLOWCONTRACTDATE||FLOWNUMBEROFCONTRACTS|0|FLOWNOTIONAL|0|FLOWCP||FLOWSTRIKE|1|FLOWSPREAD|0|FLOWPAYMENTDATE|2010-04-06 00:00:00.000|FLOWFIXING||FLOWHASPAID|N|FLOWID|34|FLOWFIXINGDATE|2010-04-07 00:00:00.000|FLOWCONTRACTDATE||FLOWNUMBEROFCONTRACTS|0|FLOWNOTIONAL|0|FLOWCP||FLOWSTRIKE|1|FLOWSPREAD|0|FLOWPAYMENTDATE|2010-04-07 00:00:00.000|FLOWFIXING||FLOWHASPAID|N|FLOWID|35|FLOWFIXINGDATE|2010-04-08 00:00:00.000|FLOWCONTRACTDATE||FLOWNUMBEROFCONTRACTS|0|FLOWNOTIONAL|0|FLOWCP||FLOWSTRIKE|1|FLOWSPREAD|0|FLOWPAYMENTDATE|2010-04-08 00:00:00.000|FLOWFIXING||FLOWHASPAID|N|FLOWID|36|FLOWFIXINGDATE|2010-04-09 00:00:00.000|FLOWCONTRACTDATE||FLOWNUMBEROFCONTRACTS|0|FLOWNOTIONAL|0|FLOWCP||FLOWSTRIKE|1|FLOWSPREAD|0|FLOWPAYMENTDATE|2010-04-09 00:00:00.000|FLOWFIXING||FLOWHASPAID|N|FLOWID|37|FLOWFIXINGDATE|2010-04-12 00:00:00.000|FLOWCONTRACTDATE||FLOWNUMBEROFCONTRACTS|0|FLOWNOTIONAL|0|FLOWCP||FLOWSTRIKE|1|FLOWSPREAD|0|FLOWPAYMENTDATE|2010-04-12 00:00:00.000|FLOWFIXING||FLOWHASPAID|N|FLOWID|38|FLOWFIXINGDATE|2010-04-13 00:00:00.000|FLOWCONTRACTDATE||FLOWNUMBEROFCONTRACTS|0|FLOWNOTIONAL|0|FLOWCP||FLOWSTRIKE|1|FLOWSPREAD|0|FLOWPAYMENTDATE|2010-04-13 00:00:00.000|FLOWFIXING||FLOWHASPAID|N|FLOWID|39|FLOWFIXINGDATE|2010-04-14 00:00:00.000|FLOWCONTRACTDATE||FLOWNUMBEROFCONTRACTS|0|FLOWNOTIONAL|0|FLOWCP||FLOWSTRIKE|1|FLOWSPREAD|0|FLOWPAYMENTDATE|2010-04-14 00:00:00.000|FLOWFIXING||FLOWHASPAID|N|FLOWID|40|FLOWFIXINGDATE|2010-04-15 00:00:00.000|FLOWCONTRACTDATE||FLOWNUMBEROFCONTRACTS|0|FLOWNOTIONAL|0|FLOWCP||FLOWSTRIKE|1|FLOWSPREAD|0|FLOWPAYMENTDATE|2010-04-15 00:00:00.000|FLOWFIXING||FLOWHASPAID|N|FLOWID|41|FLOWFIXINGDATE|2010-04-16 00:00:00.000|FLOWCONTRACTDATE||FLOWNUMBEROFCONTRACTS|0|FLOWNOTIONAL|0|FLOWCP||FLOWSTRIKE|1|FLOWSPREAD|0|FLOWPAYMENTDATE|2010-04-16 00:00:00.000|FLOWFIXING||FLOWHASPAID|N|FLOWID|42|FLOWFIXINGDATE|2010-04-19 00:00:00.000|FLOWCONTRACTDATE||FLOWNUMBEROFCONTRACTS|0|FLOWNOTIONAL|0|FLOWCP||FLOWSTRIKE|1|FLOWSPREAD|0|FLOWPAYMENTDATE|2010-04-19 00:00:00.000|FLOWFIXING||FLOWHASPAID|N|FLOWID|43|FLOWFIXINGDATE|2010-04-20 00:00:00.000|FLOWCONTRACTDATE||FLOWNUMBEROFCONTRACTS|0|FLOWNOTIONAL|0|FLOWCP||FLOWSTRIKE|1|FLOWSPREAD|0|FLOWPAYMENTDATE|2010-04-20 00:00:00.000|FLOWFIXING||FLOWHASPAID|N|FLOWID|44|FLOWFIXINGDATE|2010-04-21 00:00:00.000|FLOWCONTRACTDATE||FLOWNUMBEROFCONTRACTS|0|FLOWNOTIONAL|0|FLOWCP||FLOWSTRIKE|1|FLOWSPREAD|0|FLOWPAYMENTDATE|2010-04-21 00:00:00.000|FLOWFIXING||FLOWHASPAID|N|FLOWID|45|FLOWFIXINGDATE|2010-04-22 00:00:00.000|FLOWCONTRACTDATE||FLOWNUMBEROFCONTRACTS|0|FLOWNOTIONAL|0|FLOWCP||FLOWSTRIKE|1|FLOWSPREAD|0|FLOWPAYMENTDATE|2010-04-22 00:00:00.000|FLOWFIXING||FLOWHASPAID|N|FLOWID|46|FLOWFIXINGDATE|2010-04-23 00:00:00.000|FLOWCONTRACTDATE||FLOWNUMBEROFCONTRACTS|0|FLOWNOTIONAL|0|FLOWCP||FLOWSTRIKE|1|FLOWSPREAD|0|FLOWPAYMENTDATE|2010-04-23 00:00:00.000|FLOWFIXING||FLOWHASPAID|N|FLOWID|47|FLOWFIXINGDATE|2010-04-26 00:00:00.000|FLOWCONTRACTDATE||FLOWNUMBEROFCONTRACTS|0|FLOWNOTIONAL|0|FLOWCP||FLOWSTRIKE|1|FLOWSPREAD|0|FLOWPAYMENTDATE|2010-04-26 00:00:00.000|FLOWFIXING||FLOWHASPAID|N|FLOWID|48|FLOWFIXINGDATE|2010-04-27 00:00:00.000|FLOWCONTRACTDATE||FLOWNUMBEROFCONTRACTS|0|FLOWNOTIONAL|0|FLOWCP||FLOWSTRIKE|1|FLOWSPREAD|0|FLOWPAYMENTDATE|2010-04-27 00:00:00.000|FLOWFIXING||FLOWHASPAID|N|FLOWID|49|FLOWFIXINGDATE|2010-04-28 00:00:00.000|FLOWCONTRACTDATE||FLOWNUMBEROFCONTRACTS|0|FLOWNOTIONAL|0|FLOWCP||FLOWSTRIKE|1|FLOWSPREAD|0|FLOWPAYMENTDATE|2010-04-28 00:00:00.000|FLOWFIXING||FLOWHASPAID|N|FLOWID|50|FLOWFIXINGDATE|2010-04-29 00:00:00.000|FLOWCONTRACTDATE||FLOWNUMBEROFCONTRACTS|0|FLOWNOTIONAL|0|FLOWCP||FLOWSTRIKE|1|FLOWSPREAD|0|FLOWPAYMENTDATE|2010-04-29 00:00:00.000|FLOWFIXING||FLOWHASPAID|N|FLOWID|51|FLOWFIXINGDATE|2010-04-30 00:00:00.000|FLOWCONTRACTDATE||FLOWNUMBEROFCONTRACTS|0|FLOWNOTIONAL|0|FLOWCP||FLOWSTRIKE|1|FLOWSPREAD|0|FLOWPAYMENTDATE|2010-04-30 00:00:00.000|FLOWFIXING||FLOWHASPAID|N|FLOWID|52|FLOWFIXINGDATE|2010-05-03 00:00:00.000|FLOWCONTRACTDATE||FLOWNUMBEROFCONTRACTS|0|FLOWNOTIONAL|0|FLOWCP||FLOWSTRIKE|1|FLOWSPREAD|0|FLOWPAYMENTDATE|2010-05-03 00:00:00.000|FLOWFIXING||FLOWHASPAID|N|FLOWID|53|FLOWFIXINGDATE|2010-05-04 00:00:00.000|FLOWCONTRACTDATE||FLOWNUMBEROFCONTRACTS|0|FLOWNOTIONAL|0|FLOWCP||FLOWSTRIKE|1|FLOWSPREAD|0|FLOWPAYMENTDATE|2010-05-04 00:00:00.000|FLOWFIXING||FLOWHASPAID|N|FLOWID|54|FLOWFIXINGDATE|2010-05-05 00:00:00.000|FLOWCONTRACTDATE||FLOWNUMBEROFCONTRACTS|0|FLOWNOTIONAL|0|FLOWCP||FLOWSTRIKE|1|FLOWSPREAD|0|FLOWPAYMENTDATE|2010-05-05 00:00:00.000|FLOWFIXING||FLOWHASPAID|N|FLOWID|55|FLOWFIXINGDATE|2010-05-06 00:00:00.000|FLOWCONTRACTDATE||FLOWNUMBEROFCONTRACTS|0|FLOWNOTIONAL|0|FLOWCP||FLOWSTRIKE|1|FLOWSPREAD|0|FLOWPAYMENTDATE|2010-05-06 00:00:00.000|FLOWFIXING||FLOWHASPAID|N|FLOWID|56|FLOWFIXINGDATE|2010-05-07 00:00:00.000|FLOWCONTRACTDATE||FLOWNUMBEROFCONTRACTS|0|FLOWNOTIONAL|0|FLOWCP||FLOWSTRIKE|1|FLOWSPREAD|0|FLOWPAYMENTDATE|2010-05-07 00:00:00.000|FLOWFIXING||FLOWHASPAID|N|FLOWID|57|FLOWFIXINGDATE|2010-05-10 00:00:00.000|FLOWCONTRACTDATE||FLOWNUMBEROFCONTRACTS|0|FLOWNOTIONAL|0|FLOWCP||FLOWSTRIKE|1|FLOWSPREAD|0|FLOWPAYMENTDATE|2010-05-10 00:00:00.000|FLOWFIXING||FLOWHASPAID|N|FLOWID|58|FLOWFIXINGDATE|2010-05-11 00:00:00.000|FLOWCONTRACTDATE||FLOWNUMBEROFCONTRACTS|0|FLOWNOTIONAL|0|FLOWCP||FLOWSTRIKE|1|FLOWSPREAD|0|FLOWPAYMENTDATE|2010-05-11 00:00:00.000|FLOWFIXING||FLOWHASPAID|N|FLOWID|59|FLOWFIXINGDATE|2010-05-12 00:00:00.000|FLOWCONTRACTDATE||FLOWNUMBEROFCONTRACTS|0|FLOWNOTIONAL|0|FLOWCP||FLOWSTRIKE|1|FLOWSPREAD|0|FLOWPAYMENTDATE|2010-05-12 00:00:00.000|FLOWFIXING||FLOWHASPAID|N|FLOWID|60|FLOWFIXINGDATE|2010-05-13 00:00:00.000|FLOWCONTRACTDATE||FLOWNUMBEROFCONTRACTS|0|FLOWNOTIONAL|0|FLOWCP||FLOWSTRIKE|1|FLOWSPREAD|0|FLOWPAYMENTDATE|2010-05-13 00:00:00.000|FLOWFIXING||FLOWHASPAID|N|FLOWID|61|FLOWFIXINGDATE|2010-05-14 00:00:00.000|FLOWCONTRACTDATE||FLOWNUMBEROFCONTRACTS|0|FLOWNOTIONAL|0|FLOWCP||FLOWSTRIKE|1|FLOWSPREAD|0|FLOWPAYMENTDATE|2010-05-14 00:00:00.000|FLOWFIXING||FLOWHASPAID|N|FLOWID|62|FLOWFIXINGDATE|2010-05-17 00:00:00.000|FLOWCONTRACTDATE||FLOWNUMBEROFCONTRACTS|0|FLOWNOTIONAL|0|FLOWCP||FLOWSTRIKE|1|FLOWSPREAD|0|FLOWPAYMENTDATE|2010-05-17 00:00:00.000|FLOWFIXING||FLOWHASPAID|N|FLOWID|63|FLOWFIXINGDATE|2010-05-18 00:00:00.000|FLOWCONTRACTDATE||FLOWNUMBEROFCONTRACTS|0|FLOWNOTIONAL|0|FLOWCP||FLOWSTRIKE|1|FLOWSPREAD|0|FLOWPAYMENTDATE|2010-05-18 00:00:00.000|FLOWFIXING||FLOWHASPAID|N|FLOWID|64|FLOWFIXINGDATE|2010-05-19 00:00:00.000|FLOWCONTRACTDATE||FLOWNUMBEROFCONTRACTS|0|FLOWNOTIONAL|0|FLOWCP||FLOWSTRIKE|1|FLOWSPREAD|0|FLOWPAYMENTDATE|2010-05-19 00:00:00.000|FLOWFIXING||FLOWHASPAID|N|FLOWID|65|FLOWFIXINGDATE|2010-05-20 00:00:00.000|FLOWCONTRACTDATE||FLOWNUMBEROFCONTRACTS|0|FLOWNOTIONAL|0|FLOWCP||FLOWSTRIKE|1|FLOWSPREAD|0|FLOWPAYMENTDATE|2010-05-20 00:00:00.000|FLOWFIXING||FLOWHASPAID|N|FLOWID|66|FLOWFIXINGDATE|2010-05-21 00:00:00.000|FLOWCONTRACTDATE||FLOWNUMBEROFCONTRACTS|0|FLOWNOTIONAL|0|FLOWCP||FLOWSTRIKE|1|FLOWSPREAD|0|FLOWPAYMENTDATE|2010-05-21 00:00:00.000|FLOWFIXING||FLOWHASPAID|N|FLOWID|67|FLOWFIXINGDATE|2010-05-24 00:00:00.000|FLOWCONTRACTDATE||FLOWNUMBEROFCONTRACTS|0|FLOWNOTIONAL|0|FLOWCP||FLOWSTRIKE|1|FLOWSPREAD|0|FLOWPAYMENTDATE|2010-05-24 00:00:00.000|FLOWFIXING||FLOWHASPAID|N|FLOWID|68|FLOWFIXINGDATE|2010-05-25 00:00:00.000|FLOWCONTRACTDATE||FLOWNUMBEROFCONTRACTS|0|FLOWNOTIONAL|0|FLOWCP||FLOWSTRIKE|1|FLOWSPREAD|0|FLOWPAYMENTDATE|2010-05-25 00:00:00.000|FLOWFIXING||FLOWHASPAID|N|FLOWID|69|FLOWFIXINGDATE|2010-05-26 00:00:00.000|FLOWCONTRACTDATE||FLOWNUMBEROFCONTRACTS|0|FLOWNOTIONAL|0|FLOWCP||FLOWSTRIKE|1|FLOWSPREAD|0|FLOWPAYMENTDATE|2010-05-26 00:00:00.000|FLOWFIXING||FLOWHASPAID|N|FLOWID|70|FLOWFIXINGDATE|2010-05-27 00:00:00.000|FLOWCONTRACTDATE||FLOWNUMBEROFCONTRACTS|0|FLOWNOTIONAL|0|FLOWCP||FLOWSTRIKE|1|FLOWSPREAD|0|FLOWPAYMENTDATE|2010-05-27 00:00:00.000|FLOWFIXING||FLOWHASPAID|N|FLOWID|71|FLOWFIXINGDATE|2010-05-28 00:00:00.000|FLOWCONTRACTDATE||FLOWNUMBEROFCONTRACTS|0|FLOWNOTIONAL|0|FLOWCP||FLOWSTRIKE|1|FLOWSPREAD|0|FLOWPAYMENTDATE|2010-05-28 00:00:00.000|FLOWFIXING||FLOWHASPAID|N|FLOWID|72|FLOWFIXINGDATE|2010-06-01 00:00:00.000|FLOWCONTRACTDATE||FLOWNUMBEROFCONTRACTS|0|FLOWNOTIONAL|0|FLOWCP||FLOWSTRIKE|1|FLOWSPREAD|0|FLOWPAYMENTDATE|2010-06-01 00:00:00.000|FLOWFIXING||FLOWHASPAID|N|FLOWID|73|FLOWFIXINGDATE|2010-06-02 00:00:00.000|FLOWCONTRACTDATE||FLOWNUMBEROFCONTRACTS|0|FLOWNOTIONAL|0|FLOWCP||FLOWSTRIKE|1|FLOWSPREAD|0|FLOWPAYMENTDATE|2010-06-02 00:00:00.000|FLOWFIXING||FLOWHASPAID|N|FLOWID|74|FLOWFIXINGDATE|2010-06-03 00:00:00.000|FLOWCONTRACTDATE||FLOWNUMBEROFCONTRACTS|0|FLOWNOTIONAL|0|FLOWCP||FLOWSTRIKE|1|FLOWSPREAD|0|FLOWPAYMENTDATE|2010-06-03 00:00:00.000|FLOWFIXING||FLOWHASPAID|N|FLOWID|75|FLOWFIXINGDATE|2010-06-04 00:00:00.000|FLOWCONTRACTDATE||FLOWNUMBEROFCONTRACTS|0|FLOWNOTIONAL|0|FLOWCP||FLOWSTRIKE|1|FLOWSPREAD|0|FLOWPAYMENTDATE|2010-06-04 00:00:00.000|FLOWFIXING||FLOWHASPAID|N|FLOWID|76|FLOWFIXINGDATE|2010-06-07 00:00:00.000|FLOWCONTRACTDATE||FLOWNUMBEROFCONTRACTS|0|FLOWNOTIONAL|0|FLOWCP||FLOWSTRIKE|1|FLOWSPREAD|0|FLOWPAYMENTDATE|2010-06-07 00:00:00.000|FLOWFIXING||FLOWHASPAID|N|FLOWID|77|FLOWFIXINGDATE|2010-06-08 00:00:00.000|FLOWCONTRACTDATE||FLOWNUMBEROFCONTRACTS|0|FLOWNOTIONAL|0|FLOWCP||FLOWSTRIKE|1|FLOWSPREAD|0|FLOWPAYMENTDATE|2010-06-08 00:00:00.000|FLOWFIXING||FLOWHASPAID|N|FLOWID|78|FLOWFIXINGDATE|2010-06-09 00:00:00.000|FLOWCONTRACTDATE||FLOWNUMBEROFCONTRACTS|0|FLOWNOTIONAL|0|FLOWCP||FLOWSTRIKE|1|FLOWSPREAD|0|FLOWPAYMENTDATE|2010-06-09 00:00:00.000|FLOWFIXING||FLOWHASPAID|N|FLOWID|79|FLOWFIXINGDATE|2010-06-10 00:00:00.000|FLOWCONTRACTDATE||FLOWNUMBEROFCONTRACTS|0|FLOWNOTIONAL|0|FLOWCP||FLOWSTRIKE|1|FLOWSPREAD|0|FLOWPAYMENTDATE|2010-06-10 00:00:00.000|FLOWFIXING||FLOWHASPAID|N|FLOWID|80|FLOWFIXINGDATE|2010-06-11 00:00:00.000|FLOWCONTRACTDATE||FLOWNUMBEROFCONTRACTS|0|FLOWNOTIONAL|0|FLOWCP||FLOWSTRIKE|1|FLOWSPREAD|0|FLOWPAYMENTDATE|2010-06-11 00:00:00.000|FLOWFIXING||FLOWHASPAID|N|FLOWID|81|FLOWFIXINGDATE|2010-06-14 00:00:00.000|FLOWCONTRACTDATE||FLOWNUMBEROFCONTRACTS|0|FLOWNOTIONAL|0|FLOWCP||FLOWSTRIKE|1|FLOWSPREAD|0|FLOWPAYMENTDATE|2010-06-14 00:00:00.000|FLOWFIXING||FLOWHASPAID|N|FLOWID|82|FLOWFIXINGDATE|2010-06-15 00:00:00.000|FLOWCONTRACTDATE||FLOWNUMBEROFCONTRACTS|0|FLOWNOTIONAL|0|FLOWCP||FLOWSTRIKE|1|FLOWSPREAD|0|FLOWPAYMENTDATE|2010-06-15 00:00:00.000|FLOWFIXING||FLOWHASPAID|N|FLOWID|83|FLOWFIXINGDATE|2010-06-16 00:00:00.000|FLOWCONTRACTDATE||FLOWNUMBEROFCONTRACTS|0|FLOWNOTIONAL|0|FLOWCP||FLOWSTRIKE|1|FLOWSPREAD|0|FLOWPAYMENTDATE|2010-06-16 00:00:00.000|FLOWFIXING||FLOWHASPAID|N|FLOWID|84|FLOWFIXINGDATE|2010-06-17 00:00:00.000|FLOWCONTRACTDATE||FLOWNUMBEROFCONTRACTS|0|FLOWNOTIONAL|0|FLOWCP||FLOWSTRIKE|1|FLOWSPREAD|0|FLOWPAYMENTDATE|2010-06-17 00:00:00.000|FLOWFIXING||FLOWHASPAID|N|FLOWID|85|FLOWFIXINGDATE|2010-06-18 00:00:00.000|FLOWCONTRACTDATE||FLOWNUMBEROFCONTRACTS|0|FLOWNOTIONAL|0|FLOWCP||FLOWSTRIKE|1|FLOWSPREAD|0|FLOWPAYMENTDATE|2010-06-18 00:00:00.000|FLOWFIXING||FLOWHASPAID|N|FLOWID|86|FLOWFIXINGDATE|2010-06-21 00:00:00.000|FLOWCONTRACTDATE||FLOWNUMBEROFCONTRACTS|0|FLOWNOTIONAL|0|FLOWCP||FLOWSTRIKE|1|FLOWSPREAD|0|FLOWPAYMENTDATE|2010-06-21 00:00:00.000|FLOWFIXING||FLOWHASPAID|N|FLOWID|87|FLOWFIXINGDATE|2010-06-22 00:00:00.000|FLOWCONTRACTDATE||FLOWNUMBEROFCONTRACTS|0|FLOWNOTIONAL|0|FLOWCP||FLOWSTRIKE|1|FLOWSPREAD|0|FLOWPAYMENTDATE|2010-06-22 00:00:00.000|FLOWFIXING||FLOWHASPAID|N|FLOWID|88|FLOWFIXINGDATE|2010-06-23 00:00:00.000|FLOWCONTRACTDATE||FLOWNUMBEROFCONTRACTS|0|FLOWNOTIONAL|0|FLOWCP||FLOWSTRIKE|1|FLOWSPREAD|0|FLOWPAYMENTDATE|2010-06-23 00:00:00.000|FLOWFIXING||FLOWHASPAID|N|FLOWID|89|FLOWFIXINGDATE|2010-06-24 00:00:00.000|FLOWCONTRACTDATE||FLOWNUMBEROFCONTRACTS|0|FLOWNOTIONAL|0|FLOWCP||FLOWSTRIKE|1|FLOWSPREAD|0|FLOWPAYMENTDATE|2010-06-24 00:00:00.000|FLOWFIXING||FLOWHASPAID|N|FLOWID|90|FLOWFIXINGDATE|2010-06-25 00:00:00.000|FLOWCONTRACTDATE||FLOWNUMBEROFCONTRACTS|0|FLOWNOTIONAL|0|FLOWCP||FLOWSTRIKE|1|FLOWSPREAD|0|FLOWPAYMENTDATE|2010-06-25 00:00:00.000|FLOWFIXING||FLOWHASPAID|N|FLOWID|91|FLOWFIXINGDATE|2010-06-28 00:00:00.000|FLOWCONTRACTDATE||FLOWNUMBEROFCONTRACTS|0|FLOWNOTIONAL|0|FLOWCP||FLOWSTRIKE|1|FLOWSPREAD|0|FLOWPAYMENTDATE|2010-06-28 00:00:00.000|FLOWFIXING||FLOWHASPAID|N|FLOWID|92|FLOWFIXINGDATE|2010-06-29 00:00:00.000|FLOWCONTRACTDATE||FLOWNUMBEROFCONTRACTS|0|FLOWNOTIONAL|0|FLOWCP||FLOWSTRIKE|1|FLOWSPREAD|0|FLOWPAYMENTDATE|2010-06-29 00:00:00.000|FLOWFIXING||FLOWHASPAID|N|FLOWID|93|FLOWFIXINGDATE|2010-06-30 00:00:00.000|FLOWCONTRACTDATE||FLOWNUMBEROFCONTRACTS|0|FLOWNOTIONAL|0|FLOWCP||FLOWSTRIKE|1|FLOWSPREAD|0|FLOWPAYMENTDATE|2010-06-30 00:00:00.000|FLOWFIXING||FLOWHASPAID|N|FLOWID|94|FLOWFIXINGDATE|2010-07-01 00:00:00.000|FLOWCONTRACTDATE||FLOWNUMBEROFCONTRACTS|0|FLOWNOTIONAL|0|FLOWCP||FLOWSTRIKE|1|FLOWSPREAD|0|FLOWPAYMENTDATE|2010-07-01 00:00:00.000|FLOWFIXING||FLOWHASPAID|N|FLOWID|95|FLOWFIXINGDATE|2010-07-02 00:00:00.000|FLOWCONTRACTDATE||FLOWNUMBEROFCONTRACTS|0|FLOWNOTIONAL|0|FLOWCP||FLOWSTRIKE|1|FLOWSPREAD|0|FLOWPAYMENTDATE|2010-07-02 00:00:00.000|FLOWFIXING||FLOWHASPAID|N|FLOWID|96|FLOWFIXINGDATE|2010-07-06 00:00:00.000|FLOWCONTRACTDATE||FLOWNUMBEROFCONTRACTS|0|FLOWNOTIONAL|0|FLOWCP||FLOWSTRIKE|1|FLOWSPREAD|0|FLOWPAYMENTDATE|2010-07-06 00:00:00.000|FLOWFIXING||FLOWHASPAID|N|FLOWID|97|FLOWFIXINGDATE|2010-07-07 00:00:00.000|FLOWCONTRACTDATE||FLOWNUMBEROFCONTRACTS|0|FLOWNOTIONAL|0|FLOWCP||FLOWSTRIKE|1|FLOWSPREAD|0|FLOWPAYMENTDATE|2010-07-07 00:00:00.000|FLOWFIXING||FLOWHASPAID|N|FLOWID|98|FLOWFIXINGDATE|2010-07-08 00:00:00.000|FLOWCONTRACTDATE||FLOWNUMBEROFCONTRACTS|0|FLOWNOTIONAL|0|FLOWCP||FLOWSTRIKE|1|FLOWSPREAD|0|FLOWPAYMENTDATE|2010-07-08 00:00:00.000|FLOWFIXING||FLOWHASPAID|N|FLOWID|99|FLOWFIXINGDATE|2010-07-09 00:00:00.000|FLOWCONTRACTDATE||FLOWNUMBEROFCONTRACTS|0|FLOWNOTIONAL|0|FLOWCP||FLOWSTRIKE|1|FLOWSPREAD|0|FLOWPAYMENTDATE|2010-07-09 00:00:00.000|FLOWFIXING||FLOWHASPAID|N|FLOWID|100|FLOWFIXINGDATE|2010-07-12 00:00:00.000|FLOWCONTRACTDATE||FLOWNUMBEROFCONTRACTS|0|FLOWNOTIONAL|0|FLOWCP||FLOWSTRIKE|1|FLOWSPREAD|0|FLOWPAYMENTDATE|2010-07-12 00:00:00.000|FLOWFIXING||FLOWHASPAID|N|FLOWID|101|FLOWFIXINGDATE|2010-07-13 00:00:00.000|FLOWCONTRACTDATE||FLOWNUMBEROFCONTRACTS|0|FLOWNOTIONAL|0|FLOWCP||FLOWSTRIKE|1|FLOWSPREAD|0|FLOWPAYMENTDATE|2010-07-13 00:00:00.000|FLOWFIXING||FLOWHASPAID|N|FLOWID|102|FLOWFIXINGDATE|2010-07-14 00:00:00.000|FLOWCONTRACTDATE||FLOWNUMBEROFCONTRACTS|0|FLOWNOTIONAL|0|FLOWCP||FLOWSTRIKE|1|FLOWSPREAD|0|FLOWPAYMENTDATE|2010-07-14 00:00:00.000|FLOWFIXING||FLOWHASPAID|N|FLOWID|103|FLOWFIXINGDATE|2010-07-15 00:00:00.000|FLOWCONTRACTDATE||FLOWNUMBEROFCONTRACTS|0|FLOWNOTIONAL|0|FLOWCP||FLOWSTRIKE|1|FLOWSPREAD|0|FLOWPAYMENTDATE|2010-07-15 00:00:00.000|FLOWFIXING||FLOWHASPAID|N|FLOWID|104|FLOWFIXINGDATE|2010-07-16 00:00:00.000|FLOWCONTRACTDATE||FLOWNUMBEROFCONTRACTS|0|FLOWNOTIONAL|0|FLOWCP||FLOWSTRIKE|1|FLOWSPREAD|0|FLOWPAYMENTDATE|2010-07-16 00:00:00.000|FLOWFIXING||FLOWHASPAID|N|FLOWID|105|FLOWFIXINGDATE|2010-07-19 00:00:00.000|FLOWCONTRACTDATE||FLOWNUMBEROFCONTRACTS|0|FLOWNOTIONAL|0|FLOWCP||FLOWSTRIKE|1|FLOWSPREAD|0|FLOWPAYMENTDATE|2010-07-19 00:00:00.000|FLOWFIXING||FLOWHASPAID|N|FLOWID|106|FLOWFIXINGDATE|2010-07-20 00:00:00.000|FLOWCONTRACTDATE||FLOWNUMBEROFCONTRACTS|0|FLOWNOTIONAL|0|FLOWCP||FLOWSTRIKE|1|FLOWSPREAD|0|FLOWPAYMENTDATE|2010-07-20 00:00:00.000|FLOWFIXING||FLOWHASPAID|N|FLOWID|107|FLOWFIXINGDATE|2010-07-21 00:00:00.000|FLOWCONTRACTDATE||FLOWNUMBEROFCONTRACTS|0|FLOWNOTIONAL|0|FLOWCP||FLOWSTRIKE|1|FLOWSPREAD|0|FLOWPAYMENTDATE|2010-07-21 00:00:00.000|FLOWFIXING||FLOWHASPAID|N|FLOWID|108|FLOWFIXINGDATE|2010-07-22 00:00:00.000|FLOWCONTRACTDATE||FLOWNUMBEROFCONTRACTS|0|FLOWNOTIONAL|0|FLOWCP||FLOWSTRIKE|1|FLOWSPREAD|0|FLOWPAYMENTDATE|2010-07-22 00:00:00.000|FLOWFIXING||FLOWHASPAID|N|FLOWID|109|FLOWFIXINGDATE|2010-07-23 00:00:00.000|FLOWCONTRACTDATE||FLOWNUMBEROFCONTRACTS|0|FLOWNOTIONAL|0|FLOWCP||FLOWSTRIKE|1|FLOWSPREAD|0|FLOWPAYMENTDATE|2010-07-23 00:00:00.000|FLOWFIXING||FLOWHASPAID|N|FLOWID|110|FLOWFIXINGDATE|2010-07-26 00:00:00.000|FLOWCONTRACTDATE||FLOWNUMBEROFCONTRACTS|0|FLOWNOTIONAL|0|FLOWCP||FLOWSTRIKE|1|FLOWSPREAD|0|FLOWPAYMENTDATE|2010-07-26 00:00:00.000|FLOWFIXING||FLOWHASPAID|N|FLOWID|111|FLOWFIXINGDATE|2010-07-27 00:00:00.000|FLOWCONTRACTDATE||FLOWNUMBEROFCONTRACTS|0|FLOWNOTIONAL|0|FLOWCP||FLOWSTRIKE|1|FLOWSPREAD|0|FLOWPAYMENTDATE|2010-07-27 00:00:00.000|FLOWFIXING||FLOWHASPAID|N|FLOWID|112|FLOWFIXINGDATE|2010-07-28 00:00:00.000|FLOWCONTRACTDATE||FLOWNUMBEROFCONTRACTS|0|FLOWNOTIONAL|0|FLOWCP||FLOWSTRIKE|1|FLOWSPREAD|0|FLOWPAYMENTDATE|2010-07-28 00:00:00.000|FLOWFIXING||FLOWHASPAID|N|FLOWID|113|FLOWFIXINGDATE|2010-07-29 00:00:00.000|FLOWCONTRACTDATE||FLOWNUMBEROFCONTRACTS|0|FLOWNOTIONAL|0|FLOWCP||FLOWSTRIKE|1|FLOWSPREAD|0|FLOWPAYMENTDATE|2010-07-29 00:00:00.000|FLOWFIXING||FLOWHASPAID|N|FLOWID|114|FLOWFIXINGDATE|2010-07-30 00:00:00.000|FLOWCONTRACTDATE||FLOWNUMBEROFCONTRACTS|0|FLOWNOTIONAL|0|FLOWCP||FLOWSTRIKE|1|FLOWSPREAD|0|FLOWPAYMENTDATE|2010-07-30 00:00:00.000|FLOWFIXING||FLOWHASPAID|N|FLOWID|115|FLOWFIXINGDATE|2010-08-02 00:00:00.000|FLOWCONTRACTDATE||FLOWNUMBEROFCONTRACTS|0|FLOWNOTIONAL|0|FLOWCP||FLOWSTRIKE|1|FLOWSPREAD|0|FLOWPAYMENTDATE|2010-08-02 00:00:00.000|FLOWFIXING||FLOWHASPAID|N|FLOWID|116|FLOWFIXINGDATE|2010-08-03 00:00:00.000|FLOWCONTRACTDATE||FLOWNUMBEROFCONTRACTS|0|FLOWNOTIONAL|0|FLOWCP||FLOWSTRIKE|1|FLOWSPREAD|0|FLOWPAYMENTDATE|2010-08-03 00:00:00.000|FLOWFIXING||FLOWHASPAID|N|FLOWID|117|FLOWFIXINGDATE|2010-08-04 00:00:00.000|FLOWCONTRACTDATE||FLOWNUMBEROFCONTRACTS|0|FLOWNOTIONAL|0|FLOWCP||FLOWSTRIKE|1|FLOWSPREAD|0|FLOWPAYMENTDATE|2010-08-04 00:00:00.000|FLOWFIXING||FLOWHASPAID|N|FLOWID|118|FLOWFIXINGDATE|2010-08-05 00:00:00.000|FLOWCONTRACTDATE||FLOWNUMBEROFCONTRACTS|0|FLOWNOTIONAL|0|FLOWCP||FLOWSTRIKE|1|FLOWSPREAD|0|FLOWPAYMENTDATE|2010-08-05 00:00:00.000|FLOWFIXING||FLOWHASPAID|N|FLOWID|119|FLOWFIXINGDATE|2010-08-06 00:00:00.000|FLOWCONTRACTDATE||FLOWNUMBEROFCONTRACTS|0|FLOWNOTIONAL|0|FLOWCP||FLOWSTRIKE|1|FLOWSPREAD|0|FLOWPAYMENTDATE|2010-08-06 00:00:00.000|FLOWFIXING||FLOWHASPAID|N|FLOWID|120|FLOWFIXINGDATE|2010-08-09 00:00:00.000|FLOWCONTRACTDATE||FLOWNUMBEROFCONTRACTS|0|FLOWNOTIONAL|0|FLOWCP||FLOWSTRIKE|1|FLOWSPREAD|0|FLOWPAYMENTDATE|2010-08-09 00:00:00.000|FLOWFIXING||FLOWHASPAID|N|FLOWID|121|FLOWFIXINGDATE|2010-08-10 00:00:00.000|FLOWCONTRACTDATE||FLOWNUMBEROFCONTRACTS|0|FLOWNOTIONAL|0|FLOWCP||FLOWSTRIKE|1|FLOWSPREAD|0|FLOWPAYMENTDATE|2010-08-10 00:00:00.000|FLOWFIXING||FLOWHASPAID|N|FLOWID|122|FLOWFIXINGDATE|2010-08-11 00:00:00.000|FLOWCONTRACTDATE||FLOWNUMBEROFCONTRACTS|0|FLOWNOTIONAL|0|FLOWCP||FLOWSTRIKE|1|FLOWSPREAD|0|FLOWPAYMENTDATE|2010-08-11 00:00:00.000|FLOWFIXING||FLOWHASPAID|N|FLOWID|123|FLOWFIXINGDATE|2010-08-12 00:00:00.000|FLOWCONTRACTDATE||FLOWNUMBEROFCONTRACTS|0|FLOWNOTIONAL|0|FLOWCP||FLOWSTRIKE|1|FLOWSPREAD|0|FLOWPAYMENTDATE|2010-08-12 00:00:00.000|FLOWFIXING||FLOWHASPAID|N|FLOWID|124|FLOWFIXINGDATE|2010-08-13 00:00:00.000|FLOWCONTRACTDATE||FLOWNUMBEROFCONTRACTS|0|FLOWNOTIONAL|0|FLOWCP||FLOWSTRIKE|1|FLOWSPREAD|0|FLOWPAYMENTDATE|2010-08-13 00:00:00.000|FLOWFIXING||FLOWHASPAID|N|FLOWID|125|FLOWFIXINGDATE|2010-08-16 00:00:00.000|FLOWCONTRACTDATE||FLOWNUMBEROFCONTRACTS|0|FLOWNOTIONAL|0|FLOWCP||FLOWSTRIKE|1|FLOWSPREAD|0|FLOWPAYMENTDATE|2010-08-16 00:00:00.000|FLOWFIXING||FLOWHASPAID|N|FLOWID|126|FLOWFIXINGDATE|2010-08-17 00:00:00.000|FLOWCONTRACTDATE||FLOWNUMBEROFCONTRACTS|0|FLOWNOTIONAL|0|FLOWCP||FLOWSTRIKE|1|FLOWSPREAD|0|FLOWPAYMENTDATE|2010-08-17 00:00:00.000|FLOWFIXING||FLOWHASPAID|N|FLOWID|127|FLOWFIXINGDATE|2010-08-18 00:00:00.000|FLOWCONTRACTDATE||FLOWNUMBEROFCONTRACTS|0|FLOWNOTIONAL|0|FLOWCP||FLOWSTRIKE|1|FLOWSPREAD|0|FLOWPAYMENTDATE|2010-08-18 00:00:00.000|FLOWFIXING||FLOWHASPAID|N|FLOWID|128|FLOWFIXINGDATE|2010-08-19 00:00:00.000|FLOWCONTRACTDATE||FLOWNUMBEROFCONTRACTS|0|FLOWNOTIONAL|0|FLOWCP||FLOWSTRIKE|1|FLOWSPREAD|0|FLOWPAYMENTDATE|2010-08-19 00:00:00.000|FLOWFIXING||FLOWHASPAID|N|FLOWID|129|FLOWFIXINGDATE|2010-08-20 00:00:00.000|FLOWCONTRACTDATE||FLOWNUMBEROFCONTRACTS|0|FLOWNOTIONAL|0|FLOWCP||FLOWSTRIKE|1|FLOWSPREAD|0|FLOWPAYMENTDATE|2010-08-20 00:00:00.000|FLOWFIXING||FLOWHASPAID|N|FLOWID|130|FLOWFIXINGDATE|2010-08-23 00:00:00.000|FLOWCONTRACTDATE||FLOWNUMBEROFCONTRACTS|0|FLOWNOTIONAL|0|FLOWCP||FLOWSTRIKE|1|FLOWSPREAD|0|FLOWPAYMENTDATE|2010-08-23 00:00:00.000|FLOWFIXING||FLOWHASPAID|N|FLOWID|131|FLOWFIXINGDATE|2010-08-24 00:00:00.000|FLOWCONTRACTDATE||FLOWNUMBEROFCONTRACTS|0|FLOWNOTIONAL|0|FLOWCP||FLOWSTRIKE|1|FLOWSPREAD|0|FLOWPAYMENTDATE|2010-08-24 00:00:00.000|FLOWFIXING||FLOWHASPAID|N|FLOWID|132|FLOWFIXINGDATE|2010-08-25 00:00:00.000|FLOWCONTRACTDATE||FLOWNUMBEROFCONTRACTS|0|FLOWNOTIONAL|0|FLOWCP||FLOWSTRIKE|1|FLOWSPREAD|0|FLOWPAYMENTDATE|2010-08-25 00:00:00.000|FLOWFIXING||FLOWHASPAID|N|FLOWID|133|FLOWFIXINGDATE|2010-08-26 00:00:00.000|FLOWCONTRACTDATE||FLOWNUMBEROFCONTRACTS|0|FLOWNOTIONAL|0|FLOWCP||FLOWSTRIKE|1|FLOWSPREAD|0|FLOWPAYMENTDATE|2010-08-26 00:00:00.000|FLOWFIXING||FLOWHASPAID|N|FLOWID|134|FLOWFIXINGDATE|2010-08-27 00:00:00.000|FLOWCONTRACTDATE||FLOWNUMBEROFCONTRACTS|0|FLOWNOTIONAL|0|FLOWCP||FLOWSTRIKE|1|FLOWSPREAD|0|FLOWPAYMENTDATE|2010-08-27 00:00:00.000|FLOWFIXING||FLOWHASPAID|N|FLOWID|135|FLOWFIXINGDATE|2010-08-30 00:00:00.000|FLOWCONTRACTDATE||FLOWNUMBEROFCONTRACTS|0|FLOWNOTIONAL|0|FLOWCP||FLOWSTRIKE|1|FLOWSPREAD|0|FLOWPAYMENTDATE|2010-08-30 00:00:00.000|FLOWFIXING||FLOWHASPAID|N|FLOWID|136|FLOWFIXINGDATE|2010-08-31 00:00:00.000|FLOWCONTRACTDATE||FLOWNUMBEROFCONTRACTS|0|FLOWNOTIONAL|0|FLOWCP||FLOWSTRIKE|1|FLOWSPREAD|0|FLOWPAYMENTDATE|2010-08-31 00:00:00.000|FLOWFIXING||FLOWHASPAID|N|FLOWID|137|FLOWFIXINGDATE|2010-09-01 00:00:00.000|FLOWCONTRACTDATE||FLOWNUMBEROFCONTRACTS|0|FLOWNOTIONAL|0|FLOWCP||FLOWSTRIKE|1|FLOWSPREAD|0|FLOWPAYMENTDATE|2010-09-01 00:00:00.000|FLOWFIXING||FLOWHASPAID|N|FLOWID|138|FLOWFIXINGDATE|2010-09-02 00:00:00.000|FLOWCONTRACTDATE||FLOWNUMBEROFCONTRACTS|0|FLOWNOTIONAL|0|FLOWCP||FLOWSTRIKE|1|FLOWSPREAD|0|FLOWPAYMENTDATE|2010-09-02 00:00:00.000|FLOWFIXING||FLOWHASPAID|N|FLOWID|139|FLOWFIXINGDATE|2010-09-03 00:00:00.000|FLOWCONTRACTDATE||FLOWNUMBEROFCONTRACTS|0|FLOWNOTIONAL|0|FLOWCP||FLOWSTRIKE|1|FLOWSPREAD|0|FLOWPAYMENTDATE|2010-09-03 00:00:00.000|FLOWFIXING||FLOWHASPAID|N|FLOWID|140|FLOWFIXINGDATE|2010-09-07 00:00:00.000|FLOWCONTRACTDATE||FLOWNUMBEROFCONTRACTS|0|FLOWNOTIONAL|0|FLOWCP||FLOWSTRIKE|1|FLOWSPREAD|0|FLOWPAYMENTDATE|2010-09-07 00:00:00.000|FLOWFIXING||FLOWHASPAID|N|FLOWID|141|FLOWFIXINGDATE|2010-09-08 00:00:00.000|FLOWCONTRACTDATE||FLOWNUMBEROFCONTRACTS|0|FLOWNOTIONAL|0|FLOWCP||FLOWSTRIKE|1|FLOWSPREAD|0|FLOWPAYMENTDATE|2010-09-08 00:00:00.000|FLOWFIXING||FLOWHASPAID|N|FLOWID|142|FLOWFIXINGDATE|2010-09-09 00:00:00.000|FLOWCONTRACTDATE||FLOWNUMBEROFCONTRACTS|0|FLOWNOTIONAL|0|FLOWCP||FLOWSTRIKE|1|FLOWSPREAD|0|FLOWPAYMENTDATE|2010-09-09 00:00:00.000|FLOWFIXING||FLOWHASPAID|N|FLOWID|143|FLOWFIXINGDATE|2010-09-10 00:00:00.000|FLOWCONTRACTDATE||FLOWNUMBEROFCONTRACTS|0|FLOWNOTIONAL|0|FLOWCP||FLOWSTRIKE|1|FLOWSPREAD|0|FLOWPAYMENTDATE|2010-09-10 00:00:00.000|FLOWFIXING||FLOWHASPAID|N|FLOWID|144|FLOWFIXINGDATE|2010-09-13 00:00:00.000|FLOWCONTRACTDATE||FLOWNUMBEROFCONTRACTS|0|FLOWNOTIONAL|0|FLOWCP||FLOWSTRIKE|1|FLOWSPREAD|0|FLOWPAYMENTDATE|2010-09-13 00:00:00.000|FLOWFIXING||FLOWHASPAID|N|FLOWID|145|FLOWFIXINGDATE|2010-09-14 00:00:00.000|FLOWCONTRACTDATE||FLOWNUMBEROFCONTRACTS|0|FLOWNOTIONAL|0|FLOWCP||FLOWSTRIKE|1|FLOWSPREAD|0|FLOWPAYMENTDATE|2010-09-14 00:00:00.000|FLOWFIXING||FLOWHASPAID|N|FLOWID|146|FLOWFIXINGDATE|2010-09-15 00:00:00.000|FLOWCONTRACTDATE||FLOWNUMBEROFCONTRACTS|0|FLOWNOTIONAL|0|FLOWCP||FLOWSTRIKE|1|FLOWSPREAD|0|FLOWPAYMENTDATE|2010-09-15 00:00:00.000|FLOWFIXING||FLOWHASPAID|N|FLOWID|147|FLOWFIXINGDATE|2010-09-16 00:00:00.000|FLOWCONTRACTDATE||FLOWNUMBEROFCONTRACTS|0|FLOWNOTIONAL|0|FLOWCP||FLOWSTRIKE|1|FLOWSPREAD|0|FLOWPAYMENTDATE|2010-09-16 00:00:00.000|FLOWFIXING||FLOWHASPAID|N|FLOWID|148|FLOWFIXINGDATE|2010-09-17 00:00:00.000|FLOWCONTRACTDATE||FLOWNUMBEROFCONTRACTS|0|FLOWNOTIONAL|0|FLOWCP||FLOWSTRIKE|1|FLOWSPREAD|0|FLOWPAYMENTDATE|2010-09-17 00:00:00.000|FLOWFIXING||FLOWHASPAID|N|FLOWID|149|FLOWFIXINGDATE|2010-09-20 00:00:00.000|FLOWCONTRACTDATE||FLOWNUMBEROFCONTRACTS|0|FLOWNOTIONAL|0|FLOWCP||FLOWSTRIKE|1|FLOWSPREAD|0|FLOWPAYMENTDATE|2010-09-20 00:00:00.000|FLOWFIXING||FLOWHASPAID|N|FLOWID|150|FLOWFIXINGDATE|2010-09-21 00:00:00.000|FLOWCONTRACTDATE||FLOWNUMBEROFCONTRACTS|0|FLOWNOTIONAL|0|FLOWCP||FLOWSTRIKE|1|FLOWSPREAD|0|FLOWPAYMENTDATE|2010-09-21 00:00:00.000|FLOWFIXING||FLOWHASPAID|N|FLOWID|151|FLOWFIXINGDATE|2010-09-22 00:00:00.000|FLOWCONTRACTDATE||FLOWNUMBEROFCONTRACTS|0|FLOWNOTIONAL|0|FLOWCP||FLOWSTRIKE|1|FLOWSPREAD|0|FLOWPAYMENTDATE|2010-09-22 00:00:00.000|FLOWFIXING||FLOWHASPAID|N|FLOWID|152|FLOWFIXINGDATE|2010-09-23 00:00:00.000|FLOWCONTRACTDATE||FLOWNUMBEROFCONTRACTS|0|FLOWNOTIONAL|0|FLOWCP||FLOWSTRIKE|1|FLOWSPREAD|0|FLOWPAYMENTDATE|2010-09-23 00:00:00.000|FLOWFIXING||FLOWHASPAID|N|FLOWID|153|FLOWFIXINGDATE|2010-09-24 00:00:00.000|FLOWCONTRACTDATE||FLOWNUMBEROFCONTRACTS|0|FLOWNOTIONAL|0|FLOWCP||FLOWSTRIKE|1|FLOWSPREAD|0|FLOWPAYMENTDATE|2010-09-24 00:00:00.000|FLOWFIXING||FLOWHASPAID|N|FLOWID|154|FLOWFIXINGDATE|2010-09-27 00:00:00.000|FLOWCONTRACTDATE||FLOWNUMBEROFCONTRACTS|0|FLOWNOTIONAL|0|FLOWCP||FLOWSTRIKE|1|FLOWSPREAD|0|FLOWPAYMENTDATE|2010-09-27 00:00:00.000|FLOWFIXING||FLOWHASPAID|N|FLOWID|155|FLOWFIXINGDATE|2010-09-28 00:00:00.000|FLOWCONTRACTDATE||FLOWNUMBEROFCONTRACTS|0|FLOWNOTIONAL|0|FLOWCP||FLOWSTRIKE|1|FLOWSPREAD|0|FLOWPAYMENTDATE|2010-09-28 00:00:00.000|FLOWFIXING||FLOWHASPAID|N|FLOWID|156|FLOWFIXINGDATE|2010-09-29 00:00:00.000|FLOWCONTRACTDATE||FLOWNUMBEROFCONTRACTS|0|FLOWNOTIONAL|0|FLOWCP||FLOWSTRIKE|1|FLOWSPREAD|0|FLOWPAYMENTDATE|2010-09-29 00:00:00.000|FLOWFIXING||FLOWHASPAID|N|FLOWID|157|FLOWFIXINGDATE|2010-09-30 00:00:00.000|FLOWCONTRACTDATE||FLOWNUMBEROFCONTRACTS|0|FLOWNOTIONAL|0|FLOWCP||FLOWSTRIKE|1|FLOWSPREAD|0|FLOWPAYMENTDATE|2010-09-30 00:00:00.000|FLOWFIXING||FLOWHASPAID|N|FLOWID|158|FLOWFIXINGDATE|2010-10-01 00:00:00.000|FLOWCONTRACTDATE||FLOWNUMBEROFCONTRACTS|0|FLOWNOTIONAL|0|FLOWCP||FLOWSTRIKE|1|FLOWSPREAD|0|FLOWPAYMENTDATE|2010-10-01 00:00:00.000|FLOWFIXING||FLOWHASPAID|N|FLOWID|159|FLOWFIXINGDATE|2010-10-04 00:00:00.000|FLOWCONTRACTDATE||FLOWNUMBEROFCONTRACTS|0|FLOWNOTIONAL|0|FLOWCP||FLOWSTRIKE|1|FLOWSPREAD|0|FLOWPAYMENTDATE|2010-10-04 00:00:00.000|FLOWFIXING||FLOWHASPAID|N|FLOWID|160|FLOWFIXINGDATE|2010-10-05 00:00:00.000|FLOWCONTRACTDATE||FLOWNUMBEROFCONTRACTS|0|FLOWNOTIONAL|0|FLOWCP||FLOWSTRIKE|1|FLOWSPREAD|0|FLOWPAYMENTDATE|2010-10-05 00:00:00.000|FLOWFIXING||FLOWHASPAID|N|FLOWID|161|FLOWFIXINGDATE|2010-10-06 00:00:00.000|FLOWCONTRACTDATE||FLOWNUMBEROFCONTRACTS|0|FLOWNOTIONAL|0|FLOWCP||FLOWSTRIKE|1|FLOWSPREAD|0|FLOWPAYMENTDATE|2010-10-06 00:00:00.000|FLOWFIXING||FLOWHASPAID|N|FLOWID|162|FLOWFIXINGDATE|2010-10-07 00:00:00.000|FLOWCONTRACTDATE||FLOWNUMBEROFCONTRACTS|0|FLOWNOTIONAL|0|FLOWCP||FLOWSTRIKE|1|FLOWSPREAD|0|FLOWPAYMENTDATE|2010-10-07 00:00:00.000|FLOWFIXING||FLOWHASPAID|N|FLOWID|163|FLOWFIXINGDATE|2010-10-08 00:00:00.000|FLOWCONTRACTDATE||FLOWNUMBEROFCONTRACTS|0|FLOWNOTIONAL|0|FLOWCP||FLOWSTRIKE|1|FLOWSPREAD|0|FLOWPAYMENTDATE|2010-10-08 00:00:00.000|FLOWFIXING||FLOWHASPAID|N|FLOWID|164|FLOWFIXINGDATE|2010-10-12 00:00:00.000|FLOWCONTRACTDATE||FLOWNUMBEROFCONTRACTS|0|FLOWNOTIONAL|0|FLOWCP||FLOWSTRIKE|1|FLOWSPREAD|0|FLOWPAYMENTDATE|2010-10-12 00:00:00.000|FLOWFIXING||FLOWHASPAID|N|FLOWID|165|FLOWFIXINGDATE|2010-10-13 00:00:00.000|FLOWCONTRACTDATE||FLOWNUMBEROFCONTRACTS|0|FLOWNOTIONAL|0|FLOWCP||FLOWSTRIKE|1|FLOWSPREAD|0|FLOWPAYMENTDATE|2010-10-13 00:00:00.000|FLOWFIXING||FLOWHASPAID|N|FLOWID|166|FLOWFIXINGDATE|2010-10-14 00:00:00.000|FLOWCONTRACTDATE||FLOWNUMBEROFCONTRACTS|0|FLOWNOTIONAL|0|FLOWCP||FLOWSTRIKE|1|FLOWSPREAD|0|FLOWPAYMENTDATE|2010-10-14 00:00:00.000|FLOWFIXING||FLOWHASPAID|N|FLOWID|167|FLOWFIXINGDATE|2010-10-15 00:00:00.000|FLOWCONTRACTDATE||FLOWNUMBEROFCONTRACTS|0|FLOWNOTIONAL|0|FLOWCP||FLOWSTRIKE|1|FLOWSPREAD|0|FLOWPAYMENTDATE|2010-10-15 00:00:00.000|FLOWFIXING||FLOWHASPAID|N|FLOWID|168|FLOWFIXINGDATE|2010-10-18 00:00:00.000|FLOWCONTRACTDATE||FLOWNUMBEROFCONTRACTS|0|FLOWNOTIONAL|0|FLOWCP||FLOWSTRIKE|1|FLOWSPREAD|0|FLOWPAYMENTDATE|2010-10-18 00:00:00.000|FLOWFIXING||FLOWHASPAID|N|FLOWID|169|FLOWFIXINGDATE|2010-10-19 00:00:00.000|FLOWCONTRACTDATE||FLOWNUMBEROFCONTRACTS|0|FLOWNOTIONAL|0|FLOWCP||FLOWSTRIKE|1|FLOWSPREAD|0|FLOWPAYMENTDATE|2010-10-19 00:00:00.000|FLOWFIXING||FLOWHASPAID|N|FLOWID|170|FLOWFIXINGDATE|2010-10-20 00:00:00.000|FLOWCONTRACTDATE||FLOWNUMBEROFCONTRACTS|0|FLOWNOTIONAL|0|FLOWCP||FLOWSTRIKE|1|FLOWSPREAD|0|FLOWPAYMENTDATE|2010-10-20 00:00:00.000|FLOWFIXING||FLOWHASPAID|N|FLOWID|171|FLOWFIXINGDATE|2010-10-21 00:00:00.000|FLOWCONTRACTDATE||FLOWNUMBEROFCONTRACTS|0|FLOWNOTIONAL|0|FLOWCP||FLOWSTRIKE|1|FLOWSPREAD|0|FLOWPAYMENTDATE|2010-10-21 00:00:00.000|FLOWFIXING||FLOWHASPAID|N|FLOWID|172|FLOWFIXINGDATE|2010-10-22 00:00:00.000|FLOWCONTRACTDATE||FLOWNUMBEROFCONTRACTS|0|FLOWNOTIONAL|0|FLOWCP||FLOWSTRIKE|1|FLOWSPREAD|0|FLOWPAYMENTDATE|2010-10-22 00:00:00.000|FLOWFIXING||FLOWHASPAID|N|FLOWID|173|FLOWFIXINGDATE|2010-10-25 00:00:00.000|FLOWCONTRACTDATE||FLOWNUMBEROFCONTRACTS|0|FLOWNOTIONAL|0|FLOWCP||FLOWSTRIKE|1|FLOWSPREAD|0|FLOWPAYMENTDATE|2010-10-25 00:00:00.000|FLOWFIXING||FLOWHASPAID|N|FLOWID|174|FLOWFIXINGDATE|2010-10-26 00:00:00.000|FLOWCONTRACTDATE||FLOWNUMBEROFCONTRACTS|0|FLOWNOTIONAL|0|FLOWCP||FLOWSTRIKE|1|FLOWSPREAD|0|FLOWPAYMENTDATE|2010-10-26 00:00:00.000|FLOWFIXING||FLOWHASPAID|N|FLOWID|175|FLOWFIXINGDATE|2010-10-27 00:00:00.000|FLOWCONTRACTDATE||FLOWNUMBEROFCONTRACTS|0|FLOWNOTIONAL|0|FLOWCP||FLOWSTRIKE|1|FLOWSPREAD|0|FLOWPAYMENTDATE|2010-10-27 00:00:00.000|FLOWFIXING||FLOWHASPAID|N|FLOWID|176|FLOWFIXINGDATE|2010-10-28 00:00:00.000|FLOWCONTRACTDATE||FLOWNUMBEROFCONTRACTS|0|FLOWNOTIONAL|0|FLOWCP||FLOWSTRIKE|1|FLOWSPREAD|0|FLOWPAYMENTDATE|2010-10-28 00:00:00.000|FLOWFIXING||FLOWHASPAID|N|FLOWID|177|FLOWFIXINGDATE|2010-10-29 00:00:00.000|FLOWCONTRACTDATE||FLOWNUMBEROFCONTRACTS|0|FLOWNOTIONAL|0|FLOWCP||FLOWSTRIKE|1|FLOWSPREAD|0|FLOWPAYMENTDATE|2010-10-29 00:00:00.000|FLOWFIXING||FLOWHASPAID|N|FLOWID|178|FLOWFIXINGDATE|2010-11-01 00:00:00.000|FLOWCONTRACTDATE||FLOWNUMBEROFCONTRACTS|0|FLOWNOTIONAL|0|FLOWCP||FLOWSTRIKE|1|FLOWSPREAD|0|FLOWPAYMENTDATE|2010-11-01 00:00:00.000|FLOWFIXING||FLOWHASPAID|N|FLOWID|179|FLOWFIXINGDATE|2010-11-02 00:00:00.000|FLOWCONTRACTDATE||FLOWNUMBEROFCONTRACTS|0|FLOWNOTIONAL|0|FLOWCP||FLOWSTRIKE|1|FLOWSPREAD|0|FLOWPAYMENTDATE|2010-11-02 00:00:00.000|FLOWFIXING||FLOWHASPAID|N|FLOWID|180|FLOWFIXINGDATE|2010-11-03 00:00:00.000|FLOWCONTRACTDATE||FLOWNUMBEROFCONTRACTS|0|FLOWNOTIONAL|0|FLOWCP||FLOWSTRIKE|1|FLOWSPREAD|0|FLOWPAYMENTDATE|2010-11-03 00:00:00.000|FLOWFIXING||FLOWHASPAID|N|FLOWID|181|FLOWFIXINGDATE|2010-11-04 00:00:00.000|FLOWCONTRACTDATE||FLOWNUMBEROFCONTRACTS|0|FLOWNOTIONAL|0|FLOWCP||FLOWSTRIKE|1|FLOWSPREAD|0|FLOWPAYMENTDATE|2010-11-04 00:00:00.000|FLOWFIXING||FLOWHASPAID|N|FLOWID|182|FLOWFIXINGDATE|2010-11-05 00:00:00.000|FLOWCONTRACTDATE||FLOWNUMBEROFCONTRACTS|0|FLOWNOTIONAL|0|FLOWCP||FLOWSTRIKE|1|FLOWSPREAD|0|FLOWPAYMENTDATE|2010-11-05 00:00:00.000|FLOWFIXING||FLOWHASPAID|N|FLOWID|183|FLOWFIXINGDATE|2010-11-08 00:00:00.000|FLOWCONTRACTDATE||FLOWNUMBEROFCONTRACTS|0|FLOWNOTIONAL|0|FLOWCP||FLOWSTRIKE|1|FLOWSPREAD|0|FLOWPAYMENTDATE|2010-11-08 00:00:00.000|FLOWFIXING||FLOWHASPAID|N|FLOWID|184|FLOWFIXINGDATE|2010-11-09 00:00:00.000|FLOWCONTRACTDATE||FLOWNUMBEROFCONTRACTS|0|FLOWNOTIONAL|0|FLOWCP||FLOWSTRIKE|1|FLOWSPREAD|0|FLOWPAYMENTDATE|2010-11-09 00:00:00.000|FLOWFIXING||FLOWHASPAID|N|FLOWID|185|FLOWFIXINGDATE|2010-11-10 00:00:00.000|FLOWCONTRACTDATE||FLOWNUMBEROFCONTRACTS|0|FLOWNOTIONAL|0|FLOWCP||FLOWSTRIKE|1|FLOWSPREAD|0|FLOWPAYMENTDATE|2010-11-10 00:00:00.000|FLOWFIXING||FLOWHASPAID|N|FLOWID|186|FLOWFIXINGDATE|2010-11-12 00:00:00.000|FLOWCONTRACTDATE||FLOWNUMBEROFCONTRACTS|0|FLOWNOTIONAL|0|FLOWCP||FLOWSTRIKE|1|FLOWSPREAD|0|FLOWPAYMENTDATE|2010-11-12 00:00:00.000|FLOWFIXING||FLOWHASPAID|N|FLOWID|187|FLOWFIXINGDATE|2010-11-15 00:00:00.000|FLOWCONTRACTDATE||FLOWNUMBEROFCONTRACTS|0|FLOWNOTIONAL|0|FLOWCP||FLOWSTRIKE|1|FLOWSPREAD|0|FLOWPAYMENTDATE|2010-11-15 00:00:00.000|FLOWFIXING||FLOWHASPAID|N|FLOWID|188|FLOWFIXINGDATE|2010-11-16 00:00:00.000|FLOWCONTRACTDATE||FLOWNUMBEROFCONTRACTS|0|FLOWNOTIONAL|0|FLOWCP||FLOWSTRIKE|1|FLOWSPREAD|0|FLOWPAYMENTDATE|2010-11-16 00:00:00.000|FLOWFIXING||FLOWHASPAID|N|FLOWID|189|FLOWFIXINGDATE|2010-11-17 00:00:00.000|FLOWCONTRACTDATE||FLOWNUMBEROFCONTRACTS|0|FLOWNOTIONAL|0|FLOWCP||FLOWSTRIKE|1|FLOWSPREAD|0|FLOWPAYMENTDATE|2010-11-17 00:00:00.000|FLOWFIXING||FLOWHASPAID|N|FLOWID|190|FLOWFIXINGDATE|2010-11-18 00:00:00.000|FLOWCONTRACTDATE||FLOWNUMBEROFCONTRACTS|0|FLOWNOTIONAL|0|FLOWCP||FLOWSTRIKE|1|FLOWSPREAD|0|FLOWPAYMENTDATE|2010-11-18 00:00:00.000|FLOWFIXING||FLOWHASPAID|N|FLOWID|191|FLOWFIXINGDATE|2010-11-19 00:00:00.000|FLOWCONTRACTDATE||FLOWNUMBEROFCONTRACTS|0|FLOWNOTIONAL|0|FLOWCP||FLOWSTRIKE|1|FLOWSPREAD|0|FLOWPAYMENTDATE|2010-11-19 00:00:00.000|FLOWFIXING||FLOWHASPAID|N|FLOWID|192|FLOWFIXINGDATE|2010-11-22 00:00:00.000|FLOWCONTRACTDATE||FLOWNUMBEROFCONTRACTS|0|FLOWNOTIONAL|0|FLOWCP||FLOWSTRIKE|1|FLOWSPREAD|0|FLOWPAYMENTDATE|2010-11-22 00:00:00.000|FLOWFIXING||FLOWHASPAID|N|FLOWID|193|FLOWFIXINGDATE|2010-11-23 00:00:00.000|FLOWCONTRACTDATE||FLOWNUMBEROFCONTRACTS|0|FLOWNOTIONAL|0|FLOWCP||FLOWSTRIKE|1|FLOWSPREAD|0|FLOWPAYMENTDATE|2010-11-23 00:00:00.000|FLOWFIXING||FLOWHASPAID|N|FLOWID|194|FLOWFIXINGDATE|2010-11-24 00:00:00.000|FLOWCONTRACTDATE||FLOWNUMBEROFCONTRACTS|0|FLOWNOTIONAL|0|FLOWCP||FLOWSTRIKE|1|FLOWSPREAD|0|FLOWPAYMENTDATE|2010-11-24 00:00:00.000|FLOWFIXING||FLOWHASPAID|N|FLOWID|195|FLOWFIXINGDATE|2010-11-26 00:00:00.000|FLOWCONTRACTDATE||FLOWNUMBEROFCONTRACTS|0|FLOWNOTIONAL|0|FLOWCP||FLOWSTRIKE|1|FLOWSPREAD|0|FLOWPAYMENTDATE|2010-11-26 00:00:00.000|FLOWFIXING||FLOWHASPAID|N|FLOWID|196|FLOWFIXINGDATE|2010-11-29 00:00:00.000|FLOWCONTRACTDATE||FLOWNUMBEROFCONTRACTS|0|FLOWNOTIONAL|0|FLOWCP||FLOWSTRIKE|1|FLOWSPREAD|0|FLOWPAYMENTDATE|2010-11-29 00:00:00.000|FLOWFIXING||FLOWHASPAID|N|FLOWID|197|FLOWFIXINGDATE|2010-11-30 00:00:00.000|FLOWCONTRACTDATE||FLOWNUMBEROFCONTRACTS|0|FLOWNOTIONAL|0|FLOWCP||FLOWSTRIKE|1|FLOWSPREAD|0|FLOWPAYMENTDATE|2010-11-30 00:00:00.000|FLOWFIXING||FLOWHASPAID|N|FLOWID|198|FLOWFIXINGDATE|2010-12-01 00:00:00.000|FLOWCONTRACTDATE||FLOWNUMBEROFCONTRACTS|0|FLOWNOTIONAL|0|FLOWCP||FLOWSTRIKE|1|FLOWSPREAD|0|FLOWPAYMENTDATE|2010-12-01 00:00:00.000|FLOWFIXING||FLOWHASPAID|N|RESETID|1|RESETFLOWID|1|RESETFIXINGDATE|2010-02-19 00:00:00.000|RESETCONTRACTDATE|2010-02-19 00:00:00.000|RESETFIXINGWEIGHT|1|RESETFIXINGVALUE||RESETHASPAIDYN|N|RESETID|2|RESETFLOWID|2|RESETFIXINGDATE|2010-02-22 00:00:00.000|RESETCONTRACTDATE|2010-02-22 00:00:00.000|RESETFIXINGWEIGHT|1|RESETFIXINGVALUE||RESETHASPAIDYN|N|RESETID|3|RESETFLOWID|3|RESETFIXINGDATE|2010-02-23 00:00:00.000|RESETCONTRACTDATE|2010-02-23 00:00:00.000|RESETFIXINGWEIGHT|1|RESETFIXINGVALUE||RESETHASPAIDYN|N|RESETID|4|RESETFLOWID|4|RESETFIXINGDATE|2010-02-24 00:00:00.000|RESETCONTRACTDATE|2010-02-24 00:00:00.000|RESETFIXINGWEIGHT|1|RESETFIXINGVALUE||RESETHASPAIDYN|N|RESETID|5|RESETFLOWID|5|RESETFIXINGDATE|2010-02-25 00:00:00.000|RESETCONTRACTDATE|2010-02-25 00:00:00.000|RESETFIXINGWEIGHT|1|RESETFIXINGVALUE||RESETHASPAIDYN|N|RESETID|6|RESETFLOWID|6|RESETFIXINGDATE|2010-02-26 00:00:00.000|RESETCONTRACTDATE|2010-02-26 00:00:00.000|RESETFIXINGWEIGHT|1|RESETFIXINGVALUE||RESETHASPAIDYN|N|RESETID|7|RESETFLOWID|7|RESETFIXINGDATE|2010-03-01 00:00:00.000|RESETCONTRACTDATE|2010-03-01 00:00:00.000|RESETFIXINGWEIGHT|1|RESETFIXINGVALUE||RESETHASPAIDYN|N|RESETID|8|RESETFLOWID|8|RESETFIXINGDATE|2010-03-02 00:00:00.000|RESETCONTRACTDATE|2010-03-02 00:00:00.000|RESETFIXINGWEIGHT|1|RESETFIXINGVALUE||RESETHASPAIDYN|N|RESETID|9|RESETFLOWID|9|RESETFIXINGDATE|2010-03-03 00:00:00.000|RESETCONTRACTDATE|2010-03-03 00:00:00.000|RESETFIXINGWEIGHT|1|RESETFIXINGVALUE||RESETHASPAIDYN|N|RESETID|10|RESETFLOWID|10|RESETFIXINGDATE|2010-03-04 00:00:00.000|RESETCONTRACTDATE|2010-03-04 00:00:00.000|RESETFIXINGWEIGHT|1|RESETFIXINGVALUE||RESETHASPAIDYN|N|RESETID|11|RESETFLOWID|11|RESETFIXINGDATE|2010-03-05 00:00:00.000|RESETCONTRACTDATE|2010-03-05 00:00:00.000|RESETFIXINGWEIGHT|1|RESETFIXINGVALUE||RESETHASPAIDYN|N|RESETID|12|RESETFLOWID|12|RESETFIXINGDATE|2010-03-08 00:00:00.000|RESETCONTRACTDATE|2010-03-08 00:00:00.000|RESETFIXINGWEIGHT|1|RESETFIXINGVALUE||RESETHASPAIDYN|N|RESETID|13|RESETFLOWID|13|RESETFIXINGDATE|2010-03-09 00:00:00.000|RESETCONTRACTDATE|2010-03-09 00:00:00.000|RESETFIXINGWEIGHT|1|RESETFIXINGVALUE||RESETHASPAIDYN|N|RESETID|14|RESETFLOWID|14|RESETFIXINGDATE|2010-03-10 00:00:00.000|RESETCONTRACTDATE|2010-03-10 00:00:00.000|RESETFIXINGWEIGHT|1|RESETFIXINGVALUE||RESETHASPAIDYN|N|RESETID|15|RESETFLOWID|15|RESETFIXINGDATE|2010-03-11 00:00:00.000|RESETCONTRACTDATE|2010-03-11 00:00:00.000|RESETFIXINGWEIGHT|1|RESETFIXINGVALUE||RESETHASPAIDYN|N|RESETID|16|RESETFLOWID|16|RESETFIXINGDATE|2010-03-12 00:00:00.000|RESETCONTRACTDATE|2010-03-12 00:00:00.000|RESETFIXINGWEIGHT|1|RESETFIXINGVALUE||RESETHASPAIDYN|N|RESETID|17|RESETFLOWID|17|RESETFIXINGDATE|2010-03-15 00:00:00.000|RESETCONTRACTDATE|2010-03-15 00:00:00.000|RESETFIXINGWEIGHT|1|RESETFIXINGVALUE||RESETHASPAIDYN|N|RESETID|18|RESETFLOWID|18|RESETFIXINGDATE|2010-03-16 00:00:00.000|RESETCONTRACTDATE|2010-03-16 00:00:00.000|RESETFIXINGWEIGHT|1|RESETFIXINGVALUE||RESETHASPAIDYN|N|RESETID|19|RESETFLOWID|19|RESETFIXINGDATE|2010-03-17 00:00:00.000|RESETCONTRACTDATE|2010-03-17 00:00:00.000|RESETFIXINGWEIGHT|1|RESETFIXINGVALUE||RESETHASPAIDYN|N|RESETID|20|RESETFLOWID|20|RESETFIXINGDATE|2010-03-18 00:00:00.000|RESETCONTRACTDATE|2010-03-18 00:00:00.000|RESETFIXINGWEIGHT|1|RESETFIXINGVALUE||RESETHASPAIDYN|N|RESETID|21|RESETFLOWID|21|RESETFIXINGDATE|2010-03-19 00:00:00.000|RESETCONTRACTDATE|2010-03-19 00:00:00.000|RESETFIXINGWEIGHT|1|RESETFIXINGVALUE||RESETHASPAIDYN|N|RESETID|22|RESETFLOWID|22|RESETFIXINGDATE|2010-03-22 00:00:00.000|RESETCONTRACTDATE|2010-03-22 00:00:00.000|RESETFIXINGWEIGHT|1|RESETFIXINGVALUE||RESETHASPAIDYN|N|RESETID|23|RESETFLOWID|23|RESETFIXINGDATE|2010-03-23 00:00:00.000|RESETCONTRACTDATE|2010-03-23 00:00:00.000|RESETFIXINGWEIGHT|1|RESETFIXINGVALUE||RESETHASPAIDYN|N|RESETID|24|RESETFLOWID|24|RESETFIXINGDATE|2010-03-24 00:00:00.000|RESETCONTRACTDATE|2010-03-24 00:00:00.000|RESETFIXINGWEIGHT|1|RESETFIXINGVALUE||RESETHASPAIDYN|N|RESETID|25|RESETFLOWID|25|RESETFIXINGDATE|2010-03-25 00:00:00.000|RESETCONTRACTDATE|2010-03-25 00:00:00.000|RESETFIXINGWEIGHT|1|RESETFIXINGVALUE||RESETHASPAIDYN|N|RESETID|26|RESETFLOWID|26|RESETFIXINGDATE|2010-03-26 00:00:00.000|RESETCONTRACTDATE|2010-03-26 00:00:00.000|RESETFIXINGWEIGHT|1|RESETFIXINGVALUE||RESETHASPAIDYN|N|RESETID|27|RESETFLOWID|27|RESETFIXINGDATE|2010-03-29 00:00:00.000|RESETCONTRACTDATE|2010-03-29 00:00:00.000|RESETFIXINGWEIGHT|1|RESETFIXINGVALUE||RESETHASPAIDYN|N|RESETID|28|RESETFLOWID|28|RESETFIXINGDATE|2010-03-30 00:00:00.000|RESETCONTRACTDATE|2010-03-30 00:00:00.000|RESETFIXINGWEIGHT|1|RESETFIXINGVALUE||RESETHASPAIDYN|N|RESETID|29|RESETFLOWID|29|RESETFIXINGDATE|2010-03-31 00:00:00.000|RESETCONTRACTDATE|2010-03-31 00:00:00.000|RESETFIXINGWEIGHT|1|RESETFIXINGVALUE||RESETHASPAIDYN|N|RESETID|30|RESETFLOWID|30|RESETFIXINGDATE|2010-04-01 00:00:00.000|RESETCONTRACTDATE|2010-04-01 00:00:00.000|RESETFIXINGWEIGHT|1|RESETFIXINGVALUE||RESETHASPAIDYN|N|RESETID|31|RESETFLOWID|31|RESETFIXINGDATE|2010-04-02 00:00:00.000|RESETCONTRACTDATE|2010-04-02 00:00:00.000|RESETFIXINGWEIGHT|1|RESETFIXINGVALUE||RESETHASPAIDYN|N|RESETID|32|RESETFLOWID|32|RESETFIXINGDATE|2010-04-05 00:00:00.000|RESETCONTRACTDATE|2010-04-05 00:00:00.000|RESETFIXINGWEIGHT|1|RESETFIXINGVALUE||RESETHASPAIDYN|N|RESETID|33|RESETFLOWID|33|RESETFIXINGDATE|2010-04-06 00:00:00.000|RESETCONTRACTDATE|2010-04-06 00:00:00.000|RESETFIXINGWEIGHT|1|RESETFIXINGVALUE||RESETHASPAIDYN|N|RESETID|34|RESETFLOWID|34|RESETFIXINGDATE|2010-04-07 00:00:00.000|RESETCONTRACTDATE|2010-04-07 00:00:00.000|RESETFIXINGWEIGHT|1|RESETFIXINGVALUE||RESETHASPAIDYN|N|RESETID|35|RESETFLOWID|35|RESETFIXINGDATE|2010-04-08 00:00:00.000|RESETCONTRACTDATE|2010-04-08 00:00:00.000|RESETFIXINGWEIGHT|1|RESETFIXINGVALUE||RESETHASPAIDYN|N|RESETID|36|RESETFLOWID|36|RESETFIXINGDATE|2010-04-09 00:00:00.000|RESETCONTRACTDATE|2010-04-09 00:00:00.000|RESETFIXINGWEIGHT|1|RESETFIXINGVALUE||RESETHASPAIDYN|N|RESETID|37|RESETFLOWID|37|RESETFIXINGDATE|2010-04-12 00:00:00.000|RESETCONTRACTDATE|2010-04-12 00:00:00.000|RESETFIXINGWEIGHT|1|RESETFIXINGVALUE||RESETHASPAIDYN|N|RESETID|38|RESETFLOWID|38|RESETFIXINGDATE|2010-04-13 00:00:00.000|RESETCONTRACTDATE|2010-04-13 00:00:00.000|RESETFIXINGWEIGHT|1|RESETFIXINGVALUE||RESETHASPAIDYN|N|RESETID|39|RESETFLOWID|39|RESETFIXINGDATE|2010-04-14 00:00:00.000|RESETCONTRACTDATE|2010-04-14 00:00:00.000|RESETFIXINGWEIGHT|1|RESETFIXINGVALUE||RESETHASPAIDYN|N|RESETID|40|RESETFLOWID|40|RESETFIXINGDATE|2010-04-15 00:00:00.000|RESETCONTRACTDATE|2010-04-15 00:00:00.000|RESETFIXINGWEIGHT|1|RESETFIXINGVALUE||RESETHASPAIDYN|N|RESETID|41|RESETFLOWID|41|RESETFIXINGDATE|2010-04-16 00:00:00.000|RESETCONTRACTDATE|2010-04-16 00:00:00.000|RESETFIXINGWEIGHT|1|RESETFIXINGVALUE||RESETHASPAIDYN|N|RESETID|42|RESETFLOWID|42|RESETFIXINGDATE|2010-04-19 00:00:00.000|RESETCONTRACTDATE|2010-04-19 00:00:00.000|RESETFIXINGWEIGHT|1|RESETFIXINGVALUE||RESETHASPAIDYN|N|RESETID|43|RESETFLOWID|43|RESETFIXINGDATE|2010-04-20 00:00:00.000|RESETCONTRACTDATE|2010-04-20 00:00:00.000|RESETFIXINGWEIGHT|1|RESETFIXINGVALUE||RESETHASPAIDYN|N|RESETID|44|RESETFLOWID|44|RESETFIXINGDATE|2010-04-21 00:00:00.000|RESETCONTRACTDATE|2010-04-21 00:00:00.000|RESETFIXINGWEIGHT|1|RESETFIXINGVALUE||RESETHASPAIDYN|N|RESETID|45|RESETFLOWID|45|RESETFIXINGDATE|2010-04-22 00:00:00.000|RESETCONTRACTDATE|2010-04-22 00:00:00.000|RESETFIXINGWEIGHT|1|RESETFIXINGVALUE||RESETHASPAIDYN|N|RESETID|46|RESETFLOWID|46|RESETFIXINGDATE|2010-04-23 00:00:00.000|RESETCONTRACTDATE|2010-04-23 00:00:00.000|RESETFIXINGWEIGHT|1|RESETFIXINGVALUE||RESETHASPAIDYN|N|RESETID|47|RESETFLOWID|47|RESETFIXINGDATE|2010-04-26 00:00:00.000|RESETCONTRACTDATE|2010-04-26 00:00:00.000|RESETFIXINGWEIGHT|1|RESETFIXINGVALUE||RESETHASPAIDYN|N|RESETID|48|RESETFLOWID|48|RESETFIXINGDATE|2010-04-27 00:00:00.000|RESETCONTRACTDATE|2010-04-27 00:00:00.000|RESETFIXINGWEIGHT|1|RESETFIXINGVALUE||RESETHASPAIDYN|N|RESETID|49|RESETFLOWID|49|RESETFIXINGDATE|2010-04-28 00:00:00.000|RESETCONTRACTDATE|2010-04-28 00:00:00.000|RESETFIXINGWEIGHT|1|RESETFIXINGVALUE||RESETHASPAIDYN|N|RESETID|50|RESETFLOWID|50|RESETFIXINGDATE|2010-04-29 00:00:00.000|RESETCONTRACTDATE|2010-04-29 00:00:00.000|RESETFIXINGWEIGHT|1|RESETFIXINGVALUE||RESETHASPAIDYN|N|RESETID|51|RESETFLOWID|51|RESETFIXINGDATE|2010-04-30 00:00:00.000|RESETCONTRACTDATE|2010-04-30 00:00:00.000|RESETFIXINGWEIGHT|1|RESETFIXINGVALUE||RESETHASPAIDYN|N|RESETID|52|RESETFLOWID|52|RESETFIXINGDATE|2010-05-03 00:00:00.000|RESETCONTRACTDATE|2010-05-03 00:00:00.000|RESETFIXINGWEIGHT|1|RESETFIXINGVALUE||RESETHASPAIDYN|N|RESETID|53|RESETFLOWID|53|RESETFIXINGDATE|2010-05-04 00:00:00.000|RESETCONTRACTDATE|2010-05-04 00:00:00.000|RESETFIXINGWEIGHT|1|RESETFIXINGVALUE||RESETHASPAIDYN|N|RESETID|54|RESETFLOWID|54|RESETFIXINGDATE|2010-05-05 00:00:00.000|RESETCONTRACTDATE|2010-05-05 00:00:00.000|RESETFIXINGWEIGHT|1|RESETFIXINGVALUE||RESETHASPAIDYN|N|RESETID|55|RESETFLOWID|55|RESETFIXINGDATE|2010-05-06 00:00:00.000|RESETCONTRACTDATE|2010-05-06 00:00:00.000|RESETFIXINGWEIGHT|1|RESETFIXINGVALUE||RESETHASPAIDYN|N|RESETID|56|RESETFLOWID|56|RESETFIXINGDATE|2010-05-07 00:00:00.000|RESETCONTRACTDATE|2010-05-07 00:00:00.000|RESETFIXINGWEIGHT|1|RESETFIXINGVALUE||RESETHASPAIDYN|N|RESETID|57|RESETFLOWID|57|RESETFIXINGDATE|2010-05-10 00:00:00.000|RESETCONTRACTDATE|2010-05-10 00:00:00.000|RESETFIXINGWEIGHT|1|RESETFIXINGVALUE||RESETHASPAIDYN|N|RESETID|58|RESETFLOWID|58|RESETFIXINGDATE|2010-05-11 00:00:00.000|RESETCONTRACTDATE|2010-05-11 00:00:00.000|RESETFIXINGWEIGHT|1|RESETFIXINGVALUE||RESETHASPAIDYN|N|RESETID|59|RESETFLOWID|59|RESETFIXINGDATE|2010-05-12 00:00:00.000|RESETCONTRACTDATE|2010-05-12 00:00:00.000|RESETFIXINGWEIGHT|1|RESETFIXINGVALUE||RESETHASPAIDYN|N|RESETID|60|RESETFLOWID|60|RESETFIXINGDATE|2010-05-13 00:00:00.000|RESETCONTRACTDATE|2010-05-13 00:00:00.000|RESETFIXINGWEIGHT|1|RESETFIXINGVALUE||RESETHASPAIDYN|N|RESETID|61|RESETFLOWID|61|RESETFIXINGDATE|2010-05-14 00:00:00.000|RESETCONTRACTDATE|2010-05-14 00:00:00.000|RESETFIXINGWEIGHT|1|RESETFIXINGVALUE||RESETHASPAIDYN|N|RESETID|62|RESETFLOWID|62|RESETFIXINGDATE|2010-05-17 00:00:00.000|RESETCONTRACTDATE|2010-05-17 00:00:00.000|RESETFIXINGWEIGHT|1|RESETFIXINGVALUE||RESETHASPAIDYN|N|RESETID|63|RESETFLOWID|63|RESETFIXINGDATE|2010-05-18 00:00:00.000|RESETCONTRACTDATE|2010-05-18 00:00:00.000|RESETFIXINGWEIGHT|1|RESETFIXINGVALUE||RESETHASPAIDYN|N|RESETID|64|RESETFLOWID|64|RESETFIXINGDATE|2010-05-19 00:00:00.000|RESETCONTRACTDATE|2010-05-19 00:00:00.000|RESETFIXINGWEIGHT|1|RESETFIXINGVALUE||RESETHASPAIDYN|N|RESETID|65|RESETFLOWID|65|RESETFIXINGDATE|2010-05-20 00:00:00.000|RESETCONTRACTDATE|2010-05-20 00:00:00.000|RESETFIXINGWEIGHT|1|RESETFIXINGVALUE||RESETHASPAIDYN|N|RESETID|66|RESETFLOWID|66|RESETFIXINGDATE|2010-05-21 00:00:00.000|RESETCONTRACTDATE|2010-05-21 00:00:00.000|RESETFIXINGWEIGHT|1|RESETFIXINGVALUE||RESETHASPAIDYN|N|RESETID|67|RESETFLOWID|67|RESETFIXINGDATE|2010-05-24 00:00:00.000|RESETCONTRACTDATE|2010-05-24 00:00:00.000|RESETFIXINGWEIGHT|1|RESETFIXINGVALUE||RESETHASPAIDYN|N|RESETID|68|RESETFLOWID|68|RESETFIXINGDATE|2010-05-25 00:00:00.000|RESETCONTRACTDATE|2010-05-25 00:00:00.000|RESETFIXINGWEIGHT|1|RESETFIXINGVALUE||RESETHASPAIDYN|N|RESETID|69|RESETFLOWID|69|RESETFIXINGDATE|2010-05-26 00:00:00.000|RESETCONTRACTDATE|2010-05-26 00:00:00.000|RESETFIXINGWEIGHT|1|RESETFIXINGVALUE||RESETHASPAIDYN|N|RESETID|70|RESETFLOWID|70|RESETFIXINGDATE|2010-05-27 00:00:00.000|RESETCONTRACTDATE|2010-05-27 00:00:00.000|RESETFIXINGWEIGHT|1|RESETFIXINGVALUE||RESETHASPAIDYN|N|RESETID|71|RESETFLOWID|71|RESETFIXINGDATE|2010-05-28 00:00:00.000|RESETCONTRACTDATE|2010-05-28 00:00:00.000|RESETFIXINGWEIGHT|1|RESETFIXINGVALUE||RESETHASPAIDYN|N|RESETID|72|RESETFLOWID|72|RESETFIXINGDATE|2010-06-01 00:00:00.000|RESETCONTRACTDATE|2010-06-01 00:00:00.000|RESETFIXINGWEIGHT|1|RESETFIXINGVALUE||RESETHASPAIDYN|N|RESETID|73|RESETFLOWID|73|RESETFIXINGDATE|2010-06-02 00:00:00.000|RESETCONTRACTDATE|2010-06-02 00:00:00.000|RESETFIXINGWEIGHT|1|RESETFIXINGVALUE||RESETHASPAIDYN|N|RESETID|74|RESETFLOWID|74|RESETFIXINGDATE|2010-06-03 00:00:00.000|RESETCONTRACTDATE|2010-06-03 00:00:00.000|RESETFIXINGWEIGHT|1|RESETFIXINGVALUE||RESETHASPAIDYN|N|RESETID|75|RESETFLOWID|75|RESETFIXINGDATE|2010-06-04 00:00:00.000|RESETCONTRACTDATE|2010-06-04 00:00:00.000|RESETFIXINGWEIGHT|1|RESETFIXINGVALUE||RESETHASPAIDYN|N|RESETID|76|RESETFLOWID|76|RESETFIXINGDATE|2010-06-07 00:00:00.000|RESETCONTRACTDATE|2010-06-07 00:00:00.000|RESETFIXINGWEIGHT|1|RESETFIXINGVALUE||RESETHASPAIDYN|N|RESETID|77|RESETFLOWID|77|RESETFIXINGDATE|2010-06-08 00:00:00.000|RESETCONTRACTDATE|2010-06-08 00:00:00.000|RESETFIXINGWEIGHT|1|RESETFIXINGVALUE||RESETHASPAIDYN|N|RESETID|78|RESETFLOWID|78|RESETFIXINGDATE|2010-06-09 00:00:00.000|RESETCONTRACTDATE|2010-06-09 00:00:00.000|RESETFIXINGWEIGHT|1|RESETFIXINGVALUE||RESETHASPAIDYN|N|RESETID|79|RESETFLOWID|79|RESETFIXINGDATE|2010-06-10 00:00:00.000|RESETCONTRACTDATE|2010-06-10 00:00:00.000|RESETFIXINGWEIGHT|1|RESETFIXINGVALUE||RESETHASPAIDYN|N|RESETID|80|RESETFLOWID|80|RESETFIXINGDATE|2010-06-11 00:00:00.000|RESETCONTRACTDATE|2010-06-11 00:00:00.000|RESETFIXINGWEIGHT|1|RESETFIXINGVALUE||RESETHASPAIDYN|N|RESETID|81|RESETFLOWID|81|RESETFIXINGDATE|2010-06-14 00:00:00.000|RESETCONTRACTDATE|2010-06-14 00:00:00.000|RESETFIXINGWEIGHT|1|RESETFIXINGVALUE||RESETHASPAIDYN|N|RESETID|82|RESETFLOWID|82|RESETFIXINGDATE|2010-06-15 00:00:00.000|RESETCONTRACTDATE|2010-06-15 00:00:00.000|RESETFIXINGWEIGHT|1|RESETFIXINGVALUE||RESETHASPAIDYN|N|RESETID|83|RESETFLOWID|83|RESETFIXINGDATE|2010-06-16 00:00:00.000|RESETCONTRACTDATE|2010-06-16 00:00:00.000|RESETFIXINGWEIGHT|1|RESETFIXINGVALUE||RESETHASPAIDYN|N|RESETID|84|RESETFLOWID|84|RESETFIXINGDATE|2010-06-17 00:00:00.000|RESETCONTRACTDATE|2010-06-17 00:00:00.000|RESETFIXINGWEIGHT|1|RESETFIXINGVALUE||RESETHASPAIDYN|N|RESETID|85|RESETFLOWID|85|RESETFIXINGDATE|2010-06-18 00:00:00.000|RESETCONTRACTDATE|2010-06-18 00:00:00.000|RESETFIXINGWEIGHT|1|RESETFIXINGVALUE||RESETHASPAIDYN|N|RESETID|86|RESETFLOWID|86|RESETFIXINGDATE|2010-06-21 00:00:00.000|RESETCONTRACTDATE|2010-06-21 00:00:00.000|RESETFIXINGWEIGHT|1|RESETFIXINGVALUE||RESETHASPAIDYN|N|RESETID|87|RESETFLOWID|87|RESETFIXINGDATE|2010-06-22 00:00:00.000|RESETCONTRACTDATE|2010-06-22 00:00:00.000|RESETFIXINGWEIGHT|1|RESETFIXINGVALUE||RESETHASPAIDYN|N|RESETID|88|RESETFLOWID|88|RESETFIXINGDATE|2010-06-23 00:00:00.000|RESETCONTRACTDATE|2010-06-23 00:00:00.000|RESETFIXINGWEIGHT|1|RESETFIXINGVALUE||RESETHASPAIDYN|N|RESETID|89|RESETFLOWID|89|RESETFIXINGDATE|2010-06-24 00:00:00.000|RESETCONTRACTDATE|2010-06-24 00:00:00.000|RESETFIXINGWEIGHT|1|RESETFIXINGVALUE||RESETHASPAIDYN|N|RESETID|90|RESETFLOWID|90|RESETFIXINGDATE|2010-06-25 00:00:00.000|RESETCONTRACTDATE|2010-06-25 00:00:00.000|RESETFIXINGWEIGHT|1|RESETFIXINGVALUE||RESETHASPAIDYN|N|RESETID|91|RESETFLOWID|91|RESETFIXINGDATE|2010-06-28 00:00:00.000|RESETCONTRACTDATE|2010-06-28 00:00:00.000|RESETFIXINGWEIGHT|1|RESETFIXINGVALUE||RESETHASPAIDYN|N|RESETID|92|RESETFLOWID|92|RESETFIXINGDATE|2010-06-29 00:00:00.000|RESETCONTRACTDATE|2010-06-29 00:00:00.000|RESETFIXINGWEIGHT|1|RESETFIXINGVALUE||RESETHASPAIDYN|N|RESETID|93|RESETFLOWID|93|RESETFIXINGDATE|2010-06-30 00:00:00.000|RESETCONTRACTDATE|2010-06-30 00:00:00.000|RESETFIXINGWEIGHT|1|RESETFIXINGVALUE||RESETHASPAIDYN|N|RESETID|94|RESETFLOWID|94|RESETFIXINGDATE|2010-07-01 00:00:00.000|RESETCONTRACTDATE|2010-07-01 00:00:00.000|RESETFIXINGWEIGHT|1|RESETFIXINGVALUE||RESETHASPAIDYN|N|RESETID|95|RESETFLOWID|95|RESETFIXINGDATE|2010-07-02 00:00:00.000|RESETCONTRACTDATE|2010-07-02 00:00:00.000|RESETFIXINGWEIGHT|1|RESETFIXINGVALUE||RESETHASPAIDYN|N|RESETID|96|RESETFLOWID|96|RESETFIXINGDATE|2010-07-06 00:00:00.000|RESETCONTRACTDATE|2010-07-06 00:00:00.000|RESETFIXINGWEIGHT|1|RESETFIXINGVALUE||RESETHASPAIDYN|N|RESETID|97|RESETFLOWID|97|RESETFIXINGDATE|2010-07-07 00:00:00.000|RESETCONTRACTDATE|2010-07-07 00:00:00.000|RESETFIXINGWEIGHT|1|RESETFIXINGVALUE||RESETHASPAIDYN|N|RESETID|98|RESETFLOWID|98|RESETFIXINGDATE|2010-07-08 00:00:00.000|RESETCONTRACTDATE|2010-07-08 00:00:00.000|RESETFIXINGWEIGHT|1|RESETFIXINGVALUE||RESETHASPAIDYN|N|RESETID|99|RESETFLOWID|99|RESETFIXINGDATE|2010-07-09 00:00:00.000|RESETCONTRACTDATE|2010-07-09 00:00:00.000|RESETFIXINGWEIGHT|1|RESETFIXINGVALUE||RESETHASPAIDYN|N|RESETID|100|RESETFLOWID|100|RESETFIXINGDATE|2010-07-12 00:00:00.000|RESETCONTRACTDATE|2010-07-12 00:00:00.000|RESETFIXINGWEIGHT|1|RESETFIXINGVALUE||RESETHASPAIDYN|N|RESETID|101|RESETFLOWID|101|RESETFIXINGDATE|2010-07-13 00:00:00.000|RESETCONTRACTDATE|2010-07-13 00:00:00.000|RESETFIXINGWEIGHT|1|RESETFIXINGVALUE||RESETHASPAIDYN|N|RESETID|102|RESETFLOWID|102|RESETFIXINGDATE|2010-07-14 00:00:00.000|RESETCONTRACTDATE|2010-07-14 00:00:00.000|RESETFIXINGWEIGHT|1|RESETFIXINGVALUE||RESETHASPAIDYN|N|RESETID|103|RESETFLOWID|103|RESETFIXINGDATE|2010-07-15 00:00:00.000|RESETCONTRACTDATE|2010-07-15 00:00:00.000|RESETFIXINGWEIGHT|1|RESETFIXINGVALUE||RESETHASPAIDYN|N|RESETID|104|RESETFLOWID|104|RESETFIXINGDATE|2010-07-16 00:00:00.000|RESETCONTRACTDATE|2010-07-16 00:00:00.000|RESETFIXINGWEIGHT|1|RESETFIXINGVALUE||RESETHASPAIDYN|N|RESETID|105|RESETFLOWID|105|RESETFIXINGDATE|2010-07-19 00:00:00.000|RESETCONTRACTDATE|2010-07-19 00:00:00.000|RESETFIXINGWEIGHT|1|RESETFIXINGVALUE||RESETHASPAIDYN|N|RESETID|106|RESETFLOWID|106|RESETFIXINGDATE|2010-07-20 00:00:00.000|RESETCONTRACTDATE|2010-07-20 00:00:00.000|RESETFIXINGWEIGHT|1|RESETFIXINGVALUE||RESETHASPAIDYN|N|RESETID|107|RESETFLOWID|107|RESETFIXINGDATE|2010-07-21 00:00:00.000|RESETCONTRACTDATE|2010-07-21 00:00:00.000|RESETFIXINGWEIGHT|1|RESETFIXINGVALUE||RESETHASPAIDYN|N|RESETID|108|RESETFLOWID|108|RESETFIXINGDATE|2010-07-22 00:00:00.000|RESETCONTRACTDATE|2010-07-22 00:00:00.000|RESETFIXINGWEIGHT|1|RESETFIXINGVALUE||RESETHASPAIDYN|N|RESETID|109|RESETFLOWID|109|RESETFIXINGDATE|2010-07-23 00:00:00.000|RESETCONTRACTDATE|2010-07-23 00:00:00.000|RESETFIXINGWEIGHT|1|RESETFIXINGVALUE||RESETHASPAIDYN|N|RESETID|110|RESETFLOWID|110|RESETFIXINGDATE|2010-07-26 00:00:00.000|RESETCONTRACTDATE|2010-07-26 00:00:00.000|RESETFIXINGWEIGHT|1|RESETFIXINGVALUE||RESETHASPAIDYN|N|RESETID|111|RESETFLOWID|111|RESETFIXINGDATE|2010-07-27 00:00:00.000|RESETCONTRACTDATE|2010-07-27 00:00:00.000|RESETFIXINGWEIGHT|1|RESETFIXINGVALUE||RESETHASPAIDYN|N|RESETID|112|RESETFLOWID|112|RESETFIXINGDATE|2010-07-28 00:00:00.000|RESETCONTRACTDATE|2010-07-28 00:00:00.000|RESETFIXINGWEIGHT|1|RESETFIXINGVALUE||RESETHASPAIDYN|N|RESETID|113|RESETFLOWID|113|RESETFIXINGDATE|2010-07-29 00:00:00.000|RESETCONTRACTDATE|2010-07-29 00:00:00.000|RESETFIXINGWEIGHT|1|RESETFIXINGVALUE||RESETHASPAIDYN|N|RESETID|114|RESETFLOWID|114|RESETFIXINGDATE|2010-07-30 00:00:00.000|RESETCONTRACTDATE|2010-07-30 00:00:00.000|RESETFIXINGWEIGHT|1|RESETFIXINGVALUE||RESETHASPAIDYN|N|RESETID|115|RESETFLOWID|115|RESETFIXINGDATE|2010-08-02 00:00:00.000|RESETCONTRACTDATE|2010-08-02 00:00:00.000|RESETFIXINGWEIGHT|1|RESETFIXINGVALUE||RESETHASPAIDYN|N|RESETID|116|RESETFLOWID|116|RESETFIXINGDATE|2010-08-03 00:00:00.000|RESETCONTRACTDATE|2010-08-03 00:00:00.000|RESETFIXINGWEIGHT|1|RESETFIXINGVALUE||RESETHASPAIDYN|N|RESETID|117|RESETFLOWID|117|RESETFIXINGDATE|2010-08-04 00:00:00.000|RESETCONTRACTDATE|2010-08-04 00:00:00.000|RESETFIXINGWEIGHT|1|RESETFIXINGVALUE||RESETHASPAIDYN|N|RESETID|118|RESETFLOWID|118|RESETFIXINGDATE|2010-08-05 00:00:00.000|RESETCONTRACTDATE|2010-08-05 00:00:00.000|RESETFIXINGWEIGHT|1|RESETFIXINGVALUE||RESETHASPAIDYN|N|RESETID|119|RESETFLOWID|119|RESETFIXINGDATE|2010-08-06 00:00:00.000|RESETCONTRACTDATE|2010-08-06 00:00:00.000|RESETFIXINGWEIGHT|1|RESETFIXINGVALUE||RESETHASPAIDYN|N|RESETID|120|RESETFLOWID|120|RESETFIXINGDATE|2010-08-09 00:00:00.000|RESETCONTRACTDATE|2010-08-09 00:00:00.000|RESETFIXINGWEIGHT|1|RESETFIXINGVALUE||RESETHASPAIDYN|N|RESETID|121|RESETFLOWID|121|RESETFIXINGDATE|2010-08-10 00:00:00.000|RESETCONTRACTDATE|2010-08-10 00:00:00.000|RESETFIXINGWEIGHT|1|RESETFIXINGVALUE||RESETHASPAIDYN|N|RESETID|122|RESETFLOWID|122|RESETFIXINGDATE|2010-08-11 00:00:00.000|RESETCONTRACTDATE|2010-08-11 00:00:00.000|RESETFIXINGWEIGHT|1|RESETFIXINGVALUE||RESETHASPAIDYN|N|RESETID|123|RESETFLOWID|123|RESETFIXINGDATE|2010-08-12 00:00:00.000|RESETCONTRACTDATE|2010-08-12 00:00:00.000|RESETFIXINGWEIGHT|1|RESETFIXINGVALUE||RESETHASPAIDYN|N|RESETID|124|RESETFLOWID|124|RESETFIXINGDATE|2010-08-13 00:00:00.000|RESETCONTRACTDATE|2010-08-13 00:00:00.000|RESETFIXINGWEIGHT|1|RESETFIXINGVALUE||RESETHASPAIDYN|N|RESETID|125|RESETFLOWID|125|RESETFIXINGDATE|2010-08-16 00:00:00.000|RESETCONTRACTDATE|2010-08-16 00:00:00.000|RESETFIXINGWEIGHT|1|RESETFIXINGVALUE||RESETHASPAIDYN|N|RESETID|126|RESETFLOWID|126|RESETFIXINGDATE|2010-08-17 00:00:00.000|RESETCONTRACTDATE|2010-08-17 00:00:00.000|RESETFIXINGWEIGHT|1|RESETFIXINGVALUE||RESETHASPAIDYN|N|RESETID|127|RESETFLOWID|127|RESETFIXINGDATE|2010-08-18 00:00:00.000|RESETCONTRACTDATE|2010-08-18 00:00:00.000|RESETFIXINGWEIGHT|1|RESETFIXINGVALUE||RESETHASPAIDYN|N|RESETID|128|RESETFLOWID|128|RESETFIXINGDATE|2010-08-19 00:00:00.000|RESETCONTRACTDATE|2010-08-19 00:00:00.000|RESETFIXINGWEIGHT|1|RESETFIXINGVALUE||RESETHASPAIDYN|N|RESETID|129|RESETFLOWID|129|RESETFIXINGDATE|2010-08-20 00:00:00.000|RESETCONTRACTDATE|2010-08-20 00:00:00.000|RESETFIXINGWEIGHT|1|RESETFIXINGVALUE||RESETHASPAIDYN|N|RESETID|130|RESETFLOWID|130|RESETFIXINGDATE|2010-08-23 00:00:00.000|RESETCONTRACTDATE|2010-08-23 00:00:00.000|RESETFIXINGWEIGHT|1|RESETFIXINGVALUE||RESETHASPAIDYN|N|RESETID|131|RESETFLOWID|131|RESETFIXINGDATE|2010-08-24 00:00:00.000|RESETCONTRACTDATE|2010-08-24 00:00:00.000|RESETFIXINGWEIGHT|1|RESETFIXINGVALUE||RESETHASPAIDYN|N|RESETID|132|RESETFLOWID|132|RESETFIXINGDATE|2010-08-25 00:00:00.000|RESETCONTRACTDATE|2010-08-25 00:00:00.000|RESETFIXINGWEIGHT|1|RESETFIXINGVALUE||RESETHASPAIDYN|N|RESETID|133|RESETFLOWID|133|RESETFIXINGDATE|2010-08-26 00:00:00.000|RESETCONTRACTDATE|2010-08-26 00:00:00.000|RESETFIXINGWEIGHT|1|RESETFIXINGVALUE||RESETHASPAIDYN|N|RESETID|134|RESETFLOWID|134|RESETFIXINGDATE|2010-08-27 00:00:00.000|RESETCONTRACTDATE|2010-08-27 00:00:00.000|RESETFIXINGWEIGHT|1|RESETFIXINGVALUE||RESETHASPAIDYN|N|RESETID|135|RESETFLOWID|135|RESETFIXINGDATE|2010-08-30 00:00:00.000|RESETCONTRACTDATE|2010-08-30 00:00:00.000|RESETFIXINGWEIGHT|1|RESETFIXINGVALUE||RESETHASPAIDYN|N|RESETID|136|RESETFLOWID|136|RESETFIXINGDATE|2010-08-31 00:00:00.000|RESETCONTRACTDATE|2010-08-31 00:00:00.000|RESETFIXINGWEIGHT|1|RESETFIXINGVALUE||RESETHASPAIDYN|N|RESETID|137|RESETFLOWID|137|RESETFIXINGDATE|2010-09-01 00:00:00.000|RESETCONTRACTDATE|2010-09-01 00:00:00.000|RESETFIXINGWEIGHT|1|RESETFIXINGVALUE||RESETHASPAIDYN|N|RESETID|138|RESETFLOWID|138|RESETFIXINGDATE|2010-09-02 00:00:00.000|RESETCONTRACTDATE|2010-09-02 00:00:00.000|RESETFIXINGWEIGHT|1|RESETFIXINGVALUE||RESETHASPAIDYN|N|RESETID|139|RESETFLOWID|139|RESETFIXINGDATE|2010-09-03 00:00:00.000|RESETCONTRACTDATE|2010-09-03 00:00:00.000|RESETFIXINGWEIGHT|1|RESETFIXINGVALUE||RESETHASPAIDYN|N|RESETID|140|RESETFLOWID|140|RESETFIXINGDATE|2010-09-07 00:00:00.000|RESETCONTRACTDATE|2010-09-07 00:00:00.000|RESETFIXINGWEIGHT|1|RESETFIXINGVALUE||RESETHASPAIDYN|N|RESETID|141|RESETFLOWID|141|RESETFIXINGDATE|2010-09-08 00:00:00.000|RESETCONTRACTDATE|2010-09-08 00:00:00.000|RESETFIXINGWEIGHT|1|RESETFIXINGVALUE||RESETHASPAIDYN|N|RESETID|142|RESETFLOWID|142|RESETFIXINGDATE|2010-09-09 00:00:00.000|RESETCONTRACTDATE|2010-09-09 00:00:00.000|RESETFIXINGWEIGHT|1|RESETFIXINGVALUE||RESETHASPAIDYN|N|RESETID|143|RESETFLOWID|143|RESETFIXINGDATE|2010-09-10 00:00:00.000|RESETCONTRACTDATE|2010-09-10 00:00:00.000|RESETFIXINGWEIGHT|1|RESETFIXINGVALUE||RESETHASPAIDYN|N|RESETID|144|RESETFLOWID|144|RESETFIXINGDATE|2010-09-13 00:00:00.000|RESETCONTRACTDATE|2010-09-13 00:00:00.000|RESETFIXINGWEIGHT|1|RESETFIXINGVALUE||RESETHASPAIDYN|N|RESETID|145|RESETFLOWID|145|RESETFIXINGDATE|2010-09-14 00:00:00.000|RESETCONTRACTDATE|2010-09-14 00:00:00.000|RESETFIXINGWEIGHT|1|RESETFIXINGVALUE||RESETHASPAIDYN|N|RESETID|146|RESETFLOWID|146|RESETFIXINGDATE|2010-09-15 00:00:00.000|RESETCONTRACTDATE|2010-09-15 00:00:00.000|RESETFIXINGWEIGHT|1|RESETFIXINGVALUE||RESETHASPAIDYN|N|RESETID|147|RESETFLOWID|147|RESETFIXINGDATE|2010-09-16 00:00:00.000|RESETCONTRACTDATE|2010-09-16 00:00:00.000|RESETFIXINGWEIGHT|1|RESETFIXINGVALUE||RESETHASPAIDYN|N|RESETID|148|RESETFLOWID|148|RESETFIXINGDATE|2010-09-17 00:00:00.000|RESETCONTRACTDATE|2010-09-17 00:00:00.000|RESETFIXINGWEIGHT|1|RESETFIXINGVALUE||RESETHASPAIDYN|N|RESETID|149|RESETFLOWID|149|RESETFIXINGDATE|2010-09-20 00:00:00.000|RESETCONTRACTDATE|2010-09-20 00:00:00.000|RESETFIXINGWEIGHT|1|RESETFIXINGVALUE||RESETHASPAIDYN|N|RESETID|150|RESETFLOWID|150|RESETFIXINGDATE|2010-09-21 00:00:00.000|RESETCONTRACTDATE|2010-09-21 00:00:00.000|RESETFIXINGWEIGHT|1|RESETFIXINGVALUE||RESETHASPAIDYN|N|RESETID|151|RESETFLOWID|151|RESETFIXINGDATE|2010-09-22 00:00:00.000|RESETCONTRACTDATE|2010-09-22 00:00:00.000|RESETFIXINGWEIGHT|1|RESETFIXINGVALUE||RESETHASPAIDYN|N|RESETID|152|RESETFLOWID|152|RESETFIXINGDATE|2010-09-23 00:00:00.000|RESETCONTRACTDATE|2010-09-23 00:00:00.000|RESETFIXINGWEIGHT|1|RESETFIXINGVALUE||RESETHASPAIDYN|N|RESETID|153|RESETFLOWID|153|RESETFIXINGDATE|2010-09-24 00:00:00.000|RESETCONTRACTDATE|2010-09-24 00:00:00.000|RESETFIXINGWEIGHT|1|RESETFIXINGVALUE||RESETHASPAIDYN|N|RESETID|154|RESETFLOWID|154|RESETFIXINGDATE|2010-09-27 00:00:00.000|RESETCONTRACTDATE|2010-09-27 00:00:00.000|RESETFIXINGWEIGHT|1|RESETFIXINGVALUE||RESETHASPAIDYN|N|RESETID|155|RESETFLOWID|155|RESETFIXINGDATE|2010-09-28 00:00:00.000|RESETCONTRACTDATE|2010-09-28 00:00:00.000|RESETFIXINGWEIGHT|1|RESETFIXINGVALUE||RESETHASPAIDYN|N|RESETID|156|RESETFLOWID|156|RESETFIXINGDATE|2010-09-29 00:00:00.000|RESETCONTRACTDATE|2010-09-29 00:00:00.000|RESETFIXINGWEIGHT|1|RESETFIXINGVALUE||RESETHASPAIDYN|N|RESETID|157|RESETFLOWID|157|RESETFIXINGDATE|2010-09-30 00:00:00.000|RESETCONTRACTDATE|2010-09-30 00:00:00.000|RESETFIXINGWEIGHT|1|RESETFIXINGVALUE||RESETHASPAIDYN|N|RESETID|158|RESETFLOWID|158|RESETFIXINGDATE|2010-10-01 00:00:00.000|RESETCONTRACTDATE|2010-10-01 00:00:00.000|RESETFIXINGWEIGHT|1|RESETFIXINGVALUE||RESETHASPAIDYN|N|RESETID|159|RESETFLOWID|159|RESETFIXINGDATE|2010-10-04 00:00:00.000|RESETCONTRACTDATE|2010-10-04 00:00:00.000|RESETFIXINGWEIGHT|1|RESETFIXINGVALUE||RESETHASPAIDYN|N|RESETID|160|RESETFLOWID|160|RESETFIXINGDATE|2010-10-05 00:00:00.000|RESETCONTRACTDATE|2010-10-05 00:00:00.000|RESETFIXINGWEIGHT|1|RESETFIXINGVALUE||RESETHASPAIDYN|N|RESETID|161|RESETFLOWID|161|RESETFIXINGDATE|2010-10-06 00:00:00.000|RESETCONTRACTDATE|2010-10-06 00:00:00.000|RESETFIXINGWEIGHT|1|RESETFIXINGVALUE||RESETHASPAIDYN|N|RESETID|162|RESETFLOWID|162|RESETFIXINGDATE|2010-10-07 00:00:00.000|RESETCONTRACTDATE|2010-10-07 00:00:00.000|RESETFIXINGWEIGHT|1|RESETFIXINGVALUE||RESETHASPAIDYN|N|RESETID|163|RESETFLOWID|163|RESETFIXINGDATE|2010-10-08 00:00:00.000|RESETCONTRACTDATE|2010-10-08 00:00:00.000|RESETFIXINGWEIGHT|1|RESETFIXINGVALUE||RESETHASPAIDYN|N|RESETID|164|RESETFLOWID|164|RESETFIXINGDATE|2010-10-12 00:00:00.000|RESETCONTRACTDATE|2010-10-12 00:00:00.000|RESETFIXINGWEIGHT|1|RESETFIXINGVALUE||RESETHASPAIDYN|N|RESETID|165|RESETFLOWID|165|RESETFIXINGDATE|2010-10-13 00:00:00.000|RESETCONTRACTDATE|2010-10-13 00:00:00.000|RESETFIXINGWEIGHT|1|RESETFIXINGVALUE||RESETHASPAIDYN|N|RESETID|166|RESETFLOWID|166|RESETFIXINGDATE|2010-10-14 00:00:00.000|RESETCONTRACTDATE|2010-10-14 00:00:00.000|RESETFIXINGWEIGHT|1|RESETFIXINGVALUE||RESETHASPAIDYN|N|RESETID|167|RESETFLOWID|167|RESETFIXINGDATE|2010-10-15 00:00:00.000|RESETCONTRACTDATE|2010-10-15 00:00:00.000|RESETFIXINGWEIGHT|1|RESETFIXINGVALUE||RESETHASPAIDYN|N|RESETID|168|RESETFLOWID|168|RESETFIXINGDATE|2010-10-18 00:00:00.000|RESETCONTRACTDATE|2010-10-18 00:00:00.000|RESETFIXINGWEIGHT|1|RESETFIXINGVALUE||RESETHASPAIDYN|N|RESETID|169|RESETFLOWID|169|RESETFIXINGDATE|2010-10-19 00:00:00.000|RESETCONTRACTDATE|2010-10-19 00:00:00.000|RESETFIXINGWEIGHT|1|RESETFIXINGVALUE||RESETHASPAIDYN|N|RESETID|170|RESETFLOWID|170|RESETFIXINGDATE|2010-10-20 00:00:00.000|RESETCONTRACTDATE|2010-10-20 00:00:00.000|RESETFIXINGWEIGHT|1|RESETFIXINGVALUE||RESETHASPAIDYN|N|RESETID|171|RESETFLOWID|171|RESETFIXINGDATE|2010-10-21 00:00:00.000|RESETCONTRACTDATE|2010-10-21 00:00:00.000|RESETFIXINGWEIGHT|1|RESETFIXINGVALUE||RESETHASPAIDYN|N|RESETID|172|RESETFLOWID|172|RESETFIXINGDATE|2010-10-22 00:00:00.000|RESETCONTRACTDATE|2010-10-22 00:00:00.000|RESETFIXINGWEIGHT|1|RESETFIXINGVALUE||RESETHASPAIDYN|N|RESETID|173|RESETFLOWID|173|RESETFIXINGDATE|2010-10-25 00:00:00.000|RESETCONTRACTDATE|2010-10-25 00:00:00.000|RESETFIXINGWEIGHT|1|RESETFIXINGVALUE||RESETHASPAIDYN|N|RESETID|174|RESETFLOWID|174|RESETFIXINGDATE|2010-10-26 00:00:00.000|RESETCONTRACTDATE|2010-10-26 00:00:00.000|RESETFIXINGWEIGHT|1|RESETFIXINGVALUE||RESETHASPAIDYN|N|RESETID|175|RESETFLOWID|175|RESETFIXINGDATE|2010-10-27 00:00:00.000|RESETCONTRACTDATE|2010-10-27 00:00:00.000|RESETFIXINGWEIGHT|1|RESETFIXINGVALUE||RESETHASPAIDYN|N|RESETID|176|RESETFLOWID|176|RESETFIXINGDATE|2010-10-28 00:00:00.000|RESETCONTRACTDATE|2010-10-28 00:00:00.000|RESETFIXINGWEIGHT|1|RESETFIXINGVALUE||RESETHASPAIDYN|N|RESETID|177|RESETFLOWID|177|RESETFIXINGDATE|2010-10-29 00:00:00.000|RESETCONTRACTDATE|2010-10-29 00:00:00.000|RESETFIXINGWEIGHT|1|RESETFIXINGVALUE||RESETHASPAIDYN|N|RESETID|178|RESETFLOWID|178|RESETFIXINGDATE|2010-11-01 00:00:00.000|RESETCONTRACTDATE|2010-11-01 00:00:00.000|RESETFIXINGWEIGHT|1|RESETFIXINGVALUE||RESETHASPAIDYN|N|RESETID|179|RESETFLOWID|179|RESETFIXINGDATE|2010-11-02 00:00:00.000|RESETCONTRACTDATE|2010-11-02 00:00:00.000|RESETFIXINGWEIGHT|1|RESETFIXINGVALUE||RESETHASPAIDYN|N|RESETID|180|RESETFLOWID|180|RESETFIXINGDATE|2010-11-03 00:00:00.000|RESETCONTRACTDATE|2010-11-03 00:00:00.000|RESETFIXINGWEIGHT|1|RESETFIXINGVALUE||RESETHASPAIDYN|N|RESETID|181|RESETFLOWID|181|RESETFIXINGDATE|2010-11-04 00:00:00.000|RESETCONTRACTDATE|2010-11-04 00:00:00.000|RESETFIXINGWEIGHT|1|RESETFIXINGVALUE||RESETHASPAIDYN|N|RESETID|182|RESETFLOWID|182|RESETFIXINGDATE|2010-11-05 00:00:00.000|RESETCONTRACTDATE|2010-11-05 00:00:00.000|RESETFIXINGWEIGHT|1|RESETFIXINGVALUE||RESETHASPAIDYN|N|RESETID|183|RESETFLOWID|183|RESETFIXINGDATE|2010-11-08 00:00:00.000|RESETCONTRACTDATE|2010-11-08 00:00:00.000|RESETFIXINGWEIGHT|1|RESETFIXINGVALUE||RESETHASPAIDYN|N|RESETID|184|RESETFLOWID|184|RESETFIXINGDATE|2010-11-09 00:00:00.000|RESETCONTRACTDATE|2010-11-09 00:00:00.000|RESETFIXINGWEIGHT|1|RESETFIXINGVALUE||RESETHASPAIDYN|N|RESETID|185|RESETFLOWID|185|RESETFIXINGDATE|2010-11-10 00:00:00.000|RESETCONTRACTDATE|2010-11-10 00:00:00.000|RESETFIXINGWEIGHT|1|RESETFIXINGVALUE||RESETHASPAIDYN|N|RESETID|186|RESETFLOWID|186|RESETFIXINGDATE|2010-11-12 00:00:00.000|RESETCONTRACTDATE|2010-11-12 00:00:00.000|RESETFIXINGWEIGHT|1|RESETFIXINGVALUE||RESETHASPAIDYN|N|RESETID|187|RESETFLOWID|187|RESETFIXINGDATE|2010-11-15 00:00:00.000|RESETCONTRACTDATE|2010-11-15 00:00:00.000|RESETFIXINGWEIGHT|1|RESETFIXINGVALUE||RESETHASPAIDYN|N|RESETID|188|RESETFLOWID|188|RESETFIXINGDATE|2010-11-16 00:00:00.000|RESETCONTRACTDATE|2010-11-16 00:00:00.000|RESETFIXINGWEIGHT|1|RESETFIXINGVALUE||RESETHASPAIDYN|N|RESETID|189|RESETFLOWID|189|RESETFIXINGDATE|2010-11-17 00:00:00.000|RESETCONTRACTDATE|2010-11-17 00:00:00.000|RESETFIXINGWEIGHT|1|RESETFIXINGVALUE||RESETHASPAIDYN|N|RESETID|190|RESETFLOWID|190|RESETFIXINGDATE|2010-11-18 00:00:00.000|RESETCONTRACTDATE|2010-11-18 00:00:00.000|RESETFIXINGWEIGHT|1|RESETFIXINGVALUE||RESETHASPAIDYN|N|RESETID|191|RESETFLOWID|191|RESETFIXINGDATE|2010-11-19 00:00:00.000|RESETCONTRACTDATE|2010-11-19 00:00:00.000|RESETFIXINGWEIGHT|1|RESETFIXINGVALUE||RESETHASPAIDYN|N|RESETID|192|RESETFLOWID|192|RESETFIXINGDATE|2010-11-22 00:00:00.000|RESETCONTRACTDATE|2010-11-22 00:00:00.000|RESETFIXINGWEIGHT|1|RESETFIXINGVALUE||RESETHASPAIDYN|N|RESETID|193|RESETFLOWID|193|RESETFIXINGDATE|2010-11-23 00:00:00.000|RESETCONTRACTDATE|2010-11-23 00:00:00.000|RESETFIXINGWEIGHT|1|RESETFIXINGVALUE||RESETHASPAIDYN|N|RESETID|194|RESETFLOWID|194|RESETFIXINGDATE|2010-11-24 00:00:00.000|RESETCONTRACTDATE|2010-11-24 00:00:00.000|RESETFIXINGWEIGHT|1|RESETFIXINGVALUE||RESETHASPAIDYN|N|RESETID|195|RESETFLOWID|195|RESETFIXINGDATE|2010-11-26 00:00:00.000|RESETCONTRACTDATE|2010-11-26 00:00:00.000|RESETFIXINGWEIGHT|1|RESETFIXINGVALUE||RESETHASPAIDYN|N|RESETID|196|RESETFLOWID|196|RESETFIXINGDATE|2010-11-29 00:00:00.000|RESETCONTRACTDATE|2010-11-29 00:00:00.000|RESETFIXINGWEIGHT|1|RESETFIXINGVALUE||RESETHASPAIDYN|N|RESETID|197|RESETFLOWID|197|RESETFIXINGDATE|2010-11-30 00:00:00.000|RESETCONTRACTDATE|2010-11-30 00:00:00.000|RESETFIXINGWEIGHT|1|RESETFIXINGVALUE||RESETHASPAIDYN|N|RESETID|198|RESETFLOWID|198|RESETFIXINGDATE|2010-12-01 00:00:00.000|RESETCONTRACTDATE|2010-12-01 00:00:00.000|RESETFIXINGWEIGHT|1|RESETFIXINGVALUE||RESETHASPAIDYN|N|BOOK_CPTY_CDRMNEMONIC|DTCH L  19U|PROFIT_CENTRE|MET0|BOOKBRANCHPARENT|Commodities|HIGH_LEVEL_CPTY_CDRMNEMONIC|DTCH L  ABB|HIGH_LEVEL_BOOK_CPTY_CDRM|DTCH L  19U|BOOK_CPYT_SRC_SYSTEM|RMS|SUBBRANCH||CPTY_CDRMNEMONIC|DTCH L  ABB|AMI_CODE|0840|BOOK_CPTY|BMOPTMCU|PUBLICATIONTIME|2010-09-24 16:01:41.923|DBLEGALENTITY|London|ISLIVEYN|Y</Text>
</Message>
