<?xml version="1.0" encoding="UTF-8"?>
<Message>
    <SystemInfo>
        <JMSDestination>Topic[exodus.pipe.demo]</JMSDestination>
        <JMSReplyTo/>
        <JMSDeliveryMode>2</JMSDeliveryMode>
        <JMSRedelivered>false</JMSRedelivered>
        <JMSCorrelationID>null</JMSCorrelationID>
        <JMSType>null</JMSType>
        <JMSTimestamp>1285344071373</JMSTimestamp>
        <JMSExpiration>0</JMSExpiration>
        <JMSPriority>4</JMSPriority>
    </SystemInfo>
    <ApplicationInfo>
        <SYSTEMID>226798035</SYSTEMID>
        <TRADEGROUP>COMMODITYONELEG</TRADEGROUP>
        <VERSION>9</VERSION>
        <COUNTERPARTY>DEUX</COUNTERPARTY>
        <MESSAGE_TYPE>RMS_TRADE</MESSAGE_TYPE>
        <TRADETYPE>CommodityAsianOpt</TRADETYPE>
        <BOOK>BMOPTCURRY</BOOK>
        <ACTION>CouponPaid</ACTION>
        <STATUS>Open</STATUS>
    </ApplicationInfo>
    <Text>SYSTEMID|226798035|TRADETYPE|CommodityAsianOpt|TRADEID|131141667T|SOURCESYSTEM|RMS|BOOK|BMOPTCURRY|BLOTTER||COUNTERPARTY|DEUX|COUNTERPARTYSOURCESYSTEM|RMS|COUNTERPARTYNAME|DEUTSCHE BANK S.A.E.|DBICOUNTERPARTYID||CUSTOMER|GALVAN|CUSTOMERSOURCESYSTEM|RMS|STATUS|Open|PREMIUMCURRENCY||PREMIUMAMOUNT||PREMIUMDATE||PREMIUMHASPAIDYN||UNWINDRATE||UNWINDPREMIUMCURRENCY||UNWINDPREMIUMAMOUNT||UNWINDPREMIUMDATE||MARGINPAYMENTCURRENCY||MARGINPAYMENTAMOUNT||CONTRACTCODE|XZN_EUR|CURRENCY|EUR|STARTCONTRACTDATE|02-AUG-2010|ENDCONTRACTDATE|2010-08-31 00:00:00.000|DAILYNOTIONAL||PERIODNOTIONAL|2|TOTALNOTIONAL|2|STRIKE|1600|SPREAD||AVERAGINGSTYLE||NUMFLOWSHAVEPAID|1|EXPIRYDATE|2010-08-31 00:00:00.000|CP|C|BUYSELL||SETTLEMENTDATE|2010-09-02 00:00:00.000|FREQUENCY||PAYMENTCITIES|EUR|FIXINGCITIES|LMH|LASTTRADINGDATEOFFSET||PROMPTCONTRACTOFFSET||UNITS|Lots|UNITCONVERSIONFACTOR|1|UNDISCOUNTEDYN||MODELTYPE||PRODUCTID|220245837|PRODUCTVERSION|12|PRODUCTLEGID||STRUCTUREID|131141667|TRADEDATE|2009-10-16 00:00:00.000|LASTUPDATED|2010-09-01 06:06:01.000|ACTION|CouponPaid|ACTIONEFFECTIVEDATE|2010-09-01 00:00:00.000|SOURCESYSTEMBOOK|BMOPTCURRY|SOURCESYSTEMPROFITCENTRE||SALESPERSON||TRADER||ENTEREDBY|ALLTTIM|FUNDSPLITID||FUNDSPLITVERSION||STRUCTURENAME||MARKUPAMT||MARKUPCCY||MARKUPLOCATION||ATRISKAMT||ATRISKCCY||ATRISKLOCATION||ATRISKINDICATOR||REASON||NOTES||BROKER||BROKERAMT||BROKERCCY||LINKSYSTEMID||LINKTYPE||SOURCESYSTEMID|226798035|DATECREATED|2009-10-16 18:27:19.000|CONFIRMAS||VERSION|9|CANCELSSOURCESYSTEMID||CANCELLEDBYSOURCESYSTEMID||CANCELLINGHALFSOURCESYSTEMID||CORRECTSSOURCESYSTEMID||CORRECTEDBYSOURCESYSTEMID||CLOSESSOURCESYSTEMID||CLOSEDBYSOURCESYSTEMID||EXERCISEDINTOSOURCESYSTEMID||EXERCISEDFROMSOURCESYSTEMID||LATESTVERSIONYN|N|CLOSINGDATE||LEGALENTITY|London|DEALCAPTURESYSTEM|RMS|DEALCAPTURESYSTEMID|226798035|BOOKINGLOCATION|London|PRODUCTTYPE||PRODUCTINSTANCE||BACKOFFICESYSTEM||BACKOFFICESYSTEMID||VERSIONVALIDUNTILDATE|2010-09-03 00:13:27.000|TRADEEXTRADETAILID|48543901|TRADEEXTRADETAILVERSION|8|TRADECLASSIFICATION|1|DEALCAPTURESALESUSER|_ALLTTIM|FUNDSPLITALLOCATIONID||FUNDSPLITALLOCATIONLEGID||TEARUPID||ELECTEDCONFIRMATIONSYSTEM||ELECTEDCONFIRMATIONRULEID||PREVIOUSCONFIRMATIONSYSTEM||ELECTEDSETTLEMENTSYSTEM||ELECTEDSETTLEMENTRULEID||PREVIOUSSETTLEMENTSYSTEM||ACCCURRENCY||CALCULATIONAGENT|DB|BACKOFFICEPROCESSING|Standard|BACKOFFICEACCEPTED|N|BACKOFFICEENDDATE||BACKOFFICEEVENT||BACKOFFICEBRANCHACCEPTED|N|BACKOFFICEBRANCHEVENT||ASSETLOCATION||TRADETABLE|COMMODITYONELEG|USERENTEREDTRADEDATE||UNDERCURRENCY||NOTIONAL||OPTIONRATETERM||PRODUCTNOTIONAL||STRIKEFIXINGDATE||STRIKEFIXINGPERCENTAGE||FUTURESEXPIRYDATE||OPTIONEXPIRYDATE||CASHSETTLEDYN||USERDATA||CONTRACTCURRENCY|USD|LOTSNOTIONAL|2|BARRIER||BARRIERDIRECTION||BARRIERSTARTDATE||BARRIERENDDATE||FIXRAW_PERIODNOTIONAL|2|FIXRAW_ACCCURRENCY||PRODUCTTYPEID|CBOPTION|FLOWID|1|FLOWFIXINGDATE|2010-08-31 00:00:00.000|FLOWCONTRACTDATE||FLOWNUMBEROFCONTRACTS|2|FLOWNOTIONAL|2|FLOWCP||FLOWSTRIKE|1600|FLOWSPREAD|0|FLOWPAYMENTDATE|2010-09-02 00:00:00.000|FLOWFIXING|1584.009|FLOWHASPAID|Y|RESETID|1|RESETFLOWID|1|RESETFIXINGDATE|2010-08-02 00:00:00.000|RESETCONTRACTDATE|2010-08-02 00:00:00.000|RESETFIXINGWEIGHT|0.0952380952381|RESETFIXINGVALUE||RESETHASPAIDYN|Y|RESETID|2|RESETFLOWID|1|RESETFIXINGDATE|2010-08-03 00:00:00.000|RESETCONTRACTDATE|2010-08-03 00:00:00.000|RESETFIXINGWEIGHT|0.0952380952381|RESETFIXINGVALUE||RESETHASPAIDYN|Y|RESETID|3|RESETFLOWID|1|RESETFIXINGDATE|2010-08-04 00:00:00.000|RESETCONTRACTDATE|2010-08-04 00:00:00.000|RESETFIXINGWEIGHT|0.0952380952381|RESETFIXINGVALUE||RESETHASPAIDYN|Y|RESETID|4|RESETFLOWID|1|RESETFIXINGDATE|2010-08-05 00:00:00.000|RESETCONTRACTDATE|2010-08-05 00:00:00.000|RESETFIXINGWEIGHT|0.0952380952381|RESETFIXINGVALUE||RESETHASPAIDYN|Y|RESETID|5|RESETFLOWID|1|RESETFIXINGDATE|2010-08-06 00:00:00.000|RESETCONTRACTDATE|2010-08-06 00:00:00.000|RESETFIXINGWEIGHT|0.0952380952381|RESETFIXINGVALUE||RESETHASPAIDYN|Y|RESETID|6|RESETFLOWID|1|RESETFIXINGDATE|2010-08-09 00:00:00.000|RESETCONTRACTDATE|2010-08-09 00:00:00.000|RESETFIXINGWEIGHT|0.0952380952381|RESETFIXINGVALUE||RESETHASPAIDYN|Y|RESETID|7|RESETFLOWID|1|RESETFIXINGDATE|2010-08-10 00:00:00.000|RESETCONTRACTDATE|2010-08-10 00:00:00.000|RESETFIXINGWEIGHT|0.0952380952381|RESETFIXINGVALUE||RESETHASPAIDYN|Y|RESETID|8|RESETFLOWID|1|RESETFIXINGDATE|2010-08-11 00:00:00.000|RESETCONTRACTDATE|2010-08-11 00:00:00.000|RESETFIXINGWEIGHT|0.0952380952381|RESETFIXINGVALUE||RESETHASPAIDYN|Y|RESETID|9|RESETFLOWID|1|RESETFIXINGDATE|2010-08-12 00:00:00.000|RESETCONTRACTDATE|2010-08-12 00:00:00.000|RESETFIXINGWEIGHT|0.0952380952381|RESETFIXINGVALUE||RESETHASPAIDYN|Y|RESETID|10|RESETFLOWID|1|RESETFIXINGDATE|2010-08-13 00:00:00.000|RESETCONTRACTDATE|2010-08-13 00:00:00.000|RESETFIXINGWEIGHT|0.0952380952381|RESETFIXINGVALUE||RESETHASPAIDYN|Y|RESETID|11|RESETFLOWID|1|RESETFIXINGDATE|2010-08-16 00:00:00.000|RESETCONTRACTDATE|2010-08-16 00:00:00.000|RESETFIXINGWEIGHT|0.0952380952381|RESETFIXINGVALUE||RESETHASPAIDYN|Y|RESETID|12|RESETFLOWID|1|RESETFIXINGDATE|2010-08-17 00:00:00.000|RESETCONTRACTDATE|2010-08-17 00:00:00.000|RESETFIXINGWEIGHT|0.0952380952381|RESETFIXINGVALUE||RESETHASPAIDYN|Y|RESETID|13|RESETFLOWID|1|RESETFIXINGDATE|2010-08-18 00:00:00.000|RESETCONTRACTDATE|2010-08-18 00:00:00.000|RESETFIXINGWEIGHT|0.0952380952381|RESETFIXINGVALUE||RESETHASPAIDYN|Y|RESETID|14|RESETFLOWID|1|RESETFIXINGDATE|2010-08-19 00:00:00.000|RESETCONTRACTDATE|2010-08-19 00:00:00.000|RESETFIXINGWEIGHT|0.0952380952381|RESETFIXINGVALUE||RESETHASPAIDYN|Y|RESETID|15|RESETFLOWID|1|RESETFIXINGDATE|2010-08-20 00:00:00.000|RESETCONTRACTDATE|2010-08-20 00:00:00.000|RESETFIXINGWEIGHT|0.0952380952381|RESETFIXINGVALUE||RESETHASPAIDYN|Y|RESETID|16|RESETFLOWID|1|RESETFIXINGDATE|2010-08-23 00:00:00.000|RESETCONTRACTDATE|2010-08-23 00:00:00.000|RESETFIXINGWEIGHT|0.0952380952381|RESETFIXINGVALUE||RESETHASPAIDYN|Y|RESETID|17|RESETFLOWID|1|RESETFIXINGDATE|2010-08-24 00:00:00.000|RESETCONTRACTDATE|2010-08-24 00:00:00.000|RESETFIXINGWEIGHT|0.0952380952381|RESETFIXINGVALUE||RESETHASPAIDYN|Y|RESETID|18|RESETFLOWID|1|RESETFIXINGDATE|2010-08-25 00:00:00.000|RESETCONTRACTDATE|2010-08-25 00:00:00.000|RESETFIXINGWEIGHT|0.0952380952381|RESETFIXINGVALUE||RESETHASPAIDYN|Y|RESETID|19|RESETFLOWID|1|RESETFIXINGDATE|2010-08-26 00:00:00.000|RESETCONTRACTDATE|2010-08-26 00:00:00.000|RESETFIXINGWEIGHT|0.0952380952381|RESETFIXINGVALUE||RESETHASPAIDYN|Y|RESETID|20|RESETFLOWID|1|RESETFIXINGDATE|2010-08-27 00:00:00.000|RESETCONTRACTDATE|2010-08-27 00:00:00.000|RESETFIXINGWEIGHT|0.0952380952381|RESETFIXINGVALUE||RESETHASPAIDYN|Y|RESETID|21|RESETFLOWID|1|RESETFIXINGDATE|2010-08-31 00:00:00.000|RESETCONTRACTDATE|2010-08-31 00:00:00.000|RESETFIXINGWEIGHT|0.0952380952381|RESETFIXINGVALUE||RESETHASPAIDYN|Y|EXTRADETAILCLEARVISIONTRADEPOSITION|6/8|CLEARVISIONTRADEPOSITION|6/8|EXTRADETAILCLEARVISIONTRADEYN|Y|CLEARVISIONTRADEYN|Y|EXTRADETAILCONTRACTFIXINGREF|SPOT|CONTRACTFIXINGREF|SPOT|EXTRADETAILMONTHOFEXPIRYDATE|2010-08-01 00:00:00.000|MONTHOFEXPIRYDATE|2010-08-01 00:00:00.000|EXTRADETAILSETTLEMENTOFFSET|2b|SETTLEMENTOFFSET|2b|BOOK_CPTY_CDRMNEMONIC|DTCH L  19X|PROFIT_CENTRE|MET0|BOOKBRANCHPARENT|Commodities|HIGH_LEVEL_CPTY_CDRMNEMONIC|DBES MAD|HIGH_LEVEL_BOOK_CPTY_CDRM|DTCH L  19X|BOOK_CPYT_SRC_SYSTEM|RMS|SUBBRANCH||CPTY_CDRMNEMONIC|DBES MAD|AMI_CODE|0840|BOOK_CPTY|BMOPTCURRY|PUBLICATIONTIME|2010-09-24 16:01:11.370|DBLEGALENTITY|London|ISLIVEYN|Y</Text>
</Message>
