<?xml version="1.0" encoding="UTF-8"?>
<Message>
    <SystemInfo>
        <JMSDestination>Topic[exodus.pipe.demo]</JMSDestination>
        <JMSReplyTo/>
        <JMSDeliveryMode>2</JMSDeliveryMode>
        <JMSRedelivered>false</JMSRedelivered>
        <JMSCorrelationID>null</JMSCorrelationID>
        <JMSType>null</JMSType>
        <JMSTimestamp>1285344060730</JMSTimestamp>
        <JMSExpiration>0</JMSExpiration>
        <JMSPriority>4</JMSPriority>
    </SystemInfo>
    <ApplicationInfo>
        <SYSTEMID>182170028</SYSTEMID>
        <TRADEGROUP>EXOTIC</TRADEGROUP>
        <VERSION>426</VERSION>
        <COUNTERPARTY>SPCBTB</COUNTERPARTY>
        <MESSAGE_TYPE>RMS_TRADE</MESSAGE_TYPE>
        <TRADETYPE>CTANote</TRADETYPE>
        <BOOK>SPCMSQA</BOOK>
        <ACTION>Economic</ACTION>
        <STATUS>Open</STATUS>
    </ApplicationInfo>
    <Text>SYSTEMID|182170028|TRADETYPE|CTANote|TRADEID|104858221A|SOURCESYSTEM|RMS|BOOK|SPCMSQA|BLOTTER||COUNTERPARTY|SPCBTB|COUNTERPARTYSOURCESYSTEM|RMS|COUNTERPARTYNAME|SPCBTB|DBICOUNTERPARTYID||CUSTOMER|SPCBTB|CUSTOMERSOURCESYSTEM|RMS|STATUS|Open|SHOWINRMSYN|Y|SECTION|TradeDetails|ORDERFIELD|31|PRICINGSITE|Option|PARAMETERTEXT|100000000|PARAMETERNUMBER||PARAMETERDATE||PRODUCTID|176491961|PRODUCTVERSION|1|PRODUCTLEGID||STRUCTUREID|104858221|TRADEDATE|2009-01-07 00:00:00.000|LASTUPDATED|2010-09-02 02:02:09.000|ACTION|Economic|ACTIONEFFECTIVEDATE|2010-09-01 00:00:00.000|SOURCESYSTEMBOOK|SPCMSQA|SOURCESYSTEMPROFITCENTRE||SALESPERSON||TRADER||ENTEREDBY|GRANAJ|FUNDSPLITID||FUNDSPLITVERSION||STRUCTURENAME||MARKUPAMT||MARKUPCCY||MARKUPLOCATION||ATRISKAMT||ATRISKCCY||ATRISKLOCATION||ATRISKINDICATOR||REASON||ASSETLOCATION||NOTES|1Sep10 AutoRoll|BROKER||BROKERAMT||BROKERCCY||LINKSYSTEMID|197614190|LINKTYPE|BackToBackMaster|SOURCESYSTEMID|182170028|DATECREATED|2009-01-07 22:55:25.000|CONFIRMAS||VERSION|426|CANCELSSOURCESYSTEMID||CANCELLEDBYSOURCESYSTEMID||CANCELLINGHALFSOURCESYSTEMID||CORRECTSSOURCESYSTEMID||CORRECTEDBYSOURCESYSTEMID||CLOSESSOURCESYSTEMID||CLOSEDBYSOURCESYSTEMID||EXERCISEDINTOSOURCESYSTEMID||EXERCISEDFROMSOURCESYSTEMID||LATESTVERSIONYN|N|CLOSINGDATE||LEGALENTITY|London|DEALCAPTURESYSTEM|RMS|DEALCAPTURESYSTEMID|182170028|BOOKINGLOCATION|London|PRODUCTTYPE||PRODUCTINSTANCE||BACKOFFICESYSTEM||BACKOFFICESYSTEMID||VERSIONVALIDUNTILDATE|2010-09-03 02:00:33.000|TRADEEXTRADETAILID|0|TRADEEXTRADETAILVERSION|0|TRADECLASSIFICATION|1|DEALCAPTURESALESUSER|RMS_GRANAJ|FUNDSPLITALLOCATIONID||FUNDSPLITALLOCATIONLEGID||TEARUPID||ELECTEDCONFIRMATIONSYSTEM|///|ELECTEDCONFIRMATIONRULEID|71|PREVIOUSCONFIRMATIONSYSTEM|///|ELECTEDSETTLEMENTSYSTEM|///|ELECTEDSETTLEMENTRULEID|71|PREVIOUSSETTLEMENTSYSTEM|///|BACKOFFICEPROCESSING|Standard|CALCULATIONAGENT|DB|CLOSEDBY_PRODUCTID|176491961|CLOSES_PRODUCTID|176491961|LINK_PRODUCTID|176491961|PRODUCTTYPEID|////|PREMIUMHASPAIDYN||UNWINDRATE||BACKOFFICEACCEPTED||BACKOFFICEENDDATE||BACKOFFICEEVENT||BACKOFFICEBRANCHACCEPTED||BACKOFFICEBRANCHEVENT||TRADETABLE|EXOTIC|USERENTEREDTRADEDATE||INDEXSTARTDATETIME|39819.6666666667|CURRENCY|EUR|AMOUNT|8085427.97996425|INDEXNAME|Sequoia Macro|ISFIXINGYN|Y|LASTFIXEDDATETIME||DRAWDOWNLIMIT|0.3|DRAWDOWNLIMITSTARTDATETIME|2009-09-01 00:00:00.000|NETINDEX|93.9397757825083|MAXNETINDEX|100|SHAREVALUE|94.967147098486|NOTIONAL|8085427.97996425|NOTIONALADJUSTMENT|-103267.354770782|NOTIONALCHANGEFROMPREVDAY|0|TRADINGACCOUNTVALUE|-227765.955638031|SKEWANDSMILEADJUSTMENT|0|MANAGEMENTFEERATE|0.02|INCENTIVEFEERATE|0.2|MANAGEMENTFEE|16462.4898975433|INCENTIVEFEE|0|FEESTRUCTURE|Flat|ACCRUEDINCENTIVEFEE|0|ACCRUEDMANAGEMENTFEE|0|EWAM|9.12166718420929E-02|NINOTIONAL|99.2941890098057|NINOTIONALADJUSTMENT|-2.63574618194844|NITRADINGACCOUNTVALUE|-5.01015028024792|NIMANAGEMENTFEE|0.34426294704946|NIINCENTIVEFEE|0|LIQUIDITY|Daily|CAPACITY|100000000|FIXINGSCHEDULE|&lt;EMPTY&gt;|BOOK_CPTY_CDRMNEMONIC|ATLPOGCY209|PROFIT_CENTRE|1789|BOOKBRANCHPARENT|FX Select|HIGH_LEVEL_CPTY_CDRMNEMONIC|DTCH L  56W|HIGH_LEVEL_BOOK_CPTY_CDRM|ATLPOGCY209|BOOK_CPYT_SRC_SYSTEM|RMS|SUBBRANCH|LDN|CPTY_CDRMNEMONIC|DTCH L  56W|AMI_CODE|1789|BOOK_CPTY|SPCMSQA|PUBLICATIONTIME|2010-09-24 16:01:00.728|DBLEGALENTITY|London|ISLIVEYN|Y</Text>
</Message>
