<?xml version="1.0" encoding="UTF-8"?>
<Message>
    <SystemInfo>
        <JMSDestination>Topic[exodus.pipe.demo]</JMSDestination>
        <JMSReplyTo/>
        <JMSDeliveryMode>2</JMSDeliveryMode>
        <JMSRedelivered>false</JMSRedelivered>
        <JMSCorrelationID>null</JMSCorrelationID>
        <JMSType>null</JMSType>
        <JMSTimestamp>1285344052545</JMSTimestamp>
        <JMSExpiration>0</JMSExpiration>
        <JMSPriority>4</JMSPriority>
    </SystemInfo>
    <ApplicationInfo>
        <SYSTEMID>177101953</SYSTEMID>
        <TRADEGROUP>EXOTIC</TRADEGROUP>
        <VERSION>446</VERSION>
        <COUNTERPARTY>DBACC54</COUNTERPARTY>
        <MESSAGE_TYPE>RMS_TRADE</MESSAGE_TYPE>
        <TRADETYPE>DBAccountInvestmentNote</TRADETYPE>
        <BOOK>DBACC54</BOOK>
        <ACTION>Economic</ACTION>
        <STATUS>Open</STATUS>
    </ApplicationInfo>
    <Text>SYSTEMID|177101953|TRADETYPE|DBAccountInvestmentNote|TRADEID|101814764A|SOURCESYSTEM|RMS|BOOK|DBACC54|BLOTTER||COUNTERPARTY|DBACC54|COUNTERPARTYSOURCESYSTEM|RMS|COUNTERPARTYNAME|DBACC54|DBICOUNTERPARTYID||CUSTOMER|DBACC54|CUSTOMERSOURCESYSTEM|RMS|STATUS|Open|SHOWINRMSYN|Y|SECTION|TradeDetails|ORDERFIELD|48|PRICINGSITE|Option|PARAMETERTEXT|0|PARAMETERNUMBER||PARAMETERDATE||PRODUCTID|171583061|PRODUCTVERSION|10|PRODUCTLEGID||STRUCTUREID|101814764|TRADEDATE|2008-12-02 00:00:00.000|LASTUPDATED|2010-09-03 02:03:53.000|ACTION|Economic|ACTIONEFFECTIVEDATE|2010-09-02 00:00:00.000|SOURCESYSTEMBOOK|DBACC54|SOURCESYSTEMPROFITCENTRE||SALESPERSON||TRADER||ENTEREDBY|CHHAYOG|FUNDSPLITID||FUNDSPLITVERSION||STRUCTURENAME||MARKUPAMT||MARKUPCCY||MARKUPLOCATION||ATRISKAMT||ATRISKCCY||ATRISKLOCATION||ATRISKINDICATOR||REASON||ASSETLOCATION||NOTES|2Sep10 AutoRoll|BROKER||BROKERAMT||BROKERCCY||LINKSYSTEMID||LINKTYPE||SOURCESYSTEMID|177101953|DATECREATED|2008-12-02 16:28:09.000|CONFIRMAS||VERSION|446|CANCELSSOURCESYSTEMID||CANCELLEDBYSOURCESYSTEMID||CANCELLINGHALFSOURCESYSTEMID||CORRECTSSOURCESYSTEMID||CORRECTEDBYSOURCESYSTEMID||CLOSESSOURCESYSTEMID||CLOSEDBYSOURCESYSTEMID||EXERCISEDINTOSOURCESYSTEMID||EXERCISEDFROMSOURCESYSTEMID||LATESTVERSIONYN|N|CLOSINGDATE||LEGALENTITY|London|DEALCAPTURESYSTEM|RMS|DEALCAPTURESYSTEMID|177101953|BOOKINGLOCATION|London|PRODUCTTYPE||PRODUCTINSTANCE||BACKOFFICESYSTEM||BACKOFFICESYSTEMID||VERSIONVALIDUNTILDATE|2010-09-04 02:14:15.000|TRADEEXTRADETAILID|0|TRADEEXTRADETAILVERSION|0|TRADECLASSIFICATION|1|DEALCAPTURESALESUSER|RMS_FEDEHA|FUNDSPLITALLOCATIONID||FUNDSPLITALLOCATIONLEGID||TEARUPID||ELECTEDCONFIRMATIONSYSTEM|///|ELECTEDCONFIRMATIONRULEID|71|PREVIOUSCONFIRMATIONSYSTEM|///|ELECTEDSETTLEMENTSYSTEM|///|ELECTEDSETTLEMENTRULEID|71|PREVIOUSSETTLEMENTSYSTEM|///|BACKOFFICEPROCESSING|Standard|CALCULATIONAGENT|DB|CLOSEDBY_PRODUCTID|171583061|CLOSES_PRODUCTID|171583061|LINK_PRODUCTID|171583061|PRODUCTTYPEID|INTERNAL|PREMIUMHASPAIDYN||UNWINDRATE||BACKOFFICEACCEPTED|A|BACKOFFICEENDDATE||BACKOFFICEEVENT||BACKOFFICEBRANCHACCEPTED||BACKOFFICEBRANCHEVENT||TRADETABLE|EXOTIC|USERENTEREDTRADEDATE||CURRENCY|EUR|SECURITYCODE|SPCALLEUR_INDEX_CASH|MAMANAGEMENTFEERATE|-0.0037|MAINCENTIVEFEERATE|0|DBMANAGEMENTFEERATE|0.0015|DBINCENTIVEFEERATE|0|MAFEESTRUCTURE|EUR|DBFEESTRUCTURE|Flat|FEEFREQUENCY|3M|FEECURRENCY|EUR|GROSSINDEX|100|REALINDEX|101.044185760765|RINOTIONAL|0|RINOTIONALADJUSTMENT|0|RIVALUE|0|RIMAINCENTIVEFEE|0|RIMAMANAGEMENTFEE|1014.41034640961|RIDBINCENTIVEFEE|0|RIDBMANAGEMENTFEE|397.42904244252|WATERMARKCLAIM|0|WATERMARKCOST|0|NETINDEX|101.044185760765|MAXNETINDEX|101.044185760765|NINOTIONAL|100|NINOTIONALADJUSTMENT|0|NIVALUE|0|NIMAINCENTIVEFEE|0|NIMAMANAGEMENTFEE|0|NIDBINCENTIVEFEE|0|NIDBMANAGEMENTFEE|0|RIDBACCRUEDFEES|0|RIMAACCRUEDFEES|0|DRAWDOWNSTARTDATETIME|39783.6666666667|DRAWDOWNPERIODMONTHS|12|DRAWDOWNLIMIT|0.3|EWAM|2.21458089832265E-03|ISFIXINGYN|Y|LASTFIXEDDATETIME||TOTALINVESTMENT|0|IMINCENTIVEFEE|0|IMINCENTIVEFEERATE|0|IMMANAGEMENTFEE|0|IMMANAGEMENTFEERATE|0|IMFEETYPE|Spread|CTACURRENCY|EUR|LASTSPOTRATE|1|CASHNOTIONAL|-312842.966238814|IMACCRUEDFEE|0|FIXINGSCHEDULE|&lt;EMPTY&gt;|BOOK_CPTY_CDRMNEMONIC|DTCH L  33X|PROFIT_CENTRE|FGO0|BOOKBRANCHPARENT|FX Select|HIGH_LEVEL_CPTY_CDRMNEMONIC|DTCH L|HIGH_LEVEL_BOOK_CPTY_CDRM|DTCH L|BOOK_CPYT_SRC_SYSTEM|RMS|SUBBRANCH|LDN|CPTY_CDRMNEMONIC|DTCH L  33X|AMI_CODE|0840|BOOK_CPTY|DBACC54|PUBLICATIONTIME|2010-09-24 16:00:52.543|DBLEGALENTITY|London|ISLIVEYN|Y</Text>
</Message>
