<?xml version="1.0" encoding="UTF-8"?>
<Message>
    <SystemInfo>
        <JMSDestination>Topic[exodus.pipe.demo]</JMSDestination>
        <JMSReplyTo/>
        <JMSDeliveryMode>2</JMSDeliveryMode>
        <JMSRedelivered>false</JMSRedelivered>
        <JMSCorrelationID>null</JMSCorrelationID>
        <JMSType>null</JMSType>
        <JMSTimestamp>1285343948248</JMSTimestamp>
        <JMSExpiration>0</JMSExpiration>
        <JMSPriority>4</JMSPriority>
    </SystemInfo>
    <ApplicationInfo>
        <SYSTEMID>286650348</SYSTEMID>
        <TRADEGROUP>INTERESTRATEFUTURE</TRADEGROUP>
        <VERSION>5</VERSION>
        <COUNTERPARTY>CBOT_BU</COUNTERPARTY>
        <MESSAGE_TYPE>RMS_TRADE</MESSAGE_TYPE>
        <TRADETYPE>EnergyFutureOpt</TRADETYPE>
        <BOOK>OILCP</BOOK>
        <ACTION>Economic</ACTION>
        <STATUS>Open</STATUS>
    </ApplicationInfo>
    <Text>SYSTEMID|286650348|TRADETYPE|EnergyFutureOpt|TRADEID|OL11061252-4|SOURCESYSTEM|RMS|BOOK|OILCP|BLOTTER||COUNTERPARTY|CBOT_BU|COUNTERPARTYSOURCESYSTEM|OPENLINK|DBICOUNTERPARTYID||CUSTOMER|CBOT_BU|CUSTOMERSOURCESYSTEM|OPENLINK|STATUS|Open|CURRENCY|USD|CONTRACTCURRENCY|USD|NUMBEROFCONTRACTS|-49|NOTIONAL||FUTURESEXPIRYDATE|2010-12-01 00:00:00.000|FUTURESPRICEPAID||FUTURESMATURITYDATE||FUTURECODE|AGS_CORN|CALCULATEDEXPIRYDATE||CP|C|EXPIRYDATE||OPTIONEXPIRYDATE|2010-12-01 00:00:00.000|STRIKE|3.7|SETTLEMENTDATE||OPTIONPRICEPAID|0|ZONECUT||MODELTYPE||ASSETLOCATION||PREMIUMCURRENCY|USD|PREMIUMAMOUNT|72500|PREMIUMDATE|2010-06-04 00:00:00.000|PREMIUMHASPAIDYN|Y|UNWINDRATE||UNWINDPREMIUMCURRENCY||UNWINDPREMIUMAMOUNT||UNWINDPREMIUMDATE||MARGINPAYMENTCURRENCY||MARGINPAYMENTAMOUNT||PRODUCTID|278990469|PRODUCTVERSION|1|PRODUCTLEGID||STRUCTUREID|163466908|TRADEDATE|2010-06-04 00:00:00.000|LASTUPDATED|2010-09-16 05:45:16.000|ACTION|Economic|ACTIONEFFECTIVEDATE|2010-09-16 05:45:16.000|SOURCESYSTEMBOOK|OILCP|SOURCESYSTEMPROFITCENTRE||SALESPERSON||TRADER||ENTEREDBY|darnrya|FUNDSPLITID||FUNDSPLITVERSION||STRUCTURENAME||MARKUPAMT||MARKUPCCY||MARKUPLOCATION||ATRISKAMT||ATRISKCCY||ATRISKLOCATION||ATRISKINDICATOR||REASON||NOTES|OpenLink Status: Validated|BROKER|GFI_US_BU|BROKERAMT||BROKERCCY||LINKSYSTEMID||LINKTYPE||SOURCESYSTEMID|11061252|DATECREATED|2010-06-04 23:44:38.000|CONFIRMAS||VERSION|5|CANCELSSOURCESYSTEMID||CANCELLEDBYSOURCESYSTEMID||CANCELLINGHALFSOURCESYSTEMID||CORRECTSSOURCESYSTEMID||CORRECTEDBYSOURCESYSTEMID||CLOSESSOURCESYSTEMID||CLOSEDBYSOURCESYSTEMID||EXERCISEDINTOSOURCESYSTEMID||EXERCISEDFROMSOURCESYSTEMID||LATESTVERSIONYN|Y|CLOSINGDATE||LEGALENTITY|London|DEALCAPTURESYSTEM|OpenLink|DEALCAPTURESYSTEMID|OL11061252|BOOKINGLOCATION|Commodities|PRODUCTTYPE||PRODUCTINSTANCE||BACKOFFICESYSTEM|OpenLink|BACKOFFICESYSTEMID|11061252|VERSIONVALIDUNTILDATE||TRADEEXTRADETAILID||TRADEEXTRADETAILVERSION||TRADECLASSIFICATION|1|DEALCAPTURESALESUSER||FUNDSPLITALLOCATIONID||FUNDSPLITALLOCATIONLEGID||FUTURESRATEPAID||TEARUPID||ELECTEDCONFIRMATIONSYSTEM|///|ELECTEDCONFIRMATIONRULEID|87|PREVIOUSCONFIRMATIONSYSTEM|///|ELECTEDSETTLEMENTSYSTEM|///|ELECTEDSETTLEMENTRULEID|87|PREVIOUSSETTLEMENTSYSTEM|///|BACKOFFICEPROCESSING||CALCULATIONAGENT|DB|CLOSEDBY_PRODUCTID||CLOSES_PRODUCTID||LINK_PRODUCTID||PRODUCTTYPEID|////|FOEXPIRYDATE|2010-12-01 00:00:00.000|FOPRICEPAID|0|ACCCURRENCY||BACKOFFICEACCEPTED||BACKOFFICEENDDATE||BACKOFFICEEVENT||BACKOFFICEBRANCHACCEPTED||BACKOFFICEBRANCHEVENT||TRADETABLE|INTERESTRATEFUTURE|USERENTEREDTRADEDATE||LOGICALDELETEYN|N|FUTSELECTOPTSETTLEMENT||FUTSELECTZONECUT||FUTURETYPE|CommodityFuture|FUTURESUBTYPE|Oil|FUTURESHORTCODE||ORDERFIELD|1|EXCHANGE|CBOT|DESCRIPTION|CBOT CORN|UNDERCURRENCY||CURRENCYMEASUREMENTUNIT||CONTRACTMEASUREMENTUNIT|Bushel|MEASUREMENTUNITCONVERSION|1|CONTRACTSIZE|5000|TICKSIZE|0.0025|TICKVALUE|12.5|DECAYRATE|0.9|BASEVOL|0.15|MEANREVERSION|0.65|PRICECURVE|AGS_CBOT_CORN|VOLCURVE|AGS_CORN_USD_VOL|VOLBLEND|0|VOLPRICESHIFT|0|VOLSURFACE|AGS_CORN_DELTAVOL|WSSCONTRACTCODE|C|RRATESCONTRACTCODE|C|COUNTERPARTYID|CBOT|CONFIRMATIONUNIT||CONFIRMATIONSTATISTICSTATION||DATECALCULATIONRULE||COMPOSITIONTYPE||COMPOSITIONSOURCE||COMPOSITIONOPTION||COMPOSITIONWEIGHTING||SPOTCURVE||UNDERLYINGSPOTINDEXCURVE||RICCODE||FUTURESSELECTMAPYN|N|FUTSELECTOPTTYPE||FUTSELECTPRICESCALAR|0|FUTSELECTDELIVERY||FUTSELECTFRACTSCALAR|0|FUTSELECTOPTPRICESCALAR|0|FUTSELECTOPTFRACTSCALAR|0|FIXRAW_CURRENCY|USD|HIGH_LEVEL_CPTY_CDRMNEMONIC||CPTY_CDRMNEMONIC||BOOK_CPTY||BOOK_CPTY_CDRMNEMONIC||PROFIT_CENTRE||BOOKBRANCHPARENT|Commodities|HIGH_LEVEL_BOOK_CPTY_CDRM||BOOK_CPYT_SRC_SYSTEM||SUBBRANCH|LDN|AMI_CODE|0840|PUBLICATIONTIME|2010-09-24 15:59:08.246|DBLEGALENTITY|London|ISLIVEYN|Y</Text>
</Message>
