<?xml version="1.0" encoding="UTF-8"?>
<Message>
    <SystemInfo>
        <JMSDestination>Topic[exodus.pipe.demo]</JMSDestination>
        <JMSReplyTo/>
        <JMSDeliveryMode>2</JMSDeliveryMode>
        <JMSRedelivered>false</JMSRedelivered>
        <JMSCorrelationID>null</JMSCorrelationID>
        <JMSType>null</JMSType>
        <JMSTimestamp>1285344100394</JMSTimestamp>
        <JMSExpiration>0</JMSExpiration>
        <JMSPriority>4</JMSPriority>
    </SystemInfo>
    <ApplicationInfo>
        <SYSTEMID>234281005</SYSTEMID>
        <TRADEGROUP>COMMODITYTWOLEG</TRADEGROUP>
        <VERSION>13</VERSION>
        <COUNTERPARTY>PARN_BU</COUNTERPARTY>
        <MESSAGE_TYPE>RMS_TRADE</MESSAGE_TYPE>
        <TRADETYPE>EnergyBasisSwap</TRADETYPE>
        <BOOK>OILMAREAS</BOOK>
        <ACTION>CouponPaid</ACTION>
        <STATUS>Open</STATUS>
    </ApplicationInfo>
    <Text>SYSTEMID|234281005|TRADETYPE|EnergyBasisSwap|TRADEID|OL10005420-2|SOURCESYSTEM|RMS|BOOK|OILMAREAS|BLOTTER||COUNTERPARTY|PARN_BU|COUNTERPARTYSOURCESYSTEM|OPENLINK|DBICOUNTERPARTYID||CUSTOMER|PARN_BU|CUSTOMERSOURCESYSTEM|OPENLINK|STATUS|Open|PREMIUMCURRENCY||PREMIUMAMOUNT||PREMIUMDATE||PREMIUMHASPAIDYN||UNWINDRATE||UNWINDPREMIUMCURRENCY||UNWINDPREMIUMAMOUNT||UNWINDPREMIUMDATE||MARGINPAYMENTCURRENCY||MARGINPAYMENTAMOUNT||LEG1CONTRACTCODE|BRE|LEG1CURRENCY|USD|LEG1STARTCONTRACTDATE|2010-07-01 00:00:00.000|LEG1ENDCONTRACTDATE|2010-12-01 00:00:00.000|LEG1DAILYNOTIONAL||LEG1PERIODNOTIONAL|150000|LEG1TOTALNOTIONAL|150000|LEG1STRIKE||LEG1SPREAD|0|LEG1NUMFLOWSHAVEPAID|2|LEG1AVERAGINGSTYLE|Unweighted|LEG1FLOATINGYN|Y|LEG1FREQUENCY|1M|LEG1PAYMENTCITIES|NYC|LEG1FIXINGCITIES|IPE|LEG1LASTTRADINGDATEOFFSET|-1|LEG1PROMPTCONTRACTOFFSET|1|LEG1UNITS|BBL|LEG1UNITCONVERSIONFACTOR|1|LEG1UNDISCOUNTEDYN|N|LEG2CONTRACTCODE|DUB|LEG2CURRENCY|USD|LEG2STARTCONTRACTDATE|2010-07-01 00:00:00.000|LEG2ENDCONTRACTDATE|2010-12-01 00:00:00.000|LEG2DAILYNOTIONAL||LEG2PERIODNOTIONAL|-150000|LEG2TOTALNOTIONAL|-150000|LEG2STRIKE||LEG2SPREAD|2.17|LEG2NUMFLOWSHAVEPAID|1|LEG2AVERAGINGSTYLE|Unweighted|LEG2FLOATINGYN|Y|LEG2FREQUENCY|1M|LEG2PAYMENTCITIES|NYC|LEG2FIXINGCITIES|APSCAN|LEG2LASTTRADINGDATEOFFSET|0|LEG2PROMPTCONTRACTOFFSET|1|LEG2UNITS|BBL|LEG2UNITCONVERSIONFACTOR|1|LEG2UNDISCOUNTEDYN|N|EXPIRYDATE||CP||BUYSELL||SETTLEMENTDATE||MODELTYPE||PRODUCTID|227559299|PRODUCTVERSION|1|PRODUCTLEGID||STRUCTUREID|135254642|TRADEDATE|2009-11-24 00:00:00.000|LASTUPDATED|2010-09-09 06:49:24.000|ACTION|CouponPaid|ACTIONEFFECTIVEDATE|2010-09-09 00:00:00.000|SOURCESYSTEMBOOK|OILMAREAS|SOURCESYSTEMPROFITCENTRE||SALESPERSON||TRADER||ENTEREDBY|yewkelv|FUNDSPLITID||FUNDSPLITVERSION||STRUCTURENAME||MARKUPAMT||MARKUPCCY||MARKUPLOCATION||ATRISKAMT||ATRISKCCY||ATRISKLOCATION||ATRISKINDICATOR||REASON||NOTES|OpenLink Status: Validated|BROKER|PVM_UK_BU|BROKERAMT||BROKERCCY||LINKSYSTEMID||LINKTYPE||SOURCESYSTEMID|11207355|DATECREATED|2009-11-24 21:53:30.000|CONFIRMAS||VERSION|13|CANCELSSOURCESYSTEMID||CANCELLEDBYSOURCESYSTEMID||CANCELLINGHALFSOURCESYSTEMID||CORRECTSSOURCESYSTEMID||CORRECTEDBYSOURCESYSTEMID||CLOSESSOURCESYSTEMID||CLOSEDBYSOURCESYSTEMID||EXERCISEDINTOSOURCESYSTEMID||EXERCISEDFROMSOURCESYSTEMID||LATESTVERSIONYN|N|CLOSINGDATE||LEGALENTITY|London|DEALCAPTURESYSTEM|OpenLink|DEALCAPTURESYSTEMID|OL10005420|BOOKINGLOCATION|Commodities|PRODUCTTYPE||PRODUCTINSTANCE||BACKOFFICESYSTEM|OpenLink|BACKOFFICESYSTEMID|10005420|VERSIONVALIDUNTILDATE|2010-09-09 06:49:24.000|TRADEEXTRADETAILID||TRADEEXTRADETAILVERSION||TRADECLASSIFICATION|1|DEALCAPTURESALESUSER||FUNDSPLITALLOCATIONID||FUNDSPLITALLOCATIONLEGID||TEARUPID||ELECTEDCONFIRMATIONSYSTEM||ELECTEDCONFIRMATIONRULEID||PREVIOUSCONFIRMATIONSYSTEM||ELECTEDSETTLEMENTSYSTEM||ELECTEDSETTLEMENTRULEID||PREVIOUSSETTLEMENTSYSTEM||ACCCURRENCY||CALCULATIONAGENT|DB|BACKOFFICEPROCESSING||BACKOFFICEACCEPTED||BACKOFFICEENDDATE||BACKOFFICEEVENT||BACKOFFICEBRANCHACCEPTED||BACKOFFICEBRANCHEVENT||ASSETLOCATION||TRADETABLE|COMMODITYTWOLEG|USERENTEREDTRADEDATE||LEG1CONTRACTCURRENCY|USD|LEG2CONTRACTCURRENCY|USD|PRODUCTTYPEID|////|RESETID|1|RESETLEGNUMBER|1|RESETFLOWID|1|RESETFIXINGDATE|2010-07-01 00:00:00.000|RESETCONTRACTDATE|2010-08-01 00:00:00.000|RESETFIXINGWEIGHT|1136.363636|RESETFIXINGVALUE||RESETFLOWFIRSTFIXINGDATE|2010-07-01 00:00:00.000|RESETCOMPRESSIONSTATUS|N|RESETCONTRACTCODE|BRE|RESETHASPAIDYN|Y|RESETID|2|RESETLEGNUMBER|1|RESETFLOWID|1|RESETFIXINGDATE|2010-07-02 00:00:00.000|RESETCONTRACTDATE|2010-08-01 00:00:00.000|RESETFIXINGWEIGHT|1136.363636|RESETFIXINGVALUE||RESETFLOWFIRSTFIXINGDATE|2010-07-01 00:00:00.000|RESETCOMPRESSIONSTATUS|N|RESETCONTRACTCODE|BRE|RESETHASPAIDYN|Y|RESETID|3|RESETLEGNUMBER|1|RESETFLOWID|1|RESETFIXINGDATE|2010-07-05 00:00:00.000|RESETCONTRACTDATE|2010-08-01 00:00:00.000|RESETFIXINGWEIGHT|1136.363636|RESETFIXINGVALUE||RESETFLOWFIRSTFIXINGDATE|2010-07-01 00:00:00.000|RESETCOMPRESSIONSTATUS|N|RESETCONTRACTCODE|BRE|RESETHASPAIDYN|Y|RESETID|4|RESETLEGNUMBER|1|RESETFLOWID|1|RESETFIXINGDATE|2010-07-06 00:00:00.000|RESETCONTRACTDATE|2010-08-01 00:00:00.000|RESETFIXINGWEIGHT|1136.363636|RESETFIXINGVALUE||RESETFLOWFIRSTFIXINGDATE|2010-07-01 00:00:00.000|RESETCOMPRESSIONSTATUS|N|RESETCONTRACTCODE|BRE|RESETHASPAIDYN|Y|RESETID|5|RESETLEGNUMBER|1|RESETFLOWID|1|RESETFIXINGDATE|2010-07-07 00:00:00.000|RESETCONTRACTDATE|2010-08-01 00:00:00.000|RESETFIXINGWEIGHT|1136.363636|RESETFIXINGVALUE||RESETFLOWFIRSTFIXINGDATE|2010-07-01 00:00:00.000|RESETCOMPRESSIONSTATUS|N|RESETCONTRACTCODE|BRE|RESETHASPAIDYN|Y|RESETID|6|RESETLEGNUMBER|1|RESETFLOWID|1|RESETFIXINGDATE|2010-07-08 00:00:00.000|RESETCONTRACTDATE|2010-08-01 00:00:00.000|RESETFIXINGWEIGHT|1136.363636|RESETFIXINGVALUE||RESETFLOWFIRSTFIXINGDATE|2010-07-01 00:00:00.000|RESETCOMPRESSIONSTATUS|N|RESETCONTRACTCODE|BRE|RESETHASPAIDYN|Y|RESETID|7|RESETLEGNUMBER|1|RESETFLOWID|1|RESETFIXINGDATE|2010-07-09 00:00:00.000|RESETCONTRACTDATE|2010-08-01 00:00:00.000|RESETFIXINGWEIGHT|1136.363636|RESETFIXINGVALUE||RESETFLOWFIRSTFIXINGDATE|2010-07-01 00:00:00.000|RESETCOMPRESSIONSTATUS|N|RESETCONTRACTCODE|BRE|RESETHASPAIDYN|Y|RESETID|8|RESETLEGNUMBER|1|RESETFLOWID|1|RESETFIXINGDATE|2010-07-12 00:00:00.000|RESETCONTRACTDATE|2010-08-01 00:00:00.000|RESETFIXINGWEIGHT|1136.363636|RESETFIXINGVALUE||RESETFLOWFIRSTFIXINGDATE|2010-07-01 00:00:00.000|RESETCOMPRESSIONSTATUS|N|RESETCONTRACTCODE|BRE|RESETHASPAIDYN|Y|RESETID|9|RESETLEGNUMBER|1|RESETFLOWID|1|RESETFIXINGDATE|2010-07-13 00:00:00.000|RESETCONTRACTDATE|2010-08-01 00:00:00.000|RESETFIXINGWEIGHT|1136.363636|RESETFIXINGVALUE||RESETFLOWFIRSTFIXINGDATE|2010-07-01 00:00:00.000|RESETCOMPRESSIONSTATUS|N|RESETCONTRACTCODE|BRE|RESETHASPAIDYN|Y|RESETID|10|RESETLEGNUMBER|1|RESETFLOWID|1|RESETFIXINGDATE|2010-07-14 00:00:00.000|RESETCONTRACTDATE|2010-08-01 00:00:00.000|RESETFIXINGWEIGHT|1136.363636|RESETFIXINGVALUE||RESETFLOWFIRSTFIXINGDATE|2010-07-01 00:00:00.000|RESETCOMPRESSIONSTATUS|N|RESETCONTRACTCODE|BRE|RESETHASPAIDYN|Y|RESETID|11|RESETLEGNUMBER|1|RESETFLOWID|1|RESETFIXINGDATE|2010-07-15 00:00:00.000|RESETCONTRACTDATE|2010-09-01 00:00:00.000|RESETFIXINGWEIGHT|1136.363636|RESETFIXINGVALUE||RESETFLOWFIRSTFIXINGDATE|2010-07-01 00:00:00.000|RESETCOMPRESSIONSTATUS|N|RESETCONTRACTCODE|BRE|RESETHASPAIDYN|Y|RESETID|12|RESETLEGNUMBER|1|RESETFLOWID|1|RESETFIXINGDATE|2010-07-16 00:00:00.000|RESETCONTRACTDATE|2010-09-01 00:00:00.000|RESETFIXINGWEIGHT|1136.363636|RESETFIXINGVALUE||RESETFLOWFIRSTFIXINGDATE|2010-07-01 00:00:00.000|RESETCOMPRESSIONSTATUS|N|RESETCONTRACTCODE|BRE|RESETHASPAIDYN|Y|RESETID|13|RESETLEGNUMBER|1|RESETFLOWID|1|RESETFIXINGDATE|2010-07-19 00:00:00.000|RESETCONTRACTDATE|2010-09-01 00:00:00.000|RESETFIXINGWEIGHT|1136.363636|RESETFIXINGVALUE||RESETFLOWFIRSTFIXINGDATE|2010-07-01 00:00:00.000|RESETCOMPRESSIONSTATUS|N|RESETCONTRACTCODE|BRE|RESETHASPAIDYN|Y|RESETID|14|RESETLEGNUMBER|1|RESETFLOWID|1|RESETFIXINGDATE|2010-07-20 00:00:00.000|RESETCONTRACTDATE|2010-09-01 00:00:00.000|RESETFIXINGWEIGHT|1136.363636|RESETFIXINGVALUE||RESETFLOWFIRSTFIXINGDATE|2010-07-01 00:00:00.000|RESETCOMPRESSIONSTATUS|N|RESETCONTRACTCODE|BRE|RESETHASPAIDYN|Y|RESETID|15|RESETLEGNUMBER|1|RESETFLOWID|1|RESETFIXINGDATE|2010-07-21 00:00:00.000|RESETCONTRACTDATE|2010-09-01 00:00:00.000|RESETFIXINGWEIGHT|1136.363636|RESETFIXINGVALUE||RESETFLOWFIRSTFIXINGDATE|2010-07-01 00:00:00.000|RESETCOMPRESSIONSTATUS|N|RESETCONTRACTCODE|BRE|RESETHASPAIDYN|Y|RESETID|16|RESETLEGNUMBER|1|RESETFLOWID|1|RESETFIXINGDATE|2010-07-22 00:00:00.000|RESETCONTRACTDATE|2010-09-01 00:00:00.000|RESETFIXINGWEIGHT|1136.363636|RESETFIXINGVALUE||RESETFLOWFIRSTFIXINGDATE|2010-07-01 00:00:00.000|RESETCOMPRESSIONSTATUS|N|RESETCONTRACTCODE|BRE|RESETHASPAIDYN|Y|RESETID|17|RESETLEGNUMBER|1|RESETFLOWID|1|RESETFIXINGDATE|2010-07-23 00:00:00.000|RESETCONTRACTDATE|2010-09-01 00:00:00.000|RESETFIXINGWEIGHT|1136.363636|RESETFIXINGVALUE||RESETFLOWFIRSTFIXINGDATE|2010-07-01 00:00:00.000|RESETCOMPRESSIONSTATUS|N|RESETCONTRACTCODE|BRE|RESETHASPAIDYN|Y|RESETID|18|RESETLEGNUMBER|1|RESETFLOWID|1|RESETFIXINGDATE|2010-07-26 00:00:00.000|RESETCONTRACTDATE|2010-09-01 00:00:00.000|RESETFIXINGWEIGHT|1136.363636|RESETFIXINGVALUE||RESETFLOWFIRSTFIXINGDATE|2010-07-01 00:00:00.000|RESETCOMPRESSIONSTATUS|N|RESETCONTRACTCODE|BRE|RESETHASPAIDYN|Y|RESETID|19|RESETLEGNUMBER|1|RESETFLOWID|1|RESETFIXINGDATE|2010-07-27 00:00:00.000|RESETCONTRACTDATE|2010-09-01 00:00:00.000|RESETFIXINGWEIGHT|1136.363636|RESETFIXINGVALUE||RESETFLOWFIRSTFIXINGDATE|2010-07-01 00:00:00.000|RESETCOMPRESSIONSTATUS|N|RESETCONTRACTCODE|BRE|RESETHASPAIDYN|Y|RESETID|20|RESETLEGNUMBER|1|RESETFLOWID|1|RESETFIXINGDATE|2010-07-28 00:00:00.000|RESETCONTRACTDATE|2010-09-01 00:00:00.000|RESETFIXINGWEIGHT|1136.363636|RESETFIXINGVALUE||RESETFLOWFIRSTFIXINGDATE|2010-07-01 00:00:00.000|RESETCOMPRESSIONSTATUS|N|RESETCONTRACTCODE|BRE|RESETHASPAIDYN|Y|RESETID|21|RESETLEGNUMBER|1|RESETFLOWID|1|RESETFIXINGDATE|2010-07-29 00:00:00.000|RESETCONTRACTDATE|2010-09-01 00:00:00.000|RESETFIXINGWEIGHT|1136.363636|RESETFIXINGVALUE||RESETFLOWFIRSTFIXINGDATE|2010-07-01 00:00:00.000|RESETCOMPRESSIONSTATUS|N|RESETCONTRACTCODE|BRE|RESETHASPAIDYN|Y|RESETID|22|RESETLEGNUMBER|1|RESETFLOWID|1|RESETFIXINGDATE|2010-07-30 00:00:00.000|RESETCONTRACTDATE|2010-09-01 00:00:00.000|RESETFIXINGWEIGHT|1136.363636|RESETFIXINGVALUE||RESETFLOWFIRSTFIXINGDATE|2010-07-01 00:00:00.000|RESETCOMPRESSIONSTATUS|N|RESETCONTRACTCODE|BRE|RESETHASPAIDYN|Y|RESETID|1|RESETLEGNUMBER|1|RESETFLOWID|2|RESETFIXINGDATE|2010-08-02 00:00:00.000|RESETCONTRACTDATE|2010-09-01 00:00:00.000|RESETFIXINGWEIGHT|1136.363636|RESETFIXINGVALUE||RESETFLOWFIRSTFIXINGDATE|2010-08-02 00:00:00.000|RESETCOMPRESSIONSTATUS|N|RESETCONTRACTCODE|BRE|RESETHASPAIDYN|Y|RESETID|2|RESETLEGNUMBER|1|RESETFLOWID|2|RESETFIXINGDATE|2010-08-03 00:00:00.000|RESETCONTRACTDATE|2010-09-01 00:00:00.000|RESETFIXINGWEIGHT|1136.363636|RESETFIXINGVALUE||RESETFLOWFIRSTFIXINGDATE|2010-08-02 00:00:00.000|RESETCOMPRESSIONSTATUS|N|RESETCONTRACTCODE|BRE|RESETHASPAIDYN|Y|RESETID|3|RESETLEGNUMBER|1|RESETFLOWID|2|RESETFIXINGDATE|2010-08-04 00:00:00.000|RESETCONTRACTDATE|2010-09-01 00:00:00.000|RESETFIXINGWEIGHT|1136.363636|RESETFIXINGVALUE||RESETFLOWFIRSTFIXINGDATE|2010-08-02 00:00:00.000|RESETCOMPRESSIONSTATUS|N|RESETCONTRACTCODE|BRE|RESETHASPAIDYN|Y|RESETID|4|RESETLEGNUMBER|1|RESETFLOWID|2|RESETFIXINGDATE|2010-08-05 00:00:00.000|RESETCONTRACTDATE|2010-09-01 00:00:00.000|RESETFIXINGWEIGHT|1136.363636|RESETFIXINGVALUE||RESETFLOWFIRSTFIXINGDATE|2010-08-02 00:00:00.000|RESETCOMPRESSIONSTATUS|N|RESETCONTRACTCODE|BRE|RESETHASPAIDYN|Y|RESETID|5|RESETLEGNUMBER|1|RESETFLOWID|2|RESETFIXINGDATE|2010-08-06 00:00:00.000|RESETCONTRACTDATE|2010-09-01 00:00:00.000|RESETFIXINGWEIGHT|1136.363636|RESETFIXINGVALUE||RESETFLOWFIRSTFIXINGDATE|2010-08-02 00:00:00.000|RESETCOMPRESSIONSTATUS|N|RESETCONTRACTCODE|BRE|RESETHASPAIDYN|Y|RESETID|6|RESETLEGNUMBER|1|RESETFLOWID|2|RESETFIXINGDATE|2010-08-09 00:00:00.000|RESETCONTRACTDATE|2010-09-01 00:00:00.000|RESETFIXINGWEIGHT|1136.363636|RESETFIXINGVALUE||RESETFLOWFIRSTFIXINGDATE|2010-08-02 00:00:00.000|RESETCOMPRESSIONSTATUS|N|RESETCONTRACTCODE|BRE|RESETHASPAIDYN|Y|RESETID|7|RESETLEGNUMBER|1|RESETFLOWID|2|RESETFIXINGDATE|2010-08-10 00:00:00.000|RESETCONTRACTDATE|2010-09-01 00:00:00.000|RESETFIXINGWEIGHT|1136.363636|RESETFIXINGVALUE||RESETFLOWFIRSTFIXINGDATE|2010-08-02 00:00:00.000|RESETCOMPRESSIONSTATUS|N|RESETCONTRACTCODE|BRE|RESETHASPAIDYN|Y|RESETID|8|RESETLEGNUMBER|1|RESETFLOWID|2|RESETFIXINGDATE|2010-08-11 00:00:00.000|RESETCONTRACTDATE|2010-09-01 00:00:00.000|RESETFIXINGWEIGHT|1136.363636|RESETFIXINGVALUE||RESETFLOWFIRSTFIXINGDATE|2010-08-02 00:00:00.000|RESETCOMPRESSIONSTATUS|N|RESETCONTRACTCODE|BRE|RESETHASPAIDYN|Y|RESETID|9|RESETLEGNUMBER|1|RESETFLOWID|2|RESETFIXINGDATE|2010-08-12 00:00:00.000|RESETCONTRACTDATE|2010-09-01 00:00:00.000|RESETFIXINGWEIGHT|1136.363636|RESETFIXINGVALUE||RESETFLOWFIRSTFIXINGDATE|2010-08-02 00:00:00.000|RESETCOMPRESSIONSTATUS|N|RESETCONTRACTCODE|BRE|RESETHASPAIDYN|Y|RESETID|10|RESETLEGNUMBER|1|RESETFLOWID|2|RESETFIXINGDATE|2010-08-13 00:00:00.000|RESETCONTRACTDATE|2010-09-01 00:00:00.000|RESETFIXINGWEIGHT|1136.363636|RESETFIXINGVALUE||RESETFLOWFIRSTFIXINGDATE|2010-08-02 00:00:00.000|RESETCOMPRESSIONSTATUS|N|RESETCONTRACTCODE|BRE|RESETHASPAIDYN|Y|RESETID|11|RESETLEGNUMBER|1|RESETFLOWID|2|RESETFIXINGDATE|2010-08-16 00:00:00.000|RESETCONTRACTDATE|2010-10-01 00:00:00.000|RESETFIXINGWEIGHT|1136.363636|RESETFIXINGVALUE||RESETFLOWFIRSTFIXINGDATE|2010-08-02 00:00:00.000|RESETCOMPRESSIONSTATUS|N|RESETCONTRACTCODE|BRE|RESETHASPAIDYN|Y|RESETID|12|RESETLEGNUMBER|1|RESETFLOWID|2|RESETFIXINGDATE|2010-08-17 00:00:00.000|RESETCONTRACTDATE|2010-10-01 00:00:00.000|RESETFIXINGWEIGHT|1136.363636|RESETFIXINGVALUE||RESETFLOWFIRSTFIXINGDATE|2010-08-02 00:00:00.000|RESETCOMPRESSIONSTATUS|N|RESETCONTRACTCODE|BRE|RESETHASPAIDYN|Y|RESETID|13|RESETLEGNUMBER|1|RESETFLOWID|2|RESETFIXINGDATE|2010-08-18 00:00:00.000|RESETCONTRACTDATE|2010-10-01 00:00:00.000|RESETFIXINGWEIGHT|1136.363636|RESETFIXINGVALUE||RESETFLOWFIRSTFIXINGDATE|2010-08-02 00:00:00.000|RESETCOMPRESSIONSTATUS|N|RESETCONTRACTCODE|BRE|RESETHASPAIDYN|Y|RESETID|14|RESETLEGNUMBER|1|RESETFLOWID|2|RESETFIXINGDATE|2010-08-19 00:00:00.000|RESETCONTRACTDATE|2010-10-01 00:00:00.000|RESETFIXINGWEIGHT|1136.363636|RESETFIXINGVALUE||RESETFLOWFIRSTFIXINGDATE|2010-08-02 00:00:00.000|RESETCOMPRESSIONSTATUS|N|RESETCONTRACTCODE|BRE|RESETHASPAIDYN|Y|RESETID|15|RESETLEGNUMBER|1|RESETFLOWID|2|RESETFIXINGDATE|2010-08-20 00:00:00.000|RESETCONTRACTDATE|2010-10-01 00:00:00.000|RESETFIXINGWEIGHT|1136.363636|RESETFIXINGVALUE||RESETFLOWFIRSTFIXINGDATE|2010-08-02 00:00:00.000|RESETCOMPRESSIONSTATUS|N|RESETCONTRACTCODE|BRE|RESETHASPAIDYN|Y|RESETID|16|RESETLEGNUMBER|1|RESETFLOWID|2|RESETFIXINGDATE|2010-08-23 00:00:00.000|RESETCONTRACTDATE|2010-10-01 00:00:00.000|RESETFIXINGWEIGHT|1136.363636|RESETFIXINGVALUE||RESETFLOWFIRSTFIXINGDATE|2010-08-02 00:00:00.000|RESETCOMPRESSIONSTATUS|N|RESETCONTRACTCODE|BRE|RESETHASPAIDYN|Y|RESETID|17|RESETLEGNUMBER|1|RESETFLOWID|2|RESETFIXINGDATE|2010-08-24 00:00:00.000|RESETCONTRACTDATE|2010-10-01 00:00:00.000|RESETFIXINGWEIGHT|1136.363636|RESETFIXINGVALUE||RESETFLOWFIRSTFIXINGDATE|2010-08-02 00:00:00.000|RESETCOMPRESSIONSTATUS|N|RESETCONTRACTCODE|BRE|RESETHASPAIDYN|Y|RESETID|18|RESETLEGNUMBER|1|RESETFLOWID|2|RESETFIXINGDATE|2010-08-25 00:00:00.000|RESETCONTRACTDATE|2010-10-01 00:00:00.000|RESETFIXINGWEIGHT|1136.363636|RESETFIXINGVALUE||RESETFLOWFIRSTFIXINGDATE|2010-08-02 00:00:00.000|RESETCOMPRESSIONSTATUS|N|RESETCONTRACTCODE|BRE|RESETHASPAIDYN|Y|RESETID|19|RESETLEGNUMBER|1|RESETFLOWID|2|RESETFIXINGDATE|2010-08-26 00:00:00.000|RESETCONTRACTDATE|2010-10-01 00:00:00.000|RESETFIXINGWEIGHT|1136.363636|RESETFIXINGVALUE||RESETFLOWFIRSTFIXINGDATE|2010-08-02 00:00:00.000|RESETCOMPRESSIONSTATUS|N|RESETCONTRACTCODE|BRE|RESETHASPAIDYN|Y|RESETID|20|RESETLEGNUMBER|1|RESETFLOWID|2|RESETFIXINGDATE|2010-08-27 00:00:00.000|RESETCONTRACTDATE|2010-10-01 00:00:00.000|RESETFIXINGWEIGHT|1136.363636|RESETFIXINGVALUE||RESETFLOWFIRSTFIXINGDATE|2010-08-02 00:00:00.000|RESETCOMPRESSIONSTATUS|N|RESETCONTRACTCODE|BRE|RESETHASPAIDYN|Y|RESETID|21|RESETLEGNUMBER|1|RESETFLOWID|2|RESETFIXINGDATE|2010-08-30 00:00:00.000|RESETCONTRACTDATE|2010-10-01 00:00:00.000|RESETFIXINGWEIGHT|1136.363636|RESETFIXINGVALUE||RESETFLOWFIRSTFIXINGDATE|2010-08-02 00:00:00.000|RESETCOMPRESSIONSTATUS|N|RESETCONTRACTCODE|BRE|RESETHASPAIDYN|Y|RESETID|22|RESETLEGNUMBER|1|RESETFLOWID|2|RESETFIXINGDATE|2010-08-31 00:00:00.000|RESETCONTRACTDATE|2010-10-01 00:00:00.000|RESETFIXINGWEIGHT|1136.363636|RESETFIXINGVALUE||RESETFLOWFIRSTFIXINGDATE|2010-08-02 00:00:00.000|RESETCOMPRESSIONSTATUS|N|RESETCONTRACTCODE|BRE|RESETHASPAIDYN|Y|RESETID|1|RESETLEGNUMBER|1|RESETFLOWID|3|RESETFIXINGDATE|2010-09-01 00:00:00.000|RESETCONTRACTDATE|2010-10-01 00:00:00.000|RESETFIXINGWEIGHT|1136.363636|RESETFIXINGVALUE||RESETFLOWFIRSTFIXINGDATE|2010-09-01 00:00:00.000|RESETCOMPRESSIONSTATUS|N|RESETCONTRACTCODE|BRE|RESETHASPAIDYN|N|RESETID|2|RESETLEGNUMBER|1|RESETFLOWID|3|RESETFIXINGDATE|2010-09-02 00:00:00.000|RESETCONTRACTDATE|2010-10-01 00:00:00.000|RESETFIXINGWEIGHT|1136.363636|RESETFIXINGVALUE||RESETFLOWFIRSTFIXINGDATE|2010-09-01 00:00:00.000|RESETCOMPRESSIONSTATUS|N|RESETCONTRACTCODE|BRE|RESETHASPAIDYN|N|RESETID|3|RESETLEGNUMBER|1|RESETFLOWID|3|RESETFIXINGDATE|2010-09-03 00:00:00.000|RESETCONTRACTDATE|2010-10-01 00:00:00.000|RESETFIXINGWEIGHT|1136.363636|RESETFIXINGVALUE||RESETFLOWFIRSTFIXINGDATE|2010-09-01 00:00:00.000|RESETCOMPRESSIONSTATUS|N|RESETCONTRACTCODE|BRE|RESETHASPAIDYN|N|RESETID|4|RESETLEGNUMBER|1|RESETFLOWID|3|RESETFIXINGDATE|2010-09-06 00:00:00.000|RESETCONTRACTDATE|2010-10-01 00:00:00.000|RESETFIXINGWEIGHT|1136.363636|RESETFIXINGVALUE||RESETFLOWFIRSTFIXINGDATE|2010-09-01 00:00:00.000|RESETCOMPRESSIONSTATUS|N|RESETCONTRACTCODE|BRE|RESETHASPAIDYN|N|RESETID|5|RESETLEGNUMBER|1|RESETFLOWID|3|RESETFIXINGDATE|2010-09-07 00:00:00.000|RESETCONTRACTDATE|2010-10-01 00:00:00.000|RESETFIXINGWEIGHT|1136.363636|RESETFIXINGVALUE||RESETFLOWFIRSTFIXINGDATE|2010-09-01 00:00:00.000|RESETCOMPRESSIONSTATUS|N|RESETCONTRACTCODE|BRE|RESETHASPAIDYN|N|RESETID|6|RESETLEGNUMBER|1|RESETFLOWID|3|RESETFIXINGDATE|2010-09-08 00:00:00.000|RESETCONTRACTDATE|2010-10-01 00:00:00.000|RESETFIXINGWEIGHT|1136.363636|RESETFIXINGVALUE||RESETFLOWFIRSTFIXINGDATE|2010-09-01 00:00:00.000|RESETCOMPRESSIONSTATUS|N|RESETCONTRACTCODE|BRE|RESETHASPAIDYN|N|RESETID|7|RESETLEGNUMBER|1|RESETFLOWID|3|RESETFIXINGDATE|2010-09-09 00:00:00.000|RESETCONTRACTDATE|2010-10-01 00:00:00.000|RESETFIXINGWEIGHT|1136.363636|RESETFIXINGVALUE||RESETFLOWFIRSTFIXINGDATE|2010-09-01 00:00:00.000|RESETCOMPRESSIONSTATUS|N|RESETCONTRACTCODE|BRE|RESETHASPAIDYN|N|RESETID|8|RESETLEGNUMBER|1|RESETFLOWID|3|RESETFIXINGDATE|2010-09-10 00:00:00.000|RESETCONTRACTDATE|2010-10-01 00:00:00.000|RESETFIXINGWEIGHT|1136.363636|RESETFIXINGVALUE||RESETFLOWFIRSTFIXINGDATE|2010-09-01 00:00:00.000|RESETCOMPRESSIONSTATUS|N|RESETCONTRACTCODE|BRE|RESETHASPAIDYN|N|RESETID|9|RESETLEGNUMBER|1|RESETFLOWID|3|RESETFIXINGDATE|2010-09-13 00:00:00.000|RESETCONTRACTDATE|2010-10-01 00:00:00.000|RESETFIXINGWEIGHT|1136.363636|RESETFIXINGVALUE||RESETFLOWFIRSTFIXINGDATE|2010-09-01 00:00:00.000|RESETCOMPRESSIONSTATUS|N|RESETCONTRACTCODE|BRE|RESETHASPAIDYN|N|RESETID|10|RESETLEGNUMBER|1|RESETFLOWID|3|RESETFIXINGDATE|2010-09-14 00:00:00.000|RESETCONTRACTDATE|2010-10-01 00:00:00.000|RESETFIXINGWEIGHT|1136.363636|RESETFIXINGVALUE||RESETFLOWFIRSTFIXINGDATE|2010-09-01 00:00:00.000|RESETCOMPRESSIONSTATUS|N|RESETCONTRACTCODE|BRE|RESETHASPAIDYN|N|RESETID|11|RESETLEGNUMBER|1|RESETFLOWID|3|RESETFIXINGDATE|2010-09-15 00:00:00.000|RESETCONTRACTDATE|2010-11-01 00:00:00.000|RESETFIXINGWEIGHT|1136.363636|RESETFIXINGVALUE||RESETFLOWFIRSTFIXINGDATE|2010-09-01 00:00:00.000|RESETCOMPRESSIONSTATUS|N|RESETCONTRACTCODE|BRE|RESETHASPAIDYN|N|RESETID|12|RESETLEGNUMBER|1|RESETFLOWID|3|RESETFIXINGDATE|2010-09-16 00:00:00.000|RESETCONTRACTDATE|2010-11-01 00:00:00.000|RESETFIXINGWEIGHT|1136.363636|RESETFIXINGVALUE||RESETFLOWFIRSTFIXINGDATE|2010-09-01 00:00:00.000|RESETCOMPRESSIONSTATUS|N|RESETCONTRACTCODE|BRE|RESETHASPAIDYN|N|RESETID|13|RESETLEGNUMBER|1|RESETFLOWID|3|RESETFIXINGDATE|2010-09-17 00:00:00.000|RESETCONTRACTDATE|2010-11-01 00:00:00.000|RESETFIXINGWEIGHT|1136.363636|RESETFIXINGVALUE||RESETFLOWFIRSTFIXINGDATE|2010-09-01 00:00:00.000|RESETCOMPRESSIONSTATUS|N|RESETCONTRACTCODE|BRE|RESETHASPAIDYN|N|RESETID|14|RESETLEGNUMBER|1|RESETFLOWID|3|RESETFIXINGDATE|2010-09-20 00:00:00.000|RESETCONTRACTDATE|2010-11-01 00:00:00.000|RESETFIXINGWEIGHT|1136.363636|RESETFIXINGVALUE||RESETFLOWFIRSTFIXINGDATE|2010-09-01 00:00:00.000|RESETCOMPRESSIONSTATUS|N|RESETCONTRACTCODE|BRE|RESETHASPAIDYN|N|RESETID|15|RESETLEGNUMBER|1|RESETFLOWID|3|RESETFIXINGDATE|2010-09-21 00:00:00.000|RESETCONTRACTDATE|2010-11-01 00:00:00.000|RESETFIXINGWEIGHT|1136.363636|RESETFIXINGVALUE||RESETFLOWFIRSTFIXINGDATE|2010-09-01 00:00:00.000|RESETCOMPRESSIONSTATUS|N|RESETCONTRACTCODE|BRE|RESETHASPAIDYN|N|RESETID|16|RESETLEGNUMBER|1|RESETFLOWID|3|RESETFIXINGDATE|2010-09-22 00:00:00.000|RESETCONTRACTDATE|2010-11-01 00:00:00.000|RESETFIXINGWEIGHT|1136.363636|RESETFIXINGVALUE||RESETFLOWFIRSTFIXINGDATE|2010-09-01 00:00:00.000|RESETCOMPRESSIONSTATUS|N|RESETCONTRACTCODE|BRE|RESETHASPAIDYN|N|RESETID|17|RESETLEGNUMBER|1|RESETFLOWID|3|RESETFIXINGDATE|2010-09-23 00:00:00.000|RESETCONTRACTDATE|2010-11-01 00:00:00.000|RESETFIXINGWEIGHT|1136.363636|RESETFIXINGVALUE||RESETFLOWFIRSTFIXINGDATE|2010-09-01 00:00:00.000|RESETCOMPRESSIONSTATUS|N|RESETCONTRACTCODE|BRE|RESETHASPAIDYN|N|RESETID|18|RESETLEGNUMBER|1|RESETFLOWID|3|RESETFIXINGDATE|2010-09-24 00:00:00.000|RESETCONTRACTDATE|2010-11-01 00:00:00.000|RESETFIXINGWEIGHT|1136.363636|RESETFIXINGVALUE||RESETFLOWFIRSTFIXINGDATE|2010-09-01 00:00:00.000|RESETCOMPRESSIONSTATUS|N|RESETCONTRACTCODE|BRE|RESETHASPAIDYN|N|RESETID|19|RESETLEGNUMBER|1|RESETFLOWID|3|RESETFIXINGDATE|2010-09-27 00:00:00.000|RESETCONTRACTDATE|2010-11-01 00:00:00.000|RESETFIXINGWEIGHT|1136.363636|RESETFIXINGVALUE||RESETFLOWFIRSTFIXINGDATE|2010-09-01 00:00:00.000|RESETCOMPRESSIONSTATUS|N|RESETCONTRACTCODE|BRE|RESETHASPAIDYN|N|RESETID|20|RESETLEGNUMBER|1|RESETFLOWID|3|RESETFIXINGDATE|2010-09-28 00:00:00.000|RESETCONTRACTDATE|2010-11-01 00:00:00.000|RESETFIXINGWEIGHT|1136.363636|RESETFIXINGVALUE||RESETFLOWFIRSTFIXINGDATE|2010-09-01 00:00:00.000|RESETCOMPRESSIONSTATUS|N|RESETCONTRACTCODE|BRE|RESETHASPAIDYN|N|RESETID|21|RESETLEGNUMBER|1|RESETFLOWID|3|RESETFIXINGDATE|2010-09-29 00:00:00.000|RESETCONTRACTDATE|2010-11-01 00:00:00.000|RESETFIXINGWEIGHT|1136.363636|RESETFIXINGVALUE||RESETFLOWFIRSTFIXINGDATE|2010-09-01 00:00:00.000|RESETCOMPRESSIONSTATUS|N|RESETCONTRACTCODE|BRE|RESETHASPAIDYN|N|RESETID|22|RESETLEGNUMBER|1|RESETFLOWID|3|RESETFIXINGDATE|2010-09-30 00:00:00.000|RESETCONTRACTDATE|2010-11-01 00:00:00.000|RESETFIXINGWEIGHT|1136.363636|RESETFIXINGVALUE||RESETFLOWFIRSTFIXINGDATE|2010-09-01 00:00:00.000|RESETCOMPRESSIONSTATUS|N|RESETCONTRACTCODE|BRE|RESETHASPAIDYN|N|RESETID|1|RESETLEGNUMBER|1|RESETFLOWID|4|RESETFIXINGDATE|2010-10-01 00:00:00.000|RESETCONTRACTDATE|2010-11-01 00:00:00.000|RESETFIXINGWEIGHT|1190.47619|RESETFIXINGVALUE||RESETFLOWFIRSTFIXINGDATE|2010-10-01 00:00:00.000|RESETCOMPRESSIONSTATUS|N|RESETCONTRACTCODE|BRE|RESETHASPAIDYN|N|RESETID|2|RESETLEGNUMBER|1|RESETFLOWID|4|RESETFIXINGDATE|2010-10-04 00:00:00.000|RESETCONTRACTDATE|2010-11-01 00:00:00.000|RESETFIXINGWEIGHT|1190.47619|RESETFIXINGVALUE||RESETFLOWFIRSTFIXINGDATE|2010-10-01 00:00:00.000|RESETCOMPRESSIONSTATUS|N|RESETCONTRACTCODE|BRE|RESETHASPAIDYN|N|RESETID|3|RESETLEGNUMBER|1|RESETFLOWID|4|RESETFIXINGDATE|2010-10-05 00:00:00.000|RESETCONTRACTDATE|2010-11-01 00:00:00.000|RESETFIXINGWEIGHT|1190.47619|RESETFIXINGVALUE||RESETFLOWFIRSTFIXINGDATE|2010-10-01 00:00:00.000|RESETCOMPRESSIONSTATUS|N|RESETCONTRACTCODE|BRE|RESETHASPAIDYN|N|RESETID|4|RESETLEGNUMBER|1|RESETFLOWID|4|RESETFIXINGDATE|2010-10-06 00:00:00.000|RESETCONTRACTDATE|2010-11-01 00:00:00.000|RESETFIXINGWEIGHT|1190.47619|RESETFIXINGVALUE||RESETFLOWFIRSTFIXINGDATE|2010-10-01 00:00:00.000|RESETCOMPRESSIONSTATUS|N|RESETCONTRACTCODE|BRE|RESETHASPAIDYN|N|RESETID|5|RESETLEGNUMBER|1|RESETFLOWID|4|RESETFIXINGDATE|2010-10-07 00:00:00.000|RESETCONTRACTDATE|2010-11-01 00:00:00.000|RESETFIXINGWEIGHT|1190.47619|RESETFIXINGVALUE||RESETFLOWFIRSTFIXINGDATE|2010-10-01 00:00:00.000|RESETCOMPRESSIONSTATUS|N|RESETCONTRACTCODE|BRE|RESETHASPAIDYN|N|RESETID|6|RESETLEGNUMBER|1|RESETFLOWID|4|RESETFIXINGDATE|2010-10-08 00:00:00.000|RESETCONTRACTDATE|2010-11-01 00:00:00.000|RESETFIXINGWEIGHT|1190.47619|RESETFIXINGVALUE||RESETFLOWFIRSTFIXINGDATE|2010-10-01 00:00:00.000|RESETCOMPRESSIONSTATUS|N|RESETCONTRACTCODE|BRE|RESETHASPAIDYN|N|RESETID|7|RESETLEGNUMBER|1|RESETFLOWID|4|RESETFIXINGDATE|2010-10-11 00:00:00.000|RESETCONTRACTDATE|2010-11-01 00:00:00.000|RESETFIXINGWEIGHT|1190.47619|RESETFIXINGVALUE||RESETFLOWFIRSTFIXINGDATE|2010-10-01 00:00:00.000|RESETCOMPRESSIONSTATUS|N|RESETCONTRACTCODE|BRE|RESETHASPAIDYN|N|RESETID|8|RESETLEGNUMBER|1|RESETFLOWID|4|RESETFIXINGDATE|2010-10-12 00:00:00.000|RESETCONTRACTDATE|2010-11-01 00:00:00.000|RESETFIXINGWEIGHT|1190.47619|RESETFIXINGVALUE||RESETFLOWFIRSTFIXINGDATE|2010-10-01 00:00:00.000|RESETCOMPRESSIONSTATUS|N|RESETCONTRACTCODE|BRE|RESETHASPAIDYN|N|RESETID|9|RESETLEGNUMBER|1|RESETFLOWID|4|RESETFIXINGDATE|2010-10-13 00:00:00.000|RESETCONTRACTDATE|2010-11-01 00:00:00.000|RESETFIXINGWEIGHT|1190.47619|RESETFIXINGVALUE||RESETFLOWFIRSTFIXINGDATE|2010-10-01 00:00:00.000|RESETCOMPRESSIONSTATUS|N|RESETCONTRACTCODE|BRE|RESETHASPAIDYN|N|RESETID|10|RESETLEGNUMBER|1|RESETFLOWID|4|RESETFIXINGDATE|2010-10-14 00:00:00.000|RESETCONTRACTDATE|2010-12-01 00:00:00.000|RESETFIXINGWEIGHT|1190.47619|RESETFIXINGVALUE||RESETFLOWFIRSTFIXINGDATE|2010-10-01 00:00:00.000|RESETCOMPRESSIONSTATUS|N|RESETCONTRACTCODE|BRE|RESETHASPAIDYN|N|RESETID|11|RESETLEGNUMBER|1|RESETFLOWID|4|RESETFIXINGDATE|2010-10-15 00:00:00.000|RESETCONTRACTDATE|2010-12-01 00:00:00.000|RESETFIXINGWEIGHT|1190.47619|RESETFIXINGVALUE||RESETFLOWFIRSTFIXINGDATE|2010-10-01 00:00:00.000|RESETCOMPRESSIONSTATUS|N|RESETCONTRACTCODE|BRE|RESETHASPAIDYN|N|RESETID|12|RESETLEGNUMBER|1|RESETFLOWID|4|RESETFIXINGDATE|2010-10-18 00:00:00.000|RESETCONTRACTDATE|2010-12-01 00:00:00.000|RESETFIXINGWEIGHT|1190.47619|RESETFIXINGVALUE||RESETFLOWFIRSTFIXINGDATE|2010-10-01 00:00:00.000|RESETCOMPRESSIONSTATUS|N|RESETCONTRACTCODE|BRE|RESETHASPAIDYN|N|RESETID|13|RESETLEGNUMBER|1|RESETFLOWID|4|RESETFIXINGDATE|2010-10-19 00:00:00.000|RESETCONTRACTDATE|2010-12-01 00:00:00.000|RESETFIXINGWEIGHT|1190.47619|RESETFIXINGVALUE||RESETFLOWFIRSTFIXINGDATE|2010-10-01 00:00:00.000|RESETCOMPRESSIONSTATUS|N|RESETCONTRACTCODE|BRE|RESETHASPAIDYN|N|RESETID|14|RESETLEGNUMBER|1|RESETFLOWID|4|RESETFIXINGDATE|2010-10-20 00:00:00.000|RESETCONTRACTDATE|2010-12-01 00:00:00.000|RESETFIXINGWEIGHT|1190.47619|RESETFIXINGVALUE||RESETFLOWFIRSTFIXINGDATE|2010-10-01 00:00:00.000|RESETCOMPRESSIONSTATUS|N|RESETCONTRACTCODE|BRE|RESETHASPAIDYN|N|RESETID|15|RESETLEGNUMBER|1|RESETFLOWID|4|RESETFIXINGDATE|2010-10-21 00:00:00.000|RESETCONTRACTDATE|2010-12-01 00:00:00.000|RESETFIXINGWEIGHT|1190.47619|RESETFIXINGVALUE||RESETFLOWFIRSTFIXINGDATE|2010-10-01 00:00:00.000|RESETCOMPRESSIONSTATUS|N|RESETCONTRACTCODE|BRE|RESETHASPAIDYN|N|RESETID|16|RESETLEGNUMBER|1|RESETFLOWID|4|RESETFIXINGDATE|2010-10-22 00:00:00.000|RESETCONTRACTDATE|2010-12-01 00:00:00.000|RESETFIXINGWEIGHT|1190.47619|RESETFIXINGVALUE||RESETFLOWFIRSTFIXINGDATE|2010-10-01 00:00:00.000|RESETCOMPRESSIONSTATUS|N|RESETCONTRACTCODE|BRE|RESETHASPAIDYN|N|RESETID|17|RESETLEGNUMBER|1|RESETFLOWID|4|RESETFIXINGDATE|2010-10-25 00:00:00.000|RESETCONTRACTDATE|2010-12-01 00:00:00.000|RESETFIXINGWEIGHT|1190.47619|RESETFIXINGVALUE||RESETFLOWFIRSTFIXINGDATE|2010-10-01 00:00:00.000|RESETCOMPRESSIONSTATUS|N|RESETCONTRACTCODE|BRE|RESETHASPAIDYN|N|RESETID|18|RESETLEGNUMBER|1|RESETFLOWID|4|RESETFIXINGDATE|2010-10-26 00:00:00.000|RESETCONTRACTDATE|2010-12-01 00:00:00.000|RESETFIXINGWEIGHT|1190.47619|RESETFIXINGVALUE||RESETFLOWFIRSTFIXINGDATE|2010-10-01 00:00:00.000|RESETCOMPRESSIONSTATUS|N|RESETCONTRACTCODE|BRE|RESETHASPAIDYN|N|RESETID|19|RESETLEGNUMBER|1|RESETFLOWID|4|RESETFIXINGDATE|2010-10-27 00:00:00.000|RESETCONTRACTDATE|2010-12-01 00:00:00.000|RESETFIXINGWEIGHT|1190.47619|RESETFIXINGVALUE||RESETFLOWFIRSTFIXINGDATE|2010-10-01 00:00:00.000|RESETCOMPRESSIONSTATUS|N|RESETCONTRACTCODE|BRE|RESETHASPAIDYN|N|RESETID|20|RESETLEGNUMBER|1|RESETFLOWID|4|RESETFIXINGDATE|2010-10-28 00:00:00.000|RESETCONTRACTDATE|2010-12-01 00:00:00.000|RESETFIXINGWEIGHT|1190.47619|RESETFIXINGVALUE||RESETFLOWFIRSTFIXINGDATE|2010-10-01 00:00:00.000|RESETCOMPRESSIONSTATUS|N|RESETCONTRACTCODE|BRE|RESETHASPAIDYN|N|RESETID|21|RESETLEGNUMBER|1|RESETFLOWID|4|RESETFIXINGDATE|2010-10-29 00:00:00.000|RESETCONTRACTDATE|2010-12-01 00:00:00.000|RESETFIXINGWEIGHT|1190.47619|RESETFIXINGVALUE||RESETFLOWFIRSTFIXINGDATE|2010-10-01 00:00:00.000|RESETCOMPRESSIONSTATUS|N|RESETCONTRACTCODE|BRE|RESETHASPAIDYN|N|RESETID|1|RESETLEGNUMBER|1|RESETFLOWID|5|RESETFIXINGDATE|2010-11-12 00:00:00.000|RESETCONTRACTDATE|2010-12-01 00:00:00.000|RESETFIXINGWEIGHT|11363.63636|RESETFIXINGVALUE||RESETFLOWFIRSTFIXINGDATE|2010-11-01 00:00:00.000|RESETCOMPRESSIONSTATUS|C|RESETCONTRACTCODE|BRE|RESETHASPAIDYN|N|RESETID|11|RESETLEGNUMBER|1|RESETFLOWID|5|RESETFIXINGDATE|2010-11-30 00:00:00.000|RESETCONTRACTDATE|2011-01-01 00:00:00.000|RESETFIXINGWEIGHT|13636.363632|RESETFIXINGVALUE||RESETFLOWFIRSTFIXINGDATE|2010-11-01 00:00:00.000|RESETCOMPRESSIONSTATUS|C|RESETCONTRACTCODE|BRE|RESETHASPAIDYN|N|RESETID|1|RESETLEGNUMBER|1|RESETFLOWID|6|RESETFIXINGDATE|2010-12-15 00:00:00.000|RESETCONTRACTDATE|2011-01-01 00:00:00.000|RESETFIXINGWEIGHT|11956.521742|RESETFIXINGVALUE||RESETFLOWFIRSTFIXINGDATE|2010-12-01 00:00:00.000|RESETCOMPRESSIONSTATUS|C|RESETCONTRACTCODE|BRE|RESETHASPAIDYN|N|RESETID|12|RESETLEGNUMBER|1|RESETFLOWID|6|RESETFIXINGDATE|2010-12-31 00:00:00.000|RESETCONTRACTDATE|2011-02-01 00:00:00.000|RESETFIXINGWEIGHT|13043.478264|RESETFIXINGVALUE||RESETFLOWFIRSTFIXINGDATE|2010-12-01 00:00:00.000|RESETCOMPRESSIONSTATUS|C|RESETCONTRACTCODE|BRE|RESETHASPAIDYN|N|RESETID|1|RESETLEGNUMBER|2|RESETFLOWID|1|RESETFIXINGDATE|2010-07-01 00:00:00.000|RESETCONTRACTDATE|2010-07-01 00:00:00.000|RESETFIXINGWEIGHT|-1136.363636|RESETFIXINGVALUE||RESETFLOWFIRSTFIXINGDATE|2010-07-01 00:00:00.000|RESETCOMPRESSIONSTATUS|N|RESETCONTRACTCODE|DUB|RESETHASPAIDYN|Y|RESETID|2|RESETLEGNUMBER|2|RESETFLOWID|1|RESETFIXINGDATE|2010-07-02 00:00:00.000|RESETCONTRACTDATE|2010-07-01 00:00:00.000|RESETFIXINGWEIGHT|-1136.363636|RESETFIXINGVALUE||RESETFLOWFIRSTFIXINGDATE|2010-07-01 00:00:00.000|RESETCOMPRESSIONSTATUS|N|RESETCONTRACTCODE|DUB|RESETHASPAIDYN|Y|RESETID|3|RESETLEGNUMBER|2|RESETFLOWID|1|RESETFIXINGDATE|2010-07-05 00:00:00.000|RESETCONTRACTDATE|2010-07-01 00:00:00.000|RESETFIXINGWEIGHT|-1136.363636|RESETFIXINGVALUE||RESETFLOWFIRSTFIXINGDATE|2010-07-01 00:00:00.000|RESETCOMPRESSIONSTATUS|N|RESETCONTRACTCODE|DUB|RESETHASPAIDYN|Y|RESETID|4|RESETLEGNUMBER|2|RESETFLOWID|1|RESETFIXINGDATE|2010-07-06 00:00:00.000|RESETCONTRACTDATE|2010-07-01 00:00:00.000|RESETFIXINGWEIGHT|-1136.363636|RESETFIXINGVALUE||RESETFLOWFIRSTFIXINGDATE|2010-07-01 00:00:00.000|RESETCOMPRESSIONSTATUS|N|RESETCONTRACTCODE|DUB|RESETHASPAIDYN|Y|RESETID|5|RESETLEGNUMBER|2|RESETFLOWID|1|RESETFIXINGDATE|2010-07-07 00:00:00.000|RESETCONTRACTDATE|2010-07-01 00:00:00.000|RESETFIXINGWEIGHT|-1136.363636|RESETFIXINGVALUE||RESETFLOWFIRSTFIXINGDATE|2010-07-01 00:00:00.000|RESETCOMPRESSIONSTATUS|N|RESETCONTRACTCODE|DUB|RESETHASPAIDYN|Y|RESETID|6|RESETLEGNUMBER|2|RESETFLOWID|1|RESETFIXINGDATE|2010-07-08 00:00:00.000|RESETCONTRACTDATE|2010-07-01 00:00:00.000|RESETFIXINGWEIGHT|-1136.363636|RESETFIXINGVALUE||RESETFLOWFIRSTFIXINGDATE|2010-07-01 00:00:00.000|RESETCOMPRESSIONSTATUS|N|RESETCONTRACTCODE|DUB|RESETHASPAIDYN|Y|RESETID|7|RESETLEGNUMBER|2|RESETFLOWID|1|RESETFIXINGDATE|2010-07-09 00:00:00.000|RESETCONTRACTDATE|2010-07-01 00:00:00.000|RESETFIXINGWEIGHT|-1136.363636|RESETFIXINGVALUE||RESETFLOWFIRSTFIXINGDATE|2010-07-01 00:00:00.000|RESETCOMPRESSIONSTATUS|N|RESETCONTRACTCODE|DUB|RESETHASPAIDYN|Y|RESETID|8|RESETLEGNUMBER|2|RESETFLOWID|1|RESETFIXINGDATE|2010-07-12 00:00:00.000|RESETCONTRACTDATE|2010-07-01 00:00:00.000|RESETFIXINGWEIGHT|-1136.363636|RESETFIXINGVALUE||RESETFLOWFIRSTFIXINGDATE|2010-07-01 00:00:00.000|RESETCOMPRESSIONSTATUS|N|RESETCONTRACTCODE|DUB|RESETHASPAIDYN|Y|RESETID|9|RESETLEGNUMBER|2|RESETFLOWID|1|RESETFIXINGDATE|2010-07-13 00:00:00.000|RESETCONTRACTDATE|2010-07-01 00:00:00.000|RESETFIXINGWEIGHT|-1136.363636|RESETFIXINGVALUE||RESETFLOWFIRSTFIXINGDATE|2010-07-01 00:00:00.000|RESETCOMPRESSIONSTATUS|N|RESETCONTRACTCODE|DUB|RESETHASPAIDYN|Y|RESETID|10|RESETLEGNUMBER|2|RESETFLOWID|1|RESETFIXINGDATE|2010-07-14 00:00:00.000|RESETCONTRACTDATE|2010-07-01 00:00:00.000|RESETFIXINGWEIGHT|-1136.363636|RESETFIXINGVALUE||RESETFLOWFIRSTFIXINGDATE|2010-07-01 00:00:00.000|RESETCOMPRESSIONSTATUS|N|RESETCONTRACTCODE|DUB|RESETHASPAIDYN|Y|RESETID|11|RESETLEGNUMBER|2|RESETFLOWID|1|RESETFIXINGDATE|2010-07-15 00:00:00.000|RESETCONTRACTDATE|2010-07-01 00:00:00.000|RESETFIXINGWEIGHT|-1136.363636|RESETFIXINGVALUE||RESETFLOWFIRSTFIXINGDATE|2010-07-01 00:00:00.000|RESETCOMPRESSIONSTATUS|N|RESETCONTRACTCODE|DUB|RESETHASPAIDYN|Y|RESETID|12|RESETLEGNUMBER|2|RESETFLOWID|1|RESETFIXINGDATE|2010-07-16 00:00:00.000|RESETCONTRACTDATE|2010-07-01 00:00:00.000|RESETFIXINGWEIGHT|-1136.363636|RESETFIXINGVALUE||RESETFLOWFIRSTFIXINGDATE|2010-07-01 00:00:00.000|RESETCOMPRESSIONSTATUS|N|RESETCONTRACTCODE|DUB|RESETHASPAIDYN|Y|RESETID|13|RESETLEGNUMBER|2|RESETFLOWID|1|RESETFIXINGDATE|2010-07-19 00:00:00.000|RESETCONTRACTDATE|2010-07-01 00:00:00.000|RESETFIXINGWEIGHT|-1136.363636|RESETFIXINGVALUE||RESETFLOWFIRSTFIXINGDATE|2010-07-01 00:00:00.000|RESETCOMPRESSIONSTATUS|N|RESETCONTRACTCODE|DUB|RESETHASPAIDYN|Y|RESETID|14|RESETLEGNUMBER|2|RESETFLOWID|1|RESETFIXINGDATE|2010-07-20 00:00:00.000|RESETCONTRACTDATE|2010-07-01 00:00:00.000|RESETFIXINGWEIGHT|-1136.363636|RESETFIXINGVALUE||RESETFLOWFIRSTFIXINGDATE|2010-07-01 00:00:00.000|RESETCOMPRESSIONSTATUS|N|RESETCONTRACTCODE|DUB|RESETHASPAIDYN|Y|RESETID|15|RESETLEGNUMBER|2|RESETFLOWID|1|RESETFIXINGDATE|2010-07-21 00:00:00.000|RESETCONTRACTDATE|2010-07-01 00:00:00.000|RESETFIXINGWEIGHT|-1136.363636|RESETFIXINGVALUE||RESETFLOWFIRSTFIXINGDATE|2010-07-01 00:00:00.000|RESETCOMPRESSIONSTATUS|N|RESETCONTRACTCODE|DUB|RESETHASPAIDYN|Y|RESETID|16|RESETLEGNUMBER|2|RESETFLOWID|1|RESETFIXINGDATE|2010-07-22 00:00:00.000|RESETCONTRACTDATE|2010-07-01 00:00:00.000|RESETFIXINGWEIGHT|-1136.363636|RESETFIXINGVALUE||RESETFLOWFIRSTFIXINGDATE|2010-07-01 00:00:00.000|RESETCOMPRESSIONSTATUS|N|RESETCONTRACTCODE|DUB|RESETHASPAIDYN|Y|RESETID|17|RESETLEGNUMBER|2|RESETFLOWID|1|RESETFIXINGDATE|2010-07-23 00:00:00.000|RESETCONTRACTDATE|2010-07-01 00:00:00.000|RESETFIXINGWEIGHT|-1136.363636|RESETFIXINGVALUE||RESETFLOWFIRSTFIXINGDATE|2010-07-01 00:00:00.000|RESETCOMPRESSIONSTATUS|N|RESETCONTRACTCODE|DUB|RESETHASPAIDYN|Y|RESETID|18|RESETLEGNUMBER|2|RESETFLOWID|1|RESETFIXINGDATE|2010-07-26 00:00:00.000|RESETCONTRACTDATE|2010-07-01 00:00:00.000|RESETFIXINGWEIGHT|-1136.363636|RESETFIXINGVALUE||RESETFLOWFIRSTFIXINGDATE|2010-07-01 00:00:00.000|RESETCOMPRESSIONSTATUS|N|RESETCONTRACTCODE|DUB|RESETHASPAIDYN|Y|RESETID|19|RESETLEGNUMBER|2|RESETFLOWID|1|RESETFIXINGDATE|2010-07-27 00:00:00.000|RESETCONTRACTDATE|2010-07-01 00:00:00.000|RESETFIXINGWEIGHT|-1136.363636|RESETFIXINGVALUE||RESETFLOWFIRSTFIXINGDATE|2010-07-01 00:00:00.000|RESETCOMPRESSIONSTATUS|N|RESETCONTRACTCODE|DUB|RESETHASPAIDYN|Y|RESETID|20|RESETLEGNUMBER|2|RESETFLOWID|1|RESETFIXINGDATE|2010-07-28 00:00:00.000|RESETCONTRACTDATE|2010-07-01 00:00:00.000|RESETFIXINGWEIGHT|-1136.363636|RESETFIXINGVALUE||RESETFLOWFIRSTFIXINGDATE|2010-07-01 00:00:00.000|RESETCOMPRESSIONSTATUS|N|RESETCONTRACTCODE|DUB|RESETHASPAIDYN|Y|RESETID|21|RESETLEGNUMBER|2|RESETFLOWID|1|RESETFIXINGDATE|2010-07-29 00:00:00.000|RESETCONTRACTDATE|2010-07-01 00:00:00.000|RESETFIXINGWEIGHT|-1136.363636|RESETFIXINGVALUE||RESETFLOWFIRSTFIXINGDATE|2010-07-01 00:00:00.000|RESETCOMPRESSIONSTATUS|N|RESETCONTRACTCODE|DUB|RESETHASPAIDYN|Y|RESETID|22|RESETLEGNUMBER|2|RESETFLOWID|1|RESETFIXINGDATE|2010-07-30 00:00:00.000|RESETCONTRACTDATE|2010-07-01 00:00:00.000|RESETFIXINGWEIGHT|-1136.363636|RESETFIXINGVALUE||RESETFLOWFIRSTFIXINGDATE|2010-07-01 00:00:00.000|RESETCOMPRESSIONSTATUS|N|RESETCONTRACTCODE|DUB|RESETHASPAIDYN|Y|RESETID|1|RESETLEGNUMBER|2|RESETFLOWID|2|RESETFIXINGDATE|2010-08-02 00:00:00.000|RESETCONTRACTDATE|2010-08-01 00:00:00.000|RESETFIXINGWEIGHT|-1190.47619|RESETFIXINGVALUE||RESETFLOWFIRSTFIXINGDATE|2010-08-02 00:00:00.000|RESETCOMPRESSIONSTATUS|N|RESETCONTRACTCODE|DUB|RESETHASPAIDYN|N|RESETID|2|RESETLEGNUMBER|2|RESETFLOWID|2|RESETFIXINGDATE|2010-08-03 00:00:00.000|RESETCONTRACTDATE|2010-08-01 00:00:00.000|RESETFIXINGWEIGHT|-1190.47619|RESETFIXINGVALUE||RESETFLOWFIRSTFIXINGDATE|2010-08-02 00:00:00.000|RESETCOMPRESSIONSTATUS|N|RESETCONTRACTCODE|DUB|RESETHASPAIDYN|N|RESETID|3|RESETLEGNUMBER|2|RESETFLOWID|2|RESETFIXINGDATE|2010-08-04 00:00:00.000|RESETCONTRACTDATE|2010-08-01 00:00:00.000|RESETFIXINGWEIGHT|-1190.47619|RESETFIXINGVALUE||RESETFLOWFIRSTFIXINGDATE|2010-08-02 00:00:00.000|RESETCOMPRESSIONSTATUS|N|RESETCONTRACTCODE|DUB|RESETHASPAIDYN|N|RESETID|4|RESETLEGNUMBER|2|RESETFLOWID|2|RESETFIXINGDATE|2010-08-05 00:00:00.000|RESETCONTRACTDATE|2010-08-01 00:00:00.000|RESETFIXINGWEIGHT|-1190.47619|RESETFIXINGVALUE||RESETFLOWFIRSTFIXINGDATE|2010-08-02 00:00:00.000|RESETCOMPRESSIONSTATUS|N|RESETCONTRACTCODE|DUB|RESETHASPAIDYN|N|RESETID|5|RESETLEGNUMBER|2|RESETFLOWID|2|RESETFIXINGDATE|2010-08-06 00:00:00.000|RESETCONTRACTDATE|2010-08-01 00:00:00.000|RESETFIXINGWEIGHT|-1190.47619|RESETFIXINGVALUE||RESETFLOWFIRSTFIXINGDATE|2010-08-02 00:00:00.000|RESETCOMPRESSIONSTATUS|N|RESETCONTRACTCODE|DUB|RESETHASPAIDYN|N|RESETID|6|RESETLEGNUMBER|2|RESETFLOWID|2|RESETFIXINGDATE|2010-08-10 00:00:00.000|RESETCONTRACTDATE|2010-08-01 00:00:00.000|RESETFIXINGWEIGHT|-1190.47619|RESETFIXINGVALUE||RESETFLOWFIRSTFIXINGDATE|2010-08-02 00:00:00.000|RESETCOMPRESSIONSTATUS|N|RESETCONTRACTCODE|DUB|RESETHASPAIDYN|N|RESETID|7|RESETLEGNUMBER|2|RESETFLOWID|2|RESETFIXINGDATE|2010-08-11 00:00:00.000|RESETCONTRACTDATE|2010-08-01 00:00:00.000|RESETFIXINGWEIGHT|-1190.47619|RESETFIXINGVALUE||RESETFLOWFIRSTFIXINGDATE|2010-08-02 00:00:00.000|RESETCOMPRESSIONSTATUS|N|RESETCONTRACTCODE|DUB|RESETHASPAIDYN|N|RESETID|8|RESETLEGNUMBER|2|RESETFLOWID|2|RESETFIXINGDATE|2010-08-12 00:00:00.000|RESETCONTRACTDATE|2010-08-01 00:00:00.000|RESETFIXINGWEIGHT|-1190.47619|RESETFIXINGVALUE||RESETFLOWFIRSTFIXINGDATE|2010-08-02 00:00:00.000|RESETCOMPRESSIONSTATUS|N|RESETCONTRACTCODE|DUB|RESETHASPAIDYN|N|RESETID|9|RESETLEGNUMBER|2|RESETFLOWID|2|RESETFIXINGDATE|2010-08-13 00:00:00.000|RESETCONTRACTDATE|2010-08-01 00:00:00.000|RESETFIXINGWEIGHT|-1190.47619|RESETFIXINGVALUE||RESETFLOWFIRSTFIXINGDATE|2010-08-02 00:00:00.000|RESETCOMPRESSIONSTATUS|N|RESETCONTRACTCODE|DUB|RESETHASPAIDYN|N|RESETID|10|RESETLEGNUMBER|2|RESETFLOWID|2|RESETFIXINGDATE|2010-08-16 00:00:00.000|RESETCONTRACTDATE|2010-08-01 00:00:00.000|RESETFIXINGWEIGHT|-1190.47619|RESETFIXINGVALUE||RESETFLOWFIRSTFIXINGDATE|2010-08-02 00:00:00.000|RESETCOMPRESSIONSTATUS|N|RESETCONTRACTCODE|DUB|RESETHASPAIDYN|N|RESETID|11|RESETLEGNUMBER|2|RESETFLOWID|2|RESETFIXINGDATE|2010-08-17 00:00:00.000|RESETCONTRACTDATE|2010-08-01 00:00:00.000|RESETFIXINGWEIGHT|-1190.47619|RESETFIXINGVALUE||RESETFLOWFIRSTFIXINGDATE|2010-08-02 00:00:00.000|RESETCOMPRESSIONSTATUS|N|RESETCONTRACTCODE|DUB|RESETHASPAIDYN|N|RESETID|12|RESETLEGNUMBER|2|RESETFLOWID|2|RESETFIXINGDATE|2010-08-18 00:00:00.000|RESETCONTRACTDATE|2010-08-01 00:00:00.000|RESETFIXINGWEIGHT|-1190.47619|RESETFIXINGVALUE||RESETFLOWFIRSTFIXINGDATE|2010-08-02 00:00:00.000|RESETCOMPRESSIONSTATUS|N|RESETCONTRACTCODE|DUB|RESETHASPAIDYN|N|RESETID|13|RESETLEGNUMBER|2|RESETFLOWID|2|RESETFIXINGDATE|2010-08-19 00:00:00.000|RESETCONTRACTDATE|2010-08-01 00:00:00.000|RESETFIXINGWEIGHT|-1190.47619|RESETFIXINGVALUE||RESETFLOWFIRSTFIXINGDATE|2010-08-02 00:00:00.000|RESETCOMPRESSIONSTATUS|N|RESETCONTRACTCODE|DUB|RESETHASPAIDYN|N|RESETID|14|RESETLEGNUMBER|2|RESETFLOWID|2|RESETFIXINGDATE|2010-08-20 00:00:00.000|RESETCONTRACTDATE|2010-08-01 00:00:00.000|RESETFIXINGWEIGHT|-1190.47619|RESETFIXINGVALUE||RESETFLOWFIRSTFIXINGDATE|2010-08-02 00:00:00.000|RESETCOMPRESSIONSTATUS|N|RESETCONTRACTCODE|DUB|RESETHASPAIDYN|N|RESETID|15|RESETLEGNUMBER|2|RESETFLOWID|2|RESETFIXINGDATE|2010-08-23 00:00:00.000|RESETCONTRACTDATE|2010-08-01 00:00:00.000|RESETFIXINGWEIGHT|-1190.47619|RESETFIXINGVALUE||RESETFLOWFIRSTFIXINGDATE|2010-08-02 00:00:00.000|RESETCOMPRESSIONSTATUS|N|RESETCONTRACTCODE|DUB|RESETHASPAIDYN|N|RESETID|16|RESETLEGNUMBER|2|RESETFLOWID|2|RESETFIXINGDATE|2010-08-24 00:00:00.000|RESETCONTRACTDATE|2010-08-01 00:00:00.000|RESETFIXINGWEIGHT|-1190.47619|RESETFIXINGVALUE||RESETFLOWFIRSTFIXINGDATE|2010-08-02 00:00:00.000|RESETCOMPRESSIONSTATUS|N|RESETCONTRACTCODE|DUB|RESETHASPAIDYN|N|RESETID|17|RESETLEGNUMBER|2|RESETFLOWID|2|RESETFIXINGDATE|2010-08-25 00:00:00.000|RESETCONTRACTDATE|2010-08-01 00:00:00.000|RESETFIXINGWEIGHT|-1190.47619|RESETFIXINGVALUE||RESETFLOWFIRSTFIXINGDATE|2010-08-02 00:00:00.000|RESETCOMPRESSIONSTATUS|N|RESETCONTRACTCODE|DUB|RESETHASPAIDYN|N|RESETID|18|RESETLEGNUMBER|2|RESETFLOWID|2|RESETFIXINGDATE|2010-08-26 00:00:00.000|RESETCONTRACTDATE|2010-08-01 00:00:00.000|RESETFIXINGWEIGHT|-1190.47619|RESETFIXINGVALUE||RESETFLOWFIRSTFIXINGDATE|2010-08-02 00:00:00.000|RESETCOMPRESSIONSTATUS|N|RESETCONTRACTCODE|DUB|RESETHASPAIDYN|N|RESETID|19|RESETLEGNUMBER|2|RESETFLOWID|2|RESETFIXINGDATE|2010-08-27 00:00:00.000|RESETCONTRACTDATE|2010-08-01 00:00:00.000|RESETFIXINGWEIGHT|-1190.47619|RESETFIXINGVALUE||RESETFLOWFIRSTFIXINGDATE|2010-08-02 00:00:00.000|RESETCOMPRESSIONSTATUS|N|RESETCONTRACTCODE|DUB|RESETHASPAIDYN|N|RESETID|20|RESETLEGNUMBER|2|RESETFLOWID|2|RESETFIXINGDATE|2010-08-30 00:00:00.000|RESETCONTRACTDATE|2010-08-01 00:00:00.000|RESETFIXINGWEIGHT|-1190.47619|RESETFIXINGVALUE||RESETFLOWFIRSTFIXINGDATE|2010-08-02 00:00:00.000|RESETCOMPRESSIONSTATUS|N|RESETCONTRACTCODE|DUB|RESETHASPAIDYN|N|RESETID|21|RESETLEGNUMBER|2|RESETFLOWID|2|RESETFIXINGDATE|2010-08-31 00:00:00.000|RESETCONTRACTDATE|2010-08-01 00:00:00.000|RESETFIXINGWEIGHT|-1190.47619|RESETFIXINGVALUE||RESETFLOWFIRSTFIXINGDATE|2010-08-02 00:00:00.000|RESETCOMPRESSIONSTATUS|N|RESETCONTRACTCODE|DUB|RESETHASPAIDYN|N|RESETID|1|RESETLEGNUMBER|2|RESETFLOWID|3|RESETFIXINGDATE|2010-09-01 00:00:00.000|RESETCONTRACTDATE|2010-09-01 00:00:00.000|RESETFIXINGWEIGHT|-1190.47619|RESETFIXINGVALUE||RESETFLOWFIRSTFIXINGDATE|2010-09-01 00:00:00.000|RESETCOMPRESSIONSTATUS|N|RESETCONTRACTCODE|DUB|RESETHASPAIDYN|N|RESETID|2|RESETLEGNUMBER|2|RESETFLOWID|3|RESETFIXINGDATE|2010-09-02 00:00:00.000|RESETCONTRACTDATE|2010-09-01 00:00:00.000|RESETFIXINGWEIGHT|-1190.47619|RESETFIXINGVALUE||RESETFLOWFIRSTFIXINGDATE|2010-09-01 00:00:00.000|RESETCOMPRESSIONSTATUS|N|RESETCONTRACTCODE|DUB|RESETHASPAIDYN|N|RESETID|3|RESETLEGNUMBER|2|RESETFLOWID|3|RESETFIXINGDATE|2010-09-03 00:00:00.000|RESETCONTRACTDATE|2010-09-01 00:00:00.000|RESETFIXINGWEIGHT|-1190.47619|RESETFIXINGVALUE||RESETFLOWFIRSTFIXINGDATE|2010-09-01 00:00:00.000|RESETCOMPRESSIONSTATUS|N|RESETCONTRACTCODE|DUB|RESETHASPAIDYN|N|RESETID|4|RESETLEGNUMBER|2|RESETFLOWID|3|RESETFIXINGDATE|2010-09-06 00:00:00.000|RESETCONTRACTDATE|2010-09-01 00:00:00.000|RESETFIXINGWEIGHT|-1190.47619|RESETFIXINGVALUE||RESETFLOWFIRSTFIXINGDATE|2010-09-01 00:00:00.000|RESETCOMPRESSIONSTATUS|N|RESETCONTRACTCODE|DUB|RESETHASPAIDYN|N|RESETID|5|RESETLEGNUMBER|2|RESETFLOWID|3|RESETFIXINGDATE|2010-09-07 00:00:00.000|RESETCONTRACTDATE|2010-09-01 00:00:00.000|RESETFIXINGWEIGHT|-1190.47619|RESETFIXINGVALUE||RESETFLOWFIRSTFIXINGDATE|2010-09-01 00:00:00.000|RESETCOMPRESSIONSTATUS|N|RESETCONTRACTCODE|DUB|RESETHASPAIDYN|N|RESETID|6|RESETLEGNUMBER|2|RESETFLOWID|3|RESETFIXINGDATE|2010-09-08 00:00:00.000|RESETCONTRACTDATE|2010-09-01 00:00:00.000|RESETFIXINGWEIGHT|-1190.47619|RESETFIXINGVALUE||RESETFLOWFIRSTFIXINGDATE|2010-09-01 00:00:00.000|RESETCOMPRESSIONSTATUS|N|RESETCONTRACTCODE|DUB|RESETHASPAIDYN|N|RESETID|7|RESETLEGNUMBER|2|RESETFLOWID|3|RESETFIXINGDATE|2010-09-09 00:00:00.000|RESETCONTRACTDATE|2010-09-01 00:00:00.000|RESETFIXINGWEIGHT|-1190.47619|RESETFIXINGVALUE||RESETFLOWFIRSTFIXINGDATE|2010-09-01 00:00:00.000|RESETCOMPRESSIONSTATUS|N|RESETCONTRACTCODE|DUB|RESETHASPAIDYN|N|RESETID|8|RESETLEGNUMBER|2|RESETFLOWID|3|RESETFIXINGDATE|2010-09-13 00:00:00.000|RESETCONTRACTDATE|2010-09-01 00:00:00.000|RESETFIXINGWEIGHT|-1190.47619|RESETFIXINGVALUE||RESETFLOWFIRSTFIXINGDATE|2010-09-01 00:00:00.000|RESETCOMPRESSIONSTATUS|N|RESETCONTRACTCODE|DUB|RESETHASPAIDYN|N|RESETID|9|RESETLEGNUMBER|2|RESETFLOWID|3|RESETFIXINGDATE|2010-09-14 00:00:00.000|RESETCONTRACTDATE|2010-09-01 00:00:00.000|RESETFIXINGWEIGHT|-1190.47619|RESETFIXINGVALUE||RESETFLOWFIRSTFIXINGDATE|2010-09-01 00:00:00.000|RESETCOMPRESSIONSTATUS|N|RESETCONTRACTCODE|DUB|RESETHASPAIDYN|N|RESETID|10|RESETLEGNUMBER|2|RESETFLOWID|3|RESETFIXINGDATE|2010-09-15 00:00:00.000|RESETCONTRACTDATE|2010-09-01 00:00:00.000|RESETFIXINGWEIGHT|-1190.47619|RESETFIXINGVALUE||RESETFLOWFIRSTFIXINGDATE|2010-09-01 00:00:00.000|RESETCOMPRESSIONSTATUS|N|RESETCONTRACTCODE|DUB|RESETHASPAIDYN|N|RESETID|11|RESETLEGNUMBER|2|RESETFLOWID|3|RESETFIXINGDATE|2010-09-16 00:00:00.000|RESETCONTRACTDATE|2010-09-01 00:00:00.000|RESETFIXINGWEIGHT|-1190.47619|RESETFIXINGVALUE||RESETFLOWFIRSTFIXINGDATE|2010-09-01 00:00:00.000|RESETCOMPRESSIONSTATUS|N|RESETCONTRACTCODE|DUB|RESETHASPAIDYN|N|RESETID|12|RESETLEGNUMBER|2|RESETFLOWID|3|RESETFIXINGDATE|2010-09-17 00:00:00.000|RESETCONTRACTDATE|2010-09-01 00:00:00.000|RESETFIXINGWEIGHT|-1190.47619|RESETFIXINGVALUE||RESETFLOWFIRSTFIXINGDATE|2010-09-01 00:00:00.000|RESETCOMPRESSIONSTATUS|N|RESETCONTRACTCODE|DUB|RESETHASPAIDYN|N|RESETID|13|RESETLEGNUMBER|2|RESETFLOWID|3|RESETFIXINGDATE|2010-09-20 00:00:00.000|RESETCONTRACTDATE|2010-09-01 00:00:00.000|RESETFIXINGWEIGHT|-1190.47619|RESETFIXINGVALUE||RESETFLOWFIRSTFIXINGDATE|2010-09-01 00:00:00.000|RESETCOMPRESSIONSTATUS|N|RESETCONTRACTCODE|DUB|RESETHASPAIDYN|N|RESETID|14|RESETLEGNUMBER|2|RESETFLOWID|3|RESETFIXINGDATE|2010-09-21 00:00:00.000|RESETCONTRACTDATE|2010-09-01 00:00:00.000|RESETFIXINGWEIGHT|-1190.47619|RESETFIXINGVALUE||RESETFLOWFIRSTFIXINGDATE|2010-09-01 00:00:00.000|RESETCOMPRESSIONSTATUS|N|RESETCONTRACTCODE|DUB|RESETHASPAIDYN|N|RESETID|15|RESETLEGNUMBER|2|RESETFLOWID|3|RESETFIXINGDATE|2010-09-22 00:00:00.000|RESETCONTRACTDATE|2010-09-01 00:00:00.000|RESETFIXINGWEIGHT|-1190.47619|RESETFIXINGVALUE||RESETFLOWFIRSTFIXINGDATE|2010-09-01 00:00:00.000|RESETCOMPRESSIONSTATUS|N|RESETCONTRACTCODE|DUB|RESETHASPAIDYN|N|RESETID|16|RESETLEGNUMBER|2|RESETFLOWID|3|RESETFIXINGDATE|2010-09-23 00:00:00.000|RESETCONTRACTDATE|2010-09-01 00:00:00.000|RESETFIXINGWEIGHT|-1190.47619|RESETFIXINGVALUE||RESETFLOWFIRSTFIXINGDATE|2010-09-01 00:00:00.000|RESETCOMPRESSIONSTATUS|N|RESETCONTRACTCODE|DUB|RESETHASPAIDYN|N|RESETID|17|RESETLEGNUMBER|2|RESETFLOWID|3|RESETFIXINGDATE|2010-09-24 00:00:00.000|RESETCONTRACTDATE|2010-09-01 00:00:00.000|RESETFIXINGWEIGHT|-1190.47619|RESETFIXINGVALUE||RESETFLOWFIRSTFIXINGDATE|2010-09-01 00:00:00.000|RESETCOMPRESSIONSTATUS|N|RESETCONTRACTCODE|DUB|RESETHASPAIDYN|N|RESETID|18|RESETLEGNUMBER|2|RESETFLOWID|3|RESETFIXINGDATE|2010-09-27 00:00:00.000|RESETCONTRACTDATE|2010-09-01 00:00:00.000|RESETFIXINGWEIGHT|-1190.47619|RESETFIXINGVALUE||RESETFLOWFIRSTFIXINGDATE|2010-09-01 00:00:00.000|RESETCOMPRESSIONSTATUS|N|RESETCONTRACTCODE|DUB|RESETHASPAIDYN|N|RESETID|19|RESETLEGNUMBER|2|RESETFLOWID|3|RESETFIXINGDATE|2010-09-28 00:00:00.000|RESETCONTRACTDATE|2010-09-01 00:00:00.000|RESETFIXINGWEIGHT|-1190.47619|RESETFIXINGVALUE||RESETFLOWFIRSTFIXINGDATE|2010-09-01 00:00:00.000|RESETCOMPRESSIONSTATUS|N|RESETCONTRACTCODE|DUB|RESETHASPAIDYN|N|RESETID|20|RESETLEGNUMBER|2|RESETFLOWID|3|RESETFIXINGDATE|2010-09-29 00:00:00.000|RESETCONTRACTDATE|2010-09-01 00:00:00.000|RESETFIXINGWEIGHT|-1190.47619|RESETFIXINGVALUE||RESETFLOWFIRSTFIXINGDATE|2010-09-01 00:00:00.000|RESETCOMPRESSIONSTATUS|N|RESETCONTRACTCODE|DUB|RESETHASPAIDYN|N|RESETID|21|RESETLEGNUMBER|2|RESETFLOWID|3|RESETFIXINGDATE|2010-09-30 00:00:00.000|RESETCONTRACTDATE|2010-09-01 00:00:00.000|RESETFIXINGWEIGHT|-1190.47619|RESETFIXINGVALUE||RESETFLOWFIRSTFIXINGDATE|2010-09-01 00:00:00.000|RESETCOMPRESSIONSTATUS|N|RESETCONTRACTCODE|DUB|RESETHASPAIDYN|N|RESETID|1|RESETLEGNUMBER|2|RESETFLOWID|4|RESETFIXINGDATE|2010-10-29 00:00:00.000|RESETCONTRACTDATE|2010-10-01 00:00:00.000|RESETFIXINGWEIGHT|-24999.99999|RESETFIXINGVALUE||RESETFLOWFIRSTFIXINGDATE|2010-10-01 00:00:00.000|RESETCOMPRESSIONSTATUS|C|RESETCONTRACTCODE|DUB|RESETHASPAIDYN|N|RESETID|1|RESETLEGNUMBER|2|RESETFLOWID|5|RESETFIXINGDATE|2010-11-30 00:00:00.000|RESETCONTRACTDATE|2010-11-01 00:00:00.000|RESETFIXINGWEIGHT|-25000|RESETFIXINGVALUE||RESETFLOWFIRSTFIXINGDATE|2010-11-01 00:00:00.000|RESETCOMPRESSIONSTATUS|C|RESETCONTRACTCODE|DUB|RESETHASPAIDYN|N|RESETID|1|RESETLEGNUMBER|2|RESETFLOWID|6|RESETFIXINGDATE|2010-12-31 00:00:00.000|RESETCONTRACTDATE|2010-12-01 00:00:00.000|RESETFIXINGWEIGHT|-24999.999992|RESETFIXINGVALUE||RESETFLOWFIRSTFIXINGDATE|2010-12-01 00:00:00.000|RESETCOMPRESSIONSTATUS|C|RESETCONTRACTCODE|DUB|RESETHASPAIDYN|N|LEG1FLOWID|1|LEG1FLOWFIXINGDATE|2010-07-01 00:00:00.000|LEG1FLOWCONTRACTDATE|2010-07-01 00:00:00.000|LEG1FLOWNUMBEROFCONTRACTS|25|LEG1FLOWNOTIONAL|25000|LEG1FLOWCP||LEG1FLOWSPREAD|0|LEG1FLOWPAYMENTDATE|2010-08-06 00:00:00.000|LEG1FLOWFIXING|75.352|LEG1FLOWHASPAID|Y|LEG1FLOWID|2|LEG1FLOWFIXINGDATE|2010-08-01 00:00:00.000|LEG1FLOWCONTRACTDATE|2010-08-01 00:00:00.000|LEG1FLOWNUMBEROFCONTRACTS|25|LEG1FLOWNOTIONAL|25000|LEG1FLOWCP||LEG1FLOWSPREAD|0|LEG1FLOWPAYMENTDATE|2010-09-08 00:00:00.000|LEG1FLOWFIXING|77.15|LEG1FLOWHASPAID|Y|LEG1FLOWID|3|LEG1FLOWFIXINGDATE|2010-09-01 00:00:00.000|LEG1FLOWCONTRACTDATE|2010-09-01 00:00:00.000|LEG1FLOWNUMBEROFCONTRACTS|25|LEG1FLOWNOTIONAL|25000|LEG1FLOWCP||LEG1FLOWSPREAD|0|LEG1FLOWPAYMENTDATE|2010-10-07 00:00:00.000|LEG1FLOWFIXING||LEG1FLOWHASPAID|N|LEG1FLOWID|4|LEG1FLOWFIXINGDATE|2010-10-01 00:00:00.000|LEG1FLOWCONTRACTDATE|2010-10-01 00:00:00.000|LEG1FLOWNUMBEROFCONTRACTS|25|LEG1FLOWNOTIONAL|25000|LEG1FLOWCP||LEG1FLOWSPREAD|0|LEG1FLOWPAYMENTDATE|2010-11-05 00:00:00.000|LEG1FLOWFIXING||LEG1FLOWHASPAID|N|LEG1FLOWID|5|LEG1FLOWFIXINGDATE|2010-11-01 00:00:00.000|LEG1FLOWCONTRACTDATE|2010-11-01 00:00:00.000|LEG1FLOWNUMBEROFCONTRACTS|25|LEG1FLOWNOTIONAL|25000|LEG1FLOWCP||LEG1FLOWSPREAD|0|LEG1FLOWPAYMENTDATE|2010-12-07 00:00:00.000|LEG1FLOWFIXING||LEG1FLOWHASPAID|N|LEG1FLOWID|6|LEG1FLOWFIXINGDATE|2010-12-01 00:00:00.000|LEG1FLOWCONTRACTDATE|2010-12-01 00:00:00.000|LEG1FLOWNUMBEROFCONTRACTS|25|LEG1FLOWNOTIONAL|25000|LEG1FLOWCP||LEG1FLOWSPREAD|0|LEG1FLOWPAYMENTDATE|2011-01-07 00:00:00.000|LEG1FLOWFIXING||LEG1FLOWHASPAID|N|LEG2FLOWID|1|LEG2FLOWFIXINGDATE|2010-07-01 00:00:00.000|LEG2FLOWCONTRACTDATE|2010-07-01 00:00:00.000|LEG2FLOWNUMBEROFCONTRACTS|-25|LEG2FLOWNOTIONAL|-25000|LEG2FLOWCP||LEG2FLOWSPREAD|2.17|LEG2FLOWPAYMENTDATE|2010-08-06 00:00:00.000|LEG2FLOWFIXING|72.487|LEG2FLOWHASPAID|Y|LEG2FLOWID|2|LEG2FLOWFIXINGDATE|2010-08-01 00:00:00.000|LEG2FLOWCONTRACTDATE|2010-08-01 00:00:00.000|LEG2FLOWNUMBEROFCONTRACTS|-25|LEG2FLOWNOTIONAL|-25000|LEG2FLOWCP||LEG2FLOWSPREAD|2.17|LEG2FLOWPAYMENTDATE|2010-09-08 00:00:00.000|LEG2FLOWFIXING||LEG2FLOWHASPAID|N|LEG2FLOWID|3|LEG2FLOWFIXINGDATE|2010-09-01 00:00:00.000|LEG2FLOWCONTRACTDATE|2010-09-01 00:00:00.000|LEG2FLOWNUMBEROFCONTRACTS|-25|LEG2FLOWNOTIONAL|-25000|LEG2FLOWCP||LEG2FLOWSPREAD|2.17|LEG2FLOWPAYMENTDATE|2010-10-07 00:00:00.000|LEG2FLOWFIXING||LEG2FLOWHASPAID|N|LEG2FLOWID|4|LEG2FLOWFIXINGDATE|2010-10-01 00:00:00.000|LEG2FLOWCONTRACTDATE|2010-10-01 00:00:00.000|LEG2FLOWNUMBEROFCONTRACTS|-25|LEG2FLOWNOTIONAL|-25000|LEG2FLOWCP||LEG2FLOWSPREAD|2.17|LEG2FLOWPAYMENTDATE|2010-11-05 00:00:00.000|LEG2FLOWFIXING||LEG2FLOWHASPAID|N|LEG2FLOWID|5|LEG2FLOWFIXINGDATE|2010-11-01 00:00:00.000|LEG2FLOWCONTRACTDATE|2010-11-01 00:00:00.000|LEG2FLOWNUMBEROFCONTRACTS|-25|LEG2FLOWNOTIONAL|-25000|LEG2FLOWCP||LEG2FLOWSPREAD|2.17|LEG2FLOWPAYMENTDATE|2010-12-07 00:00:00.000|LEG2FLOWFIXING||LEG2FLOWHASPAID|N|LEG2FLOWID|6|LEG2FLOWFIXINGDATE|2010-12-01 00:00:00.000|LEG2FLOWCONTRACTDATE|2010-12-01 00:00:00.000|LEG2FLOWNUMBEROFCONTRACTS|-25|LEG2FLOWNOTIONAL|-25000|LEG2FLOWCP||LEG2FLOWSPREAD|2.17|LEG2FLOWPAYMENTDATE|2011-01-07 00:00:00.000|LEG2FLOWFIXING||LEG2FLOWHASPAID|N|BOOK_CPTY_CDRMNEMONIC||PROFIT_CENTRE||BOOKBRANCHPARENT|Commodities|HIGH_LEVEL_CPTY_CDRMNEMONIC||HIGH_LEVEL_BOOK_CPTY_CDRM||BOOK_CPYT_SRC_SYSTEM||SUBBRANCH||CPTY_CDRMNEMONIC||AMI_CODE|0840|BOOK_CPTY||PUBLICATIONTIME|2010-09-24 16:01:40.374|DBLEGALENTITY|London|ISLIVEYN|Y</Text>
</Message>
