<?xml version="1.0" encoding="UTF-8"?>
<Message>
    <SystemInfo>
        <JMSDestination>Topic[exodus.pipe.demo]</JMSDestination>
        <JMSReplyTo/>
        <JMSDeliveryMode>2</JMSDeliveryMode>
        <JMSRedelivered>false</JMSRedelivered>
        <JMSCorrelationID>null</JMSCorrelationID>
        <JMSType>null</JMSType>
        <JMSTimestamp>1285343904229</JMSTimestamp>
        <JMSExpiration>0</JMSExpiration>
        <JMSPriority>4</JMSPriority>
    </SystemInfo>
    <ApplicationInfo>
        <SYSTEMID>234056778</SYSTEMID>
        <TRADEGROUP>COMMODITYONELEG</TRADEGROUP>
        <VERSION>8</VERSION>
        <COUNTERPARTY>NYM_OIL</COUNTERPARTY>
        <MESSAGE_TYPE>RMS_TRADE</MESSAGE_TYPE>
        <TRADETYPE>EnergyAsianOpt</TRADETYPE>
        <BOOK>OILEXOUS</BOOK>
        <ACTION>CouponPaid</ACTION>
        <STATUS>Open</STATUS>
    </ApplicationInfo>
    <Text>SYSTEMID|234056778|TRADETYPE|EnergyAsianOpt|TRADEID|OL10000749-2|SOURCESYSTEM|RMS|BOOK|OILEXOUS|BLOTTER||COUNTERPARTY|NYM_OIL|COUNTERPARTYSOURCESYSTEM|OPENLINK|DBICOUNTERPARTYID||CUSTOMER|NYM_OIL|CUSTOMERSOURCESYSTEM|OPENLINK|STATUS|Open|PREMIUMCURRENCY|USD|PREMIUMAMOUNT|1890000|PREMIUMDATE|2009-11-23 00:00:00.000|PREMIUMHASPAIDYN|Y|UNWINDRATE||UNWINDPREMIUMCURRENCY||UNWINDPREMIUMAMOUNT||UNWINDPREMIUMDATE||MARGINPAYMENTCURRENCY||MARGINPAYMENTAMOUNT||CONTRACTCODE|HOL|CURRENCY|USD|STARTCONTRACTDATE|JUL10|ENDCONTRACTDATE|2010-12-01 00:00:00.000|DAILYNOTIONAL||PERIODNOTIONAL|-6300000|TOTALNOTIONAL|-6300000|STRIKE|2.25|SPREAD|0|AVERAGINGSTYLE|Unweighted|NUMFLOWSHAVEPAID|2|EXPIRYDATE|2010-12-31 00:00:00.000|CP|C|BUYSELL||SETTLEMENTDATE||FREQUENCY|1M|PAYMENTCITIES|NYC|FIXINGCITIES|NYMEX|LASTTRADINGDATEOFFSET|0|PROMPTCONTRACTOFFSET|1|UNITS|GAL|UNITCONVERSIONFACTOR|1|UNDISCOUNTEDYN|N|MODELTYPE|MR|PRODUCTID|227339559|PRODUCTVERSION|1|PRODUCTLEGID||STRUCTUREID|135124939|TRADEDATE|2009-11-23 00:00:00.000|LASTUPDATED|2010-09-09 06:49:18.000|ACTION|CouponPaid|ACTIONEFFECTIVEDATE|2010-09-09 00:00:00.000|SOURCESYSTEMBOOK|OILEXOUS|SOURCESYSTEMPROFITCENTRE||SALESPERSON||TRADER||ENTEREDBY|clarnat|FUNDSPLITID||FUNDSPLITVERSION||STRUCTURENAME||MARKUPAMT||MARKUPCCY||MARKUPLOCATION||ATRISKAMT||ATRISKCCY||ATRISKLOCATION||ATRISKINDICATOR||REASON||NOTES|OpenLink Status: Validated|BROKER|IONEG_OIL_US|BROKERAMT||BROKERCCY||LINKSYSTEMID||LINKTYPE||SOURCESYSTEMID|10520843|DATECREATED|2009-11-23 23:08:01.000|CONFIRMAS||VERSION|8|CANCELSSOURCESYSTEMID||CANCELLEDBYSOURCESYSTEMID||CANCELLINGHALFSOURCESYSTEMID||CORRECTSSOURCESYSTEMID||CORRECTEDBYSOURCESYSTEMID||CLOSESSOURCESYSTEMID||CLOSEDBYSOURCESYSTEMID||EXERCISEDINTOSOURCESYSTEMID||EXERCISEDFROMSOURCESYSTEMID||LATESTVERSIONYN|Y|CLOSINGDATE||LEGALENTITY|London|DEALCAPTURESYSTEM|OpenLink|DEALCAPTURESYSTEMID|OL10000749|BOOKINGLOCATION|Commodities|PRODUCTTYPE||PRODUCTINSTANCE||BACKOFFICESYSTEM|OpenLink|BACKOFFICESYSTEMID|10000749|VERSIONVALIDUNTILDATE||TRADEEXTRADETAILID||TRADEEXTRADETAILVERSION||TRADECLASSIFICATION|1|DEALCAPTURESALESUSER||FUNDSPLITALLOCATIONID||FUNDSPLITALLOCATIONLEGID||TEARUPID||ELECTEDCONFIRMATIONSYSTEM||ELECTEDCONFIRMATIONRULEID||PREVIOUSCONFIRMATIONSYSTEM||ELECTEDSETTLEMENTSYSTEM||ELECTEDSETTLEMENTRULEID||PREVIOUSSETTLEMENTSYSTEM||ACCCURRENCY|USD|CALCULATIONAGENT|DB|BACKOFFICEPROCESSING||BACKOFFICEACCEPTED||BACKOFFICEENDDATE||BACKOFFICEEVENT||BACKOFFICEBRANCHACCEPTED||BACKOFFICEBRANCHEVENT||ASSETLOCATION||TRADETABLE|COMMODITYONELEG|USERENTEREDTRADEDATE||UNDERCURRENCY||NOTIONAL||OPTIONRATETERM||PRODUCTNOTIONAL||STRIKEFIXINGDATE||STRIKEFIXINGPERCENTAGE||FUTURESEXPIRYDATE||OPTIONEXPIRYDATE||CASHSETTLEDYN||USERDATA||CONTRACTCURRENCY|USD|LOTSNOTIONAL|-6300000|BARRIER||BARRIERDIRECTION||BARRIERSTARTDATE||BARRIERENDDATE||FIXRAW_PERIODNOTIONAL||FIXRAW_ACCCURRENCY||PRODUCTTYPEID|////|FLOWID|1|FLOWFIXINGDATE|2010-07-01 00:00:00.000|FLOWCONTRACTDATE|2010-07-01 00:00:00.000|FLOWNUMBEROFCONTRACTS|-25|FLOWNOTIONAL|-1050000|FLOWCP||FLOWSTRIKE|2.25|FLOWSPREAD|0|FLOWPAYMENTDATE|2010-08-06 00:00:00.000|FLOWFIXING|2.007|FLOWHASPAID|Y|FLOWID|2|FLOWFIXINGDATE|2010-08-01 00:00:00.000|FLOWCONTRACTDATE|2010-08-01 00:00:00.000|FLOWNUMBEROFCONTRACTS|-25|FLOWNOTIONAL|-1050000|FLOWCP||FLOWSTRIKE|2.25|FLOWSPREAD|0|FLOWPAYMENTDATE|2010-09-08 00:00:00.000|FLOWFIXING|2.054|FLOWHASPAID|Y|FLOWID|3|FLOWFIXINGDATE|2010-09-01 00:00:00.000|FLOWCONTRACTDATE|2010-09-01 00:00:00.000|FLOWNUMBEROFCONTRACTS|-25|FLOWNOTIONAL|-1050000|FLOWCP||FLOWSTRIKE|2.25|FLOWSPREAD|0|FLOWPAYMENTDATE|2010-10-07 00:00:00.000|FLOWFIXING||FLOWHASPAID|N|FLOWID|4|FLOWFIXINGDATE|2010-10-01 00:00:00.000|FLOWCONTRACTDATE|2010-10-01 00:00:00.000|FLOWNUMBEROFCONTRACTS|-25|FLOWNOTIONAL|-1050000|FLOWCP||FLOWSTRIKE|2.25|FLOWSPREAD|0|FLOWPAYMENTDATE|2010-11-05 00:00:00.000|FLOWFIXING||FLOWHASPAID|N|FLOWID|5|FLOWFIXINGDATE|2010-11-01 00:00:00.000|FLOWCONTRACTDATE|2010-11-01 00:00:00.000|FLOWNUMBEROFCONTRACTS|-25|FLOWNOTIONAL|-1050000|FLOWCP||FLOWSTRIKE|2.25|FLOWSPREAD|0|FLOWPAYMENTDATE|2010-12-07 00:00:00.000|FLOWFIXING||FLOWHASPAID|N|FLOWID|6|FLOWFIXINGDATE|2010-12-01 00:00:00.000|FLOWCONTRACTDATE|2010-12-01 00:00:00.000|FLOWNUMBEROFCONTRACTS|-25|FLOWNOTIONAL|-1050000|FLOWCP||FLOWSTRIKE|2.25|FLOWSPREAD|0|FLOWPAYMENTDATE|2011-01-07 00:00:00.000|FLOWFIXING||FLOWHASPAID|N|RESETID|1|RESETFLOWID|1|RESETFIXINGDATE|2010-07-01 00:00:00.000|RESETCONTRACTDATE|2010-08-01 00:00:00.000|RESETFIXINGWEIGHT|-50000|RESETFIXINGVALUE||RESETHASPAIDYN|Y|RESETID|2|RESETFLOWID|1|RESETFIXINGDATE|2010-07-02 00:00:00.000|RESETCONTRACTDATE|2010-08-01 00:00:00.000|RESETFIXINGWEIGHT|-50000|RESETFIXINGVALUE||RESETHASPAIDYN|Y|RESETID|3|RESETFLOWID|1|RESETFIXINGDATE|2010-07-06 00:00:00.000|RESETCONTRACTDATE|2010-08-01 00:00:00.000|RESETFIXINGWEIGHT|-50000|RESETFIXINGVALUE||RESETHASPAIDYN|Y|RESETID|4|RESETFLOWID|1|RESETFIXINGDATE|2010-07-07 00:00:00.000|RESETCONTRACTDATE|2010-08-01 00:00:00.000|RESETFIXINGWEIGHT|-50000|RESETFIXINGVALUE||RESETHASPAIDYN|Y|RESETID|5|RESETFLOWID|1|RESETFIXINGDATE|2010-07-08 00:00:00.000|RESETCONTRACTDATE|2010-08-01 00:00:00.000|RESETFIXINGWEIGHT|-50000|RESETFIXINGVALUE||RESETHASPAIDYN|Y|RESETID|6|RESETFLOWID|1|RESETFIXINGDATE|2010-07-09 00:00:00.000|RESETCONTRACTDATE|2010-08-01 00:00:00.000|RESETFIXINGWEIGHT|-50000|RESETFIXINGVALUE||RESETHASPAIDYN|Y|RESETID|7|RESETFLOWID|1|RESETFIXINGDATE|2010-07-12 00:00:00.000|RESETCONTRACTDATE|2010-08-01 00:00:00.000|RESETFIXINGWEIGHT|-50000|RESETFIXINGVALUE||RESETHASPAIDYN|Y|RESETID|8|RESETFLOWID|1|RESETFIXINGDATE|2010-07-13 00:00:00.000|RESETCONTRACTDATE|2010-08-01 00:00:00.000|RESETFIXINGWEIGHT|-50000|RESETFIXINGVALUE||RESETHASPAIDYN|Y|RESETID|9|RESETFLOWID|1|RESETFIXINGDATE|2010-07-14 00:00:00.000|RESETCONTRACTDATE|2010-08-01 00:00:00.000|RESETFIXINGWEIGHT|-50000|RESETFIXINGVALUE||RESETHASPAIDYN|Y|RESETID|10|RESETFLOWID|1|RESETFIXINGDATE|2010-07-15 00:00:00.000|RESETCONTRACTDATE|2010-08-01 00:00:00.000|RESETFIXINGWEIGHT|-50000|RESETFIXINGVALUE||RESETHASPAIDYN|Y|RESETID|11|RESETFLOWID|1|RESETFIXINGDATE|2010-07-16 00:00:00.000|RESETCONTRACTDATE|2010-08-01 00:00:00.000|RESETFIXINGWEIGHT|-50000|RESETFIXINGVALUE||RESETHASPAIDYN|Y|RESETID|12|RESETFLOWID|1|RESETFIXINGDATE|2010-07-19 00:00:00.000|RESETCONTRACTDATE|2010-08-01 00:00:00.000|RESETFIXINGWEIGHT|-50000|RESETFIXINGVALUE||RESETHASPAIDYN|Y|RESETID|13|RESETFLOWID|1|RESETFIXINGDATE|2010-07-20 00:00:00.000|RESETCONTRACTDATE|2010-08-01 00:00:00.000|RESETFIXINGWEIGHT|-50000|RESETFIXINGVALUE||RESETHASPAIDYN|Y|RESETID|14|RESETFLOWID|1|RESETFIXINGDATE|2010-07-21 00:00:00.000|RESETCONTRACTDATE|2010-08-01 00:00:00.000|RESETFIXINGWEIGHT|-50000|RESETFIXINGVALUE||RESETHASPAIDYN|Y|RESETID|15|RESETFLOWID|1|RESETFIXINGDATE|2010-07-22 00:00:00.000|RESETCONTRACTDATE|2010-08-01 00:00:00.000|RESETFIXINGWEIGHT|-50000|RESETFIXINGVALUE||RESETHASPAIDYN|Y|RESETID|16|RESETFLOWID|1|RESETFIXINGDATE|2010-07-23 00:00:00.000|RESETCONTRACTDATE|2010-08-01 00:00:00.000|RESETFIXINGWEIGHT|-50000|RESETFIXINGVALUE||RESETHASPAIDYN|Y|RESETID|17|RESETFLOWID|1|RESETFIXINGDATE|2010-07-26 00:00:00.000|RESETCONTRACTDATE|2010-08-01 00:00:00.000|RESETFIXINGWEIGHT|-50000|RESETFIXINGVALUE||RESETHASPAIDYN|Y|RESETID|18|RESETFLOWID|1|RESETFIXINGDATE|2010-07-27 00:00:00.000|RESETCONTRACTDATE|2010-08-01 00:00:00.000|RESETFIXINGWEIGHT|-50000|RESETFIXINGVALUE||RESETHASPAIDYN|Y|RESETID|19|RESETFLOWID|1|RESETFIXINGDATE|2010-07-28 00:00:00.000|RESETCONTRACTDATE|2010-08-01 00:00:00.000|RESETFIXINGWEIGHT|-50000|RESETFIXINGVALUE||RESETHASPAIDYN|Y|RESETID|20|RESETFLOWID|1|RESETFIXINGDATE|2010-07-29 00:00:00.000|RESETCONTRACTDATE|2010-08-01 00:00:00.000|RESETFIXINGWEIGHT|-50000|RESETFIXINGVALUE||RESETHASPAIDYN|Y|RESETID|21|RESETFLOWID|1|RESETFIXINGDATE|2010-07-30 00:00:00.000|RESETCONTRACTDATE|2010-08-01 00:00:00.000|RESETFIXINGWEIGHT|-50000|RESETFIXINGVALUE||RESETHASPAIDYN|Y|RESETID|1|RESETFLOWID|2|RESETFIXINGDATE|2010-08-02 00:00:00.000|RESETCONTRACTDATE|2010-09-01 00:00:00.000|RESETFIXINGWEIGHT|-47727.272727|RESETFIXINGVALUE||RESETHASPAIDYN|Y|RESETID|2|RESETFLOWID|2|RESETFIXINGDATE|2010-08-03 00:00:00.000|RESETCONTRACTDATE|2010-09-01 00:00:00.000|RESETFIXINGWEIGHT|-47727.272727|RESETFIXINGVALUE||RESETHASPAIDYN|Y|RESETID|3|RESETFLOWID|2|RESETFIXINGDATE|2010-08-04 00:00:00.000|RESETCONTRACTDATE|2010-09-01 00:00:00.000|RESETFIXINGWEIGHT|-47727.272727|RESETFIXINGVALUE||RESETHASPAIDYN|Y|RESETID|4|RESETFLOWID|2|RESETFIXINGDATE|2010-08-05 00:00:00.000|RESETCONTRACTDATE|2010-09-01 00:00:00.000|RESETFIXINGWEIGHT|-47727.272727|RESETFIXINGVALUE||RESETHASPAIDYN|Y|RESETID|5|RESETFLOWID|2|RESETFIXINGDATE|2010-08-06 00:00:00.000|RESETCONTRACTDATE|2010-09-01 00:00:00.000|RESETFIXINGWEIGHT|-47727.272727|RESETFIXINGVALUE||RESETHASPAIDYN|Y|RESETID|6|RESETFLOWID|2|RESETFIXINGDATE|2010-08-09 00:00:00.000|RESETCONTRACTDATE|2010-09-01 00:00:00.000|RESETFIXINGWEIGHT|-47727.272727|RESETFIXINGVALUE||RESETHASPAIDYN|Y|RESETID|7|RESETFLOWID|2|RESETFIXINGDATE|2010-08-10 00:00:00.000|RESETCONTRACTDATE|2010-09-01 00:00:00.000|RESETFIXINGWEIGHT|-47727.272727|RESETFIXINGVALUE||RESETHASPAIDYN|Y|RESETID|8|RESETFLOWID|2|RESETFIXINGDATE|2010-08-11 00:00:00.000|RESETCONTRACTDATE|2010-09-01 00:00:00.000|RESETFIXINGWEIGHT|-47727.272727|RESETFIXINGVALUE||RESETHASPAIDYN|Y|RESETID|9|RESETFLOWID|2|RESETFIXINGDATE|2010-08-12 00:00:00.000|RESETCONTRACTDATE|2010-09-01 00:00:00.000|RESETFIXINGWEIGHT|-47727.272727|RESETFIXINGVALUE||RESETHASPAIDYN|Y|RESETID|10|RESETFLOWID|2|RESETFIXINGDATE|2010-08-13 00:00:00.000|RESETCONTRACTDATE|2010-09-01 00:00:00.000|RESETFIXINGWEIGHT|-47727.272727|RESETFIXINGVALUE||RESETHASPAIDYN|Y|RESETID|11|RESETFLOWID|2|RESETFIXINGDATE|2010-08-16 00:00:00.000|RESETCONTRACTDATE|2010-09-01 00:00:00.000|RESETFIXINGWEIGHT|-47727.272727|RESETFIXINGVALUE||RESETHASPAIDYN|Y|RESETID|12|RESETFLOWID|2|RESETFIXINGDATE|2010-08-17 00:00:00.000|RESETCONTRACTDATE|2010-09-01 00:00:00.000|RESETFIXINGWEIGHT|-47727.272727|RESETFIXINGVALUE||RESETHASPAIDYN|Y|RESETID|13|RESETFLOWID|2|RESETFIXINGDATE|2010-08-18 00:00:00.000|RESETCONTRACTDATE|2010-09-01 00:00:00.000|RESETFIXINGWEIGHT|-47727.272727|RESETFIXINGVALUE||RESETHASPAIDYN|Y|RESETID|14|RESETFLOWID|2|RESETFIXINGDATE|2010-08-19 00:00:00.000|RESETCONTRACTDATE|2010-09-01 00:00:00.000|RESETFIXINGWEIGHT|-47727.272727|RESETFIXINGVALUE||RESETHASPAIDYN|Y|RESETID|15|RESETFLOWID|2|RESETFIXINGDATE|2010-08-20 00:00:00.000|RESETCONTRACTDATE|2010-09-01 00:00:00.000|RESETFIXINGWEIGHT|-47727.272727|RESETFIXINGVALUE||RESETHASPAIDYN|Y|RESETID|16|RESETFLOWID|2|RESETFIXINGDATE|2010-08-23 00:00:00.000|RESETCONTRACTDATE|2010-09-01 00:00:00.000|RESETFIXINGWEIGHT|-47727.272727|RESETFIXINGVALUE||RESETHASPAIDYN|Y|RESETID|17|RESETFLOWID|2|RESETFIXINGDATE|2010-08-24 00:00:00.000|RESETCONTRACTDATE|2010-09-01 00:00:00.000|RESETFIXINGWEIGHT|-47727.272727|RESETFIXINGVALUE||RESETHASPAIDYN|Y|RESETID|18|RESETFLOWID|2|RESETFIXINGDATE|2010-08-25 00:00:00.000|RESETCONTRACTDATE|2010-09-01 00:00:00.000|RESETFIXINGWEIGHT|-47727.272727|RESETFIXINGVALUE||RESETHASPAIDYN|Y|RESETID|19|RESETFLOWID|2|RESETFIXINGDATE|2010-08-26 00:00:00.000|RESETCONTRACTDATE|2010-09-01 00:00:00.000|RESETFIXINGWEIGHT|-47727.272727|RESETFIXINGVALUE||RESETHASPAIDYN|Y|RESETID|20|RESETFLOWID|2|RESETFIXINGDATE|2010-08-27 00:00:00.000|RESETCONTRACTDATE|2010-09-01 00:00:00.000|RESETFIXINGWEIGHT|-47727.272727|RESETFIXINGVALUE||RESETHASPAIDYN|Y|RESETID|21|RESETFLOWID|2|RESETFIXINGDATE|2010-08-30 00:00:00.000|RESETCONTRACTDATE|2010-09-01 00:00:00.000|RESETFIXINGWEIGHT|-47727.272727|RESETFIXINGVALUE||RESETHASPAIDYN|Y|RESETID|22|RESETFLOWID|2|RESETFIXINGDATE|2010-08-31 00:00:00.000|RESETCONTRACTDATE|2010-09-01 00:00:00.000|RESETFIXINGWEIGHT|-47727.272727|RESETFIXINGVALUE||RESETHASPAIDYN|Y|RESETID|1|RESETFLOWID|3|RESETFIXINGDATE|2010-09-01 00:00:00.000|RESETCONTRACTDATE|2010-10-01 00:00:00.000|RESETFIXINGWEIGHT|-50000|RESETFIXINGVALUE||RESETHASPAIDYN|N|RESETID|2|RESETFLOWID|3|RESETFIXINGDATE|2010-09-02 00:00:00.000|RESETCONTRACTDATE|2010-10-01 00:00:00.000|RESETFIXINGWEIGHT|-50000|RESETFIXINGVALUE||RESETHASPAIDYN|N|RESETID|3|RESETFLOWID|3|RESETFIXINGDATE|2010-09-03 00:00:00.000|RESETCONTRACTDATE|2010-10-01 00:00:00.000|RESETFIXINGWEIGHT|-50000|RESETFIXINGVALUE||RESETHASPAIDYN|N|RESETID|4|RESETFLOWID|3|RESETFIXINGDATE|2010-09-07 00:00:00.000|RESETCONTRACTDATE|2010-10-01 00:00:00.000|RESETFIXINGWEIGHT|-50000|RESETFIXINGVALUE||RESETHASPAIDYN|N|RESETID|5|RESETFLOWID|3|RESETFIXINGDATE|2010-09-08 00:00:00.000|RESETCONTRACTDATE|2010-10-01 00:00:00.000|RESETFIXINGWEIGHT|-50000|RESETFIXINGVALUE||RESETHASPAIDYN|N|RESETID|6|RESETFLOWID|3|RESETFIXINGDATE|2010-09-09 00:00:00.000|RESETCONTRACTDATE|2010-10-01 00:00:00.000|RESETFIXINGWEIGHT|-50000|RESETFIXINGVALUE||RESETHASPAIDYN|N|RESETID|7|RESETFLOWID|3|RESETFIXINGDATE|2010-09-10 00:00:00.000|RESETCONTRACTDATE|2010-10-01 00:00:00.000|RESETFIXINGWEIGHT|-50000|RESETFIXINGVALUE||RESETHASPAIDYN|N|RESETID|8|RESETFLOWID|3|RESETFIXINGDATE|2010-09-13 00:00:00.000|RESETCONTRACTDATE|2010-10-01 00:00:00.000|RESETFIXINGWEIGHT|-50000|RESETFIXINGVALUE||RESETHASPAIDYN|N|RESETID|9|RESETFLOWID|3|RESETFIXINGDATE|2010-09-14 00:00:00.000|RESETCONTRACTDATE|2010-10-01 00:00:00.000|RESETFIXINGWEIGHT|-50000|RESETFIXINGVALUE||RESETHASPAIDYN|N|RESETID|10|RESETFLOWID|3|RESETFIXINGDATE|2010-09-15 00:00:00.000|RESETCONTRACTDATE|2010-10-01 00:00:00.000|RESETFIXINGWEIGHT|-50000|RESETFIXINGVALUE||RESETHASPAIDYN|N|RESETID|11|RESETFLOWID|3|RESETFIXINGDATE|2010-09-16 00:00:00.000|RESETCONTRACTDATE|2010-10-01 00:00:00.000|RESETFIXINGWEIGHT|-50000|RESETFIXINGVALUE||RESETHASPAIDYN|N|RESETID|12|RESETFLOWID|3|RESETFIXINGDATE|2010-09-17 00:00:00.000|RESETCONTRACTDATE|2010-10-01 00:00:00.000|RESETFIXINGWEIGHT|-50000|RESETFIXINGVALUE||RESETHASPAIDYN|N|RESETID|13|RESETFLOWID|3|RESETFIXINGDATE|2010-09-20 00:00:00.000|RESETCONTRACTDATE|2010-10-01 00:00:00.000|RESETFIXINGWEIGHT|-50000|RESETFIXINGVALUE||RESETHASPAIDYN|N|RESETID|14|RESETFLOWID|3|RESETFIXINGDATE|2010-09-21 00:00:00.000|RESETCONTRACTDATE|2010-10-01 00:00:00.000|RESETFIXINGWEIGHT|-50000|RESETFIXINGVALUE||RESETHASPAIDYN|N|RESETID|15|RESETFLOWID|3|RESETFIXINGDATE|2010-09-22 00:00:00.000|RESETCONTRACTDATE|2010-10-01 00:00:00.000|RESETFIXINGWEIGHT|-50000|RESETFIXINGVALUE||RESETHASPAIDYN|N|RESETID|16|RESETFLOWID|3|RESETFIXINGDATE|2010-09-23 00:00:00.000|RESETCONTRACTDATE|2010-10-01 00:00:00.000|RESETFIXINGWEIGHT|-50000|RESETFIXINGVALUE||RESETHASPAIDYN|N|RESETID|17|RESETFLOWID|3|RESETFIXINGDATE|2010-09-24 00:00:00.000|RESETCONTRACTDATE|2010-10-01 00:00:00.000|RESETFIXINGWEIGHT|-50000|RESETFIXINGVALUE||RESETHASPAIDYN|N|RESETID|18|RESETFLOWID|3|RESETFIXINGDATE|2010-09-27 00:00:00.000|RESETCONTRACTDATE|2010-10-01 00:00:00.000|RESETFIXINGWEIGHT|-50000|RESETFIXINGVALUE||RESETHASPAIDYN|N|RESETID|19|RESETFLOWID|3|RESETFIXINGDATE|2010-09-28 00:00:00.000|RESETCONTRACTDATE|2010-10-01 00:00:00.000|RESETFIXINGWEIGHT|-50000|RESETFIXINGVALUE||RESETHASPAIDYN|N|RESETID|20|RESETFLOWID|3|RESETFIXINGDATE|2010-09-29 00:00:00.000|RESETCONTRACTDATE|2010-10-01 00:00:00.000|RESETFIXINGWEIGHT|-50000|RESETFIXINGVALUE||RESETHASPAIDYN|N|RESETID|21|RESETFLOWID|3|RESETFIXINGDATE|2010-09-30 00:00:00.000|RESETCONTRACTDATE|2010-10-01 00:00:00.000|RESETFIXINGWEIGHT|-50000|RESETFIXINGVALUE||RESETHASPAIDYN|N|RESETID|1|RESETFLOWID|4|RESETFIXINGDATE|2010-10-01 00:00:00.000|RESETCONTRACTDATE|2010-11-01 00:00:00.000|RESETFIXINGWEIGHT|-50000|RESETFIXINGVALUE||RESETHASPAIDYN|N|RESETID|2|RESETFLOWID|4|RESETFIXINGDATE|2010-10-04 00:00:00.000|RESETCONTRACTDATE|2010-11-01 00:00:00.000|RESETFIXINGWEIGHT|-50000|RESETFIXINGVALUE||RESETHASPAIDYN|N|RESETID|3|RESETFLOWID|4|RESETFIXINGDATE|2010-10-05 00:00:00.000|RESETCONTRACTDATE|2010-11-01 00:00:00.000|RESETFIXINGWEIGHT|-50000|RESETFIXINGVALUE||RESETHASPAIDYN|N|RESETID|4|RESETFLOWID|4|RESETFIXINGDATE|2010-10-06 00:00:00.000|RESETCONTRACTDATE|2010-11-01 00:00:00.000|RESETFIXINGWEIGHT|-50000|RESETFIXINGVALUE||RESETHASPAIDYN|N|RESETID|5|RESETFLOWID|4|RESETFIXINGDATE|2010-10-07 00:00:00.000|RESETCONTRACTDATE|2010-11-01 00:00:00.000|RESETFIXINGWEIGHT|-50000|RESETFIXINGVALUE||RESETHASPAIDYN|N|RESETID|6|RESETFLOWID|4|RESETFIXINGDATE|2010-10-08 00:00:00.000|RESETCONTRACTDATE|2010-11-01 00:00:00.000|RESETFIXINGWEIGHT|-50000|RESETFIXINGVALUE||RESETHASPAIDYN|N|RESETID|7|RESETFLOWID|4|RESETFIXINGDATE|2010-10-11 00:00:00.000|RESETCONTRACTDATE|2010-11-01 00:00:00.000|RESETFIXINGWEIGHT|-50000|RESETFIXINGVALUE||RESETHASPAIDYN|N|RESETID|8|RESETFLOWID|4|RESETFIXINGDATE|2010-10-12 00:00:00.000|RESETCONTRACTDATE|2010-11-01 00:00:00.000|RESETFIXINGWEIGHT|-50000|RESETFIXINGVALUE||RESETHASPAIDYN|N|RESETID|9|RESETFLOWID|4|RESETFIXINGDATE|2010-10-13 00:00:00.000|RESETCONTRACTDATE|2010-11-01 00:00:00.000|RESETFIXINGWEIGHT|-50000|RESETFIXINGVALUE||RESETHASPAIDYN|N|RESETID|10|RESETFLOWID|4|RESETFIXINGDATE|2010-10-14 00:00:00.000|RESETCONTRACTDATE|2010-11-01 00:00:00.000|RESETFIXINGWEIGHT|-50000|RESETFIXINGVALUE||RESETHASPAIDYN|N|RESETID|11|RESETFLOWID|4|RESETFIXINGDATE|2010-10-15 00:00:00.000|RESETCONTRACTDATE|2010-11-01 00:00:00.000|RESETFIXINGWEIGHT|-50000|RESETFIXINGVALUE||RESETHASPAIDYN|N|RESETID|12|RESETFLOWID|4|RESETFIXINGDATE|2010-10-18 00:00:00.000|RESETCONTRACTDATE|2010-11-01 00:00:00.000|RESETFIXINGWEIGHT|-50000|RESETFIXINGVALUE||RESETHASPAIDYN|N|RESETID|13|RESETFLOWID|4|RESETFIXINGDATE|2010-10-19 00:00:00.000|RESETCONTRACTDATE|2010-11-01 00:00:00.000|RESETFIXINGWEIGHT|-50000|RESETFIXINGVALUE||RESETHASPAIDYN|N|RESETID|14|RESETFLOWID|4|RESETFIXINGDATE|2010-10-20 00:00:00.000|RESETCONTRACTDATE|2010-11-01 00:00:00.000|RESETFIXINGWEIGHT|-50000|RESETFIXINGVALUE||RESETHASPAIDYN|N|RESETID|15|RESETFLOWID|4|RESETFIXINGDATE|2010-10-21 00:00:00.000|RESETCONTRACTDATE|2010-11-01 00:00:00.000|RESETFIXINGWEIGHT|-50000|RESETFIXINGVALUE||RESETHASPAIDYN|N|RESETID|16|RESETFLOWID|4|RESETFIXINGDATE|2010-10-22 00:00:00.000|RESETCONTRACTDATE|2010-11-01 00:00:00.000|RESETFIXINGWEIGHT|-50000|RESETFIXINGVALUE||RESETHASPAIDYN|N|RESETID|17|RESETFLOWID|4|RESETFIXINGDATE|2010-10-25 00:00:00.000|RESETCONTRACTDATE|2010-11-01 00:00:00.000|RESETFIXINGWEIGHT|-50000|RESETFIXINGVALUE||RESETHASPAIDYN|N|RESETID|18|RESETFLOWID|4|RESETFIXINGDATE|2010-10-26 00:00:00.000|RESETCONTRACTDATE|2010-11-01 00:00:00.000|RESETFIXINGWEIGHT|-50000|RESETFIXINGVALUE||RESETHASPAIDYN|N|RESETID|19|RESETFLOWID|4|RESETFIXINGDATE|2010-10-27 00:00:00.000|RESETCONTRACTDATE|2010-11-01 00:00:00.000|RESETFIXINGWEIGHT|-50000|RESETFIXINGVALUE||RESETHASPAIDYN|N|RESETID|20|RESETFLOWID|4|RESETFIXINGDATE|2010-10-28 00:00:00.000|RESETCONTRACTDATE|2010-11-01 00:00:00.000|RESETFIXINGWEIGHT|-50000|RESETFIXINGVALUE||RESETHASPAIDYN|N|RESETID|21|RESETFLOWID|4|RESETFIXINGDATE|2010-10-29 00:00:00.000|RESETCONTRACTDATE|2010-11-01 00:00:00.000|RESETFIXINGWEIGHT|-50000|RESETFIXINGVALUE||RESETHASPAIDYN|N|RESETID|1|RESETFLOWID|5|RESETFIXINGDATE|2010-11-01 00:00:00.000|RESETCONTRACTDATE|2010-12-01 00:00:00.000|RESETFIXINGWEIGHT|-50000|RESETFIXINGVALUE||RESETHASPAIDYN|N|RESETID|2|RESETFLOWID|5|RESETFIXINGDATE|2010-11-02 00:00:00.000|RESETCONTRACTDATE|2010-12-01 00:00:00.000|RESETFIXINGWEIGHT|-50000|RESETFIXINGVALUE||RESETHASPAIDYN|N|RESETID|3|RESETFLOWID|5|RESETFIXINGDATE|2010-11-03 00:00:00.000|RESETCONTRACTDATE|2010-12-01 00:00:00.000|RESETFIXINGWEIGHT|-50000|RESETFIXINGVALUE||RESETHASPAIDYN|N|RESETID|4|RESETFLOWID|5|RESETFIXINGDATE|2010-11-04 00:00:00.000|RESETCONTRACTDATE|2010-12-01 00:00:00.000|RESETFIXINGWEIGHT|-50000|RESETFIXINGVALUE||RESETHASPAIDYN|N|RESETID|5|RESETFLOWID|5|RESETFIXINGDATE|2010-11-05 00:00:00.000|RESETCONTRACTDATE|2010-12-01 00:00:00.000|RESETFIXINGWEIGHT|-50000|RESETFIXINGVALUE||RESETHASPAIDYN|N|RESETID|6|RESETFLOWID|5|RESETFIXINGDATE|2010-11-08 00:00:00.000|RESETCONTRACTDATE|2010-12-01 00:00:00.000|RESETFIXINGWEIGHT|-50000|RESETFIXINGVALUE||RESETHASPAIDYN|N|RESETID|7|RESETFLOWID|5|RESETFIXINGDATE|2010-11-09 00:00:00.000|RESETCONTRACTDATE|2010-12-01 00:00:00.000|RESETFIXINGWEIGHT|-50000|RESETFIXINGVALUE||RESETHASPAIDYN|N|RESETID|8|RESETFLOWID|5|RESETFIXINGDATE|2010-11-10 00:00:00.000|RESETCONTRACTDATE|2010-12-01 00:00:00.000|RESETFIXINGWEIGHT|-50000|RESETFIXINGVALUE||RESETHASPAIDYN|N|RESETID|9|RESETFLOWID|5|RESETFIXINGDATE|2010-11-11 00:00:00.000|RESETCONTRACTDATE|2010-12-01 00:00:00.000|RESETFIXINGWEIGHT|-50000|RESETFIXINGVALUE||RESETHASPAIDYN|N|RESETID|10|RESETFLOWID|5|RESETFIXINGDATE|2010-11-12 00:00:00.000|RESETCONTRACTDATE|2010-12-01 00:00:00.000|RESETFIXINGWEIGHT|-50000|RESETFIXINGVALUE||RESETHASPAIDYN|N|RESETID|11|RESETFLOWID|5|RESETFIXINGDATE|2010-11-15 00:00:00.000|RESETCONTRACTDATE|2010-12-01 00:00:00.000|RESETFIXINGWEIGHT|-50000|RESETFIXINGVALUE||RESETHASPAIDYN|N|RESETID|12|RESETFLOWID|5|RESETFIXINGDATE|2010-11-16 00:00:00.000|RESETCONTRACTDATE|2010-12-01 00:00:00.000|RESETFIXINGWEIGHT|-50000|RESETFIXINGVALUE||RESETHASPAIDYN|N|RESETID|13|RESETFLOWID|5|RESETFIXINGDATE|2010-11-17 00:00:00.000|RESETCONTRACTDATE|2010-12-01 00:00:00.000|RESETFIXINGWEIGHT|-50000|RESETFIXINGVALUE||RESETHASPAIDYN|N|RESETID|14|RESETFLOWID|5|RESETFIXINGDATE|2010-11-18 00:00:00.000|RESETCONTRACTDATE|2010-12-01 00:00:00.000|RESETFIXINGWEIGHT|-50000|RESETFIXINGVALUE||RESETHASPAIDYN|N|RESETID|15|RESETFLOWID|5|RESETFIXINGDATE|2010-11-19 00:00:00.000|RESETCONTRACTDATE|2010-12-01 00:00:00.000|RESETFIXINGWEIGHT|-50000|RESETFIXINGVALUE||RESETHASPAIDYN|N|RESETID|16|RESETFLOWID|5|RESETFIXINGDATE|2010-11-22 00:00:00.000|RESETCONTRACTDATE|2010-12-01 00:00:00.000|RESETFIXINGWEIGHT|-50000|RESETFIXINGVALUE||RESETHASPAIDYN|N|RESETID|17|RESETFLOWID|5|RESETFIXINGDATE|2010-11-23 00:00:00.000|RESETCONTRACTDATE|2010-12-01 00:00:00.000|RESETFIXINGWEIGHT|-50000|RESETFIXINGVALUE||RESETHASPAIDYN|N|RESETID|18|RESETFLOWID|5|RESETFIXINGDATE|2010-11-24 00:00:00.000|RESETCONTRACTDATE|2010-12-01 00:00:00.000|RESETFIXINGWEIGHT|-50000|RESETFIXINGVALUE||RESETHASPAIDYN|N|RESETID|19|RESETFLOWID|5|RESETFIXINGDATE|2010-11-26 00:00:00.000|RESETCONTRACTDATE|2010-12-01 00:00:00.000|RESETFIXINGWEIGHT|-50000|RESETFIXINGVALUE||RESETHASPAIDYN|N|RESETID|20|RESETFLOWID|5|RESETFIXINGDATE|2010-11-29 00:00:00.000|RESETCONTRACTDATE|2010-12-01 00:00:00.000|RESETFIXINGWEIGHT|-50000|RESETFIXINGVALUE||RESETHASPAIDYN|N|RESETID|21|RESETFLOWID|5|RESETFIXINGDATE|2010-11-30 00:00:00.000|RESETCONTRACTDATE|2010-12-01 00:00:00.000|RESETFIXINGWEIGHT|-50000|RESETFIXINGVALUE||RESETHASPAIDYN|N|RESETID|1|RESETFLOWID|6|RESETFIXINGDATE|2010-12-01 00:00:00.000|RESETCONTRACTDATE|2011-01-01 00:00:00.000|RESETFIXINGWEIGHT|-47727.272727|RESETFIXINGVALUE||RESETHASPAIDYN|N|RESETID|2|RESETFLOWID|6|RESETFIXINGDATE|2010-12-02 00:00:00.000|RESETCONTRACTDATE|2011-01-01 00:00:00.000|RESETFIXINGWEIGHT|-47727.272727|RESETFIXINGVALUE||RESETHASPAIDYN|N|RESETID|3|RESETFLOWID|6|RESETFIXINGDATE|2010-12-03 00:00:00.000|RESETCONTRACTDATE|2011-01-01 00:00:00.000|RESETFIXINGWEIGHT|-47727.272727|RESETFIXINGVALUE||RESETHASPAIDYN|N|RESETID|4|RESETFLOWID|6|RESETFIXINGDATE|2010-12-06 00:00:00.000|RESETCONTRACTDATE|2011-01-01 00:00:00.000|RESETFIXINGWEIGHT|-47727.272727|RESETFIXINGVALUE||RESETHASPAIDYN|N|RESETID|5|RESETFLOWID|6|RESETFIXINGDATE|2010-12-07 00:00:00.000|RESETCONTRACTDATE|2011-01-01 00:00:00.000|RESETFIXINGWEIGHT|-47727.272727|RESETFIXINGVALUE||RESETHASPAIDYN|N|RESETID|6|RESETFLOWID|6|RESETFIXINGDATE|2010-12-08 00:00:00.000|RESETCONTRACTDATE|2011-01-01 00:00:00.000|RESETFIXINGWEIGHT|-47727.272727|RESETFIXINGVALUE||RESETHASPAIDYN|N|RESETID|7|RESETFLOWID|6|RESETFIXINGDATE|2010-12-09 00:00:00.000|RESETCONTRACTDATE|2011-01-01 00:00:00.000|RESETFIXINGWEIGHT|-47727.272727|RESETFIXINGVALUE||RESETHASPAIDYN|N|RESETID|8|RESETFLOWID|6|RESETFIXINGDATE|2010-12-10 00:00:00.000|RESETCONTRACTDATE|2011-01-01 00:00:00.000|RESETFIXINGWEIGHT|-47727.272727|RESETFIXINGVALUE||RESETHASPAIDYN|N|RESETID|9|RESETFLOWID|6|RESETFIXINGDATE|2010-12-13 00:00:00.000|RESETCONTRACTDATE|2011-01-01 00:00:00.000|RESETFIXINGWEIGHT|-47727.272727|RESETFIXINGVALUE||RESETHASPAIDYN|N|RESETID|10|RESETFLOWID|6|RESETFIXINGDATE|2010-12-14 00:00:00.000|RESETCONTRACTDATE|2011-01-01 00:00:00.000|RESETFIXINGWEIGHT|-47727.272727|RESETFIXINGVALUE||RESETHASPAIDYN|N|RESETID|11|RESETFLOWID|6|RESETFIXINGDATE|2010-12-15 00:00:00.000|RESETCONTRACTDATE|2011-01-01 00:00:00.000|RESETFIXINGWEIGHT|-47727.272727|RESETFIXINGVALUE||RESETHASPAIDYN|N|RESETID|12|RESETFLOWID|6|RESETFIXINGDATE|2010-12-16 00:00:00.000|RESETCONTRACTDATE|2011-01-01 00:00:00.000|RESETFIXINGWEIGHT|-47727.272727|RESETFIXINGVALUE||RESETHASPAIDYN|N|RESETID|13|RESETFLOWID|6|RESETFIXINGDATE|2010-12-17 00:00:00.000|RESETCONTRACTDATE|2011-01-01 00:00:00.000|RESETFIXINGWEIGHT|-47727.272727|RESETFIXINGVALUE||RESETHASPAIDYN|N|RESETID|14|RESETFLOWID|6|RESETFIXINGDATE|2010-12-20 00:00:00.000|RESETCONTRACTDATE|2011-01-01 00:00:00.000|RESETFIXINGWEIGHT|-47727.272727|RESETFIXINGVALUE||RESETHASPAIDYN|N|RESETID|15|RESETFLOWID|6|RESETFIXINGDATE|2010-12-21 00:00:00.000|RESETCONTRACTDATE|2011-01-01 00:00:00.000|RESETFIXINGWEIGHT|-47727.272727|RESETFIXINGVALUE||RESETHASPAIDYN|N|RESETID|16|RESETFLOWID|6|RESETFIXINGDATE|2010-12-22 00:00:00.000|RESETCONTRACTDATE|2011-01-01 00:00:00.000|RESETFIXINGWEIGHT|-47727.272727|RESETFIXINGVALUE||RESETHASPAIDYN|N|RESETID|17|RESETFLOWID|6|RESETFIXINGDATE|2010-12-23 00:00:00.000|RESETCONTRACTDATE|2011-01-01 00:00:00.000|RESETFIXINGWEIGHT|-47727.272727|RESETFIXINGVALUE||RESETHASPAIDYN|N|RESETID|18|RESETFLOWID|6|RESETFIXINGDATE|2010-12-27 00:00:00.000|RESETCONTRACTDATE|2011-01-01 00:00:00.000|RESETFIXINGWEIGHT|-47727.272727|RESETFIXINGVALUE||RESETHASPAIDYN|N|RESETID|19|RESETFLOWID|6|RESETFIXINGDATE|2010-12-28 00:00:00.000|RESETCONTRACTDATE|2011-01-01 00:00:00.000|RESETFIXINGWEIGHT|-47727.272727|RESETFIXINGVALUE||RESETHASPAIDYN|N|RESETID|20|RESETFLOWID|6|RESETFIXINGDATE|2010-12-29 00:00:00.000|RESETCONTRACTDATE|2011-01-01 00:00:00.000|RESETFIXINGWEIGHT|-47727.272727|RESETFIXINGVALUE||RESETHASPAIDYN|N|RESETID|21|RESETFLOWID|6|RESETFIXINGDATE|2010-12-30 00:00:00.000|RESETCONTRACTDATE|2011-01-01 00:00:00.000|RESETFIXINGWEIGHT|-47727.272727|RESETFIXINGVALUE||RESETHASPAIDYN|N|RESETID|22|RESETFLOWID|6|RESETFIXINGDATE|2010-12-31 00:00:00.000|RESETCONTRACTDATE|2011-01-01 00:00:00.000|RESETFIXINGWEIGHT|-47727.272727|RESETFIXINGVALUE||RESETHASPAIDYN|N|BOOK_CPTY_CDRMNEMONIC||PROFIT_CENTRE||BOOKBRANCHPARENT|Commodities|HIGH_LEVEL_CPTY_CDRMNEMONIC||HIGH_LEVEL_BOOK_CPTY_CDRM||BOOK_CPYT_SRC_SYSTEM|RMS|SUBBRANCH|LDN|CPTY_CDRMNEMONIC||AMI_CODE|0840|BOOK_CPTY|OILEXOUS|PUBLICATIONTIME|2010-09-24 15:58:24.217|DBLEGALENTITY|London|ISLIVEYN|Y</Text>
</Message>
