<?xml version="1.0" encoding="UTF-8"?>
<Message>
    <SystemInfo>
        <JMSDestination>Topic[exodus.pipe.demo]</JMSDestination>
        <JMSReplyTo/>
        <JMSDeliveryMode>2</JMSDeliveryMode>
        <JMSRedelivered>false</JMSRedelivered>
        <JMSCorrelationID>null</JMSCorrelationID>
        <JMSType>null</JMSType>
        <JMSTimestamp>1285343828352</JMSTimestamp>
        <JMSExpiration>0</JMSExpiration>
        <JMSPriority>4</JMSPriority>
    </SystemInfo>
    <ApplicationInfo>
        <SYSTEMID>234100111</SYSTEMID>
        <TRADEGROUP>COMMODITYONELEG</TRADEGROUP>
        <VERSION>24</VERSION>
        <COUNTERPARTY>KEYBANK_BU</COUNTERPARTY>
        <MESSAGE_TYPE>RMS_TRADE</MESSAGE_TYPE>
        <TRADETYPE>EnergyEuroOpt</TRADETYPE>
        <BOOK>OILEXOUS2</BOOK>
        <ACTION>CouponPaid</ACTION>
        <STATUS>Open</STATUS>
    </ApplicationInfo>
    <Text>SYSTEMID|234100111|TRADETYPE|EnergyEuroOpt|TRADEID|OL10002795-2|SOURCESYSTEM|RMS|BOOK|OILEXOUS2|BLOTTER||COUNTERPARTY|KEYBANK_BU|COUNTERPARTYSOURCESYSTEM|OPENLINK|DBICOUNTERPARTYID||CUSTOMER|KEYBANK_BU|CUSTOMERSOURCESYSTEM|OPENLINK|STATUS|Open|PREMIUMCURRENCY|USD|PREMIUMAMOUNT|1864.81|PREMIUMDATE|2009-11-25 00:00:00.000|PREMIUMHASPAIDYN|Y|UNWINDRATE||UNWINDPREMIUMCURRENCY||UNWINDPREMIUMAMOUNT||UNWINDPREMIUMDATE||MARGINPAYMENTCURRENCY||MARGINPAYMENTAMOUNT||CONTRACTCODE|HOL|CURRENCY|USD|STARTCONTRACTDATE|AUG10|ENDCONTRACTDATE|2010-08-01 00:00:00.000|DAILYNOTIONAL||PERIODNOTIONAL|-8400.04|TOTALNOTIONAL|-8400.04|STRIKE|2.1181|SPREAD|0|AVERAGINGSTYLE|Weighted|NUMFLOWSHAVEPAID|14|EXPIRYDATE|2010-08-31 00:00:00.000|CP|C|BUYSELL||SETTLEMENTDATE||FREQUENCY|1D|PAYMENTCITIES|NYMEX|FIXINGCITIES|NYMEX|LASTTRADINGDATEOFFSET|0|PROMPTCONTRACTOFFSET|1|UNITS|GAL|UNITCONVERSIONFACTOR|1|UNDISCOUNTEDYN|N|MODELTYPE|MR|PRODUCTID|227378451|PRODUCTVERSION|1|PRODUCTLEGID||STRUCTUREID|135145435|TRADEDATE|2009-11-23 00:00:00.000|LASTUPDATED|2010-09-09 06:49:22.000|ACTION|CouponPaid|ACTIONEFFECTIVEDATE|2010-09-09 00:00:00.000|SOURCESYSTEMBOOK|OILEXOUS|SOURCESYSTEMPROFITCENTRE||SALESPERSON||TRADER||ENTEREDBY|dalbcol|FUNDSPLITID||FUNDSPLITVERSION||STRUCTURENAME|10002787|MARKUPAMT||MARKUPCCY||MARKUPLOCATION||ATRISKAMT||ATRISKCCY||ATRISKLOCATION||ATRISKINDICATOR||REASON||NOTES|OpenLink Status: Validated|BROKER|SALES|BROKERAMT||BROKERCCY||LINKSYSTEMID||LINKTYPE||SOURCESYSTEMID|10458326|DATECREATED|2009-11-24 03:18:39.000|CONFIRMAS||VERSION|24|CANCELSSOURCESYSTEMID||CANCELLEDBYSOURCESYSTEMID||CANCELLINGHALFSOURCESYSTEMID||CORRECTSSOURCESYSTEMID||CORRECTEDBYSOURCESYSTEMID||CLOSESSOURCESYSTEMID||CLOSEDBYSOURCESYSTEMID||EXERCISEDINTOSOURCESYSTEMID||EXERCISEDFROMSOURCESYSTEMID||LATESTVERSIONYN|N|CLOSINGDATE||LEGALENTITY|London|DEALCAPTURESYSTEM|OpenLink|DEALCAPTURESYSTEMID|OL10002795|BOOKINGLOCATION|Commodities|PRODUCTTYPE||PRODUCTINSTANCE||BACKOFFICESYSTEM|OpenLink|BACKOFFICESYSTEMID|10002795|VERSIONVALIDUNTILDATE|2010-09-09 06:49:22.000|TRADEEXTRADETAILID||TRADEEXTRADETAILVERSION||TRADECLASSIFICATION|1|DEALCAPTURESALESUSER||FUNDSPLITALLOCATIONID||FUNDSPLITALLOCATIONLEGID||TEARUPID||ELECTEDCONFIRMATIONSYSTEM||ELECTEDCONFIRMATIONRULEID||PREVIOUSCONFIRMATIONSYSTEM||ELECTEDSETTLEMENTSYSTEM||ELECTEDSETTLEMENTRULEID||PREVIOUSSETTLEMENTSYSTEM||ACCCURRENCY|USD|CALCULATIONAGENT|DB|BACKOFFICEPROCESSING||BACKOFFICEACCEPTED||BACKOFFICEENDDATE||BACKOFFICEEVENT||BACKOFFICEBRANCHACCEPTED||BACKOFFICEBRANCHEVENT||ASSETLOCATION||TRADETABLE|COMMODITYONELEG|USERENTEREDTRADEDATE||UNDERCURRENCY||NOTIONAL||OPTIONRATETERM||PRODUCTNOTIONAL||STRIKEFIXINGDATE||STRIKEFIXINGPERCENTAGE||FUTURESEXPIRYDATE||OPTIONEXPIRYDATE||CASHSETTLEDYN||USERDATA||CONTRACTCURRENCY|USD|LOTSNOTIONAL|-8400.04|BARRIER||BARRIERDIRECTION||BARRIERSTARTDATE||BARRIERENDDATE||FIXRAW_PERIODNOTIONAL||FIXRAW_ACCCURRENCY||PRODUCTTYPEID|////|FLOWID|1|FLOWFIXINGDATE|2010-08-02 00:00:00.000|FLOWCONTRACTDATE|2010-08-01 00:00:00.000|FLOWNUMBEROFCONTRACTS|-0.009091|FLOWNOTIONAL|-381.82|FLOWCP||FLOWSTRIKE|2.1181|FLOWSPREAD|0|FLOWPAYMENTDATE|2010-09-08 00:00:00.000|FLOWFIXING|2.1538|FLOWHASPAID|Y|FLOWID|2|FLOWFIXINGDATE|2010-08-03 00:00:00.000|FLOWCONTRACTDATE|2010-08-01 00:00:00.000|FLOWNUMBEROFCONTRACTS|-0.009091|FLOWNOTIONAL|-381.82|FLOWCP||FLOWSTRIKE|2.1181|FLOWSPREAD|0|FLOWPAYMENTDATE|2010-09-08 00:00:00.000|FLOWFIXING|2.2|FLOWHASPAID|Y|FLOWID|3|FLOWFIXINGDATE|2010-08-04 00:00:00.000|FLOWCONTRACTDATE|2010-08-01 00:00:00.000|FLOWNUMBEROFCONTRACTS|-0.009091|FLOWNOTIONAL|-381.82|FLOWCP||FLOWSTRIKE|2.1181|FLOWSPREAD|0|FLOWPAYMENTDATE|2010-09-08 00:00:00.000|FLOWFIXING|2.2022|FLOWHASPAID|Y|FLOWID|4|FLOWFIXINGDATE|2010-08-05 00:00:00.000|FLOWCONTRACTDATE|2010-08-01 00:00:00.000|FLOWNUMBEROFCONTRACTS|-0.009091|FLOWNOTIONAL|-381.82|FLOWCP||FLOWSTRIKE|2.1181|FLOWSPREAD|0|FLOWPAYMENTDATE|2010-09-08 00:00:00.000|FLOWFIXING|2.1868|FLOWHASPAID|Y|FLOWID|5|FLOWFIXINGDATE|2010-08-06 00:00:00.000|FLOWCONTRACTDATE|2010-08-01 00:00:00.000|FLOWNUMBEROFCONTRACTS|-0.009091|FLOWNOTIONAL|-381.82|FLOWCP||FLOWSTRIKE|2.1181|FLOWSPREAD|0|FLOWPAYMENTDATE|2010-09-08 00:00:00.000|FLOWFIXING|2.1472|FLOWHASPAID|Y|FLOWID|6|FLOWFIXINGDATE|2010-08-09 00:00:00.000|FLOWCONTRACTDATE|2010-08-01 00:00:00.000|FLOWNUMBEROFCONTRACTS|-0.009091|FLOWNOTIONAL|-381.82|FLOWCP||FLOWSTRIKE|2.1181|FLOWSPREAD|0|FLOWPAYMENTDATE|2010-09-08 00:00:00.000|FLOWFIXING|2.1538|FLOWHASPAID|Y|FLOWID|7|FLOWFIXINGDATE|2010-08-10 00:00:00.000|FLOWCONTRACTDATE|2010-08-01 00:00:00.000|FLOWNUMBEROFCONTRACTS|-0.009091|FLOWNOTIONAL|-381.82|FLOWCP||FLOWSTRIKE|2.1181|FLOWSPREAD|0|FLOWPAYMENTDATE|2010-09-08 00:00:00.000|FLOWFIXING|2.1254|FLOWHASPAID|Y|FLOWID|8|FLOWFIXINGDATE|2010-08-11 00:00:00.000|FLOWCONTRACTDATE|2010-08-01 00:00:00.000|FLOWNUMBEROFCONTRACTS|-0.009091|FLOWNOTIONAL|-381.82|FLOWCP||FLOWSTRIKE|2.1181|FLOWSPREAD|0|FLOWPAYMENTDATE|2010-09-08 00:00:00.000|FLOWFIXING|2.0752|FLOWHASPAID|Y|FLOWID|9|FLOWFIXINGDATE|2010-08-12 00:00:00.000|FLOWCONTRACTDATE|2010-08-01 00:00:00.000|FLOWNUMBEROFCONTRACTS|-0.009091|FLOWNOTIONAL|-381.82|FLOWCP||FLOWSTRIKE|2.1181|FLOWSPREAD|0|FLOWPAYMENTDATE|2010-09-08 00:00:00.000|FLOWFIXING|2.0015|FLOWHASPAID|Y|FLOWID|10|FLOWFIXINGDATE|2010-08-13 00:00:00.000|FLOWCONTRACTDATE|2010-08-01 00:00:00.000|FLOWNUMBEROFCONTRACTS|-0.009091|FLOWNOTIONAL|-381.82|FLOWCP||FLOWSTRIKE|2.1181|FLOWSPREAD|0|FLOWPAYMENTDATE|2010-09-08 00:00:00.000|FLOWFIXING|1.9956|FLOWHASPAID|Y|FLOWID|11|FLOWFIXINGDATE|2010-08-16 00:00:00.000|FLOWCONTRACTDATE|2010-08-01 00:00:00.000|FLOWNUMBEROFCONTRACTS|-0.009091|FLOWNOTIONAL|-381.82|FLOWCP||FLOWSTRIKE|2.1181|FLOWSPREAD|0|FLOWPAYMENTDATE|2010-09-08 00:00:00.000|FLOWFIXING|1.9888|FLOWHASPAID|Y|FLOWID|12|FLOWFIXINGDATE|2010-08-17 00:00:00.000|FLOWCONTRACTDATE|2010-08-01 00:00:00.000|FLOWNUMBEROFCONTRACTS|-0.009091|FLOWNOTIONAL|-381.82|FLOWCP||FLOWSTRIKE|2.1181|FLOWSPREAD|0|FLOWPAYMENTDATE|2010-09-08 00:00:00.000|FLOWFIXING|2.0259|FLOWHASPAID|Y|FLOWID|13|FLOWFIXINGDATE|2010-08-18 00:00:00.000|FLOWCONTRACTDATE|2010-08-01 00:00:00.000|FLOWNUMBEROFCONTRACTS|-0.009091|FLOWNOTIONAL|-381.82|FLOWCP||FLOWSTRIKE|2.1181|FLOWSPREAD|0|FLOWPAYMENTDATE|2010-09-08 00:00:00.000|FLOWFIXING|2.0249|FLOWHASPAID|Y|FLOWID|14|FLOWFIXINGDATE|2010-08-19 00:00:00.000|FLOWCONTRACTDATE|2010-08-01 00:00:00.000|FLOWNUMBEROFCONTRACTS|-0.009091|FLOWNOTIONAL|-381.82|FLOWCP||FLOWSTRIKE|2.1181|FLOWSPREAD|0|FLOWPAYMENTDATE|2010-09-08 00:00:00.000|FLOWFIXING|2.0007|FLOWHASPAID|Y|FLOWID|15|FLOWFIXINGDATE|2010-08-20 00:00:00.000|FLOWCONTRACTDATE|2010-08-01 00:00:00.000|FLOWNUMBEROFCONTRACTS|-0.009091|FLOWNOTIONAL|-381.82|FLOWCP||FLOWSTRIKE|2.1181|FLOWSPREAD|0|FLOWPAYMENTDATE|2010-09-08 00:00:00.000|FLOWFIXING||FLOWHASPAID|N|FLOWID|16|FLOWFIXINGDATE|2010-08-23 00:00:00.000|FLOWCONTRACTDATE|2010-08-01 00:00:00.000|FLOWNUMBEROFCONTRACTS|-0.009091|FLOWNOTIONAL|-381.82|FLOWCP||FLOWSTRIKE|2.1181|FLOWSPREAD|0|FLOWPAYMENTDATE|2010-09-08 00:00:00.000|FLOWFIXING||FLOWHASPAID|N|FLOWID|17|FLOWFIXINGDATE|2010-08-24 00:00:00.000|FLOWCONTRACTDATE|2010-08-01 00:00:00.000|FLOWNUMBEROFCONTRACTS|-0.009091|FLOWNOTIONAL|-381.82|FLOWCP||FLOWSTRIKE|2.1181|FLOWSPREAD|0|FLOWPAYMENTDATE|2010-09-08 00:00:00.000|FLOWFIXING||FLOWHASPAID|N|FLOWID|18|FLOWFIXINGDATE|2010-08-25 00:00:00.000|FLOWCONTRACTDATE|2010-08-01 00:00:00.000|FLOWNUMBEROFCONTRACTS|-0.009091|FLOWNOTIONAL|-381.82|FLOWCP||FLOWSTRIKE|2.1181|FLOWSPREAD|0|FLOWPAYMENTDATE|2010-09-08 00:00:00.000|FLOWFIXING||FLOWHASPAID|N|FLOWID|19|FLOWFIXINGDATE|2010-08-26 00:00:00.000|FLOWCONTRACTDATE|2010-08-01 00:00:00.000|FLOWNUMBEROFCONTRACTS|-0.009091|FLOWNOTIONAL|-381.82|FLOWCP||FLOWSTRIKE|2.1181|FLOWSPREAD|0|FLOWPAYMENTDATE|2010-09-08 00:00:00.000|FLOWFIXING||FLOWHASPAID|N|FLOWID|20|FLOWFIXINGDATE|2010-08-27 00:00:00.000|FLOWCONTRACTDATE|2010-08-01 00:00:00.000|FLOWNUMBEROFCONTRACTS|-0.009091|FLOWNOTIONAL|-381.82|FLOWCP||FLOWSTRIKE|2.1181|FLOWSPREAD|0|FLOWPAYMENTDATE|2010-09-08 00:00:00.000|FLOWFIXING||FLOWHASPAID|N|FLOWID|21|FLOWFIXINGDATE|2010-08-30 00:00:00.000|FLOWCONTRACTDATE|2010-08-01 00:00:00.000|FLOWNUMBEROFCONTRACTS|-0.009091|FLOWNOTIONAL|-381.82|FLOWCP||FLOWSTRIKE|2.1181|FLOWSPREAD|0|FLOWPAYMENTDATE|2010-09-08 00:00:00.000|FLOWFIXING||FLOWHASPAID|N|FLOWID|22|FLOWFIXINGDATE|2010-08-31 00:00:00.000|FLOWCONTRACTDATE|2010-08-01 00:00:00.000|FLOWNUMBEROFCONTRACTS|-0.009091|FLOWNOTIONAL|-381.82|FLOWCP||FLOWSTRIKE|2.1181|FLOWSPREAD|0|FLOWPAYMENTDATE|2010-09-08 00:00:00.000|FLOWFIXING||FLOWHASPAID|N|RESETID|1|RESETFLOWID|1|RESETFIXINGDATE|2010-08-02 00:00:00.000|RESETCONTRACTDATE|2010-09-01 00:00:00.000|RESETFIXINGWEIGHT|-381.82|RESETFIXINGVALUE||RESETHASPAIDYN|Y|RESETID|1|RESETFLOWID|2|RESETFIXINGDATE|2010-08-03 00:00:00.000|RESETCONTRACTDATE|2010-09-01 00:00:00.000|RESETFIXINGWEIGHT|-381.82|RESETFIXINGVALUE||RESETHASPAIDYN|Y|RESETID|1|RESETFLOWID|3|RESETFIXINGDATE|2010-08-04 00:00:00.000|RESETCONTRACTDATE|2010-09-01 00:00:00.000|RESETFIXINGWEIGHT|-381.82|RESETFIXINGVALUE||RESETHASPAIDYN|Y|RESETID|1|RESETFLOWID|4|RESETFIXINGDATE|2010-08-05 00:00:00.000|RESETCONTRACTDATE|2010-09-01 00:00:00.000|RESETFIXINGWEIGHT|-381.82|RESETFIXINGVALUE||RESETHASPAIDYN|Y|RESETID|1|RESETFLOWID|5|RESETFIXINGDATE|2010-08-06 00:00:00.000|RESETCONTRACTDATE|2010-09-01 00:00:00.000|RESETFIXINGWEIGHT|-381.82|RESETFIXINGVALUE||RESETHASPAIDYN|Y|RESETID|1|RESETFLOWID|6|RESETFIXINGDATE|2010-08-09 00:00:00.000|RESETCONTRACTDATE|2010-09-01 00:00:00.000|RESETFIXINGWEIGHT|-381.82|RESETFIXINGVALUE||RESETHASPAIDYN|Y|RESETID|1|RESETFLOWID|7|RESETFIXINGDATE|2010-08-10 00:00:00.000|RESETCONTRACTDATE|2010-09-01 00:00:00.000|RESETFIXINGWEIGHT|-381.82|RESETFIXINGVALUE||RESETHASPAIDYN|Y|RESETID|1|RESETFLOWID|8|RESETFIXINGDATE|2010-08-11 00:00:00.000|RESETCONTRACTDATE|2010-09-01 00:00:00.000|RESETFIXINGWEIGHT|-381.82|RESETFIXINGVALUE||RESETHASPAIDYN|Y|RESETID|1|RESETFLOWID|9|RESETFIXINGDATE|2010-08-12 00:00:00.000|RESETCONTRACTDATE|2010-09-01 00:00:00.000|RESETFIXINGWEIGHT|-381.82|RESETFIXINGVALUE||RESETHASPAIDYN|Y|RESETID|1|RESETFLOWID|10|RESETFIXINGDATE|2010-08-13 00:00:00.000|RESETCONTRACTDATE|2010-09-01 00:00:00.000|RESETFIXINGWEIGHT|-381.82|RESETFIXINGVALUE||RESETHASPAIDYN|Y|RESETID|1|RESETFLOWID|11|RESETFIXINGDATE|2010-08-16 00:00:00.000|RESETCONTRACTDATE|2010-09-01 00:00:00.000|RESETFIXINGWEIGHT|-381.82|RESETFIXINGVALUE||RESETHASPAIDYN|Y|RESETID|1|RESETFLOWID|12|RESETFIXINGDATE|2010-08-17 00:00:00.000|RESETCONTRACTDATE|2010-09-01 00:00:00.000|RESETFIXINGWEIGHT|-381.82|RESETFIXINGVALUE||RESETHASPAIDYN|Y|RESETID|1|RESETFLOWID|13|RESETFIXINGDATE|2010-08-18 00:00:00.000|RESETCONTRACTDATE|2010-09-01 00:00:00.000|RESETFIXINGWEIGHT|-381.82|RESETFIXINGVALUE||RESETHASPAIDYN|Y|RESETID|1|RESETFLOWID|14|RESETFIXINGDATE|2010-08-19 00:00:00.000|RESETCONTRACTDATE|2010-09-01 00:00:00.000|RESETFIXINGWEIGHT|-381.82|RESETFIXINGVALUE||RESETHASPAIDYN|Y|RESETID|1|RESETFLOWID|15|RESETFIXINGDATE|2010-08-20 00:00:00.000|RESETCONTRACTDATE|2010-09-01 00:00:00.000|RESETFIXINGWEIGHT|-381.82|RESETFIXINGVALUE||RESETHASPAIDYN|N|RESETID|1|RESETFLOWID|16|RESETFIXINGDATE|2010-08-23 00:00:00.000|RESETCONTRACTDATE|2010-09-01 00:00:00.000|RESETFIXINGWEIGHT|-381.82|RESETFIXINGVALUE||RESETHASPAIDYN|N|RESETID|1|RESETFLOWID|17|RESETFIXINGDATE|2010-08-24 00:00:00.000|RESETCONTRACTDATE|2010-09-01 00:00:00.000|RESETFIXINGWEIGHT|-381.82|RESETFIXINGVALUE||RESETHASPAIDYN|N|RESETID|1|RESETFLOWID|18|RESETFIXINGDATE|2010-08-25 00:00:00.000|RESETCONTRACTDATE|2010-09-01 00:00:00.000|RESETFIXINGWEIGHT|-381.82|RESETFIXINGVALUE||RESETHASPAIDYN|N|RESETID|1|RESETFLOWID|19|RESETFIXINGDATE|2010-08-26 00:00:00.000|RESETCONTRACTDATE|2010-09-01 00:00:00.000|RESETFIXINGWEIGHT|-381.82|RESETFIXINGVALUE||RESETHASPAIDYN|N|RESETID|1|RESETFLOWID|20|RESETFIXINGDATE|2010-08-27 00:00:00.000|RESETCONTRACTDATE|2010-09-01 00:00:00.000|RESETFIXINGWEIGHT|-381.82|RESETFIXINGVALUE||RESETHASPAIDYN|N|RESETID|1|RESETFLOWID|21|RESETFIXINGDATE|2010-08-30 00:00:00.000|RESETCONTRACTDATE|2010-09-01 00:00:00.000|RESETFIXINGWEIGHT|-381.82|RESETFIXINGVALUE||RESETHASPAIDYN|N|RESETID|1|RESETFLOWID|22|RESETFIXINGDATE|2010-08-31 00:00:00.000|RESETCONTRACTDATE|2010-09-01 00:00:00.000|RESETFIXINGWEIGHT|-381.82|RESETFIXINGVALUE||RESETHASPAIDYN|N|BOOK_CPTY_CDRMNEMONIC||PROFIT_CENTRE||BOOKBRANCHPARENT|Commodities|HIGH_LEVEL_CPTY_CDRMNEMONIC||HIGH_LEVEL_BOOK_CPTY_CDRM||BOOK_CPYT_SRC_SYSTEM||SUBBRANCH|LDN|CPTY_CDRMNEMONIC||AMI_CODE|0840|BOOK_CPTY||PUBLICATIONTIME|2010-09-24 15:57:08.334|DBLEGALENTITY|London|ISLIVEYN|Y</Text>
</Message>
