<?xml version="1.0" encoding="UTF-8"?>
<Message>
    <SystemInfo>
        <JMSDestination>Topic[exodus.pipe.demo]</JMSDestination>
        <JMSReplyTo/>
        <JMSDeliveryMode>2</JMSDeliveryMode>
        <JMSRedelivered>false</JMSRedelivered>
        <JMSCorrelationID>null</JMSCorrelationID>
        <JMSType>null</JMSType>
        <JMSTimestamp>1285343883164</JMSTimestamp>
        <JMSExpiration>0</JMSExpiration>
        <JMSPriority>4</JMSPriority>
    </SystemInfo>
    <ApplicationInfo>
        <SYSTEMID>175372468</SYSTEMID>
        <TRADEGROUP>COMMODITYTWOLEG</TRADEGROUP>
        <VERSION>103</VERSION>
        <COUNTERPARTY>ICE_BU</COUNTERPARTY>
        <MESSAGE_TYPE>RMS_TRADE</MESSAGE_TYPE>
        <TRADETYPE>EnergyClearedSwap</TRADETYPE>
        <BOOK>OILEXOE16</BOOK>
        <ACTION>Economic</ACTION>
        <STATUS>Open</STATUS>
    </ApplicationInfo>
    <Text>SYSTEMID|175372468|TRADETYPE|EnergyClearedSwap|TRADEID|100733080POS|SOURCESYSTEM|RMS|BOOK|OILEXOE16|BLOTTER||COUNTERPARTY|ICE_BU|COUNTERPARTYSOURCESYSTEM|RMS|DBICOUNTERPARTYID||CUSTOMER|ICE_BU|CUSTOMERSOURCESYSTEM|RMS|STATUS|Open|PREMIUMCURRENCY||PREMIUMAMOUNT||PREMIUMDATE||PREMIUMHASPAIDYN||UNWINDRATE||UNWINDPREMIUMCURRENCY||UNWINDPREMIUMAMOUNT||UNWINDPREMIUMDATE||MARGINPAYMENTCURRENCY||MARGINPAYMENTAMOUNT||LEG1CONTRACTCODE|WTI|LEG1CURRENCY|USD|LEG1STARTCONTRACTDATE|2010-12-01 00:00:00.000|LEG1ENDCONTRACTDATE|2010-12-01 00:00:00.000|LEG1DAILYNOTIONAL||LEG1PERIODNOTIONAL|13444000|LEG1TOTALNOTIONAL|13444000|LEG1STRIKE||LEG1SPREAD|0|LEG1NUMFLOWSHAVEPAID|0|LEG1AVERAGINGSTYLE|Unweighted|LEG1FLOATINGYN|Y|LEG1FREQUENCY|1M|LEG1PAYMENTCITIES|NYC|LEG1FIXINGCITIES|NYMEX|LEG1LASTTRADINGDATEOFFSET|0|LEG1PROMPTCONTRACTOFFSET|1|LEG1UNITS|BBL|LEG1UNITCONVERSIONFACTOR|1|LEG1UNDISCOUNTEDYN|Y|LEG2CONTRACTCODE|WTI|LEG2CURRENCY|USD|LEG2STARTCONTRACTDATE|2010-12-01 00:00:00.000|LEG2ENDCONTRACTDATE|2010-12-01 00:00:00.000|LEG2DAILYNOTIONAL||LEG2PERIODNOTIONAL|-13444000|LEG2TOTALNOTIONAL|-13444000|LEG2STRIKE||LEG2SPREAD|82.833394079143112168997322225528116632|LEG2NUMFLOWSHAVEPAID|0|LEG2AVERAGINGSTYLE|Unweighted|LEG2FLOATINGYN|N|LEG2FREQUENCY|1M|LEG2PAYMENTCITIES|NYC|LEG2FIXINGCITIES|NYMEX|LEG2LASTTRADINGDATEOFFSET|0|LEG2PROMPTCONTRACTOFFSET|1|LEG2UNITS|BBL|LEG2UNITCONVERSIONFACTOR|1|LEG2UNDISCOUNTEDYN|Y|EXPIRYDATE||CP||BUYSELL||SETTLEMENTDATE||MODELTYPE||PRODUCTID|169877618|PRODUCTVERSION|1|PRODUCTLEGID||STRUCTUREID|100733080|TRADEDATE|2008-11-22 00:00:00.000|LASTUPDATED|2010-09-18 06:32:55.000|ACTION|Economic|ACTIONEFFECTIVEDATE|2010-09-18 06:32:55.000|SOURCESYSTEMBOOK|OILEXOE16|SOURCESYSTEMPROFITCENTRE||SALESPERSON||TRADER||ENTEREDBY|RMS_OWNER|FUNDSPLITID||FUNDSPLITVERSION||STRUCTURENAME|LongPosition|MARKUPAMT||MARKUPCCY||MARKUPLOCATION||ATRISKAMT||ATRISKCCY||ATRISKLOCATION||ATRISKINDICATOR||REASON|AggregatePos|NOTES|Aggregated EnergyCSPosition of WTI_ICE (DEC10 18-NOV-10 ) - DO NOT AMEND!|BROKER||BROKERAMT||BROKERCCY||LINKSYSTEMID||LINKTYPE||SOURCESYSTEMID|175372468|DATECREATED|2008-11-22 21:46:04.000|CONFIRMAS||VERSION|103|CANCELSSOURCESYSTEMID||CANCELLEDBYSOURCESYSTEMID||CANCELLINGHALFSOURCESYSTEMID||CORRECTSSOURCESYSTEMID||CORRECTEDBYSOURCESYSTEMID||CLOSESSOURCESYSTEMID||CLOSEDBYSOURCESYSTEMID||EXERCISEDINTOSOURCESYSTEMID||EXERCISEDFROMSOURCESYSTEMID||LATESTVERSIONYN|Y|CLOSINGDATE||LEGALENTITY|DB AG London|DEALCAPTURESYSTEM|EnergyCSAggregation|DEALCAPTURESYSTEMID|175372468|BOOKINGLOCATION|London|PRODUCTTYPE||PRODUCTINSTANCE||BACKOFFICESYSTEM||BACKOFFICESYSTEMID||VERSIONVALIDUNTILDATE||TRADEEXTRADETAILID||TRADEEXTRADETAILVERSION||TRADECLASSIFICATION|1|DEALCAPTURESALESUSER||FUNDSPLITALLOCATIONID||FUNDSPLITALLOCATIONLEGID||TEARUPID||ELECTEDCONFIRMATIONSYSTEM||ELECTEDCONFIRMATIONRULEID||PREVIOUSCONFIRMATIONSYSTEM||ELECTEDSETTLEMENTSYSTEM||ELECTEDSETTLEMENTRULEID||PREVIOUSSETTLEMENTSYSTEM||ACCCURRENCY||CALCULATIONAGENT|DB|BACKOFFICEPROCESSING||BACKOFFICEACCEPTED||BACKOFFICEENDDATE||BACKOFFICEEVENT||BACKOFFICEBRANCHACCEPTED||BACKOFFICEBRANCHEVENT||ASSETLOCATION||TRADETABLE|COMMODITYTWOLEG|USERENTEREDTRADEDATE||LEG1CONTRACTCURRENCY|USD|LEG2CONTRACTCURRENCY|USD|PRODUCTTYPEID|////|RESETID|1|RESETLEGNUMBER|1|RESETFLOWID|1|RESETFIXINGDATE|2010-11-18 00:00:00.000|RESETCONTRACTDATE|2010-12-01 00:00:00.000|RESETFIXINGWEIGHT|13444000|RESETFIXINGVALUE||RESETFLOWFIRSTFIXINGDATE|2010-11-18 00:00:00.000|RESETCOMPRESSIONSTATUS|N|RESETCONTRACTCODE|WTI|RESETHASPAIDYN|N|LEG1FLOWID|1|LEG1FLOWFIXINGDATE|2010-11-18 00:00:00.000|LEG1FLOWCONTRACTDATE|2010-12-01 00:00:00.000|LEG1FLOWNUMBEROFCONTRACTS|13444|LEG1FLOWNOTIONAL|13444000|LEG1FLOWCP||LEG1FLOWSPREAD|0|LEG1FLOWPAYMENTDATE|2010-11-26 00:00:00.000|LEG1FLOWFIXING||LEG1FLOWHASPAID|N|LEG2FLOWID|1|LEG2FLOWFIXINGDATE|2010-11-18 00:00:00.000|LEG2FLOWCONTRACTDATE|2010-12-01 00:00:00.000|LEG2FLOWNUMBEROFCONTRACTS|-13444|LEG2FLOWNOTIONAL|-13444000|LEG2FLOWCP||LEG2FLOWSPREAD|82.833394079143112168997322225528116632|LEG2FLOWPAYMENTDATE|2010-11-26 00:00:00.000|LEG2FLOWFIXING|82.833394079143112168997322225528116632|LEG2FLOWHASPAID|N|BOOK_CPTY_CDRMNEMONIC||PROFIT_CENTRE||BOOKBRANCHPARENT|Commodities|HIGH_LEVEL_CPTY_CDRMNEMONIC||HIGH_LEVEL_BOOK_CPTY_CDRM||BOOK_CPYT_SRC_SYSTEM|RMS|SUBBRANCH|LDN|CPTY_CDRMNEMONIC||AMI_CODE|0840|BOOK_CPTY|OILEXOE16|PUBLICATIONTIME|2010-09-24 15:58:03.162|DBLEGALENTITY|DB AG London|ISLIVEYN|Y</Text>
</Message>
