<?xml version="1.0" encoding="UTF-8"?>
<Message>
    <SystemInfo>
        <JMSDestination>Topic[exodus.pipe.demo]</JMSDestination>
        <JMSReplyTo/>
        <JMSDeliveryMode>2</JMSDeliveryMode>
        <JMSRedelivered>false</JMSRedelivered>
        <JMSCorrelationID>null</JMSCorrelationID>
        <JMSType>null</JMSType>
        <JMSTimestamp>1285344095664</JMSTimestamp>
        <JMSExpiration>0</JMSExpiration>
        <JMSPriority>4</JMSPriority>
    </SystemInfo>
    <ApplicationInfo>
        <SYSTEMID>234111353</SYSTEMID>
        <TRADEGROUP>COMMODITYTWOLEG</TRADEGROUP>
        <VERSION>5</VERSION>
        <COUNTERPARTY>OIL_EXO_US</COUNTERPARTY>
        <MESSAGE_TYPE>RMS_TRADE</MESSAGE_TYPE>
        <TRADETYPE>EnergySwap</TRADETYPE>
        <BOOK>OILCRUWEST</BOOK>
        <ACTION>CouponPaid</ACTION>
        <STATUS>Open</STATUS>
    </ApplicationInfo>
    <Text>SYSTEMID|234111353|TRADETYPE|EnergySwap|TRADEID|OL10002960-2|SOURCESYSTEM|RMS|BOOK|OILCRUWEST|BLOTTER||COUNTERPARTY|OIL_EXO_US|COUNTERPARTYSOURCESYSTEM|OPENLINK|DBICOUNTERPARTYID||CUSTOMER|OIL_EXO_US|CUSTOMERSOURCESYSTEM|OPENLINK|STATUS|Open|PREMIUMCURRENCY||PREMIUMAMOUNT||PREMIUMDATE||PREMIUMHASPAIDYN||UNWINDRATE||UNWINDPREMIUMCURRENCY||UNWINDPREMIUMAMOUNT||UNWINDPREMIUMDATE||MARGINPAYMENTCURRENCY||MARGINPAYMENTAMOUNT||LEG1CONTRACTCODE|WTI|LEG1CURRENCY|USD|LEG1STARTCONTRACTDATE|2010-07-01 00:00:00.000|LEG1ENDCONTRACTDATE|2010-09-01 00:00:00.000|LEG1DAILYNOTIONAL||LEG1PERIODNOTIONAL|45000|LEG1TOTALNOTIONAL|45000|LEG1STRIKE||LEG1SPREAD|0|LEG1NUMFLOWSHAVEPAID|2|LEG1AVERAGINGSTYLE|Unweighted|LEG1FLOATINGYN|Y|LEG1FREQUENCY|1M|LEG1PAYMENTCITIES|NYC|LEG1FIXINGCITIES|NYMEX|LEG1LASTTRADINGDATEOFFSET|0|LEG1PROMPTCONTRACTOFFSET|1|LEG1UNITS|BBL|LEG1UNITCONVERSIONFACTOR|1|LEG1UNDISCOUNTEDYN|N|LEG2CONTRACTCODE|WTI|LEG2CURRENCY|USD|LEG2STARTCONTRACTDATE|2010-07-01 00:00:00.000|LEG2ENDCONTRACTDATE|2010-09-01 00:00:00.000|LEG2DAILYNOTIONAL||LEG2PERIODNOTIONAL|-45000|LEG2TOTALNOTIONAL|-45000|LEG2STRIKE||LEG2SPREAD|83|LEG2NUMFLOWSHAVEPAID|1|LEG2AVERAGINGSTYLE|Unweighted|LEG2FLOATINGYN|N|LEG2FREQUENCY|1M|LEG2PAYMENTCITIES|NYC|LEG2FIXINGCITIES|NYMEX|LEG2LASTTRADINGDATEOFFSET|0|LEG2PROMPTCONTRACTOFFSET|1|LEG2UNITS|BBL|LEG2UNITCONVERSIONFACTOR|1|LEG2UNDISCOUNTEDYN|N|EXPIRYDATE||CP||BUYSELL||SETTLEMENTDATE||MODELTYPE||PRODUCTID|227389498|PRODUCTVERSION|1|PRODUCTLEGID||STRUCTUREID|135151393|TRADEDATE|2009-11-23 00:00:00.000|LASTUPDATED|2010-09-09 06:49:23.000|ACTION|CouponPaid|ACTIONEFFECTIVEDATE|2010-09-09 00:00:00.000|SOURCESYSTEMBOOK|OILCRUWEST|SOURCESYSTEMPROFITCENTRE||SALESPERSON||TRADER||ENTEREDBY|clarnat|FUNDSPLITID||FUNDSPLITVERSION||STRUCTURENAME||MARKUPAMT||MARKUPCCY||MARKUPLOCATION||ATRISKAMT||ATRISKCCY||ATRISKLOCATION||ATRISKINDICATOR||REASON||NOTES|OpenLink Status: Validated|BROKER||BROKERAMT||BROKERCCY||LINKSYSTEMID||LINKTYPE||SOURCESYSTEMID|10002960|DATECREATED|2009-11-24 05:20:30.000|CONFIRMAS||VERSION|5|CANCELSSOURCESYSTEMID||CANCELLEDBYSOURCESYSTEMID||CANCELLINGHALFSOURCESYSTEMID||CORRECTSSOURCESYSTEMID||CORRECTEDBYSOURCESYSTEMID||CLOSESSOURCESYSTEMID||CLOSEDBYSOURCESYSTEMID||EXERCISEDINTOSOURCESYSTEMID||EXERCISEDFROMSOURCESYSTEMID||LATESTVERSIONYN|N|CLOSINGDATE||LEGALENTITY|London|DEALCAPTURESYSTEM|OpenLink|DEALCAPTURESYSTEMID|OL10002960|BOOKINGLOCATION|Commodities|PRODUCTTYPE||PRODUCTINSTANCE||BACKOFFICESYSTEM|OpenLink|BACKOFFICESYSTEMID|10002960|VERSIONVALIDUNTILDATE|2010-09-09 06:49:23.000|TRADEEXTRADETAILID||TRADEEXTRADETAILVERSION||TRADECLASSIFICATION|1|DEALCAPTURESALESUSER||FUNDSPLITALLOCATIONID||FUNDSPLITALLOCATIONLEGID||TEARUPID||ELECTEDCONFIRMATIONSYSTEM||ELECTEDCONFIRMATIONRULEID||PREVIOUSCONFIRMATIONSYSTEM||ELECTEDSETTLEMENTSYSTEM||ELECTEDSETTLEMENTRULEID||PREVIOUSSETTLEMENTSYSTEM||ACCCURRENCY||CALCULATIONAGENT|DB|BACKOFFICEPROCESSING||BACKOFFICEACCEPTED||BACKOFFICEENDDATE||BACKOFFICEEVENT||BACKOFFICEBRANCHACCEPTED||BACKOFFICEBRANCHEVENT||ASSETLOCATION||TRADETABLE|COMMODITYTWOLEG|USERENTEREDTRADEDATE||LEG1CONTRACTCURRENCY|USD|LEG2CONTRACTCURRENCY|USD|PRODUCTTYPEID|////|RESETID|1|RESETLEGNUMBER|1|RESETFLOWID|1|RESETFIXINGDATE|2010-07-01 00:00:00.000|RESETCONTRACTDATE|2010-08-01 00:00:00.000|RESETFIXINGWEIGHT|714.285714|RESETFIXINGVALUE||RESETFLOWFIRSTFIXINGDATE|2010-07-01 00:00:00.000|RESETCOMPRESSIONSTATUS|N|RESETCONTRACTCODE|WTI|RESETHASPAIDYN|Y|RESETID|2|RESETLEGNUMBER|1|RESETFLOWID|1|RESETFIXINGDATE|2010-07-02 00:00:00.000|RESETCONTRACTDATE|2010-08-01 00:00:00.000|RESETFIXINGWEIGHT|714.285714|RESETFIXINGVALUE||RESETFLOWFIRSTFIXINGDATE|2010-07-01 00:00:00.000|RESETCOMPRESSIONSTATUS|N|RESETCONTRACTCODE|WTI|RESETHASPAIDYN|Y|RESETID|3|RESETLEGNUMBER|1|RESETFLOWID|1|RESETFIXINGDATE|2010-07-06 00:00:00.000|RESETCONTRACTDATE|2010-08-01 00:00:00.000|RESETFIXINGWEIGHT|714.285714|RESETFIXINGVALUE||RESETFLOWFIRSTFIXINGDATE|2010-07-01 00:00:00.000|RESETCOMPRESSIONSTATUS|N|RESETCONTRACTCODE|WTI|RESETHASPAIDYN|Y|RESETID|4|RESETLEGNUMBER|1|RESETFLOWID|1|RESETFIXINGDATE|2010-07-07 00:00:00.000|RESETCONTRACTDATE|2010-08-01 00:00:00.000|RESETFIXINGWEIGHT|714.285714|RESETFIXINGVALUE||RESETFLOWFIRSTFIXINGDATE|2010-07-01 00:00:00.000|RESETCOMPRESSIONSTATUS|N|RESETCONTRACTCODE|WTI|RESETHASPAIDYN|Y|RESETID|5|RESETLEGNUMBER|1|RESETFLOWID|1|RESETFIXINGDATE|2010-07-08 00:00:00.000|RESETCONTRACTDATE|2010-08-01 00:00:00.000|RESETFIXINGWEIGHT|714.285714|RESETFIXINGVALUE||RESETFLOWFIRSTFIXINGDATE|2010-07-01 00:00:00.000|RESETCOMPRESSIONSTATUS|N|RESETCONTRACTCODE|WTI|RESETHASPAIDYN|Y|RESETID|6|RESETLEGNUMBER|1|RESETFLOWID|1|RESETFIXINGDATE|2010-07-09 00:00:00.000|RESETCONTRACTDATE|2010-08-01 00:00:00.000|RESETFIXINGWEIGHT|714.285714|RESETFIXINGVALUE||RESETFLOWFIRSTFIXINGDATE|2010-07-01 00:00:00.000|RESETCOMPRESSIONSTATUS|N|RESETCONTRACTCODE|WTI|RESETHASPAIDYN|Y|RESETID|7|RESETLEGNUMBER|1|RESETFLOWID|1|RESETFIXINGDATE|2010-07-12 00:00:00.000|RESETCONTRACTDATE|2010-08-01 00:00:00.000|RESETFIXINGWEIGHT|714.285714|RESETFIXINGVALUE||RESETFLOWFIRSTFIXINGDATE|2010-07-01 00:00:00.000|RESETCOMPRESSIONSTATUS|N|RESETCONTRACTCODE|WTI|RESETHASPAIDYN|Y|RESETID|8|RESETLEGNUMBER|1|RESETFLOWID|1|RESETFIXINGDATE|2010-07-13 00:00:00.000|RESETCONTRACTDATE|2010-08-01 00:00:00.000|RESETFIXINGWEIGHT|714.285714|RESETFIXINGVALUE||RESETFLOWFIRSTFIXINGDATE|2010-07-01 00:00:00.000|RESETCOMPRESSIONSTATUS|N|RESETCONTRACTCODE|WTI|RESETHASPAIDYN|Y|RESETID|9|RESETLEGNUMBER|1|RESETFLOWID|1|RESETFIXINGDATE|2010-07-14 00:00:00.000|RESETCONTRACTDATE|2010-08-01 00:00:00.000|RESETFIXINGWEIGHT|714.285714|RESETFIXINGVALUE||RESETFLOWFIRSTFIXINGDATE|2010-07-01 00:00:00.000|RESETCOMPRESSIONSTATUS|N|RESETCONTRACTCODE|WTI|RESETHASPAIDYN|Y|RESETID|10|RESETLEGNUMBER|1|RESETFLOWID|1|RESETFIXINGDATE|2010-07-15 00:00:00.000|RESETCONTRACTDATE|2010-08-01 00:00:00.000|RESETFIXINGWEIGHT|714.285714|RESETFIXINGVALUE||RESETFLOWFIRSTFIXINGDATE|2010-07-01 00:00:00.000|RESETCOMPRESSIONSTATUS|N|RESETCONTRACTCODE|WTI|RESETHASPAIDYN|Y|RESETID|11|RESETLEGNUMBER|1|RESETFLOWID|1|RESETFIXINGDATE|2010-07-16 00:00:00.000|RESETCONTRACTDATE|2010-08-01 00:00:00.000|RESETFIXINGWEIGHT|714.285714|RESETFIXINGVALUE||RESETFLOWFIRSTFIXINGDATE|2010-07-01 00:00:00.000|RESETCOMPRESSIONSTATUS|N|RESETCONTRACTCODE|WTI|RESETHASPAIDYN|Y|RESETID|12|RESETLEGNUMBER|1|RESETFLOWID|1|RESETFIXINGDATE|2010-07-19 00:00:00.000|RESETCONTRACTDATE|2010-08-01 00:00:00.000|RESETFIXINGWEIGHT|714.285714|RESETFIXINGVALUE||RESETFLOWFIRSTFIXINGDATE|2010-07-01 00:00:00.000|RESETCOMPRESSIONSTATUS|N|RESETCONTRACTCODE|WTI|RESETHASPAIDYN|Y|RESETID|13|RESETLEGNUMBER|1|RESETFLOWID|1|RESETFIXINGDATE|2010-07-20 00:00:00.000|RESETCONTRACTDATE|2010-08-01 00:00:00.000|RESETFIXINGWEIGHT|714.285714|RESETFIXINGVALUE||RESETFLOWFIRSTFIXINGDATE|2010-07-01 00:00:00.000|RESETCOMPRESSIONSTATUS|N|RESETCONTRACTCODE|WTI|RESETHASPAIDYN|Y|RESETID|14|RESETLEGNUMBER|1|RESETFLOWID|1|RESETFIXINGDATE|2010-07-21 00:00:00.000|RESETCONTRACTDATE|2010-09-01 00:00:00.000|RESETFIXINGWEIGHT|714.285714|RESETFIXINGVALUE||RESETFLOWFIRSTFIXINGDATE|2010-07-01 00:00:00.000|RESETCOMPRESSIONSTATUS|N|RESETCONTRACTCODE|WTI|RESETHASPAIDYN|Y|RESETID|15|RESETLEGNUMBER|1|RESETFLOWID|1|RESETFIXINGDATE|2010-07-22 00:00:00.000|RESETCONTRACTDATE|2010-09-01 00:00:00.000|RESETFIXINGWEIGHT|714.285714|RESETFIXINGVALUE||RESETFLOWFIRSTFIXINGDATE|2010-07-01 00:00:00.000|RESETCOMPRESSIONSTATUS|N|RESETCONTRACTCODE|WTI|RESETHASPAIDYN|Y|RESETID|16|RESETLEGNUMBER|1|RESETFLOWID|1|RESETFIXINGDATE|2010-07-23 00:00:00.000|RESETCONTRACTDATE|2010-09-01 00:00:00.000|RESETFIXINGWEIGHT|714.285714|RESETFIXINGVALUE||RESETFLOWFIRSTFIXINGDATE|2010-07-01 00:00:00.000|RESETCOMPRESSIONSTATUS|N|RESETCONTRACTCODE|WTI|RESETHASPAIDYN|Y|RESETID|17|RESETLEGNUMBER|1|RESETFLOWID|1|RESETFIXINGDATE|2010-07-26 00:00:00.000|RESETCONTRACTDATE|2010-09-01 00:00:00.000|RESETFIXINGWEIGHT|714.285714|RESETFIXINGVALUE||RESETFLOWFIRSTFIXINGDATE|2010-07-01 00:00:00.000|RESETCOMPRESSIONSTATUS|N|RESETCONTRACTCODE|WTI|RESETHASPAIDYN|Y|RESETID|18|RESETLEGNUMBER|1|RESETFLOWID|1|RESETFIXINGDATE|2010-07-27 00:00:00.000|RESETCONTRACTDATE|2010-09-01 00:00:00.000|RESETFIXINGWEIGHT|714.285714|RESETFIXINGVALUE||RESETFLOWFIRSTFIXINGDATE|2010-07-01 00:00:00.000|RESETCOMPRESSIONSTATUS|N|RESETCONTRACTCODE|WTI|RESETHASPAIDYN|Y|RESETID|19|RESETLEGNUMBER|1|RESETFLOWID|1|RESETFIXINGDATE|2010-07-28 00:00:00.000|RESETCONTRACTDATE|2010-09-01 00:00:00.000|RESETFIXINGWEIGHT|714.285714|RESETFIXINGVALUE||RESETFLOWFIRSTFIXINGDATE|2010-07-01 00:00:00.000|RESETCOMPRESSIONSTATUS|N|RESETCONTRACTCODE|WTI|RESETHASPAIDYN|Y|RESETID|20|RESETLEGNUMBER|1|RESETFLOWID|1|RESETFIXINGDATE|2010-07-29 00:00:00.000|RESETCONTRACTDATE|2010-09-01 00:00:00.000|RESETFIXINGWEIGHT|714.285714|RESETFIXINGVALUE||RESETFLOWFIRSTFIXINGDATE|2010-07-01 00:00:00.000|RESETCOMPRESSIONSTATUS|N|RESETCONTRACTCODE|WTI|RESETHASPAIDYN|Y|RESETID|21|RESETLEGNUMBER|1|RESETFLOWID|1|RESETFIXINGDATE|2010-07-30 00:00:00.000|RESETCONTRACTDATE|2010-09-01 00:00:00.000|RESETFIXINGWEIGHT|714.285714|RESETFIXINGVALUE||RESETFLOWFIRSTFIXINGDATE|2010-07-01 00:00:00.000|RESETCOMPRESSIONSTATUS|N|RESETCONTRACTCODE|WTI|RESETHASPAIDYN|Y|RESETID|1|RESETLEGNUMBER|1|RESETFLOWID|2|RESETFIXINGDATE|2010-08-02 00:00:00.000|RESETCONTRACTDATE|2010-09-01 00:00:00.000|RESETFIXINGWEIGHT|681.818182|RESETFIXINGVALUE||RESETFLOWFIRSTFIXINGDATE|2010-08-02 00:00:00.000|RESETCOMPRESSIONSTATUS|N|RESETCONTRACTCODE|WTI|RESETHASPAIDYN|Y|RESETID|2|RESETLEGNUMBER|1|RESETFLOWID|2|RESETFIXINGDATE|2010-08-03 00:00:00.000|RESETCONTRACTDATE|2010-09-01 00:00:00.000|RESETFIXINGWEIGHT|681.818182|RESETFIXINGVALUE||RESETFLOWFIRSTFIXINGDATE|2010-08-02 00:00:00.000|RESETCOMPRESSIONSTATUS|N|RESETCONTRACTCODE|WTI|RESETHASPAIDYN|Y|RESETID|3|RESETLEGNUMBER|1|RESETFLOWID|2|RESETFIXINGDATE|2010-08-04 00:00:00.000|RESETCONTRACTDATE|2010-09-01 00:00:00.000|RESETFIXINGWEIGHT|681.818182|RESETFIXINGVALUE||RESETFLOWFIRSTFIXINGDATE|2010-08-02 00:00:00.000|RESETCOMPRESSIONSTATUS|N|RESETCONTRACTCODE|WTI|RESETHASPAIDYN|Y|RESETID|4|RESETLEGNUMBER|1|RESETFLOWID|2|RESETFIXINGDATE|2010-08-05 00:00:00.000|RESETCONTRACTDATE|2010-09-01 00:00:00.000|RESETFIXINGWEIGHT|681.818182|RESETFIXINGVALUE||RESETFLOWFIRSTFIXINGDATE|2010-08-02 00:00:00.000|RESETCOMPRESSIONSTATUS|N|RESETCONTRACTCODE|WTI|RESETHASPAIDYN|Y|RESETID|5|RESETLEGNUMBER|1|RESETFLOWID|2|RESETFIXINGDATE|2010-08-06 00:00:00.000|RESETCONTRACTDATE|2010-09-01 00:00:00.000|RESETFIXINGWEIGHT|681.818182|RESETFIXINGVALUE||RESETFLOWFIRSTFIXINGDATE|2010-08-02 00:00:00.000|RESETCOMPRESSIONSTATUS|N|RESETCONTRACTCODE|WTI|RESETHASPAIDYN|Y|RESETID|6|RESETLEGNUMBER|1|RESETFLOWID|2|RESETFIXINGDATE|2010-08-09 00:00:00.000|RESETCONTRACTDATE|2010-09-01 00:00:00.000|RESETFIXINGWEIGHT|681.818182|RESETFIXINGVALUE||RESETFLOWFIRSTFIXINGDATE|2010-08-02 00:00:00.000|RESETCOMPRESSIONSTATUS|N|RESETCONTRACTCODE|WTI|RESETHASPAIDYN|Y|RESETID|7|RESETLEGNUMBER|1|RESETFLOWID|2|RESETFIXINGDATE|2010-08-10 00:00:00.000|RESETCONTRACTDATE|2010-09-01 00:00:00.000|RESETFIXINGWEIGHT|681.818182|RESETFIXINGVALUE||RESETFLOWFIRSTFIXINGDATE|2010-08-02 00:00:00.000|RESETCOMPRESSIONSTATUS|N|RESETCONTRACTCODE|WTI|RESETHASPAIDYN|Y|RESETID|8|RESETLEGNUMBER|1|RESETFLOWID|2|RESETFIXINGDATE|2010-08-11 00:00:00.000|RESETCONTRACTDATE|2010-09-01 00:00:00.000|RESETFIXINGWEIGHT|681.818182|RESETFIXINGVALUE||RESETFLOWFIRSTFIXINGDATE|2010-08-02 00:00:00.000|RESETCOMPRESSIONSTATUS|N|RESETCONTRACTCODE|WTI|RESETHASPAIDYN|Y|RESETID|9|RESETLEGNUMBER|1|RESETFLOWID|2|RESETFIXINGDATE|2010-08-12 00:00:00.000|RESETCONTRACTDATE|2010-09-01 00:00:00.000|RESETFIXINGWEIGHT|681.818182|RESETFIXINGVALUE||RESETFLOWFIRSTFIXINGDATE|2010-08-02 00:00:00.000|RESETCOMPRESSIONSTATUS|N|RESETCONTRACTCODE|WTI|RESETHASPAIDYN|Y|RESETID|10|RESETLEGNUMBER|1|RESETFLOWID|2|RESETFIXINGDATE|2010-08-13 00:00:00.000|RESETCONTRACTDATE|2010-09-01 00:00:00.000|RESETFIXINGWEIGHT|681.818182|RESETFIXINGVALUE||RESETFLOWFIRSTFIXINGDATE|2010-08-02 00:00:00.000|RESETCOMPRESSIONSTATUS|N|RESETCONTRACTCODE|WTI|RESETHASPAIDYN|Y|RESETID|11|RESETLEGNUMBER|1|RESETFLOWID|2|RESETFIXINGDATE|2010-08-16 00:00:00.000|RESETCONTRACTDATE|2010-09-01 00:00:00.000|RESETFIXINGWEIGHT|681.818182|RESETFIXINGVALUE||RESETFLOWFIRSTFIXINGDATE|2010-08-02 00:00:00.000|RESETCOMPRESSIONSTATUS|N|RESETCONTRACTCODE|WTI|RESETHASPAIDYN|Y|RESETID|12|RESETLEGNUMBER|1|RESETFLOWID|2|RESETFIXINGDATE|2010-08-17 00:00:00.000|RESETCONTRACTDATE|2010-09-01 00:00:00.000|RESETFIXINGWEIGHT|681.818182|RESETFIXINGVALUE||RESETFLOWFIRSTFIXINGDATE|2010-08-02 00:00:00.000|RESETCOMPRESSIONSTATUS|N|RESETCONTRACTCODE|WTI|RESETHASPAIDYN|Y|RESETID|13|RESETLEGNUMBER|1|RESETFLOWID|2|RESETFIXINGDATE|2010-08-18 00:00:00.000|RESETCONTRACTDATE|2010-09-01 00:00:00.000|RESETFIXINGWEIGHT|681.818182|RESETFIXINGVALUE||RESETFLOWFIRSTFIXINGDATE|2010-08-02 00:00:00.000|RESETCOMPRESSIONSTATUS|N|RESETCONTRACTCODE|WTI|RESETHASPAIDYN|Y|RESETID|14|RESETLEGNUMBER|1|RESETFLOWID|2|RESETFIXINGDATE|2010-08-19 00:00:00.000|RESETCONTRACTDATE|2010-09-01 00:00:00.000|RESETFIXINGWEIGHT|681.818182|RESETFIXINGVALUE||RESETFLOWFIRSTFIXINGDATE|2010-08-02 00:00:00.000|RESETCOMPRESSIONSTATUS|N|RESETCONTRACTCODE|WTI|RESETHASPAIDYN|Y|RESETID|15|RESETLEGNUMBER|1|RESETFLOWID|2|RESETFIXINGDATE|2010-08-20 00:00:00.000|RESETCONTRACTDATE|2010-09-01 00:00:00.000|RESETFIXINGWEIGHT|681.818182|RESETFIXINGVALUE||RESETFLOWFIRSTFIXINGDATE|2010-08-02 00:00:00.000|RESETCOMPRESSIONSTATUS|N|RESETCONTRACTCODE|WTI|RESETHASPAIDYN|Y|RESETID|16|RESETLEGNUMBER|1|RESETFLOWID|2|RESETFIXINGDATE|2010-08-23 00:00:00.000|RESETCONTRACTDATE|2010-10-01 00:00:00.000|RESETFIXINGWEIGHT|681.818182|RESETFIXINGVALUE||RESETFLOWFIRSTFIXINGDATE|2010-08-02 00:00:00.000|RESETCOMPRESSIONSTATUS|N|RESETCONTRACTCODE|WTI|RESETHASPAIDYN|Y|RESETID|17|RESETLEGNUMBER|1|RESETFLOWID|2|RESETFIXINGDATE|2010-08-24 00:00:00.000|RESETCONTRACTDATE|2010-10-01 00:00:00.000|RESETFIXINGWEIGHT|681.818182|RESETFIXINGVALUE||RESETFLOWFIRSTFIXINGDATE|2010-08-02 00:00:00.000|RESETCOMPRESSIONSTATUS|N|RESETCONTRACTCODE|WTI|RESETHASPAIDYN|Y|RESETID|18|RESETLEGNUMBER|1|RESETFLOWID|2|RESETFIXINGDATE|2010-08-25 00:00:00.000|RESETCONTRACTDATE|2010-10-01 00:00:00.000|RESETFIXINGWEIGHT|681.818182|RESETFIXINGVALUE||RESETFLOWFIRSTFIXINGDATE|2010-08-02 00:00:00.000|RESETCOMPRESSIONSTATUS|N|RESETCONTRACTCODE|WTI|RESETHASPAIDYN|Y|RESETID|19|RESETLEGNUMBER|1|RESETFLOWID|2|RESETFIXINGDATE|2010-08-26 00:00:00.000|RESETCONTRACTDATE|2010-10-01 00:00:00.000|RESETFIXINGWEIGHT|681.818182|RESETFIXINGVALUE||RESETFLOWFIRSTFIXINGDATE|2010-08-02 00:00:00.000|RESETCOMPRESSIONSTATUS|N|RESETCONTRACTCODE|WTI|RESETHASPAIDYN|Y|RESETID|20|RESETLEGNUMBER|1|RESETFLOWID|2|RESETFIXINGDATE|2010-08-27 00:00:00.000|RESETCONTRACTDATE|2010-10-01 00:00:00.000|RESETFIXINGWEIGHT|681.818182|RESETFIXINGVALUE||RESETFLOWFIRSTFIXINGDATE|2010-08-02 00:00:00.000|RESETCOMPRESSIONSTATUS|N|RESETCONTRACTCODE|WTI|RESETHASPAIDYN|Y|RESETID|21|RESETLEGNUMBER|1|RESETFLOWID|2|RESETFIXINGDATE|2010-08-30 00:00:00.000|RESETCONTRACTDATE|2010-10-01 00:00:00.000|RESETFIXINGWEIGHT|681.818182|RESETFIXINGVALUE||RESETFLOWFIRSTFIXINGDATE|2010-08-02 00:00:00.000|RESETCOMPRESSIONSTATUS|N|RESETCONTRACTCODE|WTI|RESETHASPAIDYN|Y|RESETID|22|RESETLEGNUMBER|1|RESETFLOWID|2|RESETFIXINGDATE|2010-08-31 00:00:00.000|RESETCONTRACTDATE|2010-10-01 00:00:00.000|RESETFIXINGWEIGHT|681.818182|RESETFIXINGVALUE||RESETFLOWFIRSTFIXINGDATE|2010-08-02 00:00:00.000|RESETCOMPRESSIONSTATUS|N|RESETCONTRACTCODE|WTI|RESETHASPAIDYN|Y|RESETID|1|RESETLEGNUMBER|1|RESETFLOWID|3|RESETFIXINGDATE|2010-09-01 00:00:00.000|RESETCONTRACTDATE|2010-10-01 00:00:00.000|RESETFIXINGWEIGHT|714.285714|RESETFIXINGVALUE||RESETFLOWFIRSTFIXINGDATE|2010-09-01 00:00:00.000|RESETCOMPRESSIONSTATUS|N|RESETCONTRACTCODE|WTI|RESETHASPAIDYN|N|RESETID|2|RESETLEGNUMBER|1|RESETFLOWID|3|RESETFIXINGDATE|2010-09-02 00:00:00.000|RESETCONTRACTDATE|2010-10-01 00:00:00.000|RESETFIXINGWEIGHT|714.285714|RESETFIXINGVALUE||RESETFLOWFIRSTFIXINGDATE|2010-09-01 00:00:00.000|RESETCOMPRESSIONSTATUS|N|RESETCONTRACTCODE|WTI|RESETHASPAIDYN|N|RESETID|3|RESETLEGNUMBER|1|RESETFLOWID|3|RESETFIXINGDATE|2010-09-03 00:00:00.000|RESETCONTRACTDATE|2010-10-01 00:00:00.000|RESETFIXINGWEIGHT|714.285714|RESETFIXINGVALUE||RESETFLOWFIRSTFIXINGDATE|2010-09-01 00:00:00.000|RESETCOMPRESSIONSTATUS|N|RESETCONTRACTCODE|WTI|RESETHASPAIDYN|N|RESETID|4|RESETLEGNUMBER|1|RESETFLOWID|3|RESETFIXINGDATE|2010-09-07 00:00:00.000|RESETCONTRACTDATE|2010-10-01 00:00:00.000|RESETFIXINGWEIGHT|714.285714|RESETFIXINGVALUE||RESETFLOWFIRSTFIXINGDATE|2010-09-01 00:00:00.000|RESETCOMPRESSIONSTATUS|N|RESETCONTRACTCODE|WTI|RESETHASPAIDYN|N|RESETID|5|RESETLEGNUMBER|1|RESETFLOWID|3|RESETFIXINGDATE|2010-09-08 00:00:00.000|RESETCONTRACTDATE|2010-10-01 00:00:00.000|RESETFIXINGWEIGHT|714.285714|RESETFIXINGVALUE||RESETFLOWFIRSTFIXINGDATE|2010-09-01 00:00:00.000|RESETCOMPRESSIONSTATUS|N|RESETCONTRACTCODE|WTI|RESETHASPAIDYN|N|RESETID|6|RESETLEGNUMBER|1|RESETFLOWID|3|RESETFIXINGDATE|2010-09-09 00:00:00.000|RESETCONTRACTDATE|2010-10-01 00:00:00.000|RESETFIXINGWEIGHT|714.285714|RESETFIXINGVALUE||RESETFLOWFIRSTFIXINGDATE|2010-09-01 00:00:00.000|RESETCOMPRESSIONSTATUS|N|RESETCONTRACTCODE|WTI|RESETHASPAIDYN|N|RESETID|7|RESETLEGNUMBER|1|RESETFLOWID|3|RESETFIXINGDATE|2010-09-10 00:00:00.000|RESETCONTRACTDATE|2010-10-01 00:00:00.000|RESETFIXINGWEIGHT|714.285714|RESETFIXINGVALUE||RESETFLOWFIRSTFIXINGDATE|2010-09-01 00:00:00.000|RESETCOMPRESSIONSTATUS|N|RESETCONTRACTCODE|WTI|RESETHASPAIDYN|N|RESETID|8|RESETLEGNUMBER|1|RESETFLOWID|3|RESETFIXINGDATE|2010-09-13 00:00:00.000|RESETCONTRACTDATE|2010-10-01 00:00:00.000|RESETFIXINGWEIGHT|714.285714|RESETFIXINGVALUE||RESETFLOWFIRSTFIXINGDATE|2010-09-01 00:00:00.000|RESETCOMPRESSIONSTATUS|N|RESETCONTRACTCODE|WTI|RESETHASPAIDYN|N|RESETID|9|RESETLEGNUMBER|1|RESETFLOWID|3|RESETFIXINGDATE|2010-09-14 00:00:00.000|RESETCONTRACTDATE|2010-10-01 00:00:00.000|RESETFIXINGWEIGHT|714.285714|RESETFIXINGVALUE||RESETFLOWFIRSTFIXINGDATE|2010-09-01 00:00:00.000|RESETCOMPRESSIONSTATUS|N|RESETCONTRACTCODE|WTI|RESETHASPAIDYN|N|RESETID|10|RESETLEGNUMBER|1|RESETFLOWID|3|RESETFIXINGDATE|2010-09-15 00:00:00.000|RESETCONTRACTDATE|2010-10-01 00:00:00.000|RESETFIXINGWEIGHT|714.285714|RESETFIXINGVALUE||RESETFLOWFIRSTFIXINGDATE|2010-09-01 00:00:00.000|RESETCOMPRESSIONSTATUS|N|RESETCONTRACTCODE|WTI|RESETHASPAIDYN|N|RESETID|11|RESETLEGNUMBER|1|RESETFLOWID|3|RESETFIXINGDATE|2010-09-16 00:00:00.000|RESETCONTRACTDATE|2010-10-01 00:00:00.000|RESETFIXINGWEIGHT|714.285714|RESETFIXINGVALUE||RESETFLOWFIRSTFIXINGDATE|2010-09-01 00:00:00.000|RESETCOMPRESSIONSTATUS|N|RESETCONTRACTCODE|WTI|RESETHASPAIDYN|N|RESETID|12|RESETLEGNUMBER|1|RESETFLOWID|3|RESETFIXINGDATE|2010-09-17 00:00:00.000|RESETCONTRACTDATE|2010-10-01 00:00:00.000|RESETFIXINGWEIGHT|714.285714|RESETFIXINGVALUE||RESETFLOWFIRSTFIXINGDATE|2010-09-01 00:00:00.000|RESETCOMPRESSIONSTATUS|N|RESETCONTRACTCODE|WTI|RESETHASPAIDYN|N|RESETID|13|RESETLEGNUMBER|1|RESETFLOWID|3|RESETFIXINGDATE|2010-09-20 00:00:00.000|RESETCONTRACTDATE|2010-10-01 00:00:00.000|RESETFIXINGWEIGHT|714.285714|RESETFIXINGVALUE||RESETFLOWFIRSTFIXINGDATE|2010-09-01 00:00:00.000|RESETCOMPRESSIONSTATUS|N|RESETCONTRACTCODE|WTI|RESETHASPAIDYN|N|RESETID|14|RESETLEGNUMBER|1|RESETFLOWID|3|RESETFIXINGDATE|2010-09-21 00:00:00.000|RESETCONTRACTDATE|2010-10-01 00:00:00.000|RESETFIXINGWEIGHT|714.285714|RESETFIXINGVALUE||RESETFLOWFIRSTFIXINGDATE|2010-09-01 00:00:00.000|RESETCOMPRESSIONSTATUS|N|RESETCONTRACTCODE|WTI|RESETHASPAIDYN|N|RESETID|15|RESETLEGNUMBER|1|RESETFLOWID|3|RESETFIXINGDATE|2010-09-22 00:00:00.000|RESETCONTRACTDATE|2010-11-01 00:00:00.000|RESETFIXINGWEIGHT|714.285714|RESETFIXINGVALUE||RESETFLOWFIRSTFIXINGDATE|2010-09-01 00:00:00.000|RESETCOMPRESSIONSTATUS|N|RESETCONTRACTCODE|WTI|RESETHASPAIDYN|N|RESETID|16|RESETLEGNUMBER|1|RESETFLOWID|3|RESETFIXINGDATE|2010-09-23 00:00:00.000|RESETCONTRACTDATE|2010-11-01 00:00:00.000|RESETFIXINGWEIGHT|714.285714|RESETFIXINGVALUE||RESETFLOWFIRSTFIXINGDATE|2010-09-01 00:00:00.000|RESETCOMPRESSIONSTATUS|N|RESETCONTRACTCODE|WTI|RESETHASPAIDYN|N|RESETID|17|RESETLEGNUMBER|1|RESETFLOWID|3|RESETFIXINGDATE|2010-09-24 00:00:00.000|RESETCONTRACTDATE|2010-11-01 00:00:00.000|RESETFIXINGWEIGHT|714.285714|RESETFIXINGVALUE||RESETFLOWFIRSTFIXINGDATE|2010-09-01 00:00:00.000|RESETCOMPRESSIONSTATUS|N|RESETCONTRACTCODE|WTI|RESETHASPAIDYN|N|RESETID|18|RESETLEGNUMBER|1|RESETFLOWID|3|RESETFIXINGDATE|2010-09-27 00:00:00.000|RESETCONTRACTDATE|2010-11-01 00:00:00.000|RESETFIXINGWEIGHT|714.285714|RESETFIXINGVALUE||RESETFLOWFIRSTFIXINGDATE|2010-09-01 00:00:00.000|RESETCOMPRESSIONSTATUS|N|RESETCONTRACTCODE|WTI|RESETHASPAIDYN|N|RESETID|19|RESETLEGNUMBER|1|RESETFLOWID|3|RESETFIXINGDATE|2010-09-28 00:00:00.000|RESETCONTRACTDATE|2010-11-01 00:00:00.000|RESETFIXINGWEIGHT|714.285714|RESETFIXINGVALUE||RESETFLOWFIRSTFIXINGDATE|2010-09-01 00:00:00.000|RESETCOMPRESSIONSTATUS|N|RESETCONTRACTCODE|WTI|RESETHASPAIDYN|N|RESETID|20|RESETLEGNUMBER|1|RESETFLOWID|3|RESETFIXINGDATE|2010-09-29 00:00:00.000|RESETCONTRACTDATE|2010-11-01 00:00:00.000|RESETFIXINGWEIGHT|714.285714|RESETFIXINGVALUE||RESETFLOWFIRSTFIXINGDATE|2010-09-01 00:00:00.000|RESETCOMPRESSIONSTATUS|N|RESETCONTRACTCODE|WTI|RESETHASPAIDYN|N|RESETID|21|RESETLEGNUMBER|1|RESETFLOWID|3|RESETFIXINGDATE|2010-09-30 00:00:00.000|RESETCONTRACTDATE|2010-11-01 00:00:00.000|RESETFIXINGWEIGHT|714.285714|RESETFIXINGVALUE||RESETFLOWFIRSTFIXINGDATE|2010-09-01 00:00:00.000|RESETCOMPRESSIONSTATUS|N|RESETCONTRACTCODE|WTI|RESETHASPAIDYN|N|LEG1FLOWID|1|LEG1FLOWFIXINGDATE|2010-07-01 00:00:00.000|LEG1FLOWCONTRACTDATE|2010-07-01 00:00:00.000|LEG1FLOWNUMBEROFCONTRACTS|15|LEG1FLOWNOTIONAL|15000|LEG1FLOWCP||LEG1FLOWSPREAD|0|LEG1FLOWPAYMENTDATE|2010-08-06 00:00:00.000|LEG1FLOWFIXING|76.383|LEG1FLOWHASPAID|Y|LEG1FLOWID|2|LEG1FLOWFIXINGDATE|2010-08-01 00:00:00.000|LEG1FLOWCONTRACTDATE|2010-08-01 00:00:00.000|LEG1FLOWNUMBEROFCONTRACTS|15|LEG1FLOWNOTIONAL|15000|LEG1FLOWCP||LEG1FLOWSPREAD|0|LEG1FLOWPAYMENTDATE|2010-09-08 00:00:00.000|LEG1FLOWFIXING|76.667|LEG1FLOWHASPAID|Y|LEG1FLOWID|3|LEG1FLOWFIXINGDATE|2010-09-01 00:00:00.000|LEG1FLOWCONTRACTDATE|2010-09-01 00:00:00.000|LEG1FLOWNUMBEROFCONTRACTS|15|LEG1FLOWNOTIONAL|15000|LEG1FLOWCP||LEG1FLOWSPREAD|0|LEG1FLOWPAYMENTDATE|2010-10-07 00:00:00.000|LEG1FLOWFIXING||LEG1FLOWHASPAID|N|LEG2FLOWID|1|LEG2FLOWFIXINGDATE|2010-07-01 00:00:00.000|LEG2FLOWCONTRACTDATE|2010-07-01 00:00:00.000|LEG2FLOWNUMBEROFCONTRACTS|-15|LEG2FLOWNOTIONAL|-15000|LEG2FLOWCP||LEG2FLOWSPREAD|83|LEG2FLOWPAYMENTDATE|2010-08-06 00:00:00.000|LEG2FLOWFIXING|83|LEG2FLOWHASPAID|Y|LEG2FLOWID|2|LEG2FLOWFIXINGDATE|2010-08-01 00:00:00.000|LEG2FLOWCONTRACTDATE|2010-08-01 00:00:00.000|LEG2FLOWNUMBEROFCONTRACTS|-15|LEG2FLOWNOTIONAL|-15000|LEG2FLOWCP||LEG2FLOWSPREAD|83|LEG2FLOWPAYMENTDATE|2010-09-08 00:00:00.000|LEG2FLOWFIXING|83|LEG2FLOWHASPAID|N|LEG2FLOWID|3|LEG2FLOWFIXINGDATE|2010-09-01 00:00:00.000|LEG2FLOWCONTRACTDATE|2010-09-01 00:00:00.000|LEG2FLOWNUMBEROFCONTRACTS|-15|LEG2FLOWNOTIONAL|-15000|LEG2FLOWCP||LEG2FLOWSPREAD|83|LEG2FLOWPAYMENTDATE|2010-10-07 00:00:00.000|LEG2FLOWFIXING|83|LEG2FLOWHASPAID|N|BOOK_CPTY_CDRMNEMONIC||PROFIT_CENTRE||BOOKBRANCHPARENT|Commodities|HIGH_LEVEL_CPTY_CDRMNEMONIC||HIGH_LEVEL_BOOK_CPTY_CDRM||BOOK_CPYT_SRC_SYSTEM|RMS|SUBBRANCH|LDN|CPTY_CDRMNEMONIC||AMI_CODE|0840|BOOK_CPTY|OILCRUWEST|PUBLICATIONTIME|2010-09-24 16:01:35.655|DBLEGALENTITY|London|ISLIVEYN|Y</Text>
</Message>
