<?xml version="1.0" encoding="UTF-8"?>
<Message>
    <SystemInfo>
        <JMSDestination>Topic[exodus.pipe.demo]</JMSDestination>
        <JMSReplyTo/>
        <JMSDeliveryMode>2</JMSDeliveryMode>
        <JMSRedelivered>false</JMSRedelivered>
        <JMSCorrelationID>null</JMSCorrelationID>
        <JMSType>null</JMSType>
        <JMSTimestamp>1285343781596</JMSTimestamp>
        <JMSExpiration>0</JMSExpiration>
        <JMSPriority>4</JMSPriority>
    </SystemInfo>
    <ApplicationInfo>
        <SYSTEMID>312702121</SYSTEMID>
        <TRADEGROUP>FIXEDCASHFLOW</TRADEGROUP>
        <VERSION>1</VERSION>
        <COUNTERPARTY>MERITBANKHEL</COUNTERPARTY>
        <MESSAGE_TYPE>RMS_TRADE</MESSAGE_TYPE>
        <TRADETYPE>FixedCashflows</TRADETYPE>
        <BOOK>FFMMDEURBS</BOOK>
        <ACTION>CouponPaid</ACTION>
        <STATUS>Open</STATUS>
    </ApplicationInfo>
    <Text>SYSTEMID|312702121|TRADETYPE|FixedCashflows|TRADEID|100016828W|SOURCESYSTEM|RMS|BOOK|FFMMDEURBS|BLOTTER||COUNTERPARTY|MERITBANKHEL|COUNTERPARTYSOURCESYSTEM|RMS|COUNTERPARTYNAME|NORDEA BANK FINLAND PLC|DBICOUNTERPARTYID||CUSTOMER|MERITBANKHEL|CUSTOMERSOURCESYSTEM|RMS|STATUS|Open|CURRENCY|EUR|FIXEDAMOUNT|-110394.44|FIXEDDATE|2010-09-20 00:00:00.000|FIXEDHAVEPAID|0|SHOWEXPECTEDFLOWSYN||MODELTYPE||FUTURECODE||FUTURESEXPIRYDATE||ASSETLOCATION||UNWINDRATE||UNWINDPREMIUMCURRENCY||UNWINDPREMIUMAMOUNT||UNWINDPREMIUMDATE||MARGINPAYMENTCURRENCY||MARGINPAYMENTAMOUNT||PRODUCTID|304481050|PRODUCTVERSION|1|PRODUCTLEGID||STRUCTUREID|100016828|TRADEDATE|2010-09-16 00:00:00.000|LASTUPDATED|2010-09-16 00:51:37.000|ACTION|CouponPaid|ACTIONEFFECTIVEDATE|2010-09-16 00:00:00.000|SOURCESYSTEMBOOK|FFMMDEURBS|SOURCESYSTEMPROFITCENTRE||SALESPERSON||TRADER|SKOFOL|ENTEREDBY|SYS|FUNDSPLITID||FUNDSPLITVERSION||STRUCTURENAME||MARKUPAMT||MARKUPCCY||MARKUPLOCATION||ATRISKAMT||ATRISKCCY||ATRISKLOCATION||ATRISKINDICATOR||REASON|SCASH|NOTES|Auto generated SCASH from original Swap 174361062|BROKER||BROKERAMT||BROKERCCY||LINKSYSTEMID||LINKTYPE||SOURCESYSTEMID|312702121|DATECREATED|2010-09-16 00:51:37.000|CONFIRMAS||VERSION|1|CANCELSSOURCESYSTEMID||CANCELLEDBYSOURCESYSTEMID||CANCELLINGHALFSOURCESYSTEMID||CORRECTSSOURCESYSTEMID||CORRECTEDBYSOURCESYSTEMID||CLOSESSOURCESYSTEMID||CLOSEDBYSOURCESYSTEMID||EXERCISEDINTOSOURCESYSTEMID||EXERCISEDFROMSOURCESYSTEMID|174361062|LATESTVERSIONYN|N|CLOSINGDATE||LEGALENTITY|London|DEALCAPTURESYSTEM|GMFBlotter|DEALCAPTURESYSTEMID|CB050101|BOOKINGLOCATION|London|PRODUCTTYPE||PRODUCTINSTANCE||BACKOFFICESYSTEM|Swapswire|BACKOFFICESYSTEMID|2700241L|BUSINESSLINE||VERSIONVALIDUNTILDATE|2010-09-22 04:11:31.000|TRADEEXTRADETAILID|0|TRADEEXTRADETAILVERSION|0|TRADECLASSIFICATION|1|DEALCAPTURESALESUSER|GMFBLOTTER_SKOFOL|FUNDSPLITALLOCATIONID||FUNDSPLITALLOCATIONLEGID||ZONECUT||TEARUPID||ELECTEDCONFIRMATIONSYSTEM|///|ELECTEDCONFIRMATIONRULEID|72|PREVIOUSCONFIRMATIONSYSTEM|NNN|ELECTEDSETTLEMENTSYSTEM|///|ELECTEDSETTLEMENTRULEID|72|PREVIOUSSETTLEMENTSYSTEM|NNN|BACKOFFICEPROCESSING|Standard|CALCULATIONAGENT|DB|CLOSEDBY_PRODUCTID|304481050|CLOSES_PRODUCTID|304481050|LINK_PRODUCTID|304481050|PRODUCTTYPEID|SWAPCASH|ACCCURRENCY||PREMIUMCURRENCY||PREMIUMAMOUNT||PREMIUMDATE||PREMIUMHASPAIDYN||BACKOFFICEACCEPTED||BACKOFFICEENDDATE||BACKOFFICEEVENT||BACKOFFICEBRANCHACCEPTED||BACKOFFICEBRANCHEVENT||TRADETABLE|FIXEDCASHFLOW|USERENTEREDTRADEDATE||CASHFLOWSCHEDULELENGTH|1|BOOK_CPTY_CDRMNEMONIC|DTCH L  7KB|PROFIT_CENTRE|0100GMFMMD|BOOKBRANCHPARENT|Non GFX Business|HIGH_LEVEL_CPTY_CDRMNEMONIC|MERTAHEL|HIGH_LEVEL_BOOK_CPTY_CDRM|DTCH L|BOOK_CPYT_SRC_SYSTEM|RMS|SUBBRANCH|FFT|CPTY_CDRMNEMONIC|MERTAHEL|AMI_CODE|0100|BOOK_CPTY|FFMMDEURBS|PUBLICATIONTIME|2010-09-24 15:56:21.595|DBLEGALENTITY|London|ISLIVEYN|Y</Text>
</Message>
