<?xml version="1.0" encoding="UTF-8"?>
<Message>
    <SystemInfo>
        <JMSDestination>Topic[exodus.pipe.demo]</JMSDestination>
        <JMSReplyTo/>
        <JMSDeliveryMode>2</JMSDeliveryMode>
        <JMSRedelivered>false</JMSRedelivered>
        <JMSCorrelationID>null</JMSCorrelationID>
        <JMSType>null</JMSType>
        <JMSTimestamp>1285343940685</JMSTimestamp>
        <JMSExpiration>0</JMSExpiration>
        <JMSPriority>4</JMSPriority>
    </SystemInfo>
    <ApplicationInfo>
        <SYSTEMID>176167938</SYSTEMID>
        <TRADEGROUP>FXOPTION</TRADEGROUP>
        <VERSION>141</VERSION>
        <COUNTERPARTY>CUWA</COUNTERPARTY>
        <MESSAGE_TYPE>RMS_TRADE</MESSAGE_TYPE>
        <TRADETYPE>FxAmerOpt</TRADETYPE>
        <BOOK>PMFFWA</BOOK>
        <ACTION>Economic</ACTION>
        <STATUS>Open</STATUS>
    </ApplicationInfo>
    <Text>SYSTEMID|176167938|TRADETYPE|FxAmerOpt|TRADEID|101301361A|SOURCESYSTEM|RMS|BOOK|PMFFWA|BLOTTER||COUNTERPARTY|CUWA|COUNTERPARTYSOURCESYSTEM|RMS|COUNTERPARTYNAME|T&amp;S CURRENCY WARRANT DESK|DBICOUNTERPARTYID||CUSTOMER|CUWA|CUSTOMERSOURCESYSTEM||STATUS|Open|UNDERCURRENCY|XAG|ACCCURRENCY|USD|NOTIONAL|-6910|ACCNOTIONAL||DOMINANTNOTIONAL||STRIKE|9|SHIFTEDSTRIKE||STRIKEASENTERED||STRIKETERMSASENTERED||CP|C|EXPIRYDATE|2010-12-20 00:00:00.000|SHIFTEDEXPIRYDATE|2010-12-20 00:00:00.000|SETTLEMENTDATE|2010-12-27 00:00:00.000|PAYCURRENCY||QUANTOLEVEL||FIXINGREFERENCE||FIXING||FIXINGDATE||FIXEDVOLATILITY||FORWARDSETTINGSTYLE||FORWARDSETTINGDATE||FORWARDREFERENCEDATE||OPTIMISESETTINGLEVELSYN||COMPOUNDEXPIRYDATE||COMPOUNDSTRIKE||COMPOUNDSTRIKECCY||COMPOUNDCP||CPRATIO||FIRSTEXERCISEDATE||LASTEXERCISEDATE||FIRSTSTRIKE||LASTSTRIKE||INVERSEINTERPOLATIONYN||AMERICANPERIOD||PREMIUMINTERMS||PREMIUMTERMS||PREMIUMCURRENCY||PREMIUMAMOUNT||PREMIUMDATE||PREMIUMCURRENCYASENTERED||PREMIUMAMOUNTASENTERED||PREMIUMHASPAIDYN||UNWINDRATE||UNWINDPREMIUMCURRENCY||UNWINDPREMIUMAMOUNT||UNWINDPREMIUMDATE||MARGINPAYMENTCURRENCY||MARGINPAYMENTAMOUNT||ZONECUT|FT|MODELTYPE|FDIFF|NUMTIMESTEPS||USEMINIMUMDENSITYYN||PRODUCTID|170667441|PRODUCTVERSION|1|PRODUCTLEGID||STRUCTUREID|101301361|REFERENCESPOT||REFERENCEFORWARDPOINTS||REFERENCEVOLATILITY||REFERENCEDEPORATE||REFERENCEDEPOCURRENCY||REFERENCEDELTA||REFERENCEDELTACURRENCY||ASSETLOCATION||TRADEDATE|2008-11-27 13:36:01.000|LASTUPDATED|2010-09-09 01:43:09.000|ACTION|Economic|ACTIONEFFECTIVEDATE|2010-09-09 00:00:00.000|SOURCESYSTEMBOOK|PMFFWA|SOURCESYSTEMPROFITCENTRE|PMFFWAWAR|SALESPERSON||TRADER||ENTEREDBY|XOLBUS_SUBSCRIBER|FUNDSPLITID||FUNDSPLITVERSION||STRUCTURENAME||MARKUPAMT||MARKUPCCY||MARKUPLOCATION||ATRISKAMT||ATRISKCCY||ATRISKLOCATION||ATRISKINDICATOR||REASON|Warrant|NOTES|XOL DE000DB90RY2 AMERICAN|BROKER||BROKERAMT||BROKERCCY||LINKSYSTEMID||LINKTYPE||SOURCESYSTEMID|27256|DATECREATED|2008-11-26 21:19:15.000|CONFIRMAS||VERSION|141|CANCELSSOURCESYSTEMID||CANCELLEDBYSOURCESYSTEMID||CANCELLINGHALFSOURCESYSTEMID||CORRECTSSOURCESYSTEMID||CORRECTEDBYSOURCESYSTEMID||CLOSESSOURCESYSTEMID||CLOSEDBYSOURCESYSTEMID||EXERCISEDINTOSOURCESYSTEMID||EXERCISEDFROMSOURCESYSTEMID||LATESTVERSIONYN|Y|CLOSINGDATE||LEGALENTITY|Frankfurt|DEALCAPTURESYSTEM|XOL|DEALCAPTURESYSTEMID|DE000DB90RY2|BOOKINGLOCATION|Frankfurt|PRODUCTTYPE|CUWAWARR|PRODUCTINSTANCE||BACKOFFICESYSTEM||BACKOFFICESYSTEMID||VERSIONVALIDUNTILDATE||TRADEEXTRADETAILID||TRADEEXTRADETAILVERSION||TRADECLASSIFICATION|1|DEALCAPTURESALESUSER||FUNDSPLITALLOCATIONID||FUNDSPLITALLOCATIONLEGID||GENERATEBACKTOBACKTRADEYN||INTERNALGROUPID||ORIGINALSETTLEMENTDATE||TEARUPID||SETTLEMENTCURRENCY||AUTOPRICESTATUS||AUTOSPOT||AUTOFORWARDPOINTS||AUTOVOLATILITY||AUTODEPORATE||AUTODEPOCURRENCY||AUTODELTA||AUTODELTACURRENCY||AUTOPREMIUM||AUTOMARKUP||AUTOATRISK||ELECTEDCONFIRMATIONSYSTEM|///|ELECTEDCONFIRMATIONRULEID|79|PREVIOUSCONFIRMATIONSYSTEM|///|ELECTEDSETTLEMENTSYSTEM|///|ELECTEDSETTLEMENTRULEID|79|PREVIOUSSETTLEMENTSYSTEM|///|BACKOFFICEPROCESSING||CALCULATIONAGENT|DB|CLOSEDBY_PRODUCTID|170667441|CLOSES_PRODUCTID|170667441|LINK_PRODUCTID|170667441|PRODUCTTYPEID|WARRANT|BACKOFFICEENDDATE||BACKOFFICEEVENT||BACKOFFICEBRANCHACCEPTED||BACKOFFICEBRANCHEVENT||TRADETABLE|FXOPTION|USERENTEREDTRADEDATE||BOOK_CPTY_CDRMNEMONIC|DTCH L  QU5|PROFIT_CENTRE||BOOKBRANCHPARENT|Commodities|HIGH_LEVEL_CPTY_CDRMNEMONIC|DTCH F  113|HIGH_LEVEL_BOOK_CPTY_CDRM|DTCH L|BOOK_CPYT_SRC_SYSTEM|RMS|SUBBRANCH|FFT|CPTY_CDRMNEMONIC|DTCH F  113|AMI_CODE|0100|BOOK_CPTY|PMFFWA|PUBLICATIONTIME|2010-09-24 15:59:00.684|DBLEGALENTITY|Frankfurt|ISLIVEYN|Y</Text>
</Message>
