<?xml version="1.0" encoding="UTF-8"?>
<Message>
    <SystemInfo>
        <JMSDestination>Topic[exodus.pipe.demo]</JMSDestination>
        <JMSReplyTo/>
        <JMSDeliveryMode>2</JMSDeliveryMode>
        <JMSRedelivered>false</JMSRedelivered>
        <JMSCorrelationID>null</JMSCorrelationID>
        <JMSType>null</JMSType>
        <JMSTimestamp>1285344084654</JMSTimestamp>
        <JMSExpiration>0</JMSExpiration>
        <JMSPriority>4</JMSPriority>
    </SystemInfo>
    <ApplicationInfo>
        <SYSTEMID>179723109</SYSTEMID>
        <TRADEGROUP>FXASIANOPTION</TRADEGROUP>
        <VERSION>24</VERSION>
        <COUNTERPARTY>EDP1</COUNTERPARTY>
        <MESSAGE_TYPE>RMS_TRADE</MESSAGE_TYPE>
        <TRADETYPE>FxAsianOpt</TRADETYPE>
        <BOOK>EURGEN</BOOK>
        <ACTION>Fixed</ACTION>
        <STATUS>Open</STATUS>
    </ApplicationInfo>
    <Text>SYSTEMID|179723109|TRADETYPE|FxAsianOpt|TRADEID|103413872AA|SOURCESYSTEM|RMS|BOOK|EURGEN|BLOTTER||COUNTERPARTY|EDP1|COUNTERPARTYSOURCESYSTEM|RMS|COUNTERPARTYNAME|EDP ENERGIAS DE PORTUGAL SA AC EDP ELECTRICIDADE DE PORTUGAL SA|DBICOUNTERPARTYID||CUSTOMER|EDP1|CUSTOMERSOURCESYSTEM|RMS|STATUS|Open|PREMIUMCURRENCY||PREMIUMAMOUNT||PREMIUMDATE||PREMIUMHASPAIDYN||UNWINDRATE||UNWINDPREMIUMCURRENCY||UNWINDPREMIUMAMOUNT||UNWINDPREMIUMDATE||MARGINPAYMENTCURRENCY||MARGINPAYMENTAMOUNT||PRODUCTID|174157485|PRODUCTVERSION|18|PRODUCTLEGID||STRUCTUREID|103413872|ASSETLOCATION||TRADEDATE|2008-12-17 00:00:00.000|LASTUPDATED|2010-08-30 20:57:11.000|ACTION|Fixed|ACTIONEFFECTIVEDATE|2010-08-30 00:00:00.000|SOURCESYSTEMBOOK|EURGEN|SOURCESYSTEMPROFITCENTRE||SALESPERSON|CARPSAN|TRADER||ENTEREDBY|SEWEROB|FUNDSPLITID||FUNDSPLITVERSION||STRUCTURENAME||MARKUPAMT||MARKUPCCY||MARKUPLOCATION||ATRISKAMT||ATRISKCCY||ATRISKLOCATION||ATRISKINDICATOR||REASON||NOTES||BROKER||BROKERAMT||BROKERCCY||LINKSYSTEMID||LINKTYPE||SOURCESYSTEMID|179723109|DATECREATED|2008-12-17 20:10:26.000|CONFIRMAS||VERSION|24|CANCELSSOURCESYSTEMID||CANCELLEDBYSOURCESYSTEMID||CANCELLINGHALFSOURCESYSTEMID||CORRECTSSOURCESYSTEMID||CORRECTEDBYSOURCESYSTEMID||CLOSESSOURCESYSTEMID||CLOSEDBYSOURCESYSTEMID||EXERCISEDINTOSOURCESYSTEMID||EXERCISEDFROMSOURCESYSTEMID||LATESTVERSIONYN|N|CLOSINGDATE||LEGALENTITY|London|DEALCAPTURESYSTEM|FXPricer(Sales)|DEALCAPTURESYSTEMID|179723109|BOOKINGLOCATION|London|PRODUCTTYPE||PRODUCTINSTANCE||BACKOFFICESYSTEM||BACKOFFICESYSTEMID||VERSIONVALIDUNTILDATE|2010-08-31 20:45:54.000|TRADEEXTRADETAILID|0|TRADEEXTRADETAILVERSION|0|TRADECLASSIFICATION|2|DEALCAPTURESALESUSER|FXPRICERSALES_CARPSAN|FUNDSPLITALLOCATIONID||FUNDSPLITALLOCATIONLEGID||TEARUPID||ELECTEDCONFIRMATIONSYSTEM|///|ELECTEDCONFIRMATIONRULEID|73|PREVIOUSCONFIRMATIONSYSTEM|///|ELECTEDSETTLEMENTSYSTEM|///|ELECTEDSETTLEMENTRULEID|73|PREVIOUSSETTLEMENTSYSTEM|///|BACKOFFICEPROCESSING|Standard|CALCULATIONAGENT|DB|CLOSEDBY_PRODUCTID|174157485|CLOSES_PRODUCTID|174157485|LINK_PRODUCTID|174157485|PRODUCTTYPEID|AVEROPT|BACKOFFICEENDDATE||BACKOFFICEEVENT||BACKOFFICEBRANCHACCEPTED||BACKOFFICEBRANCHEVENT||TRADETABLE|FXASIANOPTION|USERENTEREDTRADEDATE||UNDERCURRENCY|EUR|ACCCURRENCY|USD|NOTIONAL|-1788908.76565295|STRIKE|1.3975|CP|P|EXPIRYDATE|2010-08-31 00:00:00.000|SHIFTEDEXPIRYDATE||SETTLEMENTDATE|2010-09-02 00:00:00.000|FIXINGREFERENCE|ECB37|AVERAGINGSTYLE|A|STARTFIXINGDATE|2010-07-30 00:00:00.000|ENDFIXINGDATE|2010-08-31 00:00:00.000|NEGATIVESTARTFIXINGDATE||NEGATIVEENDFIXINGDATE||FIXINGHOLIDAYS|EUR,USD|FIXINGMODE|B|WEIGHTHOLIDAYS|EUR,USD|WEIGHTRULE|B|BARRIER||BARRIERDIRECTION||BARRIERASSET||BARRIERDATE||BARRIERFIXING||POSITIVELEVERAGE|1|NEGATIVELEVERAGE|0.000001|SPOTLEVERAGE||DIVIDEPAYOFFBYPOSITIVEAVGYN|Y|DIVIDEPAYOFFBYNEGATIVEAVGYN||INCLUDESTRIKEINDIVIDEBYAVGYN|Y|PAYCURRENCY|EUR|QUANTOLEVEL|1|PHYSICALLYDELIVERABLEYN||NONDELIVERABLEYN||NONDELIVERABLEFIXINGDATE||LASTFIXEDDATE|2010-08-30 00:00:00.000|KNOCKEDOUTDATE||POSITIVEAVERAGE|1.2904380952380952380952380952380952381|NEGATIVEAVERAGE||ZONECUT|NY|MODELTYPE||NUMPATHS||SEED||REFERENCESPOT|1.4094|REFERENCEFORWARDPOINTS|-0.016353013093|REFERENCEVOLATILITY|19.515543834439|REFERENCEDEPORATE|1.475047558026|REFERENCEDEPOCURRENCY|USD|REFERENCEDELTA|0.53244692277917|REFERENCEDELTACURRENCY|EUR|FIXINGDATE|2010-08-02 00:00:00.000|FIXINGWEIGHT|1|FIXINGVALUE|1.3073|FIXINGDATE|2010-08-03 00:00:00.000|FIXINGWEIGHT|1|FIXINGVALUE|1.3221|FIXINGDATE|2010-08-04 00:00:00.000|FIXINGWEIGHT|1|FIXINGVALUE|1.3206|FIXINGDATE|2010-08-05 00:00:00.000|FIXINGWEIGHT|1|FIXINGVALUE|1.3184|FIXINGDATE|2010-08-06 00:00:00.000|FIXINGWEIGHT|1|FIXINGVALUE|1.3176|FIXINGDATE|2010-08-09 00:00:00.000|FIXINGWEIGHT|1|FIXINGVALUE|1.3253|FIXINGDATE|2010-08-10 00:00:00.000|FIXINGWEIGHT|1|FIXINGVALUE|1.3133|FIXINGDATE|2010-08-11 00:00:00.000|FIXINGWEIGHT|1|FIXINGVALUE|1.3016|FIXINGDATE|2010-08-12 00:00:00.000|FIXINGWEIGHT|1|FIXINGVALUE|1.279|FIXINGDATE|2010-08-13 00:00:00.000|FIXINGWEIGHT|1|FIXINGVALUE|1.2799|FIXINGDATE|2010-08-16 00:00:00.000|FIXINGWEIGHT|1|FIXINGVALUE|1.282|FIXINGDATE|2010-08-17 00:00:00.000|FIXINGWEIGHT|1|FIXINGVALUE|1.286|FIXINGDATE|2010-08-18 00:00:00.000|FIXINGWEIGHT|1|FIXINGVALUE|1.288|FIXINGDATE|2010-08-19 00:00:00.000|FIXINGWEIGHT|1|FIXINGVALUE|1.2836|FIXINGDATE|2010-08-20 00:00:00.000|FIXINGWEIGHT|1|FIXINGVALUE|1.2711|FIXINGDATE|2010-08-23 00:00:00.000|FIXINGWEIGHT|1|FIXINGVALUE|1.2704|FIXINGDATE|2010-08-24 00:00:00.000|FIXINGWEIGHT|1|FIXINGVALUE|1.2611|FIXINGDATE|2010-08-25 00:00:00.000|FIXINGWEIGHT|1|FIXINGVALUE|1.2613|FIXINGDATE|2010-08-26 00:00:00.000|FIXINGWEIGHT|1|FIXINGVALUE|1.2693|FIXINGDATE|2010-08-27 00:00:00.000|FIXINGWEIGHT|1|FIXINGVALUE|1.2713|FIXINGDATE|2010-08-30 00:00:00.000|FIXINGWEIGHT|1|FIXINGVALUE|1.27|FIXINGDATE|2010-08-31 00:00:00.000|FIXINGWEIGHT|1|FIXINGVALUE||FIXINGSCHEDULELENGTH|22|BOOK_CPTY_CDRMNEMONIC|DTCH L  4LM|PROFIT_CENTRE|FGO0|BOOKBRANCHPARENT|Global|HIGH_LEVEL_CPTY_CDRMNEMONIC|EDPELLIS|HIGH_LEVEL_BOOK_CPTY_CDRM|DTCH L|BOOK_CPYT_SRC_SYSTEM|RMS|SUBBRANCH|LDN|CPTY_CDRMNEMONIC|EDPELLIS|AMI_CODE|0840|BOOK_CPTY|EURGEN|PUBLICATIONTIME|2010-09-24 16:01:24.652|DBLEGALENTITY|London|ISLIVEYN|Y</Text>
</Message>
