<?xml version="1.0" encoding="UTF-8"?>
<Message>
    <SystemInfo>
        <JMSDestination>Topic[exodus.pipe.demo]</JMSDestination>
        <JMSReplyTo/>
        <JMSDeliveryMode>2</JMSDeliveryMode>
        <JMSRedelivered>false</JMSRedelivered>
        <JMSCorrelationID>null</JMSCorrelationID>
        <JMSType>null</JMSType>
        <JMSTimestamp>1285344081838</JMSTimestamp>
        <JMSExpiration>0</JMSExpiration>
        <JMSPriority>4</JMSPriority>
    </SystemInfo>
    <ApplicationInfo>
        <SYSTEMID>26120982</SYSTEMID>
        <TRADEGROUP>EXOTIC</TRADEGROUP>
        <VERSION>4</VERSION>
        <COUNTERPARTY>ATCP</COUNTERPARTY>
        <MESSAGE_TYPE>RMS_TRADE</MESSAGE_TYPE>
        <TRADETYPE>FxAverageBasketOpt</TRADETYPE>
        <BOOK>EXOT</BOOK>
        <ACTION>Economic</ACTION>
        <STATUS>Open</STATUS>
    </ApplicationInfo>
    <Text>SYSTEMID|26120982|TRADETYPE|FxAverageBasketOpt|TRADEID|26120982|SOURCESYSTEM|Excel|BOOK|EXOT|BLOTTER||COUNTERPARTY|ATCP|COUNTERPARTYSOURCESYSTEM||DBICOUNTERPARTYID||CUSTOMER|ATCP|CUSTOMERSOURCESYSTEM||STATUS|Open|SHOWINRMSYN|Y|SECTION|RMSOtherParams|ORDERFIELD|144|INPUTS|NVPair|PARAMETERTEXT|FALSE|PARAMETERNUMBER||PARAMETERDATE||PRODUCTID|24210660|PRODUCTVERSION|4|PRODUCTLEGID||STRUCTUREID|16128044|TRADEDATE|2004-02-04 00:00:00.000|LASTUPDATED|2005-02-09 21:24:27.000|ACTION|Economic|ACTIONEFFECTIVEDATE|2005-02-09 21:24:27.000|SOURCESYSTEMBOOK|EXOT|SOURCESYSTEMPROFITCENTRE|EXOT|SALESPERSON|Jason Shell|TRADER|Thomas Chin|ENTEREDBY|benije|FUNDSPLITID||FUNDSPLITVERSION||STRUCTURENAME||MARKUPAMT||MARKUPCCY||MARKUPLOCATION||ATRISKAMT||ATRISKCCY||ATRISKLOCATION||ATRISKINDICATOR||REASON||ASSETLOCATION||NOTES|ODET 159983|BROKER||BROKERAMT||BROKERCCY||LINKSYSTEMID||LINKTYPE||SOURCESYSTEMID|26120982|DATECREATED|2005-02-04 22:44:38.000|CONFIRMAS||VERSION|4|CANCELSSOURCESYSTEMID||CANCELLEDBYSOURCESYSTEMID||CANCELLINGHALFSOURCESYSTEMID||CORRECTSSOURCESYSTEMID||CORRECTEDBYSOURCESYSTEMID||CLOSESSOURCESYSTEMID||CLOSEDBYSOURCESYSTEMID||EXERCISEDINTOSOURCESYSTEMID||EXERCISEDFROMSOURCESYSTEMID||LATESTVERSIONYN|N|CLOSINGDATE||LEGALENTITY|London|DEALCAPTURESYSTEM|Excel|DEALCAPTURESYSTEMID|26120982|BOOKINGLOCATION|London|PRODUCTTYPE||PRODUCTINSTANCE||BACKOFFICESYSTEM||BACKOFFICESYSTEMID||VERSIONVALIDUNTILDATE|2005-03-15 14:30:22.000|TRADEEXTRADETAILID||TRADEEXTRADETAILVERSION||TRADECLASSIFICATION|1|DEALCAPTURESALESUSER||FUNDSPLITALLOCATIONID||FUNDSPLITALLOCATIONLEGID||TEARUPID||ELECTEDCONFIRMATIONSYSTEM||ELECTEDCONFIRMATIONRULEID||PREVIOUSCONFIRMATIONSYSTEM||ELECTEDSETTLEMENTSYSTEM||ELECTEDSETTLEMENTRULEID||PREVIOUSSETTLEMENTSYSTEM||BACKOFFICEPROCESSING||CALCULATIONAGENT|DB|CLOSEDBY_PRODUCTID|24210660|CLOSES_PRODUCTID|24210660|LINK_PRODUCTID|24210660|PRODUCTTYPEID|BASKET|PREMIUMHASPAIDYN||UNWINDRATE||BACKOFFICEACCEPTED|N|BACKOFFICEENDDATE||BACKOFFICEEVENT||BACKOFFICEBRANCHACCEPTED||BACKOFFICEBRANCHEVENT||TRADETABLE|EXOTIC|USERENTEREDTRADEDATE||RMSRISKCONTROL|Table|RMSOTHERPARAMS|NVPair|WORKBOOK|Atlas_bskt|WORKSHEET|Basket1|PAYCURRENCY|SEK|NOTIONAL|-1|EXPIRYDATE|2006-03-31 00:00:00.000|SETTLEMENTDATE|2006-04-04 00:00:00.000|CP|P|STRIKE|540000000|FIXINGDATE|2006-01-31 00:00:00.000|FIXINGDATE|2006-02-28 00:00:00.000|FIXINGDATE|2006-03-31 00:00:00.000|APPROXIMATIONMETHOD|A|MODELTYPE|BSX|UNDERCURRENCY|AUD|UNDERCURRENCY|CAD|UNDERCURRENCY|CHF|UNDERCURRENCY|CZK|UNDERCURRENCY|DKK|UNDERCURRENCY|EUR|UNDERCURRENCY|GBP|UNDERCURRENCY|HKD|UNDERCURRENCY|HUF|UNDERCURRENCY|JPY|UNDERCURRENCY|NOK|UNDERCURRENCY|NZD|UNDERCURRENCY|PLN|UNDERCURRENCY|SGO|UNDERCURRENCY|USD|UNDERCURRENCY|ZAR|ACCCURRENCY|SEK|ACCCURRENCY|SEK|ACCCURRENCY|SEK|ACCCURRENCY|SEK|ACCCURRENCY|SEK|ACCCURRENCY|SEK|ACCCURRENCY|SEK|ACCCURRENCY|SEK|ACCCURRENCY|SEK|ACCCURRENCY|SEK|ACCCURRENCY|SEK|ACCCURRENCY|SEK|ACCCURRENCY|SEK|ACCCURRENCY|SEK|ACCCURRENCY|SEK|ACCCURRENCY|SEK|WEIGHT|12681546.4979175|WEIGHT|17628901.4010495|WEIGHT|6229490.11798746|WEIGHT|44991253.8127415|WEIGHT|10945252.1632696|WEIGHT|-30552888.55806|WEIGHT|3181806.08487874|WEIGHT|70654572.947625|WEIGHT|123932043.352274|WEIGHT|22459562.5381753|WEIGHT|45716345.3882241|WEIGHT|975240.334538021|WEIGHT|10375504.4979621|WEIGHT|1599701.15275861|WEIGHT|53356821.9284455|WEIGHT|62233908.3678651|AVERAGINGSTYLE|A|AVERAGINGSTYLE|A|AVERAGINGSTYLE|A|AVERAGINGSTYLE|A|AVERAGINGSTYLE|A|AVERAGINGSTYLE|A|AVERAGINGSTYLE|A|AVERAGINGSTYLE|A|AVERAGINGSTYLE|A|AVERAGINGSTYLE|A|AVERAGINGSTYLE|A|AVERAGINGSTYLE|A|AVERAGINGSTYLE|A|AVERAGINGSTYLE|A|AVERAGINGSTYLE|A|AVERAGINGSTYLE|A|RISKITEM|USD|RISKITEM|EURUSD|RISKITEM|JPYUSD|RISKITEM|GBPUSD|RISKITEM|AUDUSD|RISKITEM|SEKUSD|RISKITEM|CHFUSD|RISKITEM|NOKUSD|RISKITEM|DKKUSD|RISKITEM|NZDUSD|RISKITEM|CADUSD|RISKITEM|EURUSD|RISKITEM|JPYUSD|RISKITEM|GBPUSD|RISKITEM|AUDUSD|RISKITEM|SEKUSD|RISKITEM|CHFUSD|RISKITEM|NOKUSD|RISKITEM|DKKUSD|RISKITEM|NZDUSD|RISKITEM|CADUSD|RISKTYPE|PV|RISKTYPE|FxDelta|RISKTYPE|FxDelta|RISKTYPE|FxDelta|RISKTYPE|FxDelta|RISKTYPE|FxDelta|RISKTYPE|FxDelta|RISKTYPE|FxDelta|RISKTYPE|FxDelta|RISKTYPE|FxDelta|RISKTYPE|FxDelta|RISKTYPE|FxGamma|RISKTYPE|FxGamma|RISKTYPE|FxGamma|RISKTYPE|FxGamma|RISKTYPE|FxGamma|RISKTYPE|FxGamma|RISKTYPE|FxGamma|RISKTYPE|FxGamma|RISKTYPE|FxGamma|RISKTYPE|FxGamma|RISKRANGE|[Atlas_bskt.xls]Basket1!PV|RISKRANGE|[Atlas_bskt.xls]Basket1!FxDelta1|RISKRANGE|[Atlas_bskt.xls]Basket1!FxDelta2|RISKRANGE|[Atlas_bskt.xls]Basket1!FxDelta3|RISKRANGE|[Atlas_bskt.xls]Basket1!FxDelta4|RISKRANGE|[Atlas_bskt.xls]Basket1!FxDelta5|RISKRANGE|[Atlas_bskt.xls]Basket1!FxDelta6|RISKRANGE|[Atlas_bskt.xls]Basket1!FxDelta7|RISKRANGE|[Atlas_bskt.xls]Basket1!FxDelta8|RISKRANGE|[Atlas_bskt.xls]Basket1!FxDelta9|RISKRANGE|[Atlas_bskt.xls]Basket1!FxDelta10|RISKRANGE|[Atlas_bskt.xls]Basket1!FxGamma1|RISKRANGE|[Atlas_bskt.xls]Basket1!FxGamma2|RISKRANGE|[Atlas_bskt.xls]Basket1!FxGamma3|RISKRANGE|[Atlas_bskt.xls]Basket1!FxGamma4|RISKRANGE|[Atlas_bskt.xls]Basket1!FxGamma5|RISKRANGE|[Atlas_bskt.xls]Basket1!FxGamma6|RISKRANGE|[Atlas_bskt.xls]Basket1!FxGamma7|RISKRANGE|[Atlas_bskt.xls]Basket1!FxGamma8|RISKRANGE|[Atlas_bskt.xls]Basket1!FxGamma9|RISKRANGE|[Atlas_bskt.xls]Basket1!FxGamma10|REVALUEMACRO|Atlas_bskt.xls!RevalueBasket1|RISKINFULL|0|FIXINGSCHEDULE|&lt;EMPTY&gt;|BOOK_CPTY_CDRMNEMONIC|DTCH L  B32|PROFIT_CENTRE|FGO0|BOOKBRANCHPARENT|Global|HIGH_LEVEL_CPTY_CDRMNEMONIC|ATCOPST|HIGH_LEVEL_BOOK_CPTY_CDRM|DTCH L|BOOK_CPYT_SRC_SYSTEM|RMS|SUBBRANCH|LDN|CPTY_CDRMNEMONIC|ATCOPST|AMI_CODE|0840|BOOK_CPTY|EXTO|PUBLICATIONTIME|2010-09-24 16:01:21.835|DBLEGALENTITY|London|ISLIVEYN|Y</Text>
</Message>
