<?xml version="1.0" encoding="UTF-8"?>
<Message>
    <SystemInfo>
        <JMSDestination>Topic[exodus.pipe.demo]</JMSDestination>
        <JMSReplyTo/>
        <JMSDeliveryMode>2</JMSDeliveryMode>
        <JMSRedelivered>false</JMSRedelivered>
        <JMSCorrelationID>null</JMSCorrelationID>
        <JMSType>null</JMSType>
        <JMSTimestamp>1285343876377</JMSTimestamp>
        <JMSExpiration>0</JMSExpiration>
        <JMSPriority>4</JMSPriority>
    </SystemInfo>
    <ApplicationInfo>
        <SYSTEMID>261574978</SYSTEMID>
        <TRADEGROUP>EXOTIC</TRADEGROUP>
        <VERSION>1</VERSION>
        <COUNTERPARTY>////</COUNTERPARTY>
        <MESSAGE_TYPE>RMS_TRADE</MESSAGE_TYPE>
        <TRADETYPE>FxBasketEuropeanDigital</TRADETYPE>
        <BOOK>EMCORR</BOOK>
        <ACTION>New</ACTION>
        <STATUS>Open</STATUS>
    </ApplicationInfo>
    <Text>SYSTEMID|261574978|TRADETYPE|FxBasketEuropeanDigital|TRADEID|149749468A|SOURCESYSTEM|RMS|BOOK|EMCORR|BLOTTER||COUNTERPARTY|////|COUNTERPARTYSOURCESYSTEM|RMS|COUNTERPARTYNAME|DEUTSCHE BANK AG LONDON AC ABBREVIATION  NOT  KNOWN|DBICOUNTERPARTYID||CUSTOMER|////|CUSTOMERSOURCESYSTEM|RMS|STATUS|Open|SHOWINRMSYN|Y|SECTION|TradeDetails|ORDERFIELD|17|PRICINGSITE|Option|PARAMETERTEXT|0.04560369|PARAMETERNUMBER||PARAMETERDATE||PRODUCTID|254314143|PRODUCTVERSION|1|PRODUCTLEGID||STRUCTUREID|149749468|TRADEDATE|2010-03-18 00:00:00.000|LASTUPDATED|2010-03-18 17:28:04.000|ACTION|New|ACTIONEFFECTIVEDATE|2010-03-18 00:00:00.000|SOURCESYSTEMBOOK|EMCORR|SOURCESYSTEMPROFITCENTRE||SALESPERSON||TRADER||ENTEREDBY|SUNTIAN|FUNDSPLITID||FUNDSPLITVERSION||STRUCTURENAME||MARKUPAMT||MARKUPCCY||MARKUPLOCATION||ATRISKAMT||ATRISKCCY||ATRISKLOCATION||ATRISKINDICATOR||REASON||ASSETLOCATION||NOTES||BROKER||BROKERAMT||BROKERCCY||LINKSYSTEMID||LINKTYPE||SOURCESYSTEMID|261574978|DATECREATED|2010-03-18 17:28:04.000|CONFIRMAS||VERSION|1|CANCELSSOURCESYSTEMID||CANCELLEDBYSOURCESYSTEMID||CANCELLINGHALFSOURCESYSTEMID||CORRECTSSOURCESYSTEMID||CORRECTEDBYSOURCESYSTEMID||CLOSESSOURCESYSTEMID||CLOSEDBYSOURCESYSTEMID||EXERCISEDINTOSOURCESYSTEMID||EXERCISEDFROMSOURCESYSTEMID||LATESTVERSIONYN|N|CLOSINGDATE||LEGALENTITY|London|DEALCAPTURESYSTEM|RMS|DEALCAPTURESYSTEMID|261574978|BOOKINGLOCATION|London|PRODUCTTYPE||PRODUCTINSTANCE||BACKOFFICESYSTEM||BACKOFFICESYSTEMID||VERSIONVALIDUNTILDATE|2010-03-18 17:36:23.000|TRADEEXTRADETAILID|0|TRADEEXTRADETAILVERSION|0|TRADECLASSIFICATION|1|DEALCAPTURESALESUSER|RMS_SUNTIAN|FUNDSPLITALLOCATIONID||FUNDSPLITALLOCATIONLEGID||TEARUPID||ELECTEDCONFIRMATIONSYSTEM|///|ELECTEDCONFIRMATIONRULEID|71|PREVIOUSCONFIRMATIONSYSTEM|NNN|ELECTEDSETTLEMENTSYSTEM|///|ELECTEDSETTLEMENTRULEID|71|PREVIOUSSETTLEMENTSYSTEM|NNN|BACKOFFICEPROCESSING|Standard|CALCULATIONAGENT|DB|CLOSEDBY_PRODUCTID|254314143|CLOSES_PRODUCTID|254314143|LINK_PRODUCTID|254314143|PRODUCTTYPEID|////|PREMIUMHASPAIDYN||UNWINDRATE||BACKOFFICEACCEPTED|N|BACKOFFICEENDDATE||BACKOFFICEEVENT||BACKOFFICEBRANCHACCEPTED||BACKOFFICEBRANCHEVENT||TRADETABLE|EXOTIC|USERENTEREDTRADEDATE||PAYCURRENCY|ZAR|NOTIONAL|-159544711.29|EXPIRYDATE|2011-03-16 00:00:00.000|SETTLEMENTDATE|2011-03-18 00:00:00.000|CP|C|STRIKE|1|ASSETLOCATION||KNOCKEDOUTDATE||UNDERCURRENCY|EUR|UNDERCURRENCY|GBP|UNDERCURRENCY|USD|ACCCURRENCY|ZAR|ACCCURRENCY|ZAR|ACCCURRENCY|ZAR|WEIGHT|0.033354286|WEIGHT|0.02987679|WEIGHT|0.04560369|FIXINGSCHEDULE|&lt;EMPTY&gt;|BOOK_CPTY_CDRMNEMONIC|DTCH L  VF7|PROFIT_CENTRE|FGO0|BOOKBRANCHPARENT|Global|HIGH_LEVEL_CPTY_CDRMNEMONIC|DTCH L  ABB|HIGH_LEVEL_BOOK_CPTY_CDRM|DTCH L|BOOK_CPYT_SRC_SYSTEM|RMS|SUBBRANCH|LDN|CPTY_CDRMNEMONIC|DTCH L  ABB|AMI_CODE|0840|BOOK_CPTY|EMCORR|PUBLICATIONTIME|2010-09-24 15:57:56.376|DBLEGALENTITY|London|ISLIVEYN|Y</Text>
</Message>
