<?xml version="1.0" encoding="UTF-8"?>
<Message>
    <SystemInfo>
        <JMSDestination>Topic[exodus.pipe.demo]</JMSDestination>
        <JMSReplyTo/>
        <JMSDeliveryMode>2</JMSDeliveryMode>
        <JMSRedelivered>false</JMSRedelivered>
        <JMSCorrelationID>null</JMSCorrelationID>
        <JMSType>null</JMSType>
        <JMSTimestamp>1285343785196</JMSTimestamp>
        <JMSExpiration>0</JMSExpiration>
        <JMSPriority>4</JMSPriority>
    </SystemInfo>
    <ApplicationInfo>
        <SYSTEMID>208297690</SYSTEMID>
        <TRADEGROUP>EXOTIC</TRADEGROUP>
        <VERSION>28</VERSION>
        <COUNTERPARTY>CUWA</COUNTERPARTY>
        <MESSAGE_TYPE>RMS_TRADE</MESSAGE_TYPE>
        <TRADETYPE>FxBasketOpt</TRADETYPE>
        <BOOK>WARRNYEXAUTO</BOOK>
        <ACTION>Economic</ACTION>
        <STATUS>Open</STATUS>
    </ApplicationInfo>
    <Text>SYSTEMID|208297690|TRADETYPE|FxBasketOpt|TRADEID|120606781R|SOURCESYSTEM|RMS|BOOK|WARRNYEXAUTO|BLOTTER||COUNTERPARTY|CUWA|COUNTERPARTYSOURCESYSTEM|RMS|COUNTERPARTYNAME|T&amp;S CURRENCY WARRANT DESK|DBICOUNTERPARTYID||CUSTOMER|CUWA|CUSTOMERSOURCESYSTEM|RMS|STATUS|Open|SHOWINRMSYN|Y|SECTION|TradeDetails|ORDERFIELD|21|PRICINGSITE|Option|PARAMETERTEXT|1.70905|PARAMETERNUMBER||PARAMETERDATE||PRODUCTID|202202245|PRODUCTVERSION|1|PRODUCTLEGID||STRUCTUREID|120606781|TRADEDATE|2009-06-19 00:00:00.000|LASTUPDATED|2010-09-15 03:17:05.000|ACTION|Economic|ACTIONEFFECTIVEDATE|2010-09-15 00:00:00.000|SOURCESYSTEMBOOK|WARRNYEXAUTO|SOURCESYSTEMPROFITCENTRE||SALESPERSON|Faraz Munaim|TRADER||ENTEREDBY|XOLBUS_SUBSCRIBER|FUNDSPLITID||FUNDSPLITVERSION||STRUCTURENAME||MARKUPAMT||MARKUPCCY||MARKUPLOCATION||ATRISKAMT||ATRISKCCY||ATRISKLOCATION||ATRISKINDICATOR||REASON|Warrant|ASSETLOCATION||NOTES|XOL US2515A0K853 STRUCTURED|BROKER||BROKERAMT||BROKERCCY||LINKSYSTEMID||LINKTYPE||SOURCESYSTEMID|208297690|DATECREATED|2009-06-20 03:25:33.000|CONFIRMAS||VERSION|28|CANCELSSOURCESYSTEMID||CANCELLEDBYSOURCESYSTEMID||CANCELLINGHALFSOURCESYSTEMID||CORRECTSSOURCESYSTEMID||CORRECTEDBYSOURCESYSTEMID||CLOSESSOURCESYSTEMID||CLOSEDBYSOURCESYSTEMID||EXERCISEDINTOSOURCESYSTEMID||EXERCISEDFROMSOURCESYSTEMID||LATESTVERSIONYN|Y|CLOSINGDATE||LEGALENTITY|London|DEALCAPTURESYSTEM|XOL|DEALCAPTURESYSTEMID|US2515A0K853|BOOKINGLOCATION|London|PRODUCTTYPE|CUWAWARR|PRODUCTINSTANCE||BACKOFFICESYSTEM||BACKOFFICESYSTEMID|US2515A0K853|VERSIONVALIDUNTILDATE||TRADEEXTRADETAILID|0|TRADEEXTRADETAILVERSION|0|TRADECLASSIFICATION|1|DEALCAPTURESALESUSER|RMS_FRENMOR|FUNDSPLITALLOCATIONID||FUNDSPLITALLOCATIONLEGID||TEARUPID||ELECTEDCONFIRMATIONSYSTEM|///|ELECTEDCONFIRMATIONRULEID|71|PREVIOUSCONFIRMATIONSYSTEM|///|ELECTEDSETTLEMENTSYSTEM|///|ELECTEDSETTLEMENTRULEID|71|PREVIOUSSETTLEMENTSYSTEM|///|BACKOFFICEPROCESSING|Standard|CALCULATIONAGENT|DB|CLOSEDBY_PRODUCTID|202202245|CLOSES_PRODUCTID|202202245|LINK_PRODUCTID|202202245|PRODUCTTYPEID|WARRANT|PREMIUMHASPAIDYN||UNWINDRATE||BACKOFFICEACCEPTED||BACKOFFICEENDDATE||BACKOFFICEEVENT||BACKOFFICEBRANCHACCEPTED||BACKOFFICEBRANCHEVENT||TRADETABLE|EXOTIC|USERENTEREDTRADEDATE||PAYCURRENCY|USD|NOTIONAL|3501240|CONTRACT|O|EXPIRYDATE|2011-06-21 00:00:00.000|SETTLEMENTDATE|2011-06-24 00:00:00.000|CP|C|STRIKE|1|ASSETLOCATION||KNOCKEDOUTDATE||UNDERCURRENCY|BRO|UNDERCURRENCY|RUB|UNDERCURRENCY|INO|UNDERCURRENCY|CNO|ACCCURRENCY|USD|ACCCURRENCY|USD|ACCCURRENCY|USD|ACCCURRENCY|USD|WEIGHT|0.4886875|WEIGHT|7.7827875|WEIGHT|12.02|WEIGHT|1.70905|FIXINGSCHEDULE|&lt;EMPTY&gt;|BOOK_CPTY_CDRMNEMONIC|DTCH L  11J|PROFIT_CENTRE|SMT0|BOOKBRANCHPARENT|SMT|HIGH_LEVEL_CPTY_CDRMNEMONIC|DTCH F  113|HIGH_LEVEL_BOOK_CPTY_CDRM|DTCH L|BOOK_CPYT_SRC_SYSTEM|RMS|SUBBRANCH|NYC|CPTY_CDRMNEMONIC|DTCH F  113|AMI_CODE|0840|BOOK_CPTY|WARRNYEXAUTO|PUBLICATIONTIME|2010-09-24 15:56:25.195|DBLEGALENTITY|London|ISLIVEYN|Y</Text>
</Message>
