<?xml version="1.0" encoding="UTF-8"?>
<Message>
    <SystemInfo>
        <JMSDestination>Topic[exodus.pipe.demo]</JMSDestination>
        <JMSReplyTo/>
        <JMSDeliveryMode>2</JMSDeliveryMode>
        <JMSRedelivered>false</JMSRedelivered>
        <JMSCorrelationID>null</JMSCorrelationID>
        <JMSType>null</JMSType>
        <JMSTimestamp>1285343882340</JMSTimestamp>
        <JMSExpiration>0</JMSExpiration>
        <JMSPriority>4</JMSPriority>
    </SystemInfo>
    <ApplicationInfo>
        <SYSTEMID>41319814</SYSTEMID>
        <TRADEGROUP>EXOTIC</TRADEGROUP>
        <VERSION>3</VERSION>
        <COUNTERPARTY>DBOB</COUNTERPARTY>
        <MESSAGE_TYPE>RMS_TRADE</MESSAGE_TYPE>
        <TRADETYPE>FxBetterOrWorseOfTwoOptionsOpt</TRADETYPE>
        <BOOK>EXOT</BOOK>
        <ACTION>NonEconomic</ACTION>
        <STATUS>Open</STATUS>
    </ApplicationInfo>
    <Text>SYSTEMID|41319814|TRADETYPE|FxBetterOrWorseOfTwoOptionsOpt|TRADEID|24454877I|SOURCESYSTEM|RMS|BOOK|EXOT|BLOTTER||COUNTERPARTY|DBOB|COUNTERPARTYSOURCESYSTEM|RMS|COUNTERPARTYNAME|DEUTSCHE BANK AG|DBICOUNTERPARTYID||CUSTOMER|AYRE/HBG|CUSTOMERSOURCESYSTEM|RMS|STATUS|Open|SHOWINRMSYN|Y|SECTION|TradeDetails|ORDERFIELD|17|PRICINGSITE|Option|PARAMETERTEXT|1|PARAMETERNUMBER||PARAMETERDATE||PRODUCTID|38802148|PRODUCTVERSION|8|PRODUCTLEGID||STRUCTUREID|24454877|TRADEDATE|2005-12-06 00:00:00.000|LASTUPDATED|2005-12-21 22:15:23.000|ACTION|NonEconomic|ACTIONEFFECTIVEDATE|2005-12-21 00:00:00.000|SOURCESYSTEMBOOK|EXOT|SOURCESYSTEMPROFITCENTRE||SALESPERSON||TRADER||ENTEREDBY|FELLMA|FUNDSPLITID||FUNDSPLITVERSION||STRUCTURENAME||MARKUPAMT||MARKUPCCY||MARKUPLOCATION||ATRISKAMT||ATRISKCCY||ATRISKLOCATION||ATRISKINDICATOR||REASON||ASSETLOCATION||NOTES||BROKER||BROKERAMT||BROKERCCY||LINKSYSTEMID||LINKTYPE||SOURCESYSTEMID|41319814|DATECREATED|2005-12-07 00:51:30.000|CONFIRMAS||VERSION|3|CANCELSSOURCESYSTEMID||CANCELLEDBYSOURCESYSTEMID||CANCELLINGHALFSOURCESYSTEMID||CORRECTSSOURCESYSTEMID||CORRECTEDBYSOURCESYSTEMID||CLOSESSOURCESYSTEMID||CLOSEDBYSOURCESYSTEMID||EXERCISEDINTOSOURCESYSTEMID||EXERCISEDFROMSOURCESYSTEMID||LATESTVERSIONYN|N|CLOSINGDATE||LEGALENTITY|London|DEALCAPTURESYSTEM|RMS|DEALCAPTURESYSTEMID|41319814|BOOKINGLOCATION|London|PRODUCTTYPE||PRODUCTINSTANCE||BACKOFFICESYSTEM||BACKOFFICESYSTEMID||VERSIONVALIDUNTILDATE|2009-02-25 22:46:20.000|TRADEEXTRADETAILID||TRADEEXTRADETAILVERSION||TRADECLASSIFICATION|1|DEALCAPTURESALESUSER||FUNDSPLITALLOCATIONID||FUNDSPLITALLOCATIONLEGID||TEARUPID||ELECTEDCONFIRMATIONSYSTEM||ELECTEDCONFIRMATIONRULEID||PREVIOUSCONFIRMATIONSYSTEM||ELECTEDSETTLEMENTSYSTEM||ELECTEDSETTLEMENTRULEID||PREVIOUSSETTLEMENTSYSTEM||BACKOFFICEPROCESSING|Standard|CALCULATIONAGENT|DB|CLOSEDBY_PRODUCTID|38802148|CLOSES_PRODUCTID|38802148|LINK_PRODUCTID|38802148|PRODUCTTYPEID|TBD|PREMIUMHASPAIDYN||UNWINDRATE||BACKOFFICEACCEPTED|A|BACKOFFICEENDDATE||BACKOFFICEEVENT||BACKOFFICEBRANCHACCEPTED||BACKOFFICEBRANCHEVENT||TRADETABLE|EXOTIC|USERENTEREDTRADEDATE||UNDERCURRENCY1|USD|ACCCURRENCY1|JPY|UNDERCURRENCY2|USD|ACCCURRENCY2|CHF|PAYCURRENCY|USD|NOTIONAL|7500000|EXPIRYDATE|2009-02-25 00:00:00.000|SETTLEMENTDATE|2009-02-27 00:00:00.000|BETTERORWORSE|B|CP1|P|STRIKE1|111.5|KORS1|S|LEVERAGE1|1|CP2|P|STRIKE2|1.225|KORS2|S|LEVERAGE2|1|FIXINGSCHEDULE|&lt;EMPTY&gt;|BOOK_CPTY_CDRMNEMONIC|DTCH L  B32|PROFIT_CENTRE|FGO0|BOOKBRANCHPARENT|Global|HIGH_LEVEL_CPTY_CDRMNEMONIC|DTCH F  MM|HIGH_LEVEL_BOOK_CPTY_CDRM|DTCH L|BOOK_CPYT_SRC_SYSTEM|RMS|SUBBRANCH|LDN|CPTY_CDRMNEMONIC|DTCH F  MM|AMI_CODE|0840|BOOK_CPTY|EXTO|PUBLICATIONTIME|2010-09-24 15:58:02.339|DBLEGALENTITY|London|ISLIVEYN|Y</Text>
</Message>
