<?xml version="1.0" encoding="UTF-8"?>
<Message>
    <SystemInfo>
        <JMSDestination>Topic[exodus.pipe.demo]</JMSDestination>
        <JMSReplyTo/>
        <JMSDeliveryMode>2</JMSDeliveryMode>
        <JMSRedelivered>false</JMSRedelivered>
        <JMSCorrelationID>null</JMSCorrelationID>
        <JMSType>null</JMSType>
        <JMSTimestamp>1285344085169</JMSTimestamp>
        <JMSExpiration>0</JMSExpiration>
        <JMSPriority>4</JMSPriority>
    </SystemInfo>
    <ApplicationInfo>
        <SYSTEMID>286749793</SYSTEMID>
        <TRADEGROUP>FXCASHBALANCE</TRADEGROUP>
        <VERSION>2</VERSION>
        <COUNTERPARTY>FxCashBalance</COUNTERPARTY>
        <MESSAGE_TYPE>RMS_TRADE</MESSAGE_TYPE>
        <TRADETYPE>FxCashBalance</TRADETYPE>
        <BOOK>PMLNOGOPV</BOOK>
        <ACTION>Economic</ACTION>
        <STATUS>Open</STATUS>
    </ApplicationInfo>
    <Text>SYSTEMID|286749793|TRADETYPE|FxCashBalance|TRADEID|Archive FxCB|SOURCESYSTEM|ABFO|BOOK|PMLNOGOPV|BLOTTER||COUNTERPARTY|FxCashBalance|COUNTERPARTYSOURCESYSTEM|RMS|DBICOUNTERPARTYID||CUSTOMER||CUSTOMERSOURCESYSTEM||STATUS|Open|UNDERCURRENCY|USD|UNDERAMOUNT|-375795|OPENUNDERAMOUNT|0|ACCCURRENCY|XPT|ACCAMOUNT|0|OPENACCAMOUNT|0|STARTOFDAYDATE||ASSETLOCATION|NYM|PRODUCTID|0|PRODUCTVERSION|1|PRODUCTLEGID||STRUCTUREID|0|TRADEDATE||LASTUPDATED|2010-09-05 07:48:55.000|ACTION|Economic|ACTIONEFFECTIVEDATE|2010-09-05 00:00:00.000|SOURCESYSTEMBOOK|PMLNOGOPV|SOURCESYSTEMPROFITCENTRE|Cash|SALESPERSON||TRADER||ENTEREDBY||FUNDSPLITID||FUNDSPLITVERSION||STRUCTURENAME||MARKUPAMT||MARKUPCCY||MARKUPLOCATION||ATRISKAMT||ATRISKCCY||ATRISKLOCATION||ATRISKINDICATOR||REASON|FuturesCash|NOTES||BROKER||BROKERAMT||BROKERCCY||LINKSYSTEMID||LINKTYPE||SOURCESYSTEMID|Archive FxCB|DATECREATED|2010-09-05 07:48:55.000|CONFIRMAS||VERSION|2|CANCELSSOURCESYSTEMID||CANCELLEDBYSOURCESYSTEMID||CANCELLINGHALFSOURCESYSTEMID||CORRECTSSOURCESYSTEMID||CORRECTEDBYSOURCESYSTEMID||CLOSESSOURCESYSTEMID||CLOSEDBYSOURCESYSTEMID||EXERCISEDINTOSOURCESYSTEMID||EXERCISEDFROMSOURCESYSTEMID||LATESTVERSIONYN|Y|CLOSINGDATE||LEGALENTITY|London|DEALCAPTURESYSTEM|ABFO|DEALCAPTURESYSTEMID|Archive FxCB|BOOKINGLOCATION|London|PRODUCTTYPE||PRODUCTINSTANCE||BACKOFFICESYSTEM||BACKOFFICESYSTEMID||VERSIONVALIDUNTILDATE||TRADEEXTRADETAILID||TRADEEXTRADETAILVERSION||TRADECLASSIFICATION|0|DEALCAPTURESALESUSER||FUNDSPLITALLOCATIONID||FUNDSPLITALLOCATIONLEGID||TEARUPID||ELECTEDCONFIRMATIONSYSTEM||ELECTEDCONFIRMATIONRULEID||PREVIOUSCONFIRMATIONSYSTEM||ELECTEDSETTLEMENTSYSTEM||ELECTEDSETTLEMENTRULEID||PREVIOUSSETTLEMENTSYSTEM||PREMIUMAMOUNT||PREMIUMDATE||PREMIUMHASPAIDYN||UNWINDRATE||UNWINDPREMIUMCURRENCY||UNWINDPREMIUMAMOUNT||UNWINDPREMIUMDATE||MARGINPAYMENTCURRENCY||MARGINPAYMENTAMOUNT||CALCULATIONAGENT||BACKOFFICEPROCESSING||BACKOFFICEACCEPTED||BACKOFFICEENDDATE||BACKOFFICEEVENT||BACKOFFICEBRANCHACCEPTED||BACKOFFICEBRANCHEVENT||TRADETABLE|FXCASHBALANCE|USERENTEREDTRADEDATE||PRODUCTTYPEID|////|BOOK_CPTY_CDRMNEMONIC|DTCH L  NI5|PROFIT_CENTRE|PML0|BOOKBRANCHPARENT|Commodities|HIGH_LEVEL_CPTY_CDRMNEMONIC||HIGH_LEVEL_BOOK_CPTY_CDRM|DTCH N  CMD|BOOK_CPYT_SRC_SYSTEM|RMS|SUBBRANCH|SPX|CPTY_CDRMNEMONIC||AMI_CODE|0840|BOOK_CPTY|PMLNOGOPV|PUBLICATIONTIME|2010-09-24 16:01:25.168|DBLEGALENTITY|London|ISLIVEYN|Y</Text>
</Message>
