<?xml version="1.0" encoding="UTF-8"?>
<Message>
    <SystemInfo>
        <JMSDestination>Topic[exodus.pipe.demo]</JMSDestination>
        <JMSReplyTo/>
        <JMSDeliveryMode>2</JMSDeliveryMode>
        <JMSRedelivered>false</JMSRedelivered>
        <JMSCorrelationID>null</JMSCorrelationID>
        <JMSType>null</JMSType>
        <JMSTimestamp>1285343263648</JMSTimestamp>
        <JMSExpiration>0</JMSExpiration>
        <JMSPriority>4</JMSPriority>
    </SystemInfo>
    <ApplicationInfo>
        <SYSTEMID>309866103</SYSTEMID>
        <TRADEGROUP>FXOPTION</TRADEGROUP>
        <VERSION>1</VERSION>
        <COUNTERPARTY>DBOB</COUNTERPARTY>
        <MESSAGE_TYPE>RMS_TRADE</MESSAGE_TYPE>
        <TRADETYPE>FxCompoundEuroOpt</TRADETYPE>
        <BOOK>IRATE</BOOK>
        <ACTION>New</ACTION>
        <STATUS>Open</STATUS>
    </ApplicationInfo>
    <Text>SYSTEMID|309866103|TRADETYPE|FxCompoundEuroOpt|TRADEID|175328602P|SOURCESYSTEM|RMS|BOOK|IRATE|BLOTTER||COUNTERPARTY|DBOB|COUNTERPARTYSOURCESYSTEM|RMS|COUNTERPARTYNAME|DEUTSCHE BANK AG|DBICOUNTERPARTYID||CUSTOMER|HILL/MAIN|CUSTOMERSOURCESYSTEM|RMS|STATUS|Open|UNDERCURRENCY|EUR|ACCCURRENCY|USD|NOTIONAL|-769230.769230769|ACCNOTIONAL|1000000|DOMINANTNOTIONAL||STRIKE|1.3|SHIFTEDSTRIKE||STRIKEASENTERED||STRIKETERMSASENTERED||CP|C|EXPIRYDATE|2011-03-29 00:00:00.000|SHIFTEDEXPIRYDATE|2011-03-29 00:00:00.000|SETTLEMENTDATE|2011-03-31 00:00:00.000|PAYCURRENCY||QUANTOLEVEL||FIXINGREFERENCE|SPOT|FIXING||FIXINGDATE||FIXEDVOLATILITY||FORWARDSETTINGSTYLE||FORWARDSETTINGDATE||FORWARDREFERENCEDATE||OPTIMISESETTINGLEVELSYN||COMPOUNDEXPIRYDATE|2011-03-15 00:00:00.000|COMPOUNDSTRIKE|0.0156|COMPOUNDSTRIKECCY|EUR|COMPOUNDCP|C|CPRATIO||FIRSTEXERCISEDATE||LASTEXERCISEDATE||FIRSTSTRIKE||LASTSTRIKE||INVERSEINTERPOLATIONYN||AMERICANPERIOD||PREMIUMINTERMS||PREMIUMTERMS||PREMIUMCURRENCY|EUR|PREMIUMAMOUNT|24167|PREMIUMDATE|2010-09-07 00:00:00.000|PREMIUMCURRENCYASENTERED||PREMIUMAMOUNTASENTERED||PREMIUMHASPAIDYN|N|UNWINDRATE||UNWINDPREMIUMCURRENCY||UNWINDPREMIUMAMOUNT||UNWINDPREMIUMDATE||MARGINPAYMENTCURRENCY||MARGINPAYMENTAMOUNT||ZONECUT|NY|MODELTYPE||NUMTIMESTEPS||USEMINIMUMDENSITYYN||PRODUCTID|301715602|PRODUCTVERSION|1|PRODUCTLEGID||STRUCTUREID|175328602|REFERENCESPOT|1.2816|REFERENCEFORWARDPOINTS|-0.0005322271|REFERENCEVOLATILITY|12.98147719|REFERENCEDEPORATE|0.36216514|REFERENCEDEPOCURRENCY|USD|REFERENCEDELTA|-0.36120124123832|REFERENCEDELTACURRENCY|EUR|ASSETLOCATION||TRADEDATE|2010-09-03 00:00:00.000|LASTUPDATED|2010-09-03 20:53:22.000|ACTION|New|ACTIONEFFECTIVEDATE|2010-09-03 00:00:00.000|SOURCESYSTEMBOOK|IRATE|SOURCESYSTEMPROFITCENTRE||SALESPERSON||TRADER||ENTEREDBY|POLLMAT|FUNDSPLITID||FUNDSPLITVERSION||STRUCTURENAME||MARKUPAMT||MARKUPCCY||MARKUPLOCATION||ATRISKAMT||ATRISKCCY||ATRISKLOCATION||ATRISKINDICATOR||REASON||NOTES||BROKER||BROKERAMT||BROKERCCY||LINKSYSTEMID||LINKTYPE||SOURCESYSTEMID|309866103|DATECREATED|2010-09-03 20:53:22.000|CONFIRMAS||VERSION|1|CANCELSSOURCESYSTEMID||CANCELLEDBYSOURCESYSTEMID||CANCELLINGHALFSOURCESYSTEMID||CORRECTSSOURCESYSTEMID||CORRECTEDBYSOURCESYSTEMID||CLOSESSOURCESYSTEMID||CLOSEDBYSOURCESYSTEMID||EXERCISEDINTOSOURCESYSTEMID||EXERCISEDFROMSOURCESYSTEMID||LATESTVERSIONYN|N|CLOSINGDATE||LEGALENTITY|London|DEALCAPTURESYSTEM|FXPricer|DEALCAPTURESYSTEMID|309866103|BOOKINGLOCATION|London|PRODUCTTYPE||PRODUCTINSTANCE||BACKOFFICESYSTEM||BACKOFFICESYSTEMID||VERSIONVALIDUNTILDATE|2010-09-04 00:54:59.000|TRADEEXTRADETAILID|0|TRADEEXTRADETAILVERSION|0|TRADECLASSIFICATION|1|DEALCAPTURESALESUSER|FXPRICER_POLLMAT|FUNDSPLITALLOCATIONID||FUNDSPLITALLOCATIONLEGID||GENERATEBACKTOBACKTRADEYN|N|INTERNALGROUPID||ORIGINALSETTLEMENTDATE||TEARUPID||SETTLEMENTCURRENCY||AUTOPRICESTATUS||AUTOSPOT||AUTOFORWARDPOINTS||AUTOVOLATILITY||AUTODEPORATE||AUTODEPOCURRENCY||AUTODELTA||AUTODELTACURRENCY||AUTOPREMIUM||AUTOMARKUP||AUTOATRISK||ELECTEDCONFIRMATIONSYSTEM|///|ELECTEDCONFIRMATIONRULEID|79|PREVIOUSCONFIRMATIONSYSTEM|NNN|ELECTEDSETTLEMENTSYSTEM|///|ELECTEDSETTLEMENTRULEID|79|PREVIOUSSETTLEMENTSYSTEM|NNN|BACKOFFICEPROCESSING|Manual|CALCULATIONAGENT|DB|CLOSEDBY_PRODUCTID|301715602|CLOSES_PRODUCTID|301715602|LINK_PRODUCTID|301715602|PRODUCTTYPEID|////|BACKOFFICEENDDATE||BACKOFFICEEVENT||BACKOFFICEBRANCHACCEPTED||BACKOFFICEBRANCHEVENT||TRADETABLE|FXOPTION|USERENTEREDTRADEDATE||BOOK_CPTY_CDRMNEMONIC|DTCH L  K82|PROFIT_CENTRE|FGO0|BOOKBRANCHPARENT|Global|HIGH_LEVEL_CPTY_CDRMNEMONIC|DTCH F  MM|HIGH_LEVEL_BOOK_CPTY_CDRM|DTCH L|BOOK_CPYT_SRC_SYSTEM|RMS|SUBBRANCH|LDN|CPTY_CDRMNEMONIC|DTCH F  MM|AMI_CODE|0840|BOOK_CPTY|IRAT|PUBLICATIONTIME|2010-09-24 15:47:43.647|DBLEGALENTITY|London|ISLIVEYN|Y</Text>
</Message>
