<?xml version="1.0" encoding="UTF-8"?>
<Message>
    <SystemInfo>
        <JMSDestination>Topic[exodus.pipe.demo]</JMSDestination>
        <JMSReplyTo/>
        <JMSDeliveryMode>2</JMSDeliveryMode>
        <JMSRedelivered>false</JMSRedelivered>
        <JMSCorrelationID>null</JMSCorrelationID>
        <JMSType>null</JMSType>
        <JMSTimestamp>1285343794473</JMSTimestamp>
        <JMSExpiration>0</JMSExpiration>
        <JMSPriority>4</JMSPriority>
    </SystemInfo>
    <ApplicationInfo>
        <SYSTEMID>226648833</SYSTEMID>
        <TRADEGROUP>FXOPTION</TRADEGROUP>
        <VERSION>2</VERSION>
        <COUNTERPARTY>ALSEAMEX</COUNTERPARTY>
        <MESSAGE_TYPE>RMS_TRADE</MESSAGE_TYPE>
        <TRADETYPE>FxDigitalOpt</TRADETYPE>
        <BOOK>LAOPUSDMXN</BOOK>
        <ACTION>Economic</ACTION>
        <STATUS>Open</STATUS>
    </ApplicationInfo>
    <Text>SYSTEMID|226648833|TRADETYPE|FxDigitalOpt|TRADEID|131058615F|SOURCESYSTEM|RMS|BOOK|LAOPUSDMXN|BLOTTER||COUNTERPARTY|ALSEAMEX|COUNTERPARTYSOURCESYSTEM|RMS|COUNTERPARTYNAME|ALSEA SAB DE CV|DBICOUNTERPARTYID||CUSTOMER|ALSEAMEX|CUSTOMERSOURCESYSTEM|RMS|STATUS|Open|UNDERCURRENCY|USD|ACCCURRENCY|MXN|NOTIONAL|367500|ACCNOTIONAL||DOMINANTNOTIONAL||STRIKE|14.05|SHIFTEDSTRIKE||STRIKEASENTERED||STRIKETERMSASENTERED||CP|C|EXPIRYDATE|2010-09-14 00:00:00.000|SHIFTEDEXPIRYDATE|2010-09-14 00:00:00.000|SETTLEMENTDATE|2010-09-20 00:00:00.000|PAYCURRENCY|MXN|QUANTOLEVEL||FIXINGREFERENCE|SPOT|FIXING||FIXINGDATE||FIXEDVOLATILITY||FORWARDSETTINGSTYLE||FORWARDSETTINGDATE||FORWARDREFERENCEDATE||OPTIMISESETTINGLEVELSYN||COMPOUNDEXPIRYDATE||COMPOUNDSTRIKE||COMPOUNDSTRIKECCY||COMPOUNDCP||CPRATIO||FIRSTEXERCISEDATE||LASTEXERCISEDATE||FIRSTSTRIKE||LASTSTRIKE||INVERSEINTERPOLATIONYN||AMERICANPERIOD||PREMIUMINTERMS||PREMIUMTERMS||PREMIUMCURRENCY||PREMIUMAMOUNT||PREMIUMDATE||PREMIUMCURRENCYASENTERED||PREMIUMAMOUNTASENTERED||PREMIUMHASPAIDYN||UNWINDRATE||UNWINDPREMIUMCURRENCY||UNWINDPREMIUMAMOUNT||UNWINDPREMIUMDATE||MARGINPAYMENTCURRENCY||MARGINPAYMENTAMOUNT||ZONECUT|BA|MODELTYPE||NUMTIMESTEPS||USEMINIMUMDENSITYYN||PRODUCTID|220097404|PRODUCTVERSION|3|PRODUCTLEGID|1|STRUCTUREID|131058615|REFERENCESPOT|13.08625|REFERENCEFORWARDPOINTS|0.644595182758|REFERENCEVOLATILITY|15.413901205743|REFERENCEDEPORATE|0.565248463735|REFERENCEDEPOCURRENCY|USD|REFERENCEDELTA|0.01613092792822|REFERENCEDELTACURRENCY|USD|ASSETLOCATION||TRADEDATE|2009-10-15 00:00:00.000|LASTUPDATED|2010-09-14 22:01:34.000|ACTION|Economic|ACTIONEFFECTIVEDATE|2010-09-14 00:00:00.000|SOURCESYSTEMBOOK|LAOPUSDMXN|SOURCESYSTEMPROFITCENTRE||SALESPERSON||TRADER||ENTEREDBY|GRAVSTE|FUNDSPLITID||FUNDSPLITVERSION||STRUCTURENAME||MARKUPAMT||MARKUPCCY||MARKUPLOCATION||ATRISKAMT||ATRISKCCY||ATRISKLOCATION||ATRISKINDICATOR||REASON||NOTES||BROKER||BROKERAMT||BROKERCCY||LINKSYSTEMID||LINKTYPE||SOURCESYSTEMID|226648833|DATECREATED|2009-10-16 01:47:28.000|CONFIRMAS||VERSION|2|CANCELSSOURCESYSTEMID||CANCELLEDBYSOURCESYSTEMID||CANCELLINGHALFSOURCESYSTEMID||CORRECTSSOURCESYSTEMID||CORRECTEDBYSOURCESYSTEMID||CLOSESSOURCESYSTEMID||CLOSEDBYSOURCESYSTEMID||EXERCISEDINTOSOURCESYSTEMID||EXERCISEDFROMSOURCESYSTEMID||LATESTVERSIONYN|N|CLOSINGDATE||LEGALENTITY|London|DEALCAPTURESYSTEM|FXPricer|DEALCAPTURESYSTEMID|226648833|BOOKINGLOCATION|London|PRODUCTTYPE||PRODUCTINSTANCE||BACKOFFICESYSTEM||BACKOFFICESYSTEMID||VERSIONVALIDUNTILDATE|2010-09-15 01:34:59.000|TRADEEXTRADETAILID|0|TRADEEXTRADETAILVERSION|0|TRADECLASSIFICATION|1|DEALCAPTURESALESUSER|FXPRICER_FERRLUI|FUNDSPLITALLOCATIONID||FUNDSPLITALLOCATIONLEGID||GENERATEBACKTOBACKTRADEYN|N|INTERNALGROUPID||ORIGINALSETTLEMENTDATE||TEARUPID||SETTLEMENTCURRENCY||AUTOPRICESTATUS||AUTOSPOT||AUTOFORWARDPOINTS||AUTOVOLATILITY||AUTODEPORATE||AUTODEPOCURRENCY||AUTODELTA||AUTODELTACURRENCY||AUTOPREMIUM||AUTOMARKUP||AUTOATRISK||ELECTEDCONFIRMATIONSYSTEM|///|ELECTEDCONFIRMATIONRULEID|79|PREVIOUSCONFIRMATIONSYSTEM|///|ELECTEDSETTLEMENTSYSTEM|///|ELECTEDSETTLEMENTRULEID|79|PREVIOUSSETTLEMENTSYSTEM|///|BACKOFFICEPROCESSING|Standard|CALCULATIONAGENT|DB|CLOSEDBY_PRODUCTID|220097404|CLOSES_PRODUCTID|220097404|LINK_PRODUCTID|220097404|PRODUCTTYPEID|EKO|BACKOFFICEENDDATE||BACKOFFICEEVENT||BACKOFFICEBRANCHACCEPTED||BACKOFFICEBRANCHEVENT||TRADETABLE|FXOPTION|USERENTEREDTRADEDATE||BOOK_CPTY_CDRMNEMONIC|DTCH L  KB7|PROFIT_CENTRE|LFX0|BOOKBRANCHPARENT|Emerging Markets LATAM|HIGH_LEVEL_CPTY_CDRMNEMONIC|ALSDCMXC|HIGH_LEVEL_BOOK_CPTY_CDRM|DTCH L|BOOK_CPYT_SRC_SYSTEM|RMS|SUBBRANCH|EMK|CPTY_CDRMNEMONIC|ALSDCMXC|AMI_CODE|0840|BOOK_CPTY|LAOPUSDMXN|PUBLICATIONTIME|2010-09-24 15:56:34.471|DBLEGALENTITY|London|ISLIVEYN|Y</Text>
</Message>
