<?xml version="1.0" encoding="UTF-8"?>
<Message>
    <SystemInfo>
        <JMSDestination>Topic[exodus.pipe.demo]</JMSDestination>
        <JMSReplyTo/>
        <JMSDeliveryMode>2</JMSDeliveryMode>
        <JMSRedelivered>false</JMSRedelivered>
        <JMSCorrelationID>null</JMSCorrelationID>
        <JMSType>null</JMSType>
        <JMSTimestamp>1285343836383</JMSTimestamp>
        <JMSExpiration>0</JMSExpiration>
        <JMSPriority>4</JMSPriority>
    </SystemInfo>
    <ApplicationInfo>
        <SYSTEMID>192076526</SYSTEMID>
        <TRADEGROUP>FXCASH</TRADEGROUP>
        <VERSION>24</VERSION>
        <COUNTERPARTY>BKK-THYSSEV</COUNTERPARTY>
        <MESSAGE_TYPE>RMS_TRADE</MESSAGE_TYPE>
        <TRADETYPE>FxDrawdownForward</TRADETYPE>
        <BOOK>BKTRS</BOOK>
        <ACTION>Economic</ACTION>
        <STATUS>Open</STATUS>
    </ApplicationInfo>
    <Text>SYSTEMID|192076526|TRADETYPE|FxDrawdownForward|TRADEID|111197502A|SOURCESYSTEM|RMS|BOOK|BKTRS|BLOTTER||COUNTERPARTY|BKK-THYSSEV|COUNTERPARTYSOURCESYSTEM|RMS|COUNTERPARTYNAME|THYSSENKRUPP ELEVATOR THAILAND CO LTD|DBICOUNTERPARTYID||CUSTOMER|BKK-THYSSEV|CUSTOMERSOURCESYSTEM|RMS|STATUS|Open|UNDERCURRENCY|EUR|ACCCURRENCY|THB|NOTIONAL|-9104.46|ACCNOTIONAL|424085.7468|DOMINANTNOTIONAL||STRIKE|46.58|STRIKEASENTERED||STRIKETERMSASENTERED||TRADERRATE|46.46|FIXING||FIXINGDATE||EXPIRYDATE||SETTLEMENTDATE|2010-09-30 00:00:00.000|FIXINGREFERENCE||PAYCURRENCY||QUANTOLEVEL||ZONECUT||MODELTYPE||FUTURECODE||FUTURESEXPIRYDATE||PREMIUMCURRENCY||PREMIUMDATE||PREMIUMAMOUNT||PREMIUMHASPAIDYN||UNWINDRATE||UNWINDPREMIUMCURRENCY||UNWINDPREMIUMAMOUNT||UNWINDPREMIUMDATE||MARGINPAYMENTCURRENCY||MARGINPAYMENTAMOUNT||PRODUCTID|186274511|PRODUCTVERSION|1|PRODUCTLEGID||STRUCTUREID|111197502|REFERENCESPOT||REFERENCEFORWARDPOINTS||REFERENCEVOLATILITY||REFERENCEDEPORATE||REFERENCEDEPOCURRENCY||REFERENCEDELTA||REFERENCEDELTACURRENCY||ASSETLOCATION||TRADEDATE|2009-03-09 00:00:00.000|LASTUPDATED|2010-08-30 10:41:39.000|ACTION|Economic|ACTIONEFFECTIVEDATE|2009-07-30 09:36:54.000|SOURCESYSTEMBOOK|BKTRS|SOURCESYSTEMPROFITCENTRE||SALESPERSON|PRATWIN1|TRADER||ENTEREDBY|PRASWIM|FUNDSPLITID||FUNDSPLITVERSION||STRUCTURENAME||MARKUPAMT|11784|MARKUPCCY|THB|MARKUPLOCATION|Onshore|ATRISKAMT||ATRISKCCY||ATRISKLOCATION||ATRISKINDICATOR||REASON||NOTES|318132 rem |BROKER|PHON|BROKERAMT||BROKERCCY||LINKSYSTEMID|308459848|LINKTYPE|DrawdownForward|SOURCESYSTEMID|192076526|DATECREATED|2009-03-09 09:47:37.000|CONFIRMAS||VERSION|24|CANCELSSOURCESYSTEMID||CANCELLEDBYSOURCESYSTEMID||CANCELLINGHALFSOURCESYSTEMID||CORRECTSSOURCESYSTEMID||CORRECTEDBYSOURCESYSTEMID||CLOSESSOURCESYSTEMID||CLOSEDBYSOURCESYSTEMID||EXERCISEDINTOSOURCESYSTEMID||EXERCISEDFROMSOURCESYSTEMID||LATESTVERSIONYN|Y|CLOSINGDATE||LEGALENTITY|London|DEALCAPTURESYSTEM|RMSSales|DEALCAPTURESYSTEMID|C-IFP270H4VOF0W-5|BOOKINGLOCATION|Bangkok|PRODUCTTYPE||PRODUCTINSTANCE||BACKOFFICESYSTEM||BACKOFFICESYSTEMID||VERSIONVALIDUNTILDATE||TRADEEXTRADETAILID|59794297|TRADEEXTRADETAILVERSION|1|TRADECLASSIFICATION|2|DEALCAPTURESALESUSER|IFX_IFXBKKWIP|FUNDSPLITALLOCATIONID||FUNDSPLITALLOCATIONLEGID||GENERATERISKSWEEPTRADEYN||RISKSWEEPTRADETYPE||RISKSWEEPSTRIKE|46.46|RISKSWEEPSETTLEMENTDATE||RISKSWEEPBOOK||RISKSWEEPUNDERCURRENCY||RISKSWEEPACCCURRENCY||RISKSWEEPLINKMASTERSYSTEMID||SPOTPRICINGLOCATION||FORWARDPRICINGLOCATION|BKKGTB|SETTLEMENTLEGALENTITYLOCATION||LOCALLEGALENTITYSETTLEMENTYN|N|RISKHOLDINGBOOK||RISKHOLDINGLINKMASTERSYSTEMID||GENERATEBACKTOBACKTRADEYN||CHILDFORWARDPIPS||CHILDMARGINPIPS||SCALINGFACTOR||RISKSWEEPCLIENTSTRIKE|46.58|INTERNALGROUPID||ORIGINALSETTLEMENTDATE||TEARUPID||ELECTEDCONFIRMATIONSYSTEM|PCA|ELECTEDCONFIRMATIONRULEID|1|PREVIOUSCONFIRMATIONSYSTEM|PCA|ELECTEDSETTLEMENTSYSTEM|PCA|ELECTEDSETTLEMENTRULEID|1|PREVIOUSSETTLEMENTSYSTEM|PCA|DRAWDOWNSTARTDATE|2009-03-09 00:00:00.000|BACKOFFICEPROCESSING||CALCULATIONAGENT|DB|CLOSEDBY_PRODUCTID|186274511|CLOSES_PRODUCTID|186274511|LINK_PRODUCTID|186274511|PRODUCTTYPEID|FXFWD|BACKOFFICEENDDATE||BACKOFFICEEVENT||BACKOFFICEBRANCHACCEPTED||BACKOFFICEBRANCHEVENT||TRADETABLE|FXCASH|USERENTEREDTRADEDATE||EXTRADETAILDDSYSTEMID|308459848|DDSYSTEMID|308459848|EXTRADETAILDDVERSION|1|DDVERSION|1|BOOK_CPTY_CDRMNEMONIC|DTCH BGK026|PROFIT_CENTRE|8150|BOOKBRANCHPARENT|GFXGMFJV|HIGH_LEVEL_CPTY_CDRMNEMONIC|THYSSBGK|HIGH_LEVEL_BOOK_CPTY_CDRM|DTCH BGK|BOOK_CPYT_SRC_SYSTEM|RMS|SUBBRANCH|BKK|CPTY_CDRMNEMONIC|THYSSBGK|AMI_CODE|0783|BOOK_CPTY|BKTRS|PUBLICATIONTIME|2010-09-24 15:57:16.381|DBLEGALENTITY|London|ISLIVEYN|Y</Text>
</Message>
