<?xml version="1.0" encoding="UTF-8"?>
<Message>
    <SystemInfo>
        <JMSDestination>Topic[exodus.pipe.demo]</JMSDestination>
        <JMSReplyTo/>
        <JMSDeliveryMode>2</JMSDeliveryMode>
        <JMSRedelivered>false</JMSRedelivered>
        <JMSCorrelationID>null</JMSCorrelationID>
        <JMSType>null</JMSType>
        <JMSTimestamp>1285344078755</JMSTimestamp>
        <JMSExpiration>0</JMSExpiration>
        <JMSPriority>4</JMSPriority>
    </SystemInfo>
    <ApplicationInfo>
        <SYSTEMID>224471548</SYSTEMID>
        <TRADEGROUP>FXFADEROPTION</TRADEGROUP>
        <VERSION>261</VERSION>
        <COUNTERPARTY>GSCH1</COUNTERPARTY>
        <MESSAGE_TYPE>RMS_TRADE</MESSAGE_TYPE>
        <TRADETYPE>FxExtinguishingFaderOpt</TRADETYPE>
        <BOOK>ANZPROP</BOOK>
        <ACTION>Fixed</ACTION>
        <STATUS>Open</STATUS>
    </ApplicationInfo>
    <Text>SYSTEMID|224471548|TRADETYPE|FxExtinguishingFaderOpt|TRADEID|129310394D|SOURCESYSTEM|RMS|BOOK|ANZPROP|BLOTTER||COUNTERPARTY|GSCH1|COUNTERPARTYSOURCESYSTEM|RMS|COUNTERPARTYNAME|G SCHNEIDER SA|DBICOUNTERPARTYID||CUSTOMER|GSCH1|CUSTOMERSOURCESYSTEM|RMS|STATUS|Open|PREMIUMCURRENCY||PREMIUMAMOUNT||PREMIUMDATE||PREMIUMHASPAIDYN||UNWINDRATE||UNWINDPREMIUMCURRENCY||UNWINDPREMIUMAMOUNT||UNWINDPREMIUMDATE||MARGINPAYMENTCURRENCY||MARGINPAYMENTAMOUNT||PRODUCTID|217982226|PRODUCTVERSION|3|PRODUCTLEGID||STRUCTUREID|129310394|ASSETLOCATION||TRADEDATE|2009-09-29 00:00:00.000|LASTUPDATED|2010-09-14 20:35:38.000|ACTION|Fixed|ACTIONEFFECTIVEDATE|2010-09-14 00:00:00.000|SOURCESYSTEMBOOK|ANZPROP|SOURCESYSTEMPROFITCENTRE||SALESPERSON|BAROMA|TRADER||ENTEREDBY|SEWEROB|FUNDSPLITID||FUNDSPLITVERSION||STRUCTURENAME||MARKUPAMT||MARKUPCCY||MARKUPLOCATION||ATRISKAMT||ATRISKCCY||ATRISKLOCATION||ATRISKINDICATOR||REASON||NOTES||BROKER||BROKERAMT||BROKERCCY||LINKSYSTEMID||LINKTYPE||SOURCESYSTEMID|224471548|DATECREATED|2009-10-05 16:18:25.000|CONFIRMAS||VERSION|261|CANCELSSOURCESYSTEMID||CANCELLEDBYSOURCESYSTEMID||CANCELLINGHALFSOURCESYSTEMID||CORRECTSSOURCESYSTEMID||CORRECTEDBYSOURCESYSTEMID||CLOSESSOURCESYSTEMID||CLOSEDBYSOURCESYSTEMID||EXERCISEDINTOSOURCESYSTEMID||EXERCISEDFROMSOURCESYSTEMID||LATESTVERSIONYN|N|CLOSINGDATE||LEGALENTITY|London|DEALCAPTURESYSTEM|RMS|DEALCAPTURESYSTEMID|224471548|BOOKINGLOCATION|London|PRODUCTTYPE||PRODUCTINSTANCE||BACKOFFICESYSTEM||BACKOFFICESYSTEMID||VERSIONVALIDUNTILDATE|2010-09-15 20:37:15.000|TRADEEXTRADETAILID|0|TRADEEXTRADETAILVERSION|0|TRADECLASSIFICATION|1|DEALCAPTURESALESUSER|FXPRICERSALES_BAROMA|FUNDSPLITALLOCATIONID||FUNDSPLITALLOCATIONLEGID||TEARUPID||ELECTEDCONFIRMATIONSYSTEM|///|ELECTEDCONFIRMATIONRULEID|74|PREVIOUSCONFIRMATIONSYSTEM|///|ELECTEDSETTLEMENTSYSTEM|///|ELECTEDSETTLEMENTRULEID|74|PREVIOUSSETTLEMENTSYSTEM|///|BACKOFFICEPROCESSING|Standard|CALCULATIONAGENT|DB|CLOSEDBY_PRODUCTID|217982226|CLOSES_PRODUCTID|217982226|LINK_PRODUCTID|217982226|PRODUCTTYPEID|FADEFO|BACKOFFICEENDDATE||BACKOFFICEEVENT||BACKOFFICEBRANCHACCEPTED||BACKOFFICEBRANCHEVENT||TRADETABLE|FXFADEROPTION|USERENTEREDTRADEDATE||UNDERCURRENCY|AUD|ACCCURRENCY|USD|NOTIONAL|-2000000|ACCNOTIONAL|1630000|DOMINANTNOTIONAL|Notional|STRIKE|0.815|CP|C|EXPIRYDATE|2010-09-28 00:00:00.000|SHIFTEDEXPIRYDATE||SETTLEMENTDATE|2010-09-30 00:00:00.000|FIXINGREFERENCE|ECB37|ACCRUALBASIS||PAYCURRENCY||QUANTOLEVEL||NONDELIVERABLEYN||NONDELIVERABLEFIXINGDATE||ACCRUALSTARTDATE|2009-09-28 00:00:00.000|ACCRUALENDDATE|2010-09-28 00:00:00.000|FIXINGHOLIDAYS|EUR|LOOKFREQUENCY|B|WEIGHTHOLIDAYS|EUR|ACCRUALRULE|B|LASTFIXEDDATE|2010-09-14 00:00:00.000|KNOCKEDOUTDATE||ACCRUEDSOFAR|247|UPBARRIER|0.9555|LOWBARRIER|0.00000001|SHIFTEDUPBARRIER||SHIFTEDLOWBARRIER||BARRIERSTARTDATE|2009-09-28 00:00:00.000|BARRIERENDDATE|2010-09-28 00:00:00.000|SHIFTEDBARRIERSTARTDATE||SHIFTEDBARRIERENDDATE||EXTINGUISHEDDATE||KOUPBARRIER||KOLOWBARRIER||SHIFTEDKOUPBARRIER||SHIFTEDKOLOWBARRIER||KOBARRIERSTARTDATE||KOBARRIERENDDATE||ZONECUT||MODELTYPE||NUMTIMESTEPS||NUMSPOTSTEPS||NUMSTDDEVS||NUMPATHS||SEED||MINNOTIONALLEVERAGE||MAXNOTIONALLEVERAGE||REFERENCESPOT|0.8753|REFERENCEFORWARDPOINTS|-0.03124|REFERENCEVOLATILITY|16.67198174|REFERENCEDEPORATE|0.72886622|REFERENCEDEPOCURRENCY|USD|REFERENCEDELTA|0.02349708615817|REFERENCEDELTACURRENCY|AUD|FIXINGDATE|2009-09-29 00:00:00.000|FIXINGWEIGHT|1|FIXINGVALUE|0.8717195925704|FIXINGDATE|2009-09-30 00:00:00.000|FIXINGWEIGHT|1|FIXINGVALUE|0.88232104121475|FIXINGDATE|2009-10-01 00:00:00.000|FIXINGWEIGHT|1|FIXINGVALUE|0.87907370457706|FIXINGDATE|2009-10-02 00:00:00.000|FIXINGWEIGHT|1|FIXINGVALUE|0.86334481529872|FIXINGDATE|2009-10-05 00:00:00.000|FIXINGWEIGHT|1|FIXINGVALUE|0.87452880990845|FIXINGDATE|2009-10-06 00:00:00.000|FIXINGWEIGHT|1|FIXINGVALUE|0.88825871847471|FIXINGDATE|2009-10-07 00:00:00.000|FIXINGWEIGHT|1|FIXINGVALUE|0.88989825581395|FIXINGDATE|2009-10-08 00:00:00.000|FIXINGWEIGHT|1|FIXINGVALUE|0.9031567355928|FIXINGDATE|2009-10-09 00:00:00.000|FIXINGWEIGHT|1|FIXINGVALUE|0.9055746561886|FIXINGDATE|2009-10-12 00:00:00.000|FIXINGWEIGHT|1|FIXINGVALUE|0.90643992878629|FIXINGDATE|2009-10-13 00:00:00.000|FIXINGWEIGHT|1|FIXINGVALUE|0.90961385472125|FIXINGDATE|2009-10-14 00:00:00.000|FIXINGWEIGHT|1|FIXINGVALUE|0.91149087345338|FIXINGDATE|2009-10-15 00:00:00.000|FIXINGWEIGHT|1|FIXINGVALUE|0.91673862094486|FIXINGDATE|2009-10-16 00:00:00.000|FIXINGWEIGHT|1|FIXINGVALUE|0.91710355887251|FIXINGDATE|2009-10-19 00:00:00.000|FIXINGWEIGHT|1|FIXINGVALUE|0.92052326298901|FIXINGDATE|2009-10-20 00:00:00.000|FIXINGWEIGHT|1|FIXINGVALUE|0.9286644749085|FIXINGDATE|2009-10-21 00:00:00.000|FIXINGWEIGHT|1|FIXINGVALUE|0.92247295208655|FIXINGDATE|2009-10-22 00:00:00.000|FIXINGWEIGHT|1|FIXINGVALUE|0.92392978133661|FIXINGDATE|2009-10-23 00:00:00.000|FIXINGWEIGHT|1|FIXINGVALUE|0.92516168771173|FIXINGDATE|2009-10-26 00:00:00.000|FIXINGWEIGHT|1|FIXINGVALUE|0.9240755552821|FIXINGDATE|2009-10-27 00:00:00.000|FIXINGWEIGHT|1|FIXINGVALUE|0.91820482745848|FIXINGDATE|2009-10-28 00:00:00.000|FIXINGWEIGHT|1|FIXINGVALUE|0.90555521528756|FIXINGDATE|2009-10-29 00:00:00.000|FIXINGWEIGHT|1|FIXINGVALUE|0.90857704595723|FIXINGDATE|2009-10-30 00:00:00.000|FIXINGWEIGHT|1|FIXINGVALUE|0.90942607840727|FIXINGDATE|2009-11-02 00:00:00.000|FIXINGWEIGHT|1|FIXINGVALUE|0.90498070207682|FIXINGDATE|2009-11-03 00:00:00.000|FIXINGWEIGHT|1|FIXINGVALUE|0.89651376146789|FIXINGDATE|2009-11-04 00:00:00.000|FIXINGWEIGHT|1|FIXINGVALUE|0.9068624439393|FIXINGDATE|2009-11-05 00:00:00.000|FIXINGWEIGHT|1|FIXINGVALUE|0.90862975186407|FIXINGDATE|2009-11-06 00:00:00.000|FIXINGWEIGHT|1|FIXINGVALUE|0.91542962734|FIXINGDATE|2009-11-09 00:00:00.000|FIXINGWEIGHT|1|FIXINGVALUE|0.92831918716312|FIXINGDATE|2009-11-10 00:00:00.000|FIXINGWEIGHT|1|FIXINGVALUE|0.9269742954475|FIXINGDATE|2009-11-11 00:00:00.000|FIXINGWEIGHT|1|FIXINGVALUE|0.93206471208082|FIXINGDATE|2009-11-12 00:00:00.000|FIXINGWEIGHT|1|FIXINGVALUE|0.92902502801643|FIXINGDATE|2009-11-13 00:00:00.000|FIXINGWEIGHT|1|FIXINGVALUE|0.92814782445845|FIXINGDATE|2009-11-16 00:00:00.000|FIXINGWEIGHT|1|FIXINGVALUE|0.93507873031742|FIXINGDATE|2009-11-17 00:00:00.000|FIXINGWEIGHT|1|FIXINGVALUE|0.92835299257317|FIXINGDATE|2009-11-18 00:00:00.000|FIXINGWEIGHT|1|FIXINGVALUE|0.93329589417197|FIXINGDATE|2009-11-19 00:00:00.000|FIXINGWEIGHT|1|FIXINGVALUE|0.91786574445748|FIXINGDATE|2009-11-20 00:00:00.000|FIXINGWEIGHT|1|FIXINGVALUE|0.9089514694153|FIXINGDATE|2009-11-23 00:00:00.000|FIXINGWEIGHT|1|FIXINGVALUE|0.92326671601283|FIXINGDATE|2009-11-24 00:00:00.000|FIXINGWEIGHT|1|FIXINGVALUE|0.9209425372216|FIXINGDATE|2009-11-25 00:00:00.000|FIXINGWEIGHT|1|FIXINGVALUE|0.92898497166789|FIXINGDATE|2009-11-26 00:00:00.000|FIXINGWEIGHT|1|FIXINGVALUE|0.91695059625213|FIXINGDATE|2009-11-27 00:00:00.000|FIXINGWEIGHT|1|FIXINGVALUE|0.90373780820258|FIXINGDATE|2009-11-30 00:00:00.000|FIXINGWEIGHT|1|FIXINGVALUE|0.91314125942134|FIXINGDATE|2009-12-01 00:00:00.000|FIXINGWEIGHT|1|FIXINGVALUE|0.92167532864567|FIXINGDATE|2009-12-02 00:00:00.000|FIXINGWEIGHT|1|FIXINGVALUE|0.92793014389374|FIXINGDATE|2009-12-03 00:00:00.000|FIXINGWEIGHT|1|FIXINGVALUE|0.92897517817645|FIXINGDATE|2009-12-04 00:00:00.000|FIXINGWEIGHT|1|FIXINGVALUE|0.92674826250076|FIXINGDATE|2009-12-07 00:00:00.000|FIXINGWEIGHT|1|FIXINGVALUE|0.90879478827361|FIXINGDATE|2009-12-08 00:00:00.000|FIXINGWEIGHT|1|FIXINGVALUE|0.90933710838924|FIXINGDATE|2009-12-09 00:00:00.000|FIXINGWEIGHT|1|FIXINGVALUE|0.91036863518678|FIXINGDATE|2009-12-10 00:00:00.000|FIXINGWEIGHT|1|FIXINGVALUE|0.9163867114595|FIXINGDATE|2009-12-11 00:00:00.000|FIXINGWEIGHT|1|FIXINGVALUE|0.91795222692212|FIXINGDATE|2009-12-14 00:00:00.000|FIXINGWEIGHT|1|FIXINGVALUE|0.91139319270736|FIXINGDATE|2009-12-15 00:00:00.000|FIXINGWEIGHT|1|FIXINGVALUE|0.90609421734795|FIXINGDATE|2009-12-16 00:00:00.000|FIXINGWEIGHT|1|FIXINGVALUE|0.89993201063106|FIXINGDATE|2009-12-17 00:00:00.000|FIXINGWEIGHT|1|FIXINGVALUE|0.88564371719666|FIXINGDATE|2009-12-18 00:00:00.000|FIXINGWEIGHT|1|FIXINGVALUE|0.88741025006189|FIXINGDATE|2009-12-21 00:00:00.000|FIXINGWEIGHT|1|FIXINGVALUE|0.88631176361729|FIXINGDATE|2009-12-22 00:00:00.000|FIXINGWEIGHT|1|FIXINGVALUE|0.87822129282243|FIXINGDATE|2009-12-23 00:00:00.000|FIXINGWEIGHT|1|FIXINGVALUE|0.87744314689612|FIXINGDATE|2009-12-24 00:00:00.000|FIXINGWEIGHT|1|FIXINGVALUE|0.8836381490119|FIXINGDATE|2009-12-28 00:00:00.000|FIXINGWEIGHT|1|FIXINGVALUE|0.88799161632351|FIXINGDATE|2009-12-29 00:00:00.000|FIXINGWEIGHT|1|FIXINGVALUE|0.89818905968012|FIXINGDATE|2009-12-30 00:00:00.000|FIXINGWEIGHT|1|FIXINGVALUE|0.8941132451983|FIXINGDATE|2009-12-31 00:00:00.000|FIXINGWEIGHT|1|FIXINGVALUE|0.89992503748125|FIXINGDATE|2010-01-04 00:00:00.000|FIXINGWEIGHT|1|FIXINGVALUE|0.90582310355681|FIXINGDATE|2010-01-05 00:00:00.000|FIXINGWEIGHT|1|FIXINGVALUE|0.91584754898852|FIXINGDATE|2010-01-06 00:00:00.000|FIXINGWEIGHT|1|FIXINGVALUE|0.91535370287682|FIXINGDATE|2010-01-07 00:00:00.000|FIXINGWEIGHT|1|FIXINGVALUE|0.91627698417782|FIXINGDATE|2010-01-08 00:00:00.000|FIXINGWEIGHT|1|FIXINGVALUE|0.91434977578475|FIXINGDATE|2010-01-11 00:00:00.000|FIXINGWEIGHT|1|FIXINGVALUE|0.93170012184954|FIXINGDATE|2010-01-12 00:00:00.000|FIXINGWEIGHT|1|FIXINGVALUE|0.92424049017104|FIXINGDATE|2010-01-13 00:00:00.000|FIXINGWEIGHT|1|FIXINGVALUE|0.92586941318583|FIXINGDATE|2010-01-14 00:00:00.000|FIXINGWEIGHT|1|FIXINGVALUE|0.92912577769225|FIXINGDATE|2010-01-15 00:00:00.000|FIXINGWEIGHT|1|FIXINGVALUE|0.92455136039107|FIXINGDATE|2010-01-18 00:00:00.000|FIXINGWEIGHT|1|FIXINGVALUE|0.92637483076526|FIXINGDATE|2010-01-19 00:00:00.000|FIXINGWEIGHT|1|FIXINGVALUE|0.9187954443086|FIXINGDATE|2010-01-20 00:00:00.000|FIXINGWEIGHT|1|FIXINGVALUE|0.91362813550556|FIXINGDATE|2010-01-21 00:00:00.000|FIXINGWEIGHT|1|FIXINGVALUE|0.90952596520726|FIXINGDATE|2010-01-22 00:00:00.000|FIXINGWEIGHT|1|FIXINGVALUE|0.90267577750814|FIXINGDATE|2010-01-25 00:00:00.000|FIXINGWEIGHT|1|FIXINGVALUE|0.90508474576271|FIXINGDATE|2010-01-26 00:00:00.000|FIXINGWEIGHT|1|FIXINGVALUE|0.89753393232651|FIXINGDATE|2010-01-27 00:00:00.000|FIXINGWEIGHT|1|FIXINGVALUE|0.89882473173224|FIXINGDATE|2010-01-28 00:00:00.000|FIXINGWEIGHT|1|FIXINGVALUE|0.90101049108579|FIXINGDATE|2010-01-29 00:00:00.000|FIXINGWEIGHT|1|FIXINGVALUE|0.89302385062983|FIXINGDATE|2010-02-01 00:00:00.000|FIXINGWEIGHT|1|FIXINGVALUE|0.88347726695453|FIXINGDATE|2010-02-02 00:00:00.000|FIXINGWEIGHT|1|FIXINGVALUE|0.88125197597217|FIXINGDATE|2010-02-03 00:00:00.000|FIXINGWEIGHT|1|FIXINGVALUE|0.88736594961609|FIXINGDATE|2010-02-04 00:00:00.000|FIXINGWEIGHT|1|FIXINGVALUE|0.88051634236296|FIXINGDATE|2010-02-05 00:00:00.000|FIXINGWEIGHT|1|FIXINGVALUE|0.86531411958033|FIXINGDATE|2010-02-08 00:00:00.000|FIXINGWEIGHT|1|FIXINGVALUE|0.86742784649540432772155335326327930213|FIXINGDATE|2010-02-09 00:00:00.000|FIXINGWEIGHT|1|FIXINGVALUE|0.87481721660626|FIXINGDATE|2010-02-10 00:00:00.000|FIXINGWEIGHT|1|FIXINGVALUE|0.87515923566879|FIXINGDATE|2010-02-11 00:00:00.000|FIXINGWEIGHT|1|FIXINGVALUE|0.88812637576071|FIXINGDATE|2010-02-12 00:00:00.000|FIXINGWEIGHT|1|FIXINGVALUE|0.88324873096446|FIXINGDATE|2010-02-15 00:00:00.000|FIXINGWEIGHT|1|FIXINGVALUE|0.88911395713538|FIXINGDATE|2010-02-16 00:00:00.000|FIXINGWEIGHT|1|FIXINGVALUE|0.89625057456169|FIXINGDATE|2010-02-17 00:00:00.000|FIXINGWEIGHT|1|FIXINGVALUE|0.90356131920215|FIXINGDATE|2010-02-18 00:00:00.000|FIXINGWEIGHT|1|FIXINGVALUE|0.89758518028448|FIXINGDATE|2010-02-19 00:00:00.000|FIXINGWEIGHT|1|FIXINGVALUE|0.8911080350669|FIXINGDATE|2010-02-22 00:00:00.000|FIXINGWEIGHT|1|FIXINGVALUE|0.90160788724938|FIXINGDATE|2010-02-23 00:00:00.000|FIXINGWEIGHT|1|FIXINGVALUE|0.90092899800929|FIXINGDATE|2010-02-24 00:00:00.000|FIXINGWEIGHT|1|FIXINGVALUE|0.89177802646303|FIXINGDATE|2010-02-25 00:00:00.000|FIXINGWEIGHT|1|FIXINGVALUE|0.88825233767944|FIXINGDATE|2010-02-26 00:00:00.000|FIXINGWEIGHT|1|FIXINGVALUE|0.89041994750656|FIXINGDATE|2010-03-01 00:00:00.000|FIXINGWEIGHT|1|FIXINGVALUE|0.89539887454485|FIXINGDATE|2010-03-02 00:00:00.000|FIXINGWEIGHT|1|FIXINGVALUE|0.90356142456982|FIXINGDATE|2010-03-03 00:00:00.000|FIXINGWEIGHT|1|FIXINGVALUE|0.9024212754697|FIXINGDATE|2010-03-04 00:00:00.000|FIXINGWEIGHT|1|FIXINGVALUE|0.90223777147006|FIXINGDATE|2010-03-05 00:00:00.000|FIXINGWEIGHT|1|FIXINGVALUE|0.90287841520973|FIXINGDATE|2010-03-08 00:00:00.000|FIXINGWEIGHT|1|FIXINGVALUE|0.912625250501|FIXINGDATE|2010-03-09 00:00:00.000|FIXINGWEIGHT|1|FIXINGVALUE|0.90755121167492|FIXINGDATE|2010-03-10 00:00:00.000|FIXINGWEIGHT|1|FIXINGVALUE|0.91618983507236|FIXINGDATE|2010-03-11 00:00:00.000|FIXINGWEIGHT|1|FIXINGVALUE|0.91559399302762|FIXINGDATE|2010-03-12 00:00:00.000|FIXINGWEIGHT|1|FIXINGVALUE|0.918217597225|FIXINGDATE|2010-03-15 00:00:00.000|FIXINGWEIGHT|1|FIXINGVALUE|0.91232858474237|FIXINGDATE|2010-03-16 00:00:00.000|FIXINGWEIGHT|1|FIXINGVALUE|0.91456181272909|FIXINGDATE|2010-03-17 00:00:00.000|FIXINGWEIGHT|1|FIXINGVALUE|0.92334541549201|FIXINGDATE|2010-03-18 00:00:00.000|FIXINGWEIGHT|1|FIXINGVALUE|0.921665204777|FIXINGDATE|2010-03-19 00:00:00.000|FIXINGWEIGHT|1|FIXINGVALUE|0.9199429619067|FIXINGDATE|2010-03-22 00:00:00.000|FIXINGWEIGHT|1|FIXINGVALUE|0.90928113398582|FIXINGDATE|2010-03-23 00:00:00.000|FIXINGWEIGHT|1|FIXINGVALUE|0.91703975037308|FIXINGDATE|2010-03-24 00:00:00.000|FIXINGWEIGHT|1|FIXINGVALUE|0.91013306038894|FIXINGDATE|2010-03-25 00:00:00.000|FIXINGWEIGHT|1|FIXINGVALUE|0.91360558177713|FIXINGDATE|2010-03-26 00:00:00.000|FIXINGWEIGHT|1|FIXINGVALUE|0.90357287860332|FIXINGDATE|2010-03-29 00:00:00.000|FIXINGWEIGHT|1|FIXINGVALUE|0.91427989683724|FIXINGDATE|2010-03-30 00:00:00.000|FIXINGWEIGHT|1|FIXINGVALUE|0.92027303754266|FIXINGDATE|2010-03-31 00:00:00.000|FIXINGWEIGHT|1|FIXINGVALUE|0.91438844040431|FIXINGDATE|2010-04-01 00:00:00.000|FIXINGWEIGHT|1|FIXINGVALUE|0.91712631937351|FIXINGDATE|2010-04-06 00:00:00.000|FIXINGWEIGHT|1|FIXINGVALUE|0.92252599683217|FIXINGDATE|2010-04-07 00:00:00.000|FIXINGWEIGHT|1|FIXINGVALUE|0.92574600971547|FIXINGDATE|2010-04-08 00:00:00.000|FIXINGWEIGHT|1|FIXINGVALUE|0.9237182159233|FIXINGDATE|2010-04-09 00:00:00.000|FIXINGWEIGHT|1|FIXINGVALUE|0.93086660175267|FIXINGDATE|2010-04-12 00:00:00.000|FIXINGWEIGHT|1|FIXINGVALUE|0.92825418517253|FIXINGDATE|2010-04-13 00:00:00.000|FIXINGWEIGHT|1|FIXINGVALUE|0.92742045609722|FIXINGDATE|2010-04-14 00:00:00.000|FIXINGWEIGHT|1|FIXINGVALUE|0.93362133991634|FIXINGDATE|2010-04-15 00:00:00.000|FIXINGWEIGHT|1|FIXINGVALUE|0.9332322745125|FIXINGDATE|2010-04-16 00:00:00.000|FIXINGWEIGHT|1|FIXINGVALUE|0.9322267373786|FIXINGDATE|2010-04-19 00:00:00.000|FIXINGWEIGHT|1|FIXINGVALUE|0.91842735042735|FIXINGDATE|2010-04-20 00:00:00.000|FIXINGWEIGHT|1|FIXINGVALUE|0.93148224892941|FIXINGDATE|2010-04-21 00:00:00.000|FIXINGWEIGHT|1|FIXINGVALUE|0.92951970528949|FIXINGDATE|2010-04-22 00:00:00.000|FIXINGWEIGHT|1|FIXINGVALUE|0.92696316886726|FIXINGDATE|2010-04-23 00:00:00.000|FIXINGWEIGHT|1|FIXINGVALUE|0.92028484513274|FIXINGDATE|2010-04-26 00:00:00.000|FIXINGWEIGHT|1|FIXINGVALUE|0.92919921875|FIXINGDATE|2010-04-27 00:00:00.000|FIXINGWEIGHT|1|FIXINGVALUE|0.92323723515109|FIXINGDATE|2010-04-28 00:00:00.000|FIXINGWEIGHT|1|FIXINGVALUE|0.92344697761974|FIXINGDATE|2010-04-29 00:00:00.000|FIXINGWEIGHT|1|FIXINGVALUE|0.92881165919282|FIXINGDATE|2010-04-30 00:00:00.000|FIXINGWEIGHT|1|FIXINGVALUE|0.93164007836551|FIXINGDATE|2010-05-03 00:00:00.000|FIXINGWEIGHT|1|FIXINGVALUE|0.92644691720904|FIXINGDATE|2010-05-04 00:00:00.000|FIXINGWEIGHT|1|FIXINGVALUE|0.91576296088994|FIXINGDATE|2010-05-05 00:00:00.000|FIXINGWEIGHT|1|FIXINGVALUE|0.90694736842105|FIXINGDATE|2010-05-06 00:00:00.000|FIXINGWEIGHT|1|FIXINGVALUE|0.90422735346358|FIXINGDATE|2010-05-07 00:00:00.000|FIXINGWEIGHT|1|FIXINGVALUE|0.88853258975252|FIXINGDATE|2010-05-10 00:00:00.000|FIXINGWEIGHT|1|FIXINGVALUE|0.90622598001537|FIXINGDATE|2010-05-11 00:00:00.000|FIXINGWEIGHT|1|FIXINGVALUE|0.89422535211267|FIXINGDATE|2010-05-12 00:00:00.000|FIXINGWEIGHT|1|FIXINGVALUE|0.89698083857738|FIXINGDATE|2010-05-13 00:00:00.000|FIXINGWEIGHT|1|FIXINGVALUE|0.89868627730972|FIXINGDATE|2010-05-14 00:00:00.000|FIXINGWEIGHT|1|FIXINGVALUE|0.89133071708883|FIXINGDATE|2010-05-17 00:00:00.000|FIXINGWEIGHT|1|FIXINGVALUE|0.87937050487787|FIXINGDATE|2010-05-18 00:00:00.000|FIXINGWEIGHT|1|FIXINGVALUE|0.87656933276907|FIXINGDATE|2010-05-19 00:00:00.000|FIXINGWEIGHT|1|FIXINGVALUE|0.84760983697153|FIXINGDATE|2010-05-20 00:00:00.000|FIXINGWEIGHT|1|FIXINGVALUE|0.82667560321715|FIXINGDATE|2010-05-21 00:00:00.000|FIXINGWEIGHT|1|FIXINGVALUE|0.82570201519656|FIXINGDATE|2010-05-24 00:00:00.000|FIXINGWEIGHT|1|FIXINGVALUE|0.82797427652733|FIXINGDATE|2010-05-25 00:00:00.000|FIXINGWEIGHT|1|FIXINGVALUE|0.81232139296869|FIXINGDATE|2010-05-26 00:00:00.000|FIXINGWEIGHT|1|FIXINGVALUE|0.8328146143437|FIXINGDATE|2010-05-27 00:00:00.000|FIXINGWEIGHT|1|FIXINGVALUE|0.83823529411764|FIXINGDATE|2010-05-28 00:00:00.000|FIXINGWEIGHT|1|FIXINGVALUE|0.85207100591716|FIXINGDATE|2010-05-31 00:00:00.000|FIXINGWEIGHT|1|FIXINGVALUE|0.84433315038419|FIXINGDATE|2010-06-01 00:00:00.000|FIXINGWEIGHT|1|FIXINGVALUE|0.83281945871873|FIXINGDATE|2010-06-02 00:00:00.000|FIXINGWEIGHT|1|FIXINGVALUE|0.83450583976504|FIXINGDATE|2010-06-03 00:00:00.000|FIXINGWEIGHT|1|FIXINGVALUE|0.84788167807035|FIXINGDATE|2010-06-04 00:00:00.000|FIXINGWEIGHT|1|FIXINGVALUE|0.83959899749373|FIXINGDATE|2010-06-07 00:00:00.000|FIXINGWEIGHT|1|FIXINGVALUE|0.81871705346751|FIXINGDATE|2010-06-08 00:00:00.000|FIXINGWEIGHT|1|FIXINGVALUE|0.81912339666643|FIXINGDATE|2010-06-09 00:00:00.000|FIXINGWEIGHT|1|FIXINGVALUE|0.82964907432992|FIXINGDATE|2010-06-10 00:00:00.000|FIXINGWEIGHT|1|FIXINGVALUE|0.84171907756813|FIXINGDATE|2010-06-11 00:00:00.000|FIXINGWEIGHT|1|FIXINGVALUE|0.84798265855534|FIXINGDATE|2010-06-14 00:00:00.000|FIXINGWEIGHT|1|FIXINGVALUE|0.86145298544201|FIXINGDATE|2010-06-15 00:00:00.000|FIXINGWEIGHT|1|FIXINGVALUE|0.85714285714285|FIXINGDATE|2010-06-16 00:00:00.000|FIXINGWEIGHT|1|FIXINGVALUE|0.86087932122572|FIXINGDATE|2010-06-17 00:00:00.000|FIXINGWEIGHT|1|FIXINGVALUE|0.86569567957426|FIXINGDATE|2010-06-18 00:00:00.000|FIXINGWEIGHT|1|FIXINGVALUE|0.86827145764615|FIXINGDATE|2010-06-21 00:00:00.000|FIXINGWEIGHT|1|FIXINGVALUE|0.88305302166476|FIXINGDATE|2010-06-22 00:00:00.000|FIXINGWEIGHT|1|FIXINGVALUE|0.87482158150157|FIXINGDATE|2010-06-23 00:00:00.000|FIXINGWEIGHT|1|FIXINGVALUE|0.87263547148343|FIXINGDATE|2010-06-24 00:00:00.000|FIXINGWEIGHT|1|FIXINGVALUE|0.86480005642146|FIXINGDATE|2010-06-25 00:00:00.000|FIXINGWEIGHT|1|FIXINGVALUE|0.86461776496237|FIXINGDATE|2010-06-28 00:00:00.000|FIXINGWEIGHT|1|FIXINGVALUE|0.87392874849493|FIXINGDATE|2010-06-29 00:00:00.000|FIXINGWEIGHT|1|FIXINGVALUE|0.856|FIXINGDATE|2010-06-30 00:00:00.000|FIXINGWEIGHT|1|FIXINGVALUE|0.85197528292716|FIXINGDATE|2010-07-01 00:00:00.000|FIXINGWEIGHT|1|FIXINGVALUE|0.83562665220633|FIXINGDATE|2010-07-02 00:00:00.000|FIXINGWEIGHT|1|FIXINGVALUE|0.84418729817007|FIXINGDATE|2010-07-05 00:00:00.000|FIXINGWEIGHT|1|FIXINGVALUE|0.8401045856798|FIXINGDATE|2010-07-06 00:00:00.000|FIXINGWEIGHT|1|FIXINGVALUE|0.85062212604814|FIXINGDATE|2010-07-07 00:00:00.000|FIXINGWEIGHT|1|FIXINGVALUE|0.84791849402874|FIXINGDATE|2010-07-08 00:00:00.000|FIXINGWEIGHT|1|FIXINGVALUE|0.87485315458503|FIXINGDATE|2010-07-09 00:00:00.000|FIXINGWEIGHT|1|FIXINGVALUE|0.87441184611126|FIXINGDATE|2010-07-12 00:00:00.000|FIXINGWEIGHT|1|FIXINGVALUE|0.87317683011529|FIXINGDATE|2010-07-13 00:00:00.000|FIXINGWEIGHT|1|FIXINGVALUE|0.87674386160714|FIXINGDATE|2010-07-14 00:00:00.000|FIXINGWEIGHT|1|FIXINGVALUE|0.88184658104824|FIXINGDATE|2010-07-15 00:00:00.000|FIXINGWEIGHT|1|FIXINGVALUE|0.88444567015995|FIXINGDATE|2010-07-16 00:00:00.000|FIXINGWEIGHT|1|FIXINGVALUE|0.87766675668377|FIXINGDATE|2010-07-19 00:00:00.000|FIXINGWEIGHT|1|FIXINGVALUE|0.86709496085123|FIXINGDATE|2010-07-20 00:00:00.000|FIXINGWEIGHT|1|FIXINGVALUE|0.87267291751596|FIXINGDATE|2010-07-21 00:00:00.000|FIXINGWEIGHT|1|FIXINGVALUE|0.8847242355215|FIXINGDATE|2010-07-22 00:00:00.000|FIXINGWEIGHT|1|FIXINGVALUE|0.8876761536336|FIXINGDATE|2010-07-23 00:00:00.000|FIXINGWEIGHT|1|FIXINGVALUE|0.89394884591391|FIXINGDATE|2010-07-26 00:00:00.000|FIXINGWEIGHT|1|FIXINGVALUE|0.89642980935875|FIXINGDATE|2010-07-27 00:00:00.000|FIXINGWEIGHT|1|FIXINGVALUE|0.90494375781141|FIXINGDATE|2010-07-28 00:00:00.000|FIXINGWEIGHT|1|FIXINGVALUE|0.89488910318225|FIXINGDATE|2010-07-29 00:00:00.000|FIXINGWEIGHT|1|FIXINGVALUE|0.90131034482758|FIXINGDATE|2010-07-30 00:00:00.000|FIXINGWEIGHT|1|FIXINGVALUE|0.90059449744227|FIXINGDATE|2010-08-02 00:00:00.000|FIXINGWEIGHT|1|FIXINGVALUE|0.91113744075829|FIXINGDATE|2010-08-03 00:00:00.000|FIXINGWEIGHT|1|FIXINGVALUE|0.91122751395685|FIXINGDATE|2010-08-04 00:00:00.000|FIXINGWEIGHT|1|FIXINGVALUE|0.91302544247787|FIXINGDATE|2010-08-05 00:00:00.000|FIXINGWEIGHT|1|FIXINGVALUE|0.91371543419502|FIXINGDATE|2010-08-06 00:00:00.000|FIXINGWEIGHT|1|FIXINGVALUE|0.91780440234048|FIXINGDATE|2010-08-09 00:00:00.000|FIXINGWEIGHT|1|FIXINGVALUE|0.91887956735769|FIXINGDATE|2010-08-10 00:00:00.000|FIXINGWEIGHT|1|FIXINGVALUE|0.90772739839646|FIXINGDATE|2010-08-11 00:00:00.000|FIXINGWEIGHT|1|FIXINGVALUE|0.90382612318589|FIXINGDATE|2010-08-12 00:00:00.000|FIXINGWEIGHT|1|FIXINGVALUE|0.89309405767753|FIXINGDATE|2010-08-13 00:00:00.000|FIXINGWEIGHT|1|FIXINGVALUE|0.89628851540616|FIXINGDATE|2010-08-16 00:00:00.000|FIXINGWEIGHT|1|FIXINGVALUE|0.89157799568815|FIXINGDATE|2010-08-17 00:00:00.000|FIXINGWEIGHT|1|FIXINGVALUE|0.90239281453933|FIXINGDATE|2010-08-18 00:00:00.000|FIXINGWEIGHT|1|FIXINGVALUE|0.90252960549365|FIXINGDATE|2010-08-19 00:00:00.000|FIXINGWEIGHT|1|FIXINGVALUE|0.90026651704306|FIXINGDATE|2010-08-20 00:00:00.000|FIXINGWEIGHT|1|FIXINGVALUE|0.88801173676121|FIXINGDATE|2010-08-23 00:00:00.000|FIXINGWEIGHT|1|FIXINGVALUE|0.89584655524998|FIXINGDATE|2010-08-24 00:00:00.000|FIXINGWEIGHT|1|FIXINGVALUE|0.88182644570309|FIXINGDATE|2010-08-25 00:00:00.000|FIXINGWEIGHT|1|FIXINGVALUE|0.8790159593003|FIXINGDATE|2010-08-26 00:00:00.000|FIXINGWEIGHT|1|FIXINGVALUE|0.88650649532057|FIXINGDATE|2010-08-27 00:00:00.000|FIXINGWEIGHT|1|FIXINGVALUE|0.88765535539729|FIXINGDATE|2010-08-30 00:00:00.000|FIXINGWEIGHT|1|FIXINGVALUE|0.89682931996328|FIXINGDATE|2010-08-31 00:00:00.000|FIXINGWEIGHT|1|FIXINGVALUE|0.88646532438478|FIXINGDATE|2010-09-01 00:00:00.000|FIXINGWEIGHT|1|FIXINGVALUE|0.90516936567428|FIXINGDATE|2010-09-02 00:00:00.000|FIXINGWEIGHT|1|FIXINGVALUE|0.90914249237534|FIXINGDATE|2010-09-03 00:00:00.000|FIXINGWEIGHT|1|FIXINGVALUE|0.91060025542784|FIXINGDATE|2010-09-06 00:00:00.000|FIXINGWEIGHT|1|FIXINGVALUE|0.91747434435575|FIXINGDATE|2010-09-07 00:00:00.000|FIXINGWEIGHT|1|FIXINGVALUE|0.91145758832785|FIXINGDATE|2010-09-08 00:00:00.000|FIXINGWEIGHT|1|FIXINGVALUE|0.91708197905381|FIXINGDATE|2010-09-09 00:00:00.000|FIXINGWEIGHT|1|FIXINGVALUE|0.92472727272727|FIXINGDATE|2010-09-10 00:00:00.000|FIXINGWEIGHT|1|FIXINGVALUE|0.92619550185603|FIXINGDATE|2010-09-13 00:00:00.000|FIXINGWEIGHT|1|FIXINGVALUE|0.93220215554908|FIXINGDATE|2010-09-14 00:00:00.000|FIXINGWEIGHT|1|FIXINGVALUE|0.93400203517953|FIXINGDATE|2010-09-15 00:00:00.000|FIXINGWEIGHT|1|FIXINGVALUE||FIXINGDATE|2010-09-16 00:00:00.000|FIXINGWEIGHT|1|FIXINGVALUE||FIXINGDATE|2010-09-17 00:00:00.000|FIXINGWEIGHT|1|FIXINGVALUE||FIXINGDATE|2010-09-20 00:00:00.000|FIXINGWEIGHT|1|FIXINGVALUE||FIXINGDATE|2010-09-21 00:00:00.000|FIXINGWEIGHT|1|FIXINGVALUE||FIXINGDATE|2010-09-22 00:00:00.000|FIXINGWEIGHT|1|FIXINGVALUE||FIXINGDATE|2010-09-23 00:00:00.000|FIXINGWEIGHT|1|FIXINGVALUE||FIXINGDATE|2010-09-24 00:00:00.000|FIXINGWEIGHT|1|FIXINGVALUE||FIXINGDATE|2010-09-27 00:00:00.000|FIXINGWEIGHT|1|FIXINGVALUE||FIXINGDATE|2010-09-28 00:00:00.000|FIXINGWEIGHT|1|FIXINGVALUE||FIXINGSCHEDULELENGTH|257|BOOK_CPTY_CDRMNEMONIC|DTCH L  1NP|PROFIT_CENTRE|FGO0|BOOKBRANCHPARENT|Global|HIGH_LEVEL_CPTY_CDRMNEMONIC|GSCH LUX|HIGH_LEVEL_BOOK_CPTY_CDRM|DTCH L|BOOK_CPYT_SRC_SYSTEM|RMS|SUBBRANCH|LDN|CPTY_CDRMNEMONIC|GSCH LUX|AMI_CODE|0840|BOOK_CPTY|ANZPROP|PUBLICATIONTIME|2010-09-24 16:01:18.735|DBLEGALENTITY|London|ISLIVEYN|Y</Text>
</Message>
