<?xml version="1.0" encoding="UTF-8"?>
<Message>
    <SystemInfo>
        <JMSDestination>Topic[exodus.pipe.demo]</JMSDestination>
        <JMSReplyTo/>
        <JMSDeliveryMode>2</JMSDeliveryMode>
        <JMSRedelivered>false</JMSRedelivered>
        <JMSCorrelationID>null</JMSCorrelationID>
        <JMSType>null</JMSType>
        <JMSTimestamp>1285343896859</JMSTimestamp>
        <JMSExpiration>0</JMSExpiration>
        <JMSPriority>4</JMSPriority>
    </SystemInfo>
    <ApplicationInfo>
        <SYSTEMID>302190961</SYSTEMID>
        <TRADEGROUP>FXTIMER</TRADEGROUP>
        <VERSION>24</VERSION>
        <COUNTERPARTY>PMLNPSG</COUNTERPARTY>
        <MESSAGE_TYPE>RMS_TRADE</MESSAGE_TYPE>
        <TRADETYPE>FxExtinguishingTimerOpt</TRADETYPE>
        <BOOK>PMLNOGOGV</BOOK>
        <ACTION>Fixed</ACTION>
        <STATUS>Open</STATUS>
    </ApplicationInfo>
    <Text>SYSTEMID|302190961|TRADETYPE|FxExtinguishingTimerOpt|TRADEID|171644039A|SOURCESYSTEM|RMS|BOOK|PMLNOGOGV|BLOTTER||COUNTERPARTY|PMLNPSG|COUNTERPARTYSOURCESYSTEM|RMS|COUNTERPARTYNAME|PMLNPSG|DBICOUNTERPARTYID||CUSTOMER|PMLNPSG|CUSTOMERSOURCESYSTEM|RMS|STATUS|Open|PREMIUMCURRENCY|USD|PREMIUMAMOUNT|-252500|PREMIUMDATE|2010-08-05 00:00:00.000|PREMIUMHASPAIDYN|Y|UNWINDRATE||UNWINDPREMIUMCURRENCY||UNWINDPREMIUMAMOUNT||UNWINDPREMIUMDATE||MARGINPAYMENTCURRENCY||MARGINPAYMENTAMOUNT||ASSETLOCATION|LDN|PRODUCTID|294203707|PRODUCTVERSION|3|PRODUCTLEGID||STRUCTUREID|171644039|TRADEDATE|2010-08-03 00:00:00.000|LASTUPDATED|2010-09-02 22:35:53.000|ACTION|Fixed|ACTIONEFFECTIVEDATE|2010-09-02 00:00:00.000|SOURCESYSTEMBOOK|PMLNOGOGV|SOURCESYSTEMPROFITCENTRE||SALESPERSON||TRADER||ENTEREDBY|WHIPAUL|FUNDSPLITID||FUNDSPLITVERSION||STRUCTURENAME||MARKUPAMT||MARKUPCCY||MARKUPLOCATION||ATRISKAMT||ATRISKCCY||ATRISKLOCATION||ATRISKINDICATOR||REASON||NOTES||BROKER||BROKERAMT||BROKERCCY||LINKSYSTEMID|302190963|LINKTYPE|BackToBackMaster|SOURCESYSTEMID|302190961|DATECREATED|2010-08-03 20:35:27.000|CONFIRMAS||VERSION|24|CANCELSSOURCESYSTEMID||CANCELLEDBYSOURCESYSTEMID||CANCELLINGHALFSOURCESYSTEMID||CORRECTSSOURCESYSTEMID||CORRECTEDBYSOURCESYSTEMID||CLOSESSOURCESYSTEMID||CLOSEDBYSOURCESYSTEMID||EXERCISEDINTOSOURCESYSTEMID||EXERCISEDFROMSOURCESYSTEMID||LATESTVERSIONYN|N|CLOSINGDATE||LEGALENTITY|London|DEALCAPTURESYSTEM|FXPricer|DEALCAPTURESYSTEMID|302190961|BOOKINGLOCATION|London|PRODUCTTYPE||PRODUCTINSTANCE||BACKOFFICESYSTEM||BACKOFFICESYSTEMID||VERSIONVALIDUNTILDATE|2010-09-03 22:51:25.000|TRADEEXTRADETAILID|0|TRADEEXTRADETAILVERSION|0|TRADECLASSIFICATION|1|DEALCAPTURESALESUSER|FXPRICER_DONORO|FUNDSPLITALLOCATIONID||FUNDSPLITALLOCATIONLEGID||TEARUPID||ELECTEDCONFIRMATIONSYSTEM|///|ELECTEDCONFIRMATIONRULEID|82|PREVIOUSCONFIRMATIONSYSTEM|///|ELECTEDSETTLEMENTSYSTEM|///|ELECTEDSETTLEMENTRULEID|82|PREVIOUSSETTLEMENTSYSTEM|///|BACKOFFICEPROCESSING|Standard|CALCULATIONAGENT|DB|CLOSEDBY_PRODUCTID|294203707|CLOSES_PRODUCTID|294203707|LINK_PRODUCTID|294203707|PRODUCTTYPEID|ETIMER|BACKOFFICEENDDATE||BACKOFFICEEVENT||BACKOFFICEBRANCHACCEPTED||BACKOFFICEBRANCHEVENT||TRADETABLE|FXTIMER|USERENTEREDTRADEDATE||UNDERCURRENCY|XAU|ACCCURRENCY|USD|NOTIONAL|500000|EXPIRYDATE|2011-08-03 00:00:00.000|SHIFTEDEXPIRYDATE||SETTLEMENTDATE|2011-08-05 00:00:00.000|FIXINGREFERENCE|PM/MANG|COUPON|100|MINCOUPON||MAXCOUPON||ACCRUALBASIS||PAYNOWYN|N|EXTINGUISHEDDATE||PAYCURRENCY|USD|QUANTOLEVEL||ACCRUALSTARTDATE|2010-08-03 00:00:00.000|ACCRUALENDDATE|2011-08-03 00:00:00.000|FIXINGHOLIDAYS|XAU,USD|LOOKFREQUENCY|B|WEIGHTHOLIDAYS|XAU,USD|ACCRUALRULE|B|LASTFIXEDDATE|2010-09-02 00:00:00.000|KNOCKEDOUTDATE||ACCRUEDSOFAR|21|UPBARRIER|1375|LOWBARRIER|1025|SHIFTEDUPBARRIER||SHIFTEDLOWBARRIER||BARRIERSTARTDATE|2010-08-03 00:00:00.000|BARRIERENDDATE|2011-08-03 00:00:00.000|SHIFTEDBARRIERSTARTDATE||SHIFTEDBARRIERENDDATE||FORWARDSETTINGSTYLE||FORWARDSETTINGDATE||FORWARDREFERENCEDATE||OPTIMISESETTINGLEVELSYN||ZONECUT||MODELTYPE||NUMTIMESTEPS||USEMINIMUMDENSITYYN||NUMPATHS||SEED||MCGREEKSMETHOD||MCWEDGEWIDTH||FIXINGDATE|2010-08-04 00:00:00.000|FIXINGWEIGHT|1|FIXINGVALUE|1199.5|FIXINGDATE|2010-08-05 00:00:00.000|FIXINGWEIGHT|1|FIXINGVALUE|1192.5|FIXINGDATE|2010-08-06 00:00:00.000|FIXINGWEIGHT|1|FIXINGVALUE|1207.75|FIXINGDATE|2010-08-09 00:00:00.000|FIXINGWEIGHT|1|FIXINGVALUE|1203|FIXINGDATE|2010-08-10 00:00:00.000|FIXINGWEIGHT|1|FIXINGVALUE|1192.5|FIXINGDATE|2010-08-11 00:00:00.000|FIXINGWEIGHT|1|FIXINGVALUE|1205.5|FIXINGDATE|2010-08-12 00:00:00.000|FIXINGWEIGHT|1|FIXINGVALUE|1213|FIXINGDATE|2010-08-13 00:00:00.000|FIXINGWEIGHT|1|FIXINGVALUE|1214.25|FIXINGDATE|2010-08-16 00:00:00.000|FIXINGWEIGHT|1|FIXINGVALUE|1223.5|FIXINGDATE|2010-08-17 00:00:00.000|FIXINGWEIGHT|1|FIXINGVALUE|1226|FIXINGDATE|2010-08-18 00:00:00.000|FIXINGWEIGHT|1|FIXINGVALUE|1218|FIXINGDATE|2010-08-19 00:00:00.000|FIXINGWEIGHT|1|FIXINGVALUE|1233.5|FIXINGDATE|2010-08-20 00:00:00.000|FIXINGWEIGHT|1|FIXINGVALUE|1223.5|FIXINGDATE|2010-08-23 00:00:00.000|FIXINGWEIGHT|1|FIXINGVALUE|1226|FIXINGDATE|2010-08-24 00:00:00.000|FIXINGWEIGHT|1|FIXINGVALUE|1222|FIXINGDATE|2010-08-25 00:00:00.000|FIXINGWEIGHT|1|FIXINGVALUE|1237.5|FIXINGDATE|2010-08-26 00:00:00.000|FIXINGWEIGHT|1|FIXINGVALUE|1237|FIXINGDATE|2010-08-27 00:00:00.000|FIXINGWEIGHT|1|FIXINGVALUE|1235|FIXINGDATE|2010-08-31 00:00:00.000|FIXINGWEIGHT|1|FIXINGVALUE|1246|FIXINGDATE|2010-09-01 00:00:00.000|FIXINGWEIGHT|1|FIXINGVALUE|1246.5|FIXINGDATE|2010-09-02 00:00:00.000|FIXINGWEIGHT|1|FIXINGVALUE|1248.5|FIXINGDATE|2010-09-03 00:00:00.000|FIXINGWEIGHT|1|FIXINGVALUE||FIXINGDATE|2010-09-07 00:00:00.000|FIXINGWEIGHT|1|FIXINGVALUE||FIXINGDATE|2010-09-08 00:00:00.000|FIXINGWEIGHT|1|FIXINGVALUE||FIXINGDATE|2010-09-09 00:00:00.000|FIXINGWEIGHT|1|FIXINGVALUE||FIXINGDATE|2010-09-10 00:00:00.000|FIXINGWEIGHT|1|FIXINGVALUE||FIXINGDATE|2010-09-13 00:00:00.000|FIXINGWEIGHT|1|FIXINGVALUE||FIXINGDATE|2010-09-14 00:00:00.000|FIXINGWEIGHT|1|FIXINGVALUE||FIXINGDATE|2010-09-15 00:00:00.000|FIXINGWEIGHT|1|FIXINGVALUE||FIXINGDATE|2010-09-16 00:00:00.000|FIXINGWEIGHT|1|FIXINGVALUE||FIXINGDATE|2010-09-17 00:00:00.000|FIXINGWEIGHT|1|FIXINGVALUE||FIXINGDATE|2010-09-20 00:00:00.000|FIXINGWEIGHT|1|FIXINGVALUE||FIXINGDATE|2010-09-21 00:00:00.000|FIXINGWEIGHT|1|FIXINGVALUE||FIXINGDATE|2010-09-22 00:00:00.000|FIXINGWEIGHT|1|FIXINGVALUE||FIXINGDATE|2010-09-23 00:00:00.000|FIXINGWEIGHT|1|FIXINGVALUE||FIXINGDATE|2010-09-24 00:00:00.000|FIXINGWEIGHT|1|FIXINGVALUE||FIXINGDATE|2010-09-27 00:00:00.000|FIXINGWEIGHT|1|FIXINGVALUE||FIXINGDATE|2010-09-28 00:00:00.000|FIXINGWEIGHT|1|FIXINGVALUE||FIXINGDATE|2010-09-29 00:00:00.000|FIXINGWEIGHT|1|FIXINGVALUE||FIXINGDATE|2010-09-30 00:00:00.000|FIXINGWEIGHT|1|FIXINGVALUE||FIXINGDATE|2010-10-01 00:00:00.000|FIXINGWEIGHT|1|FIXINGVALUE||FIXINGDATE|2010-10-04 00:00:00.000|FIXINGWEIGHT|1|FIXINGVALUE||FIXINGDATE|2010-10-05 00:00:00.000|FIXINGWEIGHT|1|FIXINGVALUE||FIXINGDATE|2010-10-06 00:00:00.000|FIXINGWEIGHT|1|FIXINGVALUE||FIXINGDATE|2010-10-07 00:00:00.000|FIXINGWEIGHT|1|FIXINGVALUE||FIXINGDATE|2010-10-08 00:00:00.000|FIXINGWEIGHT|1|FIXINGVALUE||FIXINGDATE|2010-10-12 00:00:00.000|FIXINGWEIGHT|1|FIXINGVALUE||FIXINGDATE|2010-10-13 00:00:00.000|FIXINGWEIGHT|1|FIXINGVALUE||FIXINGDATE|2010-10-14 00:00:00.000|FIXINGWEIGHT|1|FIXINGVALUE||FIXINGDATE|2010-10-15 00:00:00.000|FIXINGWEIGHT|1|FIXINGVALUE||FIXINGDATE|2010-10-18 00:00:00.000|FIXINGWEIGHT|1|FIXINGVALUE||FIXINGDATE|2010-10-19 00:00:00.000|FIXINGWEIGHT|1|FIXINGVALUE||FIXINGDATE|2010-10-20 00:00:00.000|FIXINGWEIGHT|1|FIXINGVALUE||FIXINGDATE|2010-10-21 00:00:00.000|FIXINGWEIGHT|1|FIXINGVALUE||FIXINGDATE|2010-10-22 00:00:00.000|FIXINGWEIGHT|1|FIXINGVALUE||FIXINGDATE|2010-10-25 00:00:00.000|FIXINGWEIGHT|1|FIXINGVALUE||FIXINGDATE|2010-10-26 00:00:00.000|FIXINGWEIGHT|1|FIXINGVALUE||FIXINGDATE|2010-10-27 00:00:00.000|FIXINGWEIGHT|1|FIXINGVALUE||FIXINGDATE|2010-10-28 00:00:00.000|FIXINGWEIGHT|1|FIXINGVALUE||FIXINGDATE|2010-10-29 00:00:00.000|FIXINGWEIGHT|1|FIXINGVALUE||FIXINGDATE|2010-11-01 00:00:00.000|FIXINGWEIGHT|1|FIXINGVALUE||FIXINGDATE|2010-11-02 00:00:00.000|FIXINGWEIGHT|1|FIXINGVALUE||FIXINGDATE|2010-11-03 00:00:00.000|FIXINGWEIGHT|1|FIXINGVALUE||FIXINGDATE|2010-11-04 00:00:00.000|FIXINGWEIGHT|1|FIXINGVALUE||FIXINGDATE|2010-11-05 00:00:00.000|FIXINGWEIGHT|1|FIXINGVALUE||FIXINGDATE|2010-11-08 00:00:00.000|FIXINGWEIGHT|1|FIXINGVALUE||FIXINGDATE|2010-11-09 00:00:00.000|FIXINGWEIGHT|1|FIXINGVALUE||FIXINGDATE|2010-11-10 00:00:00.000|FIXINGWEIGHT|1|FIXINGVALUE||FIXINGDATE|2010-11-12 00:00:00.000|FIXINGWEIGHT|1|FIXINGVALUE||FIXINGDATE|2010-11-15 00:00:00.000|FIXINGWEIGHT|1|FIXINGVALUE||FIXINGDATE|2010-11-16 00:00:00.000|FIXINGWEIGHT|1|FIXINGVALUE||FIXINGDATE|2010-11-17 00:00:00.000|FIXINGWEIGHT|1|FIXINGVALUE||FIXINGDATE|2010-11-18 00:00:00.000|FIXINGWEIGHT|1|FIXINGVALUE||FIXINGDATE|2010-11-19 00:00:00.000|FIXINGWEIGHT|1|FIXINGVALUE||FIXINGDATE|2010-11-22 00:00:00.000|FIXINGWEIGHT|1|FIXINGVALUE||FIXINGDATE|2010-11-23 00:00:00.000|FIXINGWEIGHT|1|FIXINGVALUE||FIXINGDATE|2010-11-24 00:00:00.000|FIXINGWEIGHT|1|FIXINGVALUE||FIXINGDATE|2010-11-26 00:00:00.000|FIXINGWEIGHT|1|FIXINGVALUE||FIXINGDATE|2010-11-29 00:00:00.000|FIXINGWEIGHT|1|FIXINGVALUE||FIXINGDATE|2010-11-30 00:00:00.000|FIXINGWEIGHT|1|FIXINGVALUE||FIXINGDATE|2010-12-01 00:00:00.000|FIXINGWEIGHT|1|FIXINGVALUE||FIXINGDATE|2010-12-02 00:00:00.000|FIXINGWEIGHT|1|FIXINGVALUE||FIXINGDATE|2010-12-03 00:00:00.000|FIXINGWEIGHT|1|FIXINGVALUE||FIXINGDATE|2010-12-06 00:00:00.000|FIXINGWEIGHT|1|FIXINGVALUE||FIXINGDATE|2010-12-07 00:00:00.000|FIXINGWEIGHT|1|FIXINGVALUE||FIXINGDATE|2010-12-08 00:00:00.000|FIXINGWEIGHT|1|FIXINGVALUE||FIXINGDATE|2010-12-09 00:00:00.000|FIXINGWEIGHT|1|FIXINGVALUE||FIXINGDATE|2010-12-10 00:00:00.000|FIXINGWEIGHT|1|FIXINGVALUE||FIXINGDATE|2010-12-13 00:00:00.000|FIXINGWEIGHT|1|FIXINGVALUE||FIXINGDATE|2010-12-14 00:00:00.000|FIXINGWEIGHT|1|FIXINGVALUE||FIXINGDATE|2010-12-15 00:00:00.000|FIXINGWEIGHT|1|FIXINGVALUE||FIXINGDATE|2010-12-16 00:00:00.000|FIXINGWEIGHT|1|FIXINGVALUE||FIXINGDATE|2010-12-17 00:00:00.000|FIXINGWEIGHT|1|FIXINGVALUE||FIXINGDATE|2010-12-20 00:00:00.000|FIXINGWEIGHT|1|FIXINGVALUE||FIXINGDATE|2010-12-21 00:00:00.000|FIXINGWEIGHT|1|FIXINGVALUE||FIXINGDATE|2010-12-22 00:00:00.000|FIXINGWEIGHT|1|FIXINGVALUE||FIXINGDATE|2010-12-23 00:00:00.000|FIXINGWEIGHT|1|FIXINGVALUE||FIXINGDATE|2010-12-24 00:00:00.000|FIXINGWEIGHT|1|FIXINGVALUE||FIXINGDATE|2010-12-29 00:00:00.000|FIXINGWEIGHT|1|FIXINGVALUE||FIXINGDATE|2010-12-30 00:00:00.000|FIXINGWEIGHT|1|FIXINGVALUE||FIXINGDATE|2010-12-31 00:00:00.000|FIXINGWEIGHT|1|FIXINGVALUE||FIXINGDATE|2011-01-04 00:00:00.000|FIXINGWEIGHT|1|FIXINGVALUE||FIXINGDATE|2011-01-05 00:00:00.000|FIXINGWEIGHT|1|FIXINGVALUE||FIXINGDATE|2011-01-06 00:00:00.000|FIXINGWEIGHT|1|FIXINGVALUE||FIXINGDATE|2011-01-07 00:00:00.000|FIXINGWEIGHT|1|FIXINGVALUE||FIXINGDATE|2011-01-10 00:00:00.000|FIXINGWEIGHT|1|FIXINGVALUE||FIXINGDATE|2011-01-11 00:00:00.000|FIXINGWEIGHT|1|FIXINGVALUE||FIXINGDATE|2011-01-12 00:00:00.000|FIXINGWEIGHT|1|FIXINGVALUE||FIXINGDATE|2011-01-13 00:00:00.000|FIXINGWEIGHT|1|FIXINGVALUE||FIXINGDATE|2011-01-14 00:00:00.000|FIXINGWEIGHT|1|FIXINGVALUE||FIXINGDATE|2011-01-18 00:00:00.000|FIXINGWEIGHT|1|FIXINGVALUE||FIXINGDATE|2011-01-19 00:00:00.000|FIXINGWEIGHT|1|FIXINGVALUE||FIXINGDATE|2011-01-20 00:00:00.000|FIXINGWEIGHT|1|FIXINGVALUE||FIXINGDATE|2011-01-21 00:00:00.000|FIXINGWEIGHT|1|FIXINGVALUE||FIXINGDATE|2011-01-24 00:00:00.000|FIXINGWEIGHT|1|FIXINGVALUE||FIXINGDATE|2011-01-25 00:00:00.000|FIXINGWEIGHT|1|FIXINGVALUE||FIXINGDATE|2011-01-26 00:00:00.000|FIXINGWEIGHT|1|FIXINGVALUE||FIXINGDATE|2011-01-27 00:00:00.000|FIXINGWEIGHT|1|FIXINGVALUE||FIXINGDATE|2011-01-28 00:00:00.000|FIXINGWEIGHT|1|FIXINGVALUE||FIXINGDATE|2011-01-31 00:00:00.000|FIXINGWEIGHT|1|FIXINGVALUE||FIXINGDATE|2011-02-01 00:00:00.000|FIXINGWEIGHT|1|FIXINGVALUE||FIXINGDATE|2011-02-02 00:00:00.000|FIXINGWEIGHT|1|FIXINGVALUE||FIXINGDATE|2011-02-03 00:00:00.000|FIXINGWEIGHT|1|FIXINGVALUE||FIXINGDATE|2011-02-04 00:00:00.000|FIXINGWEIGHT|1|FIXINGVALUE||FIXINGDATE|2011-02-07 00:00:00.000|FIXINGWEIGHT|1|FIXINGVALUE||FIXINGDATE|2011-02-08 00:00:00.000|FIXINGWEIGHT|1|FIXINGVALUE||FIXINGDATE|2011-02-09 00:00:00.000|FIXINGWEIGHT|1|FIXINGVALUE||FIXINGDATE|2011-02-10 00:00:00.000|FIXINGWEIGHT|1|FIXINGVALUE||FIXINGDATE|2011-02-11 00:00:00.000|FIXINGWEIGHT|1|FIXINGVALUE||FIXINGDATE|2011-02-14 00:00:00.000|FIXINGWEIGHT|1|FIXINGVALUE||FIXINGDATE|2011-02-15 00:00:00.000|FIXINGWEIGHT|1|FIXINGVALUE||FIXINGDATE|2011-02-16 00:00:00.000|FIXINGWEIGHT|1|FIXINGVALUE||FIXINGDATE|2011-02-17 00:00:00.000|FIXINGWEIGHT|1|FIXINGVALUE||FIXINGDATE|2011-02-18 00:00:00.000|FIXINGWEIGHT|1|FIXINGVALUE||FIXINGDATE|2011-02-22 00:00:00.000|FIXINGWEIGHT|1|FIXINGVALUE||FIXINGDATE|2011-02-23 00:00:00.000|FIXINGWEIGHT|1|FIXINGVALUE||FIXINGDATE|2011-02-24 00:00:00.000|FIXINGWEIGHT|1|FIXINGVALUE||FIXINGDATE|2011-02-25 00:00:00.000|FIXINGWEIGHT|1|FIXINGVALUE||FIXINGDATE|2011-02-28 00:00:00.000|FIXINGWEIGHT|1|FIXINGVALUE||FIXINGDATE|2011-03-01 00:00:00.000|FIXINGWEIGHT|1|FIXINGVALUE||FIXINGDATE|2011-03-02 00:00:00.000|FIXINGWEIGHT|1|FIXINGVALUE||FIXINGDATE|2011-03-03 00:00:00.000|FIXINGWEIGHT|1|FIXINGVALUE||FIXINGDATE|2011-03-04 00:00:00.000|FIXINGWEIGHT|1|FIXINGVALUE||FIXINGDATE|2011-03-07 00:00:00.000|FIXINGWEIGHT|1|FIXINGVALUE||FIXINGDATE|2011-03-08 00:00:00.000|FIXINGWEIGHT|1|FIXINGVALUE||FIXINGDATE|2011-03-09 00:00:00.000|FIXINGWEIGHT|1|FIXINGVALUE||FIXINGDATE|2011-03-10 00:00:00.000|FIXINGWEIGHT|1|FIXINGVALUE||FIXINGDATE|2011-03-11 00:00:00.000|FIXINGWEIGHT|1|FIXINGVALUE||FIXINGDATE|2011-03-14 00:00:00.000|FIXINGWEIGHT|1|FIXINGVALUE||FIXINGDATE|2011-03-15 00:00:00.000|FIXINGWEIGHT|1|FIXINGVALUE||FIXINGDATE|2011-03-16 00:00:00.000|FIXINGWEIGHT|1|FIXINGVALUE||FIXINGDATE|2011-03-17 00:00:00.000|FIXINGWEIGHT|1|FIXINGVALUE||FIXINGDATE|2011-03-18 00:00:00.000|FIXINGWEIGHT|1|FIXINGVALUE||FIXINGDATE|2011-03-21 00:00:00.000|FIXINGWEIGHT|1|FIXINGVALUE||FIXINGDATE|2011-03-22 00:00:00.000|FIXINGWEIGHT|1|FIXINGVALUE||FIXINGDATE|2011-03-23 00:00:00.000|FIXINGWEIGHT|1|FIXINGVALUE||FIXINGDATE|2011-03-24 00:00:00.000|FIXINGWEIGHT|1|FIXINGVALUE||FIXINGDATE|2011-03-25 00:00:00.000|FIXINGWEIGHT|1|FIXINGVALUE||FIXINGDATE|2011-03-28 00:00:00.000|FIXINGWEIGHT|1|FIXINGVALUE||FIXINGDATE|2011-03-29 00:00:00.000|FIXINGWEIGHT|1|FIXINGVALUE||FIXINGDATE|2011-03-30 00:00:00.000|FIXINGWEIGHT|1|FIXINGVALUE||FIXINGDATE|2011-03-31 00:00:00.000|FIXINGWEIGHT|1|FIXINGVALUE||FIXINGDATE|2011-04-01 00:00:00.000|FIXINGWEIGHT|1|FIXINGVALUE||FIXINGDATE|2011-04-04 00:00:00.000|FIXINGWEIGHT|1|FIXINGVALUE||FIXINGDATE|2011-04-05 00:00:00.000|FIXINGWEIGHT|1|FIXINGVALUE||FIXINGDATE|2011-04-06 00:00:00.000|FIXINGWEIGHT|1|FIXINGVALUE||FIXINGDATE|2011-04-07 00:00:00.000|FIXINGWEIGHT|1|FIXINGVALUE||FIXINGDATE|2011-04-08 00:00:00.000|FIXINGWEIGHT|1|FIXINGVALUE||FIXINGDATE|2011-04-11 00:00:00.000|FIXINGWEIGHT|1|FIXINGVALUE||FIXINGDATE|2011-04-12 00:00:00.000|FIXINGWEIGHT|1|FIXINGVALUE||FIXINGDATE|2011-04-13 00:00:00.000|FIXINGWEIGHT|1|FIXINGVALUE||FIXINGDATE|2011-04-14 00:00:00.000|FIXINGWEIGHT|1|FIXINGVALUE||FIXINGDATE|2011-04-15 00:00:00.000|FIXINGWEIGHT|1|FIXINGVALUE||FIXINGDATE|2011-04-18 00:00:00.000|FIXINGWEIGHT|1|FIXINGVALUE||FIXINGDATE|2011-04-19 00:00:00.000|FIXINGWEIGHT|1|FIXINGVALUE||FIXINGDATE|2011-04-20 00:00:00.000|FIXINGWEIGHT|1|FIXINGVALUE||FIXINGDATE|2011-04-21 00:00:00.000|FIXINGWEIGHT|1|FIXINGVALUE||FIXINGDATE|2011-04-26 00:00:00.000|FIXINGWEIGHT|1|FIXINGVALUE||FIXINGDATE|2011-04-27 00:00:00.000|FIXINGWEIGHT|1|FIXINGVALUE||FIXINGDATE|2011-04-28 00:00:00.000|FIXINGWEIGHT|1|FIXINGVALUE||FIXINGDATE|2011-04-29 00:00:00.000|FIXINGWEIGHT|1|FIXINGVALUE||FIXINGDATE|2011-05-03 00:00:00.000|FIXINGWEIGHT|1|FIXINGVALUE||FIXINGDATE|2011-05-04 00:00:00.000|FIXINGWEIGHT|1|FIXINGVALUE||FIXINGDATE|2011-05-05 00:00:00.000|FIXINGWEIGHT|1|FIXINGVALUE||FIXINGDATE|2011-05-06 00:00:00.000|FIXINGWEIGHT|1|FIXINGVALUE||FIXINGDATE|2011-05-09 00:00:00.000|FIXINGWEIGHT|1|FIXINGVALUE||FIXINGDATE|2011-05-10 00:00:00.000|FIXINGWEIGHT|1|FIXINGVALUE||FIXINGDATE|2011-05-11 00:00:00.000|FIXINGWEIGHT|1|FIXINGVALUE||FIXINGDATE|2011-05-12 00:00:00.000|FIXINGWEIGHT|1|FIXINGVALUE||FIXINGDATE|2011-05-13 00:00:00.000|FIXINGWEIGHT|1|FIXINGVALUE||FIXINGDATE|2011-05-16 00:00:00.000|FIXINGWEIGHT|1|FIXINGVALUE||FIXINGDATE|2011-05-17 00:00:00.000|FIXINGWEIGHT|1|FIXINGVALUE||FIXINGDATE|2011-05-18 00:00:00.000|FIXINGWEIGHT|1|FIXINGVALUE||FIXINGDATE|2011-05-19 00:00:00.000|FIXINGWEIGHT|1|FIXINGVALUE||FIXINGDATE|2011-05-20 00:00:00.000|FIXINGWEIGHT|1|FIXINGVALUE||FIXINGDATE|2011-05-23 00:00:00.000|FIXINGWEIGHT|1|FIXINGVALUE||FIXINGDATE|2011-05-24 00:00:00.000|FIXINGWEIGHT|1|FIXINGVALUE||FIXINGDATE|2011-05-25 00:00:00.000|FIXINGWEIGHT|1|FIXINGVALUE||FIXINGDATE|2011-05-26 00:00:00.000|FIXINGWEIGHT|1|FIXINGVALUE||FIXINGDATE|2011-05-27 00:00:00.000|FIXINGWEIGHT|1|FIXINGVALUE||FIXINGDATE|2011-05-31 00:00:00.000|FIXINGWEIGHT|1|FIXINGVALUE||FIXINGDATE|2011-06-01 00:00:00.000|FIXINGWEIGHT|1|FIXINGVALUE||FIXINGDATE|2011-06-02 00:00:00.000|FIXINGWEIGHT|1|FIXINGVALUE||FIXINGDATE|2011-06-03 00:00:00.000|FIXINGWEIGHT|1|FIXINGVALUE||FIXINGDATE|2011-06-06 00:00:00.000|FIXINGWEIGHT|1|FIXINGVALUE||FIXINGDATE|2011-06-07 00:00:00.000|FIXINGWEIGHT|1|FIXINGVALUE||FIXINGDATE|2011-06-08 00:00:00.000|FIXINGWEIGHT|1|FIXINGVALUE||FIXINGDATE|2011-06-09 00:00:00.000|FIXINGWEIGHT|1|FIXINGVALUE||FIXINGDATE|2011-06-10 00:00:00.000|FIXINGWEIGHT|1|FIXINGVALUE||FIXINGDATE|2011-06-13 00:00:00.000|FIXINGWEIGHT|1|FIXINGVALUE||FIXINGDATE|2011-06-14 00:00:00.000|FIXINGWEIGHT|1|FIXINGVALUE||FIXINGDATE|2011-06-15 00:00:00.000|FIXINGWEIGHT|1|FIXINGVALUE||FIXINGDATE|2011-06-16 00:00:00.000|FIXINGWEIGHT|1|FIXINGVALUE||FIXINGDATE|2011-06-17 00:00:00.000|FIXINGWEIGHT|1|FIXINGVALUE||FIXINGDATE|2011-06-20 00:00:00.000|FIXINGWEIGHT|1|FIXINGVALUE||FIXINGDATE|2011-06-21 00:00:00.000|FIXINGWEIGHT|1|FIXINGVALUE||FIXINGDATE|2011-06-22 00:00:00.000|FIXINGWEIGHT|1|FIXINGVALUE||FIXINGDATE|2011-06-23 00:00:00.000|FIXINGWEIGHT|1|FIXINGVALUE||FIXINGDATE|2011-06-24 00:00:00.000|FIXINGWEIGHT|1|FIXINGVALUE||FIXINGDATE|2011-06-27 00:00:00.000|FIXINGWEIGHT|1|FIXINGVALUE||FIXINGDATE|2011-06-28 00:00:00.000|FIXINGWEIGHT|1|FIXINGVALUE||FIXINGDATE|2011-06-29 00:00:00.000|FIXINGWEIGHT|1|FIXINGVALUE||FIXINGDATE|2011-06-30 00:00:00.000|FIXINGWEIGHT|1|FIXINGVALUE||FIXINGDATE|2011-07-01 00:00:00.000|FIXINGWEIGHT|1|FIXINGVALUE||FIXINGDATE|2011-07-05 00:00:00.000|FIXINGWEIGHT|1|FIXINGVALUE||FIXINGDATE|2011-07-06 00:00:00.000|FIXINGWEIGHT|1|FIXINGVALUE||FIXINGDATE|2011-07-07 00:00:00.000|FIXINGWEIGHT|1|FIXINGVALUE||FIXINGDATE|2011-07-08 00:00:00.000|FIXINGWEIGHT|1|FIXINGVALUE||FIXINGDATE|2011-07-11 00:00:00.000|FIXINGWEIGHT|1|FIXINGVALUE||FIXINGDATE|2011-07-12 00:00:00.000|FIXINGWEIGHT|1|FIXINGVALUE||FIXINGDATE|2011-07-13 00:00:00.000|FIXINGWEIGHT|1|FIXINGVALUE||FIXINGDATE|2011-07-14 00:00:00.000|FIXINGWEIGHT|1|FIXINGVALUE||FIXINGDATE|2011-07-15 00:00:00.000|FIXINGWEIGHT|1|FIXINGVALUE||FIXINGDATE|2011-07-18 00:00:00.000|FIXINGWEIGHT|1|FIXINGVALUE||FIXINGDATE|2011-07-19 00:00:00.000|FIXINGWEIGHT|1|FIXINGVALUE||FIXINGDATE|2011-07-20 00:00:00.000|FIXINGWEIGHT|1|FIXINGVALUE||FIXINGDATE|2011-07-21 00:00:00.000|FIXINGWEIGHT|1|FIXINGVALUE||FIXINGDATE|2011-07-22 00:00:00.000|FIXINGWEIGHT|1|FIXINGVALUE||FIXINGDATE|2011-07-25 00:00:00.000|FIXINGWEIGHT|1|FIXINGVALUE||FIXINGDATE|2011-07-26 00:00:00.000|FIXINGWEIGHT|1|FIXINGVALUE||FIXINGDATE|2011-07-27 00:00:00.000|FIXINGWEIGHT|1|FIXINGVALUE||FIXINGDATE|2011-07-28 00:00:00.000|FIXINGWEIGHT|1|FIXINGVALUE||FIXINGDATE|2011-07-29 00:00:00.000|FIXINGWEIGHT|1|FIXINGVALUE||FIXINGDATE|2011-08-01 00:00:00.000|FIXINGWEIGHT|1|FIXINGVALUE||FIXINGDATE|2011-08-02 00:00:00.000|FIXINGWEIGHT|1|FIXINGVALUE||FIXINGDATE|2011-08-03 00:00:00.000|FIXINGWEIGHT|1|FIXINGVALUE||FIXINGSCHEDULELENGTH|246|BOOK_CPTY_CDRMNEMONIC|DTCH L  NI3|PROFIT_CENTRE|PML0|BOOKBRANCHPARENT|Commodities|HIGH_LEVEL_CPTY_CDRMNEMONIC|DTCH N  CMD|HIGH_LEVEL_BOOK_CPTY_CDRM|DTCH N  CMD|BOOK_CPYT_SRC_SYSTEM|RMS|SUBBRANCH|SPX|CPTY_CDRMNEMONIC|DTCH L  9UT|AMI_CODE|0840|BOOK_CPTY|PMLNOGOGV|PUBLICATIONTIME|2010-09-24 15:58:16.848|DBLEGALENTITY|London|ISLIVEYN|Y</Text>
</Message>
