<?xml version="1.0" encoding="UTF-8"?>
<Message>
    <SystemInfo>
        <JMSDestination>Topic[exodus.pipe.demo]</JMSDestination>
        <JMSReplyTo/>
        <JMSDeliveryMode>2</JMSDeliveryMode>
        <JMSRedelivered>false</JMSRedelivered>
        <JMSCorrelationID>null</JMSCorrelationID>
        <JMSType>null</JMSType>
        <JMSTimestamp>1285343783125</JMSTimestamp>
        <JMSExpiration>0</JMSExpiration>
        <JMSPriority>4</JMSPriority>
    </SystemInfo>
    <ApplicationInfo>
        <SYSTEMID>188847530</SYSTEMID>
        <TRADEGROUP>FXOPTION</TRADEGROUP>
        <VERSION>7</VERSION>
        <COUNTERPARTY>DBMICMS</COUNTERPARTY>
        <MESSAGE_TYPE>RMS_TRADE</MESSAGE_TYPE>
        <TRADETYPE>FxFlexibleForward</TRADETYPE>
        <BOOK>TIMEOPT</BOOK>
        <ACTION>Economic</ACTION>
        <STATUS>Open</STATUS>
    </ApplicationInfo>
    <Text>SYSTEMID|188847530|TRADETYPE|FxFlexibleForward|TRADEID|109151096A|SOURCESYSTEM|RMS|BOOK|TIMEOPT|BLOTTER||COUNTERPARTY|DBMICMS|COUNTERPARTYSOURCESYSTEM|RMS|COUNTERPARTYNAME|DEUTSCHE BANK S.P.A.|DBICOUNTERPARTYID||CUSTOMER|SAATI|CUSTOMERSOURCESYSTEM|RMS|STATUS|Open|UNDERCURRENCY|EUR|ACCCURRENCY|USD|NOTIONAL|-97285.035512|ACCNOTIONAL||DOMINANTNOTIONAL||STRIKE||SHIFTEDSTRIKE||STRIKEASENTERED||STRIKETERMSASENTERED||CP|C|EXPIRYDATE||SHIFTEDEXPIRYDATE||SETTLEMENTDATE|2010-09-30 00:00:00.000|PAYCURRENCY||QUANTOLEVEL||FIXINGREFERENCE||FIXING||FIXINGDATE||FIXEDVOLATILITY||FORWARDSETTINGSTYLE||FORWARDSETTINGDATE||FORWARDREFERENCEDATE||OPTIMISESETTINGLEVELSYN||COMPOUNDEXPIRYDATE||COMPOUNDSTRIKE||COMPOUNDSTRIKECCY||COMPOUNDCP||CPRATIO||FIRSTEXERCISEDATE|2010-07-01 00:00:00.000|LASTEXERCISEDATE|2010-09-28 00:00:00.000|FIRSTSTRIKE|1.27|LASTSTRIKE|1.27|INVERSEINTERPOLATIONYN||AMERICANPERIOD||PREMIUMINTERMS||PREMIUMTERMS||PREMIUMCURRENCY||PREMIUMAMOUNT||PREMIUMDATE||PREMIUMCURRENCYASENTERED||PREMIUMAMOUNTASENTERED||PREMIUMHASPAIDYN||UNWINDRATE||UNWINDPREMIUMCURRENCY||UNWINDPREMIUMAMOUNT||UNWINDPREMIUMDATE||MARGINPAYMENTCURRENCY||MARGINPAYMENTAMOUNT||ZONECUT||MODELTYPE||NUMTIMESTEPS||USEMINIMUMDENSITYYN||PRODUCTID|183100116|PRODUCTVERSION|8|PRODUCTLEGID||STRUCTUREID|109151096|REFERENCESPOT|1.2602|REFERENCEFORWARDPOINTS|0.003706993647|REFERENCEVOLATILITY|16.451018032272|REFERENCEDEPORATE|1.433358492541|REFERENCEDEPOCURRENCY|USD|REFERENCEDELTA|-0.98523837291927|REFERENCEDELTACURRENCY|EUR|ASSETLOCATION||TRADEDATE|2009-02-17 00:00:00.000|LASTUPDATED|2010-08-27 21:26:47.000|ACTION|Economic|ACTIONEFFECTIVEDATE|2010-08-27 00:00:00.000|SOURCESYSTEMBOOK|TIMEOPT|SOURCESYSTEMPROFITCENTRE||SALESPERSON|DEDONDA|TRADER||ENTEREDBY|TROMMAR|FUNDSPLITID||FUNDSPLITVERSION||STRUCTURENAME||MARKUPAMT|3661|MARKUPCCY|EUR|MARKUPLOCATION|London|ATRISKAMT||ATRISKCCY||ATRISKLOCATION||ATRISKINDICATOR||REASON||NOTES||BROKER||BROKERAMT||BROKERCCY||LINKSYSTEMID||LINKTYPE||SOURCESYSTEMID|183100116|DATECREATED|2009-02-17 21:08:19.000|CONFIRMAS||VERSION|7|CANCELSSOURCESYSTEMID||CANCELLEDBYSOURCESYSTEMID||CANCELLINGHALFSOURCESYSTEMID||CORRECTSSOURCESYSTEMID||CORRECTEDBYSOURCESYSTEMID||CLOSESSOURCESYSTEMID||CLOSEDBYSOURCESYSTEMID||EXERCISEDINTOSOURCESYSTEMID||EXERCISEDFROMSOURCESYSTEMID||LATESTVERSIONYN|Y|CLOSINGDATE||LEGALENTITY|London|DEALCAPTURESYSTEM|FXPricer(Sales)|DEALCAPTURESYSTEMID|183100116|BOOKINGLOCATION|London|PRODUCTTYPE||PRODUCTINSTANCE||BACKOFFICESYSTEM||BACKOFFICESYSTEMID||VERSIONVALIDUNTILDATE||TRADEEXTRADETAILID|0|TRADEEXTRADETAILVERSION|0|TRADECLASSIFICATION|2|DEALCAPTURESALESUSER|FXPRICERSALES_DEDONDA|FUNDSPLITALLOCATIONID||FUNDSPLITALLOCATIONLEGID||GENERATEBACKTOBACKTRADEYN|N|INTERNALGROUPID||ORIGINALSETTLEMENTDATE||TEARUPID||SETTLEMENTCURRENCY||AUTOPRICESTATUS||AUTOSPOT||AUTOFORWARDPOINTS||AUTOVOLATILITY||AUTODEPORATE||AUTODEPOCURRENCY||AUTODELTA||AUTODELTACURRENCY||AUTOPREMIUM||AUTOMARKUP||AUTOATRISK||ELECTEDCONFIRMATIONSYSTEM|///|ELECTEDCONFIRMATIONRULEID|79|PREVIOUSCONFIRMATIONSYSTEM|///|ELECTEDSETTLEMENTSYSTEM|///|ELECTEDSETTLEMENTRULEID|79|PREVIOUSSETTLEMENTSYSTEM|///|BACKOFFICEPROCESSING|Standard|CALCULATIONAGENT|DB|CLOSEDBY_PRODUCTID|183100116|CLOSES_PRODUCTID|183100116|LINK_PRODUCTID|183100116|PRODUCTTYPEID|TIMEOPTION|BACKOFFICEENDDATE||BACKOFFICEEVENT||BACKOFFICEBRANCHACCEPTED||BACKOFFICEBRANCHEVENT||TRADETABLE|FXOPTION|USERENTEREDTRADEDATE||BOOK_CPTY_CDRMNEMONIC|DTCH L  Q56|PROFIT_CENTRE|FGO0|BOOKBRANCHPARENT|Global|HIGH_LEVEL_CPTY_CDRMNEMONIC|DEUBKM|HIGH_LEVEL_BOOK_CPTY_CDRM|DTCH L|BOOK_CPYT_SRC_SYSTEM|RMS|SUBBRANCH|LDN|CPTY_CDRMNEMONIC|DEUBKM|AMI_CODE|0840|BOOK_CPTY|TIMEOPT|PUBLICATIONTIME|2010-09-24 15:56:23.124|DBLEGALENTITY|London|ISLIVEYN|Y</Text>
</Message>
