<?xml version="1.0" encoding="UTF-8"?>
<Message>
    <SystemInfo>
        <JMSDestination>Topic[exodus.pipe.demo]</JMSDestination>
        <JMSReplyTo/>
        <JMSDeliveryMode>2</JMSDeliveryMode>
        <JMSRedelivered>false</JMSRedelivered>
        <JMSCorrelationID>null</JMSCorrelationID>
        <JMSType>null</JMSType>
        <JMSTimestamp>1285343782694</JMSTimestamp>
        <JMSExpiration>0</JMSExpiration>
        <JMSPriority>4</JMSPriority>
    </SystemInfo>
    <ApplicationInfo>
        <SYSTEMID>249376752</SYSTEMID>
        <TRADEGROUP>FXCASH</TRADEGROUP>
        <VERSION>2</VERSION>
        <COUNTERPARTY>DBOB</COUNTERPARTY>
        <MESSAGE_TYPE>RMS_TRADE</MESSAGE_TYPE>
        <TRADETYPE>FxForwardStruct</TRADETYPE>
        <BOOK>IRATE</BOOK>
        <ACTION>NonEconomic</ACTION>
        <STATUS>Open</STATUS>
    </ApplicationInfo>
    <Text>SYSTEMID|249376752|TRADETYPE|FxForwardStruct|TRADEID|143334843F|SOURCESYSTEM|RMS|BOOK|IRATE|BLOTTER||COUNTERPARTY|DBOB|COUNTERPARTYSOURCESYSTEM|RMS|COUNTERPARTYNAME|DEUTSCHE BANK AG|DBICOUNTERPARTYID||CUSTOMER|BIEDERMANN_M/VILL|CUSTOMERSOURCESYSTEM|RMS|STATUS|Open|UNDERCURRENCY|EUR|ACCCURRENCY|USD|NOTIONAL|-220588.23529412|ACCNOTIONAL|300000|DOMINANTNOTIONAL|AccNotional|STRIKE|1.36|STRIKEASENTERED||STRIKETERMSASENTERED||TRADERRATE||FIXING||FIXINGDATE||EXPIRYDATE|2010-10-27 00:00:00.000|SETTLEMENTDATE|2010-10-29 00:00:00.000|FIXINGREFERENCE||PAYCURRENCY||QUANTOLEVEL||ZONECUT|NY|MODELTYPE||FUTURECODE||FUTURESEXPIRYDATE||PREMIUMCURRENCY||PREMIUMDATE||PREMIUMAMOUNT||PREMIUMHASPAIDYN||UNWINDRATE||UNWINDPREMIUMCURRENCY||UNWINDPREMIUMAMOUNT||UNWINDPREMIUMDATE||MARGINPAYMENTCURRENCY||MARGINPAYMENTAMOUNT||PRODUCTID|302919067|PRODUCTVERSION|2|PRODUCTLEGID||STRUCTUREID|143334843|REFERENCESPOT||REFERENCEFORWARDPOINTS||REFERENCEVOLATILITY||REFERENCEDEPORATE||REFERENCEDEPOCURRENCY||REFERENCEDELTA||REFERENCEDELTACURRENCY||ASSETLOCATION||TRADEDATE|2010-02-01 00:00:00.000|LASTUPDATED|2010-09-02 18:24:09.000|ACTION|NonEconomic|ACTIONEFFECTIVEDATE|2010-09-02 00:00:00.000|SOURCESYSTEMBOOK|IRATE|SOURCESYSTEMPROFITCENTRE||SALESPERSON||TRADER||ENTEREDBY|ORNIKHE|FUNDSPLITID||FUNDSPLITVERSION||STRUCTURENAME||MARKUPAMT||MARKUPCCY||MARKUPLOCATION||ATRISKAMT||ATRISKCCY||ATRISKLOCATION||ATRISKINDICATOR||REASON||NOTES||BROKER||BROKERAMT||BROKERCCY||LINKSYSTEMID||LINKTYPE||SOURCESYSTEMID|249376752|DATECREATED|2010-02-01 22:40:45.000|CONFIRMAS||VERSION|2|CANCELSSOURCESYSTEMID||CANCELLEDBYSOURCESYSTEMID||CANCELLINGHALFSOURCESYSTEMID||CORRECTSSOURCESYSTEMID||CORRECTEDBYSOURCESYSTEMID||CLOSESSOURCESYSTEMID||CLOSEDBYSOURCESYSTEMID||EXERCISEDINTOSOURCESYSTEMID||EXERCISEDFROMSOURCESYSTEMID||LATESTVERSIONYN|Y|CLOSINGDATE||LEGALENTITY|London|DEALCAPTURESYSTEM|RMS|DEALCAPTURESYSTEMID|249376752|BOOKINGLOCATION|London|PRODUCTTYPE||PRODUCTINSTANCE||BACKOFFICESYSTEM||BACKOFFICESYSTEMID||VERSIONVALIDUNTILDATE||TRADEEXTRADETAILID|0|TRADEEXTRADETAILVERSION|0|TRADECLASSIFICATION|1|DEALCAPTURESALESUSER|_MARCYAN|FUNDSPLITALLOCATIONID||FUNDSPLITALLOCATIONLEGID||GENERATERISKSWEEPTRADEYN||RISKSWEEPTRADETYPE||RISKSWEEPSTRIKE||RISKSWEEPSETTLEMENTDATE||RISKSWEEPBOOK||RISKSWEEPUNDERCURRENCY||RISKSWEEPACCCURRENCY||RISKSWEEPLINKMASTERSYSTEMID||SPOTPRICINGLOCATION||FORWARDPRICINGLOCATION||SETTLEMENTLEGALENTITYLOCATION||LOCALLEGALENTITYSETTLEMENTYN|N|RISKHOLDINGBOOK||RISKHOLDINGLINKMASTERSYSTEMID||GENERATEBACKTOBACKTRADEYN|N|CHILDFORWARDPIPS||CHILDMARGINPIPS||SCALINGFACTOR||RISKSWEEPCLIENTSTRIKE||INTERNALGROUPID||ORIGINALSETTLEMENTDATE||TEARUPID||ELECTEDCONFIRMATIONSYSTEM|///|ELECTEDCONFIRMATIONRULEID|89|PREVIOUSCONFIRMATIONSYSTEM|///|ELECTEDSETTLEMENTSYSTEM|///|ELECTEDSETTLEMENTRULEID|89|PREVIOUSSETTLEMENTSYSTEM|///|DRAWDOWNSTARTDATE||BACKOFFICEPROCESSING|Manual|CALCULATIONAGENT|DB|CLOSEDBY_PRODUCTID|302919067|CLOSES_PRODUCTID|302919067|LINK_PRODUCTID|302919067|PRODUCTTYPEID|EXFWD|BACKOFFICEENDDATE||BACKOFFICEEVENT||BACKOFFICEBRANCHACCEPTED||BACKOFFICEBRANCHEVENT||TRADETABLE|FXCASH|USERENTEREDTRADEDATE||BOOK_CPTY_CDRMNEMONIC|DTCH L  K82|PROFIT_CENTRE|FGO0|BOOKBRANCHPARENT|Global|HIGH_LEVEL_CPTY_CDRMNEMONIC|DTCH F  MM|HIGH_LEVEL_BOOK_CPTY_CDRM|DTCH L|BOOK_CPYT_SRC_SYSTEM|RMS|SUBBRANCH|LDN|CPTY_CDRMNEMONIC|DTCH F  MM|AMI_CODE|0840|BOOK_CPTY|IRAT|PUBLICATIONTIME|2010-09-24 15:56:22.693|DBLEGALENTITY|London|ISLIVEYN|Y</Text>
</Message>
