<?xml version="1.0" encoding="UTF-8"?>
<Message>
    <SystemInfo>
        <JMSDestination>Topic[exodus.pipe.demo]</JMSDestination>
        <JMSReplyTo/>
        <JMSDeliveryMode>2</JMSDeliveryMode>
        <JMSRedelivered>false</JMSRedelivered>
        <JMSCorrelationID>null</JMSCorrelationID>
        <JMSType>null</JMSType>
        <JMSTimestamp>1285344059674</JMSTimestamp>
        <JMSExpiration>0</JMSExpiration>
        <JMSPriority>4</JMSPriority>
    </SystemInfo>
    <ApplicationInfo>
        <SYSTEMID>285400647</SYSTEMID>
        <TRADEGROUP>FXCASH</TRADEGROUP>
        <VERSION>63</VERSION>
        <COUNTERPARTY>NYME</COUNTERPARTY>
        <MESSAGE_TYPE>RMS_TRADE</MESSAGE_TYPE>
        <TRADETYPE>FxForward</TRADETYPE>
        <BOOK>PMLNOGOGV</BOOK>
        <ACTION>Economic</ACTION>
        <STATUS>Open</STATUS>
    </ApplicationInfo>
    <Text>SYSTEMID|285400647|TRADETYPE|FxForward|TRADEID|162778131CASH|SOURCESYSTEM|ABFO|BOOK|PMLNOGOGV|BLOTTER||COUNTERPARTY|NYME|COUNTERPARTYSOURCESYSTEM|RMS|COUNTERPARTYNAME|NEW YORK MERCANTILE EXCHANGE|DBICOUNTERPARTYID||CUSTOMER|NYME|CUSTOMERSOURCESYSTEM|RMS|STATUS|Open|UNDERCURRENCY|USD|ACCCURRENCY|XPD|NOTIONAL|119865|ACCNOTIONAL|0|DOMINANTNOTIONAL|Notional|STRIKE|0|STRIKEASENTERED||STRIKETERMSASENTERED||TRADERRATE||FIXING||FIXINGDATE||EXPIRYDATE||SETTLEMENTDATE|2010-08-30 00:00:00.000|FIXINGREFERENCE||PAYCURRENCY||QUANTOLEVEL||ZONECUT||MODELTYPE||FUTURECODE|#PA|FUTURESEXPIRYDATE|2010-09-01 00:00:00.000|PREMIUMCURRENCY||PREMIUMDATE||PREMIUMAMOUNT||PREMIUMHASPAIDYN||UNWINDRATE||UNWINDPREMIUMCURRENCY||UNWINDPREMIUMAMOUNT||UNWINDPREMIUMDATE||MARGINPAYMENTCURRENCY||MARGINPAYMENTAMOUNT||PRODUCTID|277754349|PRODUCTVERSION|1|PRODUCTLEGID||STRUCTUREID|162778131|REFERENCESPOT||REFERENCEFORWARDPOINTS||REFERENCEVOLATILITY||REFERENCEDEPORATE||REFERENCEDEPOCURRENCY||REFERENCEDELTA||REFERENCEDELTACURRENCY||ASSETLOCATION|NYM|TRADEDATE|2010-06-01 00:00:00.000|LASTUPDATED|2010-08-26 02:03:33.000|ACTION|Economic|ACTIONEFFECTIVEDATE|2010-08-26 02:03:33.000|SOURCESYSTEMBOOK|PMLNOGOGV|SOURCESYSTEMPROFITCENTRE||SALESPERSON||TRADER||ENTEREDBY|RMS_OWNER|FUNDSPLITID||FUNDSPLITVERSION||STRUCTURENAME||MARKUPAMT||MARKUPCCY||MARKUPLOCATION||ATRISKAMT||ATRISKCCY||ATRISKLOCATION||ATRISKINDICATOR||REASON|FuturesCash|NOTES|Aggregated FuturesCash of FxFuture #PA (SEP10)|BROKER||BROKERAMT||BROKERCCY||LINKSYSTEMID||LINKTYPE||SOURCESYSTEMID|285400647|DATECREATED|2010-06-02 02:08:29.000|CONFIRMAS||VERSION|63|CANCELSSOURCESYSTEMID||CANCELLEDBYSOURCESYSTEMID||CANCELLINGHALFSOURCESYSTEMID||CORRECTSSOURCESYSTEMID||CORRECTEDBYSOURCESYSTEMID||CLOSESSOURCESYSTEMID||CLOSEDBYSOURCESYSTEMID||EXERCISEDINTOSOURCESYSTEMID||EXERCISEDFROMSOURCESYSTEMID||LATESTVERSIONYN|N|CLOSINGDATE||LEGALENTITY|London|DEALCAPTURESYSTEM|RMS|DEALCAPTURESYSTEMID|285400647|BOOKINGLOCATION|Precious Metals|PRODUCTTYPE||PRODUCTINSTANCE||BACKOFFICESYSTEM||BACKOFFICESYSTEMID||VERSIONVALIDUNTILDATE|2010-08-27 02:03:08.000|TRADEEXTRADETAILID||TRADEEXTRADETAILVERSION||TRADECLASSIFICATION|1|DEALCAPTURESALESUSER||FUNDSPLITALLOCATIONID||FUNDSPLITALLOCATIONLEGID||GENERATERISKSWEEPTRADEYN||RISKSWEEPTRADETYPE||RISKSWEEPSTRIKE||RISKSWEEPSETTLEMENTDATE||RISKSWEEPBOOK||RISKSWEEPUNDERCURRENCY||RISKSWEEPACCCURRENCY||RISKSWEEPLINKMASTERSYSTEMID||SPOTPRICINGLOCATION||FORWARDPRICINGLOCATION||SETTLEMENTLEGALENTITYLOCATION||LOCALLEGALENTITYSETTLEMENTYN|N|RISKHOLDINGBOOK||RISKHOLDINGLINKMASTERSYSTEMID||GENERATEBACKTOBACKTRADEYN||CHILDFORWARDPIPS||CHILDMARGINPIPS||SCALINGFACTOR||RISKSWEEPCLIENTSTRIKE||INTERNALGROUPID||ORIGINALSETTLEMENTDATE||TEARUPID||ELECTEDCONFIRMATIONSYSTEM|///|ELECTEDCONFIRMATIONRULEID|101|PREVIOUSCONFIRMATIONSYSTEM|///|ELECTEDSETTLEMENTSYSTEM|///|ELECTEDSETTLEMENTRULEID|101|PREVIOUSSETTLEMENTSYSTEM|///|DRAWDOWNSTARTDATE||BACKOFFICEPROCESSING||CALCULATIONAGENT|DB|CLOSEDBY_PRODUCTID|277754349|CLOSES_PRODUCTID|277754349|LINK_PRODUCTID|277754349|PRODUCTTYPEID|INTERNAL|BACKOFFICEENDDATE||BACKOFFICEEVENT||BACKOFFICEBRANCHACCEPTED||BACKOFFICEBRANCHEVENT||TRADETABLE|FXCASH|USERENTEREDTRADEDATE||MEASUREMENTUNITCONVERSION|1|HIGH_LEVEL_CPTY_CDRMNEMONIC|DTCH L  V53|CPTY_CDRMNEMONIC|DTCH L  V53|BOOK_CPTY|PMLNOGOGV|EXCHANGE|NYMEX|BOOK_CPTY_CDRMNEMONIC|DTCH L  NI3|CURRENCY||PROFIT_CENTRE|PML0|BOOKBRANCHPARENT|Commodities|HIGH_LEVEL_BOOK_CPTY_CDRM|DTCH N  CMD|BOOK_CPYT_SRC_SYSTEM|RMS|SUBBRANCH|SPX|AMI_CODE|0840|PUBLICATIONTIME|2010-09-24 16:00:59.673|DBLEGALENTITY|London|ISLIVEYN|Y</Text>
</Message>
