<?xml version="1.0" encoding="UTF-8"?>
<Message>
    <SystemInfo>
        <JMSDestination>Topic[exodus.pipe.demo]</JMSDestination>
        <JMSReplyTo/>
        <JMSDeliveryMode>2</JMSDeliveryMode>
        <JMSRedelivered>false</JMSRedelivered>
        <JMSCorrelationID>null</JMSCorrelationID>
        <JMSType>null</JMSType>
        <JMSTimestamp>1285344063911</JMSTimestamp>
        <JMSExpiration>0</JMSExpiration>
        <JMSPriority>4</JMSPriority>
    </SystemInfo>
    <ApplicationInfo>
        <SYSTEMID>307325200</SYSTEMID>
        <TRADEGROUP>FXFUTURE</TRADEGROUP>
        <VERSION>1</VERSION>
        <COUNTERPARTY>CMRE</COUNTERPARTY>
        <MESSAGE_TYPE>RMS_TRADE</MESSAGE_TYPE>
        <TRADETYPE>FxFutureOpt</TRADETYPE>
        <BOOK>OPERAEXCHANGE</BOOK>
        <ACTION>New</ACTION>
        <STATUS>Open</STATUS>
    </ApplicationInfo>
    <Text>SYSTEMID|307325200|TRADETYPE|FxFutureOpt|TRADEID|174128879A|SOURCESYSTEM|ABFO|BOOK|OPERAEXCHANGE|BLOTTER||COUNTERPARTY|CMRE|COUNTERPARTYSOURCESYSTEM|RMS|COUNTERPARTYNAME|CHICAGO MERCANTILE EXCHANGE|DBICOUNTERPARTYID||CUSTOMER|CMRE|CUSTOMERSOURCESYSTEM|RMS|STATUS|Open|UNDERCURRENCY|JPY|ACCCURRENCY|USD|ASSETLOCATION||NUMBEROFCONTRACTS|-50|NOTIONAL|-625000000|SETTLEMENTDATE||FUTURESEXPIRYDATE|2010-10-01 00:00:00.000|PAYCURRENCY||QUANTOLEVEL||STRIKE|0.0119|STRIKEASENTERED||STRIKETERMSASENTERED||CP|C|EXPIRYDATE||OPTIONEXPIRYDATE|2010-10-01 00:00:00.000|FIXING||FUTURESPRICEPAID||OPTIONPRICEPAID|0.000206|FUTURECODE|#JY|PREMIUMINTERMS||PREMIUMTERMS||PREMIUMCURRENCY||PREMIUMAMOUNT||PREMIUMDATE||PREMIUMCURRENCYASENTERED||PREMIUMAMOUNTASENTERED||PREMIUMHASPAIDYN||UNWINDRATE||UNWINDPREMIUMCURRENCY||UNWINDPREMIUMAMOUNT||UNWINDPREMIUMDATE||MARGINPAYMENTCURRENCY||MARGINPAYMENTAMOUNT||ZONECUT||MODELTYPE||NUMTIMESTEPS||USEMINIMUMDENSITYYN||PRODUCTID|299231585|PRODUCTVERSION|1|PRODUCTLEGID||STRUCTUREID|174128879|REFERENCESPOT||REFERENCEFORWARDPOINTS||REFERENCEVOLATILITY||REFERENCEDEPORATE||REFERENCEDEPOCURRENCY||REFERENCEDELTA||REFERENCEDELTACURRENCY||GENERATERISKSWEEPTRADEYN||RISKSWEEPTRADETYPE||RISKSWEEPSTRIKE||RISKSWEEPSETTLEMENTDATE||RISKSWEEPBOOK||RISKSWEEPUNDERCURRENCY||RISKSWEEPACCCURRENCY||RISKSWEEPLINKMASTERSYSTEMID||TRADEDATE|2010-08-24 00:00:00.000|LASTUPDATED|2010-08-25 02:23:51.000|ACTION|New|ACTIONEFFECTIVEDATE|2010-08-25 00:00:00.000|SOURCESYSTEMBOOK|OPERAEXCHANGE|SOURCESYSTEMPROFITCENTRE||SALESPERSON||TRADER|PRASHANT.PUNIYA@DB.COM|ENTEREDBY|ABFO2RMSFEED|FUNDSPLITID||FUNDSPLITVERSION||STRUCTURENAME||MARKUPAMT||MARKUPCCY||MARKUPLOCATION||ATRISKAMT||ATRISKCCY||ATRISKLOCATION||ATRISKINDICATOR||REASON||NOTES|Comments:-|BROKER|DBMG|BROKERAMT||BROKERCCY||LINKSYSTEMID||LINKTYPE||SOURCESYSTEMID|ABFONYC:298166|DATECREATED|2010-08-25 02:23:51.000|CONFIRMAS||VERSION|1|CANCELSSOURCESYSTEMID||CANCELLEDBYSOURCESYSTEMID||CANCELLINGHALFSOURCESYSTEMID||CORRECTSSOURCESYSTEMID||CORRECTEDBYSOURCESYSTEMID||CLOSESSOURCESYSTEMID||CLOSEDBYSOURCESYSTEMID||EXERCISEDINTOSOURCESYSTEMID||EXERCISEDFROMSOURCESYSTEMID||LATESTVERSIONYN|N|CLOSINGDATE||LEGALENTITY|London|DEALCAPTURESYSTEM|ABFO2RMSFeed|DEALCAPTURESYSTEMID|ABFONYC:298166:1:1|BOOKINGLOCATION|London|PRODUCTTYPE||PRODUCTINSTANCE||BACKOFFICESYSTEM||BACKOFFICESYSTEMID||VERSIONVALIDUNTILDATE|2010-08-25 02:39:17.000|TRADEEXTRADETAILID||TRADEEXTRADETAILVERSION||TRADECLASSIFICATION||DEALCAPTURESALESUSER||FUNDSPLITALLOCATIONID||FUNDSPLITALLOCATIONLEGID||FUTURESRATEPAID||FRCFUTURESRATEPAID||TEARUPID||ELECTEDCONFIRMATIONSYSTEM|///|ELECTEDCONFIRMATIONRULEID|75|PREVIOUSCONFIRMATIONSYSTEM|NNN|ELECTEDSETTLEMENTSYSTEM|///|ELECTEDSETTLEMENTRULEID|75|PREVIOUSSETTLEMENTSYSTEM|NNN|BACKOFFICEPROCESSING||CALCULATIONAGENT|DB|CLOSEDBY_PRODUCTID|299231585|CLOSES_PRODUCTID|299231585|LINK_PRODUCTID|299231585|PRODUCTTYPEID|FXFUTURE|FOEXPIRYDATE|2010-10-01 00:00:00.000|FOPRICEPAID|0.000206|BACKOFFICEENDDATE||BACKOFFICEEVENT||BACKOFFICEBRANCHACCEPTED||BACKOFFICEBRANCHEVENT||TRADETABLE|FXFUTURE|USERENTEREDTRADEDATE||MEASUREMENTUNITCONVERSION|1|HIGH_LEVEL_CPTY_CDRMNEMONIC|CHIMXC|CPTY_CDRMNEMONIC|CHIMXC|BOOK_CPTY|OPERAEXCHANGE|EXCHANGE|CME|BOOK_CPTY_CDRMNEMONIC|DTCH L  66E|CURRENCY|USD|PROFIT_CENTRE|FGO0|BOOKBRANCHPARENT|Global|HIGH_LEVEL_BOOK_CPTY_CDRM|DTCH L|BOOK_CPYT_SRC_SYSTEM|RMS|SUBBRANCH|LDN|AMI_CODE|0840|PUBLICATIONTIME|2010-09-24 16:01:03.910|DBLEGALENTITY|London|ISLIVEYN|Y</Text>
</Message>
