<?xml version="1.0" encoding="UTF-8"?>
<Message>
    <SystemInfo>
        <JMSDestination>Topic[exodus.pipe.demo]</JMSDestination>
        <JMSReplyTo/>
        <JMSDeliveryMode>2</JMSDeliveryMode>
        <JMSRedelivered>false</JMSRedelivered>
        <JMSCorrelationID>null</JMSCorrelationID>
        <JMSType>null</JMSType>
        <JMSTimestamp>1285344075065</JMSTimestamp>
        <JMSExpiration>0</JMSExpiration>
        <JMSPriority>4</JMSPriority>
    </SystemInfo>
    <ApplicationInfo>
        <SYSTEMID>202683767</SYSTEMID>
        <TRADEGROUP>EXOTIC</TRADEGROUP>
        <VERSION>8</VERSION>
        <COUNTERPARTY>LLOY</COUNTERPARTY>
        <MESSAGE_TYPE>RMS_TRADE</MESSAGE_TYPE>
        <TRADETYPE>FxGeneralBarEuroOpt</TRADETYPE>
        <BOOK>EMSTAR</BOOK>
        <ACTION>Economic</ACTION>
        <STATUS>Open</STATUS>
    </ApplicationInfo>
    <Text>SYSTEMID|202683767|TRADETYPE|FxGeneralBarEuroOpt|TRADEID|117685551A|SOURCESYSTEM|RMS|BOOK|EMSTAR|BLOTTER||COUNTERPARTY|LLOY|COUNTERPARTYSOURCESYSTEM|RMS|COUNTERPARTYNAME|LLOYDS TSB BANK PLC AC TSY|DBICOUNTERPARTYID||CUSTOMER|LLOY|CUSTOMERSOURCESYSTEM|RMS|STATUS|Open|SHOWINRMSYN|Y|SECTION|TradeDetails|ORDERFIELD|22|PRICINGSITE|Option|PARAMETERTEXT|39954|PARAMETERNUMBER||PARAMETERDATE||PRODUCTID|196675853|PRODUCTVERSION|5|PRODUCTLEGID||STRUCTUREID|117685551|TRADEDATE|2009-05-14 00:00:00.000|LASTUPDATED|2010-08-31 23:38:51.000|ACTION|Economic|ACTIONEFFECTIVEDATE|2010-08-31 00:00:00.000|SOURCESYSTEMBOOK|EMSTAR|SOURCESYSTEMPROFITCENTRE||SALESPERSON|Agustin Trigo|TRADER||ENTEREDBY|FRENMOR|FUNDSPLITID||FUNDSPLITVERSION||STRUCTURENAME||MARKUPAMT||MARKUPCCY||MARKUPLOCATION||ATRISKAMT|6200|ATRISKCCY|EUR|ATRISKLOCATION|London|ATRISKINDICATOR||REASON||ASSETLOCATION||NOTES||BROKER||BROKERAMT||BROKERCCY||LINKSYSTEMID||LINKTYPE||SOURCESYSTEMID|202683767|DATECREATED|2009-05-14 22:29:03.000|CONFIRMAS||VERSION|8|CANCELSSOURCESYSTEMID||CANCELLEDBYSOURCESYSTEMID||CANCELLINGHALFSOURCESYSTEMID||CORRECTSSOURCESYSTEMID||CORRECTEDBYSOURCESYSTEMID||CLOSESSOURCESYSTEMID||CLOSEDBYSOURCESYSTEMID||EXERCISEDINTOSOURCESYSTEMID||EXERCISEDFROMSOURCESYSTEMID||LATESTVERSIONYN|Y|CLOSINGDATE||LEGALENTITY|London|DEALCAPTURESYSTEM|FXPricer|DEALCAPTURESYSTEMID|202683767|BOOKINGLOCATION|London|PRODUCTTYPE||PRODUCTINSTANCE||BACKOFFICESYSTEM||BACKOFFICESYSTEMID||VERSIONVALIDUNTILDATE||TRADEEXTRADETAILID|0|TRADEEXTRADETAILVERSION|0|TRADECLASSIFICATION|1|DEALCAPTURESALESUSER|FXPRICER_FRENMOR|FUNDSPLITALLOCATIONID||FUNDSPLITALLOCATIONLEGID||TEARUPID||ELECTEDCONFIRMATIONSYSTEM|///|ELECTEDCONFIRMATIONRULEID|71|PREVIOUSCONFIRMATIONSYSTEM|///|ELECTEDSETTLEMENTSYSTEM|///|ELECTEDSETTLEMENTRULEID|71|PREVIOUSSETTLEMENTSYSTEM|///|BACKOFFICEPROCESSING|Standard|CALCULATIONAGENT|DB|CLOSEDBY_PRODUCTID|196675853|CLOSES_PRODUCTID|196675853|LINK_PRODUCTID|196675853|PRODUCTTYPEID|NDOPT|PREMIUMHASPAIDYN|Y|UNWINDRATE||BACKOFFICEACCEPTED|Y|BACKOFFICEENDDATE||BACKOFFICEEVENT||BACKOFFICEBRANCHACCEPTED||BACKOFFICEBRANCHEVENT||TRADETABLE|EXOTIC|USERENTEREDTRADEDATE||UNDERCURRENCY|USD|ACCCURRENCY|BRO|NOTIONAL|-2300000|DOMINANTNOTIONAL|Notional|ACCNOTIONAL|4813670|EXPIRYDATE|2011-05-16 00:00:00.000|ZONECUT|BR|SETTLEMENTDATE|2011-05-23 00:00:00.000|CP|P|STRIKE|2.0929|FIXINGREFERENCE|BRLPTAX|UPBARKNOCKINYN|N|UPBARINTRINSICREBATEYN|N|LOWBARKNOCKINYN|N|LOWBARINTRINSICREBATEYN|N|PAYCURRENCY|USD|QUANTOLEVEL|0.477805915|ASSETLOCATION||KNOCKEDOUTDATE||PREMIUMAMOUNT|98170|PREMIUMCURRENCY|USD|PREMIUMDATE|2009-05-21 00:00:00.000|FIXINGSCHEDULE|&lt;EMPTY&gt;|BOOK_CPTY_CDRMNEMONIC|DTCH L  VG4|PROFIT_CENTRE|FGO0|BOOKBRANCHPARENT|Global|HIGH_LEVEL_CPTY_CDRMNEMONIC|LTSBKL|HIGH_LEVEL_BOOK_CPTY_CDRM|DTCH L|BOOK_CPYT_SRC_SYSTEM|RMS|SUBBRANCH|LDN|CPTY_CDRMNEMONIC|LTSBKL|AMI_CODE|0840|BOOK_CPTY|EMSTAR|PUBLICATIONTIME|2010-09-24 16:01:15.063|DBLEGALENTITY|London|ISLIVEYN|Y</Text>
</Message>
