<?xml version="1.0" encoding="UTF-8"?>
<Message>
    <SystemInfo>
        <JMSDestination>Topic[exodus.pipe.demo]</JMSDestination>
        <JMSReplyTo/>
        <JMSDeliveryMode>2</JMSDeliveryMode>
        <JMSRedelivered>false</JMSRedelivered>
        <JMSCorrelationID>null</JMSCorrelationID>
        <JMSType>null</JMSType>
        <JMSTimestamp>1285344061923</JMSTimestamp>
        <JMSExpiration>0</JMSExpiration>
        <JMSPriority>4</JMSPriority>
    </SystemInfo>
    <ApplicationInfo>
        <SYSTEMID>180084267</SYSTEMID>
        <TRADEGROUP>EXOTIC</TRADEGROUP>
        <VERSION>13</VERSION>
        <COUNTERPARTY>ABSE</COUNTERPARTY>
        <MESSAGE_TYPE>RMS_TRADE</MESSAGE_TYPE>
        <TRADETYPE>FxGeometricBasketOpt</TRADETYPE>
        <BOOK>INDOPT</BOOK>
        <ACTION>Economic</ACTION>
        <STATUS>Open</STATUS>
    </ApplicationInfo>
    <Text>SYSTEMID|180084267|TRADETYPE|FxGeometricBasketOpt|TRADEID|103638516B|SOURCESYSTEM|RMS|BOOK|INDOPT|BLOTTER||COUNTERPARTY|ABSE|COUNTERPARTYSOURCESYSTEM|RMS|COUNTERPARTYNAME|AB SVENSK EXPORTKREDIT AC SWEDISH EXPORT CRDT CORP|DBICOUNTERPARTYID||CUSTOMER|ABSE|CUSTOMERSOURCESYSTEM|RMS|STATUS|Open|SHOWINRMSYN|Y|SECTION|TradeDetails|ORDERFIELD|77|PRICINGSITE|Option|PARAMETERTEXT|WMRSPOT11|PARAMETERNUMBER||PARAMETERDATE||PRODUCTID|176640340|PRODUCTVERSION|15|PRODUCTLEGID||STRUCTUREID|103638516|TRADEDATE|2008-12-18 00:00:00.000|LASTUPDATED|2010-09-16 07:25:58.000|ACTION|Economic|ACTIONEFFECTIVEDATE|2010-09-16 00:00:00.000|SOURCESYSTEMBOOK|INDOPT|SOURCESYSTEMPROFITCENTRE||SALESPERSON||TRADER||ENTEREDBY|STARJAM1|FUNDSPLITID||FUNDSPLITVERSION||STRUCTURENAME||MARKUPAMT||MARKUPCCY||MARKUPLOCATION||ATRISKAMT||ATRISKCCY||ATRISKLOCATION||ATRISKINDICATOR||REASON||ASSETLOCATION||NOTES|DBHVBEUI quanto CHF|BROKER||BROKERAMT||BROKERCCY||LINKSYSTEMID||LINKTYPE||SOURCESYSTEMID|180084267|DATECREATED|2008-12-18 22:34:01.000|CONFIRMAS||VERSION|13|CANCELSSOURCESYSTEMID||CANCELLEDBYSOURCESYSTEMID||CANCELLINGHALFSOURCESYSTEMID||CORRECTSSOURCESYSTEMID||CORRECTEDBYSOURCESYSTEMID||CLOSESSOURCESYSTEMID||CLOSEDBYSOURCESYSTEMID||EXERCISEDINTOSOURCESYSTEMID||EXERCISEDFROMSOURCESYSTEMID||LATESTVERSIONYN|Y|CLOSINGDATE||LEGALENTITY|London|DEALCAPTURESYSTEM|RMS|DEALCAPTURESYSTEMID|180084267|BOOKINGLOCATION|London|PRODUCTTYPE||PRODUCTINSTANCE||BACKOFFICESYSTEM||BACKOFFICESYSTEMID||VERSIONVALIDUNTILDATE||TRADEEXTRADETAILID|0|TRADEEXTRADETAILVERSION|0|TRADECLASSIFICATION|1|DEALCAPTURESALESUSER|RMS_STARJAM1|FUNDSPLITALLOCATIONID||FUNDSPLITALLOCATIONLEGID||TEARUPID||ELECTEDCONFIRMATIONSYSTEM|///|ELECTEDCONFIRMATIONRULEID|71|PREVIOUSCONFIRMATIONSYSTEM|///|ELECTEDSETTLEMENTSYSTEM|///|ELECTEDSETTLEMENTRULEID|71|PREVIOUSSETTLEMENTSYSTEM|///|BACKOFFICEPROCESSING|Standard|CALCULATIONAGENT|DB|CLOSEDBY_PRODUCTID|176640340|CLOSES_PRODUCTID|176640340|LINK_PRODUCTID|176640340|PRODUCTTYPEID|DBHARVEST|PREMIUMHASPAIDYN||UNWINDRATE||BACKOFFICEACCEPTED|N|BACKOFFICEENDDATE||BACKOFFICEEVENT||BACKOFFICEBRANCHACCEPTED||BACKOFFICEBRANCHEVENT||TRADETABLE|EXOTIC|USERENTEREDTRADEDATE||FUTURECODE|DBHVBUSI|NUMBEROFCONTRACTS|-190.43|PAYCURRENCY|CHF|NOTIONAL|-18824386.36|CONTRACT|Forward|CONSTANTFACTOR|98.852|EXPIRYDATE|2010-12-15 00:00:00.000|SETTLEMENTDATE|2010-12-15 00:00:00.000|CP|C|CONTRACTSTRIKE|210.05|STRIKE|2.1248937806|ASSETLOCATION||KNOCKEDOUTDATE||UNDERCURRENCY|USD|UNDERCURRENCY|USD|UNDERCURRENCY|USD|UNDERCURRENCY|USD|UNDERCURRENCY|USD|UNDERCURRENCY|USD|UNDERCURRENCY|USD|UNDERCURRENCY|USD|UNDERCURRENCY|USD|UNDERCURRENCY|USD|UNDERCURRENCY|USD|UNDERCURRENCY|USD|UNDERCURRENCY|USD|UNDERCURRENCY|USD|UNDERCURRENCY|USD|UNDERCURRENCY|USD|ACCCURRENCY|HUF|ACCCURRENCY|CAD|ACCCURRENCY|KRO|ACCCURRENCY|NOK|ACCCURRENCY|KRO|ACCCURRENCY|MXN|ACCCURRENCY|USD|ACCCURRENCY|NZD|ACCCURRENCY|TRY|ACCCURRENCY|TWO|ACCCURRENCY|CHF|ACCCURRENCY|SGO|ACCCURRENCY|JPY|ACCCURRENCY|AUD|ACCCURRENCY|BRO|ACCCURRENCY|ZAR|WEIGHT|0|WEIGHT|0|WEIGHT|0|WEIGHT|0|WEIGHT|0|WEIGHT|0|WEIGHT|0.2|WEIGHT|-0.2|WEIGHT|-0.2|WEIGHT|0.2|WEIGHT|0.2|WEIGHT|0.2|WEIGHT|0.2|WEIGHT|-0.2|WEIGHT|-0.2|WEIGHT|-0.2|FIXINGREFERENCE|WMRSPOT11|FIXINGREFERENCE|WMRSPOT11|FIXINGREFERENCE|WMRSPOT11|FIXINGREFERENCE|WMRSPOT11|FIXINGREFERENCE|WMRSPOT11|FIXINGREFERENCE|WMRSPOT11|FIXINGREFERENCE|WMRSPOT11|FIXINGREFERENCE|WMRSPOT11|FIXINGREFERENCE|WMRSPOT11|FIXINGREFERENCE|WMRSPOT11|FIXINGREFERENCE|WMRSPOT11|FIXINGREFERENCE|WMRSPOT11|FIXINGREFERENCE|WMRSPOT11|FIXINGREFERENCE|WMRSPOT11|FIXINGREFERENCE|WMRSPOT11|FIXINGREFERENCE|WMRSPOT11|FIXINGSCHEDULE|&lt;EMPTY&gt;|BOOK_CPTY_CDRMNEMONIC|DTCH L  V33|PROFIT_CENTRE|FGO0|BOOKBRANCHPARENT|Global|HIGH_LEVEL_CPTY_CDRMNEMONIC|SEXKRST 005|HIGH_LEVEL_BOOK_CPTY_CDRM|DTCH L|BOOK_CPYT_SRC_SYSTEM|RMS|SUBBRANCH|LDN|CPTY_CDRMNEMONIC|SEXKRST 005|AMI_CODE|0840|BOOK_CPTY|INDOPT|PUBLICATIONTIME|2010-09-24 16:01:01.922|DBLEGALENTITY|London|ISLIVEYN|Y</Text>
</Message>
