<?xml version="1.0" encoding="UTF-8"?>
<Message>
    <SystemInfo>
        <JMSDestination>Topic[exodus.pipe.demo]</JMSDestination>
        <JMSReplyTo/>
        <JMSDeliveryMode>2</JMSDeliveryMode>
        <JMSRedelivered>false</JMSRedelivered>
        <JMSCorrelationID>null</JMSCorrelationID>
        <JMSType>null</JMSType>
        <JMSTimestamp>1285343818760</JMSTimestamp>
        <JMSExpiration>0</JMSExpiration>
        <JMSPriority>4</JMSPriority>
    </SystemInfo>
    <ApplicationInfo>
        <SYSTEMID>175588187</SYSTEMID>
        <TRADEGROUP>FXGENERALACCRUALOPTION</TRADEGROUP>
        <VERSION>406</VERSION>
        <COUNTERPARTY>DBOB</COUNTERPARTY>
        <MESSAGE_TYPE>RMS_TRADE</MESSAGE_TYPE>
        <TRADETYPE>FxGeneralAccrualOpt</TRADETYPE>
        <BOOK>EURST</BOOK>
        <ACTION>Fixed</ACTION>
        <STATUS>Open</STATUS>
    </ApplicationInfo>
    <Text>SYSTEMID|175588187|TRADETYPE|FxGeneralAccrualOpt|TRADEID|100888281A|SOURCESYSTEM|RMS|BOOK|EURST|BLOTTER||COUNTERPARTY|DBOB|COUNTERPARTYSOURCESYSTEM|RMS|COUNTERPARTYNAME|DEUTSCHE BANK AG|DBICOUNTERPARTYID||CUSTOMER|BRIL/ARNS|CUSTOMERSOURCESYSTEM|RMS|STATUS|Open|UNDERCURRENCY|EUR|ACCCURRENCY|USD|NOTIONAL|368731.56|STRIKE|1.356|CP|C|PAYOFFTYPE|F|EXPIRYDATE|2011-06-28 00:00:00.000|SHIFTEDEXPIRYDATE||SETTLEMENTDATE|2011-06-30 00:00:00.000|FIXINGREFERENCE|OPTREF|MINNOTIONALLEVERAGE|75|MAXNOTIONALLEVERAGE|200|ACCRUALSTARTDATE|2009-02-25 00:00:00.000|ACCRUALENDDATE|2011-06-28 00:00:00.000|LOOKFREQUENCY|B|ACCRUALRULE|B|FIXINGHOLIDAYS|EUR|WEIGHTHOLIDAYS|EUR|LASTFIXEDDATE|2010-09-13 00:00:00.000|FRACTIONALNOTIONALSOFAR|0.93833333333333333333333333333333333333|EXTINGUISHEDDATE||ACCRUALBASIS||UPBARRIER||LOWBARRIER||SHIFTEDUPBARRIER||SHIFTEDLOWBARRIER||BARRIERSTARTDATE|2008-10-30 00:00:00.000|BARRIERENDDATE|2011-06-28 00:00:00.000|SHIFTEDBARRIERSTARTDATE||SHIFTEDBARRIERENDDATE||PAYCURRENCY|USD|QUANTOLEVEL||NUMPATHS||SEED||NUMTIMESTEPS||NUMSPOTSTEPS||NUMSTDDEVS||MODELTYPE||ZONECUT||PHYSICALLYDELIVERABLEYN||REFERENCESPOT|1.2831|REFERENCEFORWARDPOINTS|0.0024|REFERENCEVOLATILITY|16.525562809284|REFERENCEDEPORATE|2.526143443663|REFERENCEDEPOCURRENCY|USD|REFERENCEDELTA|1.19398482479102|REFERENCEDELTACURRENCY|EUR|ASSETLOCATION||PREMIUMCURRENCY|EUR|PREMIUMAMOUNT|-14000|PREMIUMDATE|2008-11-26 00:00:00.000|PREMIUMHASPAIDYN|Y|UNWINDRATE||UNWINDPREMIUMCURRENCY||UNWINDPREMIUMAMOUNT||UNWINDPREMIUMDATE||MARGINPAYMENTCURRENCY||MARGINPAYMENTAMOUNT||PRODUCTID|170093231|PRODUCTVERSION|3|PRODUCTLEGID|1|STRUCTUREID|100888281|TRADEDATE|2008-11-24 00:00:00.000|LASTUPDATED|2010-09-13 19:42:23.000|ACTION|Fixed|ACTIONEFFECTIVEDATE|2010-09-13 00:00:00.000|SOURCESYSTEMBOOK|EURST|SOURCESYSTEMPROFITCENTRE||SALESPERSON|HUNDHX|TRADER||ENTEREDBY|AHMEIMR|FUNDSPLITID||FUNDSPLITVERSION||STRUCTURENAME||MARKUPAMT|14000|MARKUPCCY|EUR|MARKUPLOCATION|Branch|ATRISKAMT|2000|ATRISKCCY|EUR|ATRISKLOCATION|Branch|ATRISKINDICATOR||REASON||NOTES|074300/schaefer|BROKER||BROKERAMT||BROKERCCY||LINKSYSTEMID||LINKTYPE||SOURCESYSTEMID|175588187|DATECREATED|2008-11-24 22:48:26.000|CONFIRMAS||VERSION|406|CANCELSSOURCESYSTEMID||CANCELLEDBYSOURCESYSTEMID||CANCELLINGHALFSOURCESYSTEMID||CORRECTSSOURCESYSTEMID||CORRECTEDBYSOURCESYSTEMID||CLOSESSOURCESYSTEMID||CLOSEDBYSOURCESYSTEMID||EXERCISEDINTOSOURCESYSTEMID||EXERCISEDFROMSOURCESYSTEMID||LATESTVERSIONYN|N|CLOSINGDATE||LEGALENTITY|London|DEALCAPTURESYSTEM|FXPricer(Sales)|DEALCAPTURESYSTEMID|175588187|BOOKINGLOCATION|London|PRODUCTTYPE||PRODUCTINSTANCE||BACKOFFICESYSTEM||BACKOFFICESYSTEMID||VERSIONVALIDUNTILDATE|2010-09-14 19:27:50.000|TRADEEXTRADETAILID|0|TRADEEXTRADETAILVERSION|0|TRADECLASSIFICATION|2|DEALCAPTURESALESUSER|FXPRICERSALES_HUNDHX|FUNDSPLITALLOCATIONID||FUNDSPLITALLOCATIONLEGID||NONDELIVERABLEYN||FIXINGSACCRUEDSOFAR|563|TOTALFIXINGS|600|ACCRUEDNOTIONALSOFAR|345993.1138|TEARUPID||ELECTEDCONFIRMATIONSYSTEM|///|ELECTEDCONFIRMATIONRULEID|76|PREVIOUSCONFIRMATIONSYSTEM|///|ELECTEDSETTLEMENTSYSTEM|///|ELECTEDSETTLEMENTRULEID|76|PREVIOUSSETTLEMENTSYSTEM|///|CLOSEDBY_PRODUCTID|170093231|CLOSES_PRODUCTID|170093231|LINK_PRODUCTID|170093231|PRODUCTTYPEID|GENACCRUAL|BACKOFFICEPROCESSING|Standard|BACKOFFICEACCEPTED|A|BACKOFFICEENDDATE||BACKOFFICEEVENT||BACKOFFICEBRANCHACCEPTED||BACKOFFICEBRANCHEVENT||TRADETABLE|FXGENERALACCRUALOPTION|USERENTEREDTRADEDATE||FIXINGDATE|2009-02-26 00:00:00.000|FIXINGWEIGHT|1|FIXINGVALUE|1.2779|CCY2|USD|FIXINGDATE|2009-02-27 00:00:00.000|FIXINGWEIGHT|1|FIXINGVALUE|1.2649|CCY2|USD|FIXINGDATE|2009-03-02 00:00:00.000|FIXINGWEIGHT|1|FIXINGVALUE|1.2605|CCY2|USD|FIXINGDATE|2009-03-03 00:00:00.000|FIXINGWEIGHT|1|FIXINGVALUE|1.2595|CCY2|USD|FIXINGDATE|2009-03-04 00:00:00.000|FIXINGWEIGHT|1|FIXINGVALUE|1.2524|CCY2|USD|FIXINGDATE|2009-03-05 00:00:00.000|FIXINGWEIGHT|1|FIXINGVALUE|1.2553|CCY2|USD|FIXINGDATE|2009-03-06 00:00:00.000|FIXINGWEIGHT|1|FIXINGVALUE|1.2677|CCY2|USD|FIXINGDATE|2009-03-09 00:00:00.000|FIXINGWEIGHT|1|FIXINGVALUE|1.2583|CCY2|USD|FIXINGDATE|2009-03-10 00:00:00.000|FIXINGWEIGHT|1|FIXINGVALUE|1.2713|CCY2|USD|FIXINGDATE|2009-03-11 00:00:00.000|FIXINGWEIGHT|1|FIXINGVALUE|1.2768|CCY2|USD|FIXINGDATE|2009-03-12 00:00:00.000|FIXINGWEIGHT|1|FIXINGVALUE|1.2804|CCY2|USD|FIXINGDATE|2009-03-13 00:00:00.000|FIXINGWEIGHT|1|FIXINGVALUE|1.2877|CCY2|USD|FIXINGDATE|2009-03-16 00:00:00.000|FIXINGWEIGHT|1|FIXINGVALUE|1.303|CCY2|USD|FIXINGDATE|2009-03-17 00:00:00.000|FIXINGWEIGHT|1|FIXINGVALUE|1.2982|CCY2|USD|FIXINGDATE|2009-03-18 00:00:00.000|FIXINGWEIGHT|1|FIXINGVALUE|1.3028|CCY2|USD|FIXINGDATE|2009-03-19 00:00:00.000|FIXINGWEIGHT|1|FIXINGVALUE|1.3613|CCY2|USD|FIXINGDATE|2009-03-20 00:00:00.000|FIXINGWEIGHT|1|FIXINGVALUE|1.3563|CCY2|USD|FIXINGDATE|2009-03-23 00:00:00.000|FIXINGWEIGHT|1|FIXINGVALUE|1.3625|CCY2|USD|FIXINGDATE|2009-03-24 00:00:00.000|FIXINGWEIGHT|1|FIXINGVALUE|1.3523|CCY2|USD|FIXINGDATE|2009-03-25 00:00:00.000|FIXINGWEIGHT|1|FIXINGVALUE|1.3505|CCY2|USD|FIXINGDATE|2009-03-26 00:00:00.000|FIXINGWEIGHT|1|FIXINGVALUE|1.3605|CCY2|USD|FIXINGDATE|2009-03-27 00:00:00.000|FIXINGWEIGHT|1|FIXINGVALUE|1.3309|CCY2|USD|FIXINGDATE|2009-03-30 00:00:00.000|FIXINGWEIGHT|1|FIXINGVALUE|1.3168|CCY2|USD|FIXINGDATE|2009-03-31 00:00:00.000|FIXINGWEIGHT|1|FIXINGVALUE|1.3331|CCY2|USD|FIXINGDATE|2009-04-01 00:00:00.000|FIXINGWEIGHT|1|FIXINGVALUE|1.3259|CCY2|USD|FIXINGDATE|2009-04-02 00:00:00.000|FIXINGWEIGHT|1|FIXINGVALUE|1.3364|CCY2|USD|FIXINGDATE|2009-04-03 00:00:00.000|FIXINGWEIGHT|1|FIXINGVALUE|1.3432|CCY2|USD|FIXINGDATE|2009-04-06 00:00:00.000|FIXINGWEIGHT|1|FIXINGVALUE|1.3525|CCY2|USD|FIXINGDATE|2009-04-07 00:00:00.000|FIXINGWEIGHT|1|FIXINGVALUE|1.3238|CCY2|USD|FIXINGDATE|2009-04-08 00:00:00.000|FIXINGWEIGHT|1|FIXINGVALUE|1.325|CCY2|USD|FIXINGDATE|2009-04-09 00:00:00.000|FIXINGWEIGHT|1|FIXINGVALUE|1.3275|CCY2|USD|FIXINGDATE|2009-04-14 00:00:00.000|FIXINGWEIGHT|1|FIXINGVALUE|1.3284|CCY2|USD|FIXINGDATE|2009-04-15 00:00:00.000|FIXINGWEIGHT|1|FIXINGVALUE|1.3269|CCY2|USD|FIXINGDATE|2009-04-16 00:00:00.000|FIXINGWEIGHT|1|FIXINGVALUE|1.3158|CCY2|USD|FIXINGDATE|2009-04-17 00:00:00.000|FIXINGWEIGHT|1|FIXINGVALUE|1.307|CCY2|USD|FIXINGDATE|2009-04-20 00:00:00.000|FIXINGWEIGHT|1|FIXINGVALUE|1.2961|CCY2|USD|FIXINGDATE|2009-04-21 00:00:00.000|FIXINGWEIGHT|1|FIXINGVALUE|1.2939|CCY2|USD|FIXINGDATE|2009-04-22 00:00:00.000|FIXINGWEIGHT|1|FIXINGVALUE|1.2942|CCY2|USD|FIXINGDATE|2009-04-23 00:00:00.000|FIXINGWEIGHT|1|FIXINGVALUE|1.3044|CCY2|USD|FIXINGDATE|2009-04-24 00:00:00.000|FIXINGWEIGHT|1|FIXINGVALUE|1.3244|CCY2|USD|FIXINGDATE|2009-04-27 00:00:00.000|FIXINGWEIGHT|1|FIXINGVALUE|1.3133|CCY2|USD|FIXINGDATE|2009-04-28 00:00:00.000|FIXINGWEIGHT|1|FIXINGVALUE|1.3001|CCY2|USD|FIXINGDATE|2009-04-29 00:00:00.000|FIXINGWEIGHT|1|FIXINGVALUE|1.3247|CCY2|USD|FIXINGDATE|2009-04-30 00:00:00.000|FIXINGWEIGHT|1|FIXINGVALUE|1.3277|CCY2|USD|FIXINGDATE|2009-05-04 00:00:00.000|FIXINGWEIGHT|1|FIXINGVALUE|1.325|CCY2|USD|FIXINGDATE|2009-05-05 00:00:00.000|FIXINGWEIGHT|1|FIXINGVALUE|1.3387|CCY2|USD|FIXINGDATE|2009-05-06 00:00:00.000|FIXINGWEIGHT|1|FIXINGVALUE|1.3311|CCY2|USD|FIXINGDATE|2009-05-07 00:00:00.000|FIXINGWEIGHT|1|FIXINGVALUE|1.3322|CCY2|USD|FIXINGDATE|2009-05-08 00:00:00.000|FIXINGWEIGHT|1|FIXINGVALUE|1.3401|CCY2|USD|FIXINGDATE|2009-05-11 00:00:00.000|FIXINGWEIGHT|1|FIXINGVALUE|1.3589|CCY2|USD|FIXINGDATE|2009-05-12 00:00:00.000|FIXINGWEIGHT|1|FIXINGVALUE|1.3637|CCY2|USD|FIXINGDATE|2009-05-13 00:00:00.000|FIXINGWEIGHT|1|FIXINGVALUE|1.3653|CCY2|USD|FIXINGDATE|2009-05-14 00:00:00.000|FIXINGWEIGHT|1|FIXINGVALUE|1.3562|CCY2|USD|FIXINGDATE|2009-05-15 00:00:00.000|FIXINGWEIGHT|1|FIXINGVALUE|1.3546|CCY2|USD|FIXINGDATE|2009-05-18 00:00:00.000|FIXINGWEIGHT|1|FIXINGVALUE|1.347|CCY2|USD|FIXINGDATE|2009-05-19 00:00:00.000|FIXINGWEIGHT|1|FIXINGVALUE|1.3632|CCY2|USD|FIXINGDATE|2009-05-20 00:00:00.000|FIXINGWEIGHT|1|FIXINGVALUE|1.3666|CCY2|USD|FIXINGDATE|2009-05-21 00:00:00.000|FIXINGWEIGHT|1|FIXINGVALUE|1.3788|CCY2|USD|FIXINGDATE|2009-05-22 00:00:00.000|FIXINGWEIGHT|1|FIXINGVALUE|1.3977|CCY2|USD|FIXINGDATE|2009-05-25 00:00:00.000|FIXINGWEIGHT|1|FIXINGVALUE|1.3984|CCY2|USD|FIXINGDATE|2009-05-26 00:00:00.000|FIXINGWEIGHT|1|FIXINGVALUE|1.3865|CCY2|USD|FIXINGDATE|2009-05-27 00:00:00.000|FIXINGWEIGHT|1|FIXINGVALUE|1.395|CCY2|USD|FIXINGDATE|2009-05-28 00:00:00.000|FIXINGWEIGHT|1|FIXINGVALUE|1.3883|CCY2|USD|FIXINGDATE|2009-05-29 00:00:00.000|FIXINGWEIGHT|1|FIXINGVALUE|1.4097|CCY2|USD|FIXINGDATE|2009-06-01 00:00:00.000|FIXINGWEIGHT|1|FIXINGVALUE|1.4232|CCY2|USD|FIXINGDATE|2009-06-02 00:00:00.000|FIXINGWEIGHT|1|FIXINGVALUE|1.4226|CCY2|USD|FIXINGDATE|2009-06-03 00:00:00.000|FIXINGWEIGHT|1|FIXINGVALUE|1.4238|CCY2|USD|FIXINGDATE|2009-06-04 00:00:00.000|FIXINGWEIGHT|1|FIXINGVALUE|1.4164|CCY2|USD|FIXINGDATE|2009-06-05 00:00:00.000|FIXINGWEIGHT|1|FIXINGVALUE|1.4173|CCY2|USD|FIXINGDATE|2009-06-08 00:00:00.000|FIXINGWEIGHT|1|FIXINGVALUE|1.3829|CCY2|USD|FIXINGDATE|2009-06-09 00:00:00.000|FIXINGWEIGHT|1|FIXINGVALUE|1.3878|CCY2|USD|FIXINGDATE|2009-06-10 00:00:00.000|FIXINGWEIGHT|1|FIXINGVALUE|1.4078|CCY2|USD|FIXINGDATE|2009-06-11 00:00:00.000|FIXINGWEIGHT|1|FIXINGVALUE|1.4005|CCY2|USD|FIXINGDATE|2009-06-12 00:00:00.000|FIXINGWEIGHT|1|FIXINGVALUE|1.4034|CCY2|USD|FIXINGDATE|2009-06-15 00:00:00.000|FIXINGWEIGHT|1|FIXINGVALUE|1.3858|CCY2|USD|FIXINGDATE|2009-06-16 00:00:00.000|FIXINGWEIGHT|1|FIXINGVALUE|1.3873|CCY2|USD|FIXINGDATE|2009-06-17 00:00:00.000|FIXINGWEIGHT|1|FIXINGVALUE|1.3849|CCY2|USD|FIXINGDATE|2009-06-18 00:00:00.000|FIXINGWEIGHT|1|FIXINGVALUE|1.3924|CCY2|USD|FIXINGDATE|2009-06-19 00:00:00.000|FIXINGWEIGHT|1|FIXINGVALUE|1.3931|CCY2|USD|FIXINGDATE|2009-06-22 00:00:00.000|FIXINGWEIGHT|1|FIXINGVALUE|1.3841|CCY2|USD|FIXINGDATE|2009-06-23 00:00:00.000|FIXINGWEIGHT|1|FIXINGVALUE|1.3964|CCY2|USD|FIXINGDATE|2009-06-24 00:00:00.000|FIXINGWEIGHT|1|FIXINGVALUE|1.4069|CCY2|USD|FIXINGDATE|2009-06-25 00:00:00.000|FIXINGWEIGHT|1|FIXINGVALUE|1.393|CCY2|USD|FIXINGDATE|2009-06-26 00:00:00.000|FIXINGWEIGHT|1|FIXINGVALUE|1.4078|CCY2|USD|FIXINGDATE|2009-06-29 00:00:00.000|FIXINGWEIGHT|1|FIXINGVALUE|1.4045|CCY2|USD|FIXINGDATE|2009-06-30 00:00:00.000|FIXINGWEIGHT|1|FIXINGVALUE|1.4123|CCY2|USD|FIXINGDATE|2009-07-01 00:00:00.000|FIXINGWEIGHT|1|FIXINGVALUE|1.4062|CCY2|USD|FIXINGDATE|2009-07-02 00:00:00.000|FIXINGWEIGHT|1|FIXINGVALUE|1.4069|CCY2|USD|FIXINGDATE|2009-07-03 00:00:00.000|FIXINGWEIGHT|1|FIXINGVALUE|1.3991|CCY2|USD|FIXINGDATE|2009-07-06 00:00:00.000|FIXINGWEIGHT|1|FIXINGVALUE|1.3883|CCY2|USD|FIXINGDATE|2009-07-07 00:00:00.000|FIXINGWEIGHT|1|FIXINGVALUE|1.4006|CCY2|USD|FIXINGDATE|2009-07-08 00:00:00.000|FIXINGWEIGHT|1|FIXINGVALUE|1.392|CCY2|USD|FIXINGDATE|2009-07-09 00:00:00.000|FIXINGWEIGHT|1|FIXINGVALUE|1.3961|CCY2|USD|FIXINGDATE|2009-07-10 00:00:00.000|FIXINGWEIGHT|1|FIXINGVALUE|1.3896|CCY2|USD|FIXINGDATE|2009-07-13 00:00:00.000|FIXINGWEIGHT|1|FIXINGVALUE|1.3979|CCY2|USD|FIXINGDATE|2009-07-14 00:00:00.000|FIXINGWEIGHT|1|FIXINGVALUE|1.3979|CCY2|USD|FIXINGDATE|2009-07-15 00:00:00.000|FIXINGWEIGHT|1|FIXINGVALUE|1.4073|CCY2|USD|FIXINGDATE|2009-07-16 00:00:00.000|FIXINGWEIGHT|1|FIXINGVALUE|1.411|CCY2|USD|FIXINGDATE|2009-07-17 00:00:00.000|FIXINGWEIGHT|1|FIXINGVALUE|1.4085|CCY2|USD|FIXINGDATE|2009-07-20 00:00:00.000|FIXINGWEIGHT|1|FIXINGVALUE|1.4215|CCY2|USD|FIXINGDATE|2009-07-21 00:00:00.000|FIXINGWEIGHT|1|FIXINGVALUE|1.4212|CCY2|USD|FIXINGDATE|2009-07-22 00:00:00.000|FIXINGWEIGHT|1|FIXINGVALUE|1.4188|CCY2|USD|FIXINGDATE|2009-07-23 00:00:00.000|FIXINGWEIGHT|1|FIXINGVALUE|1.4206|CCY2|USD|FIXINGDATE|2009-07-24 00:00:00.000|FIXINGWEIGHT|1|FIXINGVALUE|1.4236|CCY2|USD|FIXINGDATE|2009-07-27 00:00:00.000|FIXINGWEIGHT|1|FIXINGVALUE|1.4274|CCY2|USD|FIXINGDATE|2009-07-28 00:00:00.000|FIXINGWEIGHT|1|FIXINGVALUE|1.4266|CCY2|USD|FIXINGDATE|2009-07-29 00:00:00.000|FIXINGWEIGHT|1|FIXINGVALUE|1.4136|CCY2|USD|FIXINGDATE|2009-07-30 00:00:00.000|FIXINGWEIGHT|1|FIXINGVALUE|1.4063|CCY2|USD|FIXINGDATE|2009-07-31 00:00:00.000|FIXINGWEIGHT|1|FIXINGVALUE|1.4128|CCY2|USD|FIXINGDATE|2009-08-03 00:00:00.000|FIXINGWEIGHT|1|FIXINGVALUE|1.4287|CCY2|USD|FIXINGDATE|2009-08-04 00:00:00.000|FIXINGWEIGHT|1|FIXINGVALUE|1.4385|CCY2|USD|FIXINGDATE|2009-08-05 00:00:00.000|FIXINGWEIGHT|1|FIXINGVALUE|1.4395|CCY2|USD|FIXINGDATE|2009-08-06 00:00:00.000|FIXINGWEIGHT|1|FIXINGVALUE|1.4377|CCY2|USD|FIXINGDATE|2009-08-07 00:00:00.000|FIXINGWEIGHT|1|FIXINGVALUE|1.4361|CCY2|USD|FIXINGDATE|2009-08-10 00:00:00.000|FIXINGWEIGHT|1|FIXINGVALUE|1.42|CCY2|USD|FIXINGDATE|2009-08-11 00:00:00.000|FIXINGWEIGHT|1|FIXINGVALUE|1.4167|CCY2|USD|FIXINGDATE|2009-08-12 00:00:00.000|FIXINGWEIGHT|1|FIXINGVALUE|1.4159|CCY2|USD|FIXINGDATE|2009-08-13 00:00:00.000|FIXINGWEIGHT|1|FIXINGVALUE|1.4264|CCY2|USD|FIXINGDATE|2009-08-14 00:00:00.000|FIXINGWEIGHT|1|FIXINGVALUE|1.4271|CCY2|USD|FIXINGDATE|2009-08-17 00:00:00.000|FIXINGWEIGHT|1|FIXINGVALUE|1.4056|CCY2|USD|FIXINGDATE|2009-08-18 00:00:00.000|FIXINGWEIGHT|1|FIXINGVALUE|1.4117|CCY2|USD|FIXINGDATE|2009-08-19 00:00:00.000|FIXINGWEIGHT|1|FIXINGVALUE|1.41|CCY2|USD|FIXINGDATE|2009-08-20 00:00:00.000|FIXINGWEIGHT|1|FIXINGVALUE|1.422|CCY2|USD|FIXINGDATE|2009-08-21 00:00:00.000|FIXINGWEIGHT|1|FIXINGVALUE|1.4324|CCY2|USD|FIXINGDATE|2009-08-24 00:00:00.000|FIXINGWEIGHT|1|FIXINGVALUE|1.4306|CCY2|USD|FIXINGDATE|2009-08-25 00:00:00.000|FIXINGWEIGHT|1|FIXINGVALUE|1.4285|CCY2|USD|FIXINGDATE|2009-08-26 00:00:00.000|FIXINGWEIGHT|1|FIXINGVALUE|1.4296|CCY2|USD|FIXINGDATE|2009-08-27 00:00:00.000|FIXINGWEIGHT|1|FIXINGVALUE|1.4253|CCY2|USD|FIXINGDATE|2009-08-28 00:00:00.000|FIXINGWEIGHT|1|FIXINGVALUE|1.4355|CCY2|USD|FIXINGDATE|2009-08-31 00:00:00.000|FIXINGWEIGHT|1|FIXINGVALUE|1.428|CCY2|USD|FIXINGDATE|2009-09-01 00:00:00.000|FIXINGWEIGHT|1|FIXINGVALUE|1.4288|CCY2|USD|FIXINGDATE|2009-09-02 00:00:00.000|FIXINGWEIGHT|1|FIXINGVALUE|1.4225|CCY2|USD|FIXINGDATE|2009-09-03 00:00:00.000|FIXINGWEIGHT|1|FIXINGVALUE|1.4304|CCY2|USD|FIXINGDATE|2009-09-04 00:00:00.000|FIXINGWEIGHT|1|FIXINGVALUE|1.4263|CCY2|USD|FIXINGDATE|2009-09-07 00:00:00.000|FIXINGWEIGHT|1|FIXINGVALUE|1.4344|CCY2|USD|FIXINGDATE|2009-09-08 00:00:00.000|FIXINGWEIGHT|1|FIXINGVALUE|1.4475|CCY2|USD|FIXINGDATE|2009-09-09 00:00:00.000|FIXINGWEIGHT|1|FIXINGVALUE|1.4498|CCY2|USD|FIXINGDATE|2009-09-10 00:00:00.000|FIXINGWEIGHT|1|FIXINGVALUE|1.4535|CCY2|USD|FIXINGDATE|2009-09-11 00:00:00.000|FIXINGWEIGHT|1|FIXINGVALUE|1.4603|CCY2|USD|FIXINGDATE|2009-09-14 00:00:00.000|FIXINGWEIGHT|1|FIXINGVALUE|1.4564|CCY2|USD|FIXINGDATE|2009-09-15 00:00:00.000|FIXINGWEIGHT|1|FIXINGVALUE|1.4609|CCY2|USD|FIXINGDATE|2009-09-16 00:00:00.000|FIXINGWEIGHT|1|FIXINGVALUE|1.468|CCY2|USD|FIXINGDATE|2009-09-17 00:00:00.000|FIXINGWEIGHT|1|FIXINGVALUE|1.4728|CCY2|USD|FIXINGDATE|2009-09-18 00:00:00.000|FIXINGWEIGHT|1|FIXINGVALUE|1.4707|CCY2|USD|FIXINGDATE|2009-09-21 00:00:00.000|FIXINGWEIGHT|1|FIXINGVALUE|1.4655|CCY2|USD|FIXINGDATE|2009-09-22 00:00:00.000|FIXINGWEIGHT|1|FIXINGVALUE|1.4796|CCY2|USD|FIXINGDATE|2009-09-23 00:00:00.000|FIXINGWEIGHT|1|FIXINGVALUE|1.4778|CCY2|USD|FIXINGDATE|2009-09-24 00:00:00.000|FIXINGWEIGHT|1|FIXINGVALUE|1.4768|CCY2|USD|FIXINGDATE|2009-09-25 00:00:00.000|FIXINGWEIGHT|1|FIXINGVALUE|1.4689|CCY2|USD|FIXINGDATE|2009-09-28 00:00:00.000|FIXINGWEIGHT|1|FIXINGVALUE|1.4625|CCY2|USD|FIXINGDATE|2009-09-29 00:00:00.000|FIXINGWEIGHT|1|FIXINGVALUE|1.4559|CCY2|USD|FIXINGDATE|2009-09-30 00:00:00.000|FIXINGWEIGHT|1|FIXINGVALUE|1.4667|CCY2|USD|FIXINGDATE|2009-10-01 00:00:00.000|FIXINGWEIGHT|1|FIXINGVALUE|1.4552|CCY2|USD|FIXINGDATE|2009-10-02 00:00:00.000|FIXINGWEIGHT|1|FIXINGVALUE|1.4539|CCY2|USD|FIXINGDATE|2009-10-05 00:00:00.000|FIXINGWEIGHT|1|FIXINGVALUE|1.4632|CCY2|USD|FIXINGDATE|2009-10-06 00:00:00.000|FIXINGWEIGHT|1|FIXINGVALUE|1.4723|CCY2|USD|FIXINGDATE|2009-10-07 00:00:00.000|FIXINGWEIGHT|1|FIXINGVALUE|1.4695|CCY2|USD|FIXINGDATE|2009-10-08 00:00:00.000|FIXINGWEIGHT|1|FIXINGVALUE|1.4764|CCY2|USD|FIXINGDATE|2009-10-09 00:00:00.000|FIXINGWEIGHT|1|FIXINGVALUE|1.4743|CCY2|USD|FIXINGDATE|2009-10-12 00:00:00.000|FIXINGWEIGHT|1|FIXINGVALUE|1.4768|CCY2|USD|FIXINGDATE|2009-10-13 00:00:00.000|FIXINGWEIGHT|1|FIXINGVALUE|1.4829|CCY2|USD|FIXINGDATE|2009-10-14 00:00:00.000|FIXINGWEIGHT|1|FIXINGVALUE|1.4905|CCY2|USD|FIXINGDATE|2009-10-15 00:00:00.000|FIXINGWEIGHT|1|FIXINGVALUE|1.4915|CCY2|USD|FIXINGDATE|2009-10-16 00:00:00.000|FIXINGWEIGHT|1|FIXINGVALUE|1.4905|CCY2|USD|FIXINGDATE|2009-10-19 00:00:00.000|FIXINGWEIGHT|1|FIXINGVALUE|1.4929|CCY2|USD|FIXINGDATE|2009-10-20 00:00:00.000|FIXINGWEIGHT|1|FIXINGVALUE|1.4969|CCY2|USD|FIXINGDATE|2009-10-21 00:00:00.000|FIXINGWEIGHT|1|FIXINGVALUE|1.4935|CCY2|USD|FIXINGDATE|2009-10-22 00:00:00.000|FIXINGWEIGHT|1|FIXINGVALUE|1.4969|CCY2|USD|FIXINGDATE|2009-10-23 00:00:00.000|FIXINGWEIGHT|1|FIXINGVALUE|1.5037|CCY2|USD|FIXINGDATE|2009-10-26 00:00:00.000|FIXINGWEIGHT|1|FIXINGVALUE|1.5024|CCY2|USD|FIXINGDATE|2009-10-27 00:00:00.000|FIXINGWEIGHT|1|FIXINGVALUE|1.4873|CCY2|USD|FIXINGDATE|2009-10-28 00:00:00.000|FIXINGWEIGHT|1|FIXINGVALUE|1.4778|CCY2|USD|FIXINGDATE|2009-10-29 00:00:00.000|FIXINGWEIGHT|1|FIXINGVALUE|1.4726|CCY2|USD|FIXINGDATE|2009-10-30 00:00:00.000|FIXINGWEIGHT|1|FIXINGVALUE|1.48|CCY2|USD|FIXINGDATE|2009-11-02 00:00:00.000|FIXINGWEIGHT|1|FIXINGVALUE|1.4786|CCY2|USD|FIXINGDATE|2009-11-03 00:00:00.000|FIXINGWEIGHT|1|FIXINGVALUE|1.463|CCY2|USD|FIXINGDATE|2009-11-04 00:00:00.000|FIXINGWEIGHT|1|FIXINGVALUE|1.4765|CCY2|USD|FIXINGDATE|2009-11-05 00:00:00.000|FIXINGWEIGHT|1|FIXINGVALUE|1.4841|CCY2|USD|FIXINGDATE|2009-11-06 00:00:00.000|FIXINGWEIGHT|1|FIXINGVALUE|1.4866|CCY2|USD|FIXINGDATE|2009-11-09 00:00:00.000|FIXINGWEIGHT|1|FIXINGVALUE|1.4941|CCY2|USD|FIXINGDATE|2009-11-10 00:00:00.000|FIXINGWEIGHT|1|FIXINGVALUE|1.4991|CCY2|USD|FIXINGDATE|2009-11-11 00:00:00.000|FIXINGWEIGHT|1|FIXINGVALUE|1.5032|CCY2|USD|FIXINGDATE|2009-11-12 00:00:00.000|FIXINGWEIGHT|1|FIXINGVALUE|1.4942|CCY2|USD|FIXINGDATE|2009-11-13 00:00:00.000|FIXINGWEIGHT|1|FIXINGVALUE|1.4887|CCY2|USD|FIXINGDATE|2009-11-16 00:00:00.000|FIXINGWEIGHT|1|FIXINGVALUE|1.496|CCY2|USD|FIXINGDATE|2009-11-17 00:00:00.000|FIXINGWEIGHT|1|FIXINGVALUE|1.4903|CCY2|USD|FIXINGDATE|2009-11-18 00:00:00.000|FIXINGWEIGHT|1|FIXINGVALUE|1.4956|CCY2|USD|FIXINGDATE|2009-11-19 00:00:00.000|FIXINGWEIGHT|1|FIXINGVALUE|1.4854|CCY2|USD|FIXINGDATE|2009-11-20 00:00:00.000|FIXINGWEIGHT|1|FIXINGVALUE|1.486|CCY2|USD|FIXINGDATE|2009-11-23 00:00:00.000|FIXINGWEIGHT|1|FIXINGVALUE|1.4964|CCY2|USD|FIXINGDATE|2009-11-24 00:00:00.000|FIXINGWEIGHT|1|FIXINGVALUE|1.4942|CCY2|USD|FIXINGDATE|2009-11-25 00:00:00.000|FIXINGWEIGHT|1|FIXINGVALUE|1.5066|CCY2|USD|FIXINGDATE|2009-11-26 00:00:00.000|FIXINGWEIGHT|1|FIXINGVALUE|1.5069|CCY2|USD|FIXINGDATE|2009-11-27 00:00:00.000|FIXINGWEIGHT|1|FIXINGVALUE|1.49|CCY2|USD|FIXINGDATE|2009-11-30 00:00:00.000|FIXINGWEIGHT|1|FIXINGVALUE|1.5031|CCY2|USD|FIXINGDATE|2009-12-01 00:00:00.000|FIXINGWEIGHT|1|FIXINGVALUE|1.5063|CCY2|USD|FIXINGDATE|2009-12-02 00:00:00.000|FIXINGWEIGHT|1|FIXINGVALUE|1.5088|CCY2|USD|FIXINGDATE|2009-12-03 00:00:00.000|FIXINGWEIGHT|1|FIXINGVALUE|1.512|CCY2|USD|FIXINGDATE|2009-12-04 00:00:00.000|FIXINGWEIGHT|1|FIXINGVALUE|1.506|CCY2|USD|FIXINGDATE|2009-12-07 00:00:00.000|FIXINGWEIGHT|1|FIXINGVALUE|1.4792|CCY2|USD|FIXINGDATE|2009-12-08 00:00:00.000|FIXINGWEIGHT|1|FIXINGVALUE|1.4789|CCY2|USD|FIXINGDATE|2009-12-09 00:00:00.000|FIXINGWEIGHT|1|FIXINGVALUE|1.4747|CCY2|USD|FIXINGDATE|2009-12-10 00:00:00.000|FIXINGWEIGHT|1|FIXINGVALUE|1.4734|CCY2|USD|FIXINGDATE|2009-12-11 00:00:00.000|FIXINGWEIGHT|1|FIXINGVALUE|1.4764|CCY2|USD|FIXINGDATE|2009-12-14 00:00:00.000|FIXINGWEIGHT|1|FIXINGVALUE|1.4627|CCY2|USD|FIXINGDATE|2009-12-15 00:00:00.000|FIXINGWEIGHT|1|FIXINGVALUE|1.455|CCY2|USD|FIXINGDATE|2009-12-16 00:00:00.000|FIXINGWEIGHT|1|FIXINGVALUE|1.4566|CCY2|USD|FIXINGDATE|2009-12-17 00:00:00.000|FIXINGWEIGHT|1|FIXINGVALUE|1.4354|CCY2|USD|FIXINGDATE|2009-12-18 00:00:00.000|FIXINGWEIGHT|1|FIXINGVALUE|1.4354|CCY2|USD|FIXINGDATE|2009-12-21 00:00:00.000|FIXINGWEIGHT|1|FIXINGVALUE|1.4345|CCY2|USD|FIXINGDATE|2009-12-22 00:00:00.000|FIXINGWEIGHT|1|FIXINGVALUE|1.4282|CCY2|USD|FIXINGDATE|2009-12-23 00:00:00.000|FIXINGWEIGHT|1|FIXINGVALUE|1.4248|CCY2|USD|FIXINGDATE|2009-12-24 00:00:00.000|FIXINGWEIGHT|1|FIXINGVALUE|1.4407|CCY2|USD|FIXINGDATE|2009-12-28 00:00:00.000|FIXINGWEIGHT|1|FIXINGVALUE|1.4407|CCY2|USD|FIXINGDATE|2009-12-29 00:00:00.000|FIXINGWEIGHT|1|FIXINGVALUE|1.444|CCY2|USD|FIXINGDATE|2009-12-30 00:00:00.000|FIXINGWEIGHT|1|FIXINGVALUE|1.433|CCY2|USD|FIXINGDATE|2009-12-31 00:00:00.000|FIXINGWEIGHT|1|FIXINGVALUE|1.4325|CCY2|USD|FIXINGDATE|2010-01-04 00:00:00.000|FIXINGWEIGHT|1|FIXINGVALUE|1.4395|CCY2|USD|FIXINGDATE|2010-01-05 00:00:00.000|FIXINGWEIGHT|1|FIXINGVALUE|1.4417|CCY2|USD|FIXINGDATE|2010-01-06 00:00:00.000|FIXINGWEIGHT|1|FIXINGVALUE|1.4351|CCY2|USD|FIXINGDATE|2010-01-07 00:00:00.000|FIXINGWEIGHT|1|FIXINGVALUE|1.4332|CCY2|USD|FIXINGDATE|2010-01-08 00:00:00.000|FIXINGWEIGHT|1|FIXINGVALUE|1.4295|CCY2|USD|FIXINGDATE|2010-01-11 00:00:00.000|FIXINGWEIGHT|1|FIXINGVALUE|1.4532|CCY2|USD|FIXINGDATE|2010-01-12 00:00:00.000|FIXINGWEIGHT|1|FIXINGVALUE|1.4476|CCY2|USD|FIXINGDATE|2010-01-13 00:00:00.000|FIXINGWEIGHT|1|FIXINGVALUE|1.4543|CCY2|USD|FIXINGDATE|2010-01-14 00:00:00.000|FIXINGWEIGHT|1|FIXINGVALUE|1.4493|CCY2|USD|FIXINGDATE|2010-01-15 00:00:00.000|FIXINGWEIGHT|1|FIXINGVALUE|1.439|CCY2|USD|FIXINGDATE|2010-01-18 00:00:00.000|FIXINGWEIGHT|1|FIXINGVALUE|1.4376|CCY2|USD|FIXINGDATE|2010-01-19 00:00:00.000|FIXINGWEIGHT|1|FIXINGVALUE|1.4301|CCY2|USD|FIXINGDATE|2010-01-20 00:00:00.000|FIXINGWEIGHT|1|FIXINGVALUE|1.4197|CCY2|USD|FIXINGDATE|2010-01-21 00:00:00.000|FIXINGWEIGHT|1|FIXINGVALUE|1.4065|CCY2|USD|FIXINGDATE|2010-01-22 00:00:00.000|FIXINGWEIGHT|1|FIXINGVALUE|1.4115|CCY2|USD|FIXINGDATE|2010-01-25 00:00:00.000|FIXINGWEIGHT|1|FIXINGVALUE|1.4176|CCY2|USD|FIXINGDATE|2010-01-26 00:00:00.000|FIXINGWEIGHT|1|FIXINGVALUE|1.4077|CCY2|USD|FIXINGDATE|2010-01-27 00:00:00.000|FIXINGWEIGHT|1|FIXINGVALUE|1.4081|CCY2|USD|FIXINGDATE|2010-01-28 00:00:00.000|FIXINGWEIGHT|1|FIXINGVALUE|1.3994|CCY2|USD|FIXINGDATE|2010-01-29 00:00:00.000|FIXINGWEIGHT|1|FIXINGVALUE|1.3965|CCY2|USD|FIXINGDATE|2010-02-01 00:00:00.000|FIXINGWEIGHT|1|FIXINGVALUE|1.39|CCY2|USD|FIXINGDATE|2010-02-02 00:00:00.000|FIXINGWEIGHT|1|FIXINGVALUE|1.393|CCY2|USD|FIXINGDATE|2010-02-03 00:00:00.000|FIXINGWEIGHT|1|FIXINGVALUE|1.401|CCY2|USD|FIXINGDATE|2010-02-04 00:00:00.000|FIXINGWEIGHT|1|FIXINGVALUE|1.3843|CCY2|USD|FIXINGDATE|2010-02-05 00:00:00.000|FIXINGWEIGHT|1|FIXINGVALUE|1.3754|CCY2|USD|FIXINGDATE|2010-02-08 00:00:00.000|FIXINGWEIGHT|1|FIXINGVALUE|1.3656|CCY2|USD|FIXINGDATE|2010-02-09 00:00:00.000|FIXINGWEIGHT|1|FIXINGVALUE|1.3714|CCY2|USD|FIXINGDATE|2010-02-10 00:00:00.000|FIXINGWEIGHT|1|FIXINGVALUE|1.3783|CCY2|USD|FIXINGDATE|2010-02-11 00:00:00.000|FIXINGWEIGHT|1|FIXINGVALUE|1.3734|CCY2|USD|FIXINGDATE|2010-02-12 00:00:00.000|FIXINGWEIGHT|1|FIXINGVALUE|1.3551|CCY2|USD|FIXINGDATE|2010-02-15 00:00:00.000|FIXINGWEIGHT|1|FIXINGVALUE|1.3631|CCY2|USD|FIXINGDATE|2010-02-16 00:00:00.000|FIXINGWEIGHT|1|FIXINGVALUE|1.3649|CCY2|USD|FIXINGDATE|2010-02-17 00:00:00.000|FIXINGWEIGHT|1|FIXINGVALUE|1.3733|CCY2|USD|FIXINGDATE|2010-02-18 00:00:00.000|FIXINGWEIGHT|1|FIXINGVALUE|1.3564|CCY2|USD|FIXINGDATE|2010-02-19 00:00:00.000|FIXINGWEIGHT|1|FIXINGVALUE|1.3494|CCY2|USD|FIXINGDATE|2010-02-22 00:00:00.000|FIXINGWEIGHT|1|FIXINGVALUE|1.3594|CCY2|USD|FIXINGDATE|2010-02-23 00:00:00.000|FIXINGWEIGHT|1|FIXINGVALUE|1.3558|CCY2|USD|FIXINGDATE|2010-02-24 00:00:00.000|FIXINGWEIGHT|1|FIXINGVALUE|1.3557|CCY2|USD|FIXINGDATE|2010-02-25 00:00:00.000|FIXINGWEIGHT|1|FIXINGVALUE|1.3496|CCY2|USD|FIXINGDATE|2010-02-26 00:00:00.000|FIXINGWEIGHT|1|FIXINGVALUE|1.3585|CCY2|USD|FIXINGDATE|2010-03-01 00:00:00.000|FIXINGWEIGHT|1|FIXINGVALUE|1.3546|CCY2|USD|FIXINGDATE|2010-03-02 00:00:00.000|FIXINGWEIGHT|1|FIXINGVALUE|1.3536|CCY2|USD|FIXINGDATE|2010-03-03 00:00:00.000|FIXINGWEIGHT|1|FIXINGVALUE|1.3649|CCY2|USD|FIXINGDATE|2010-03-04 00:00:00.000|FIXINGWEIGHT|1|FIXINGVALUE|1.3677|CCY2|USD|FIXINGDATE|2010-03-05 00:00:00.000|FIXINGWEIGHT|1|FIXINGVALUE|1.358|CCY2|USD|FIXINGDATE|2010-03-08 00:00:00.000|FIXINGWEIGHT|1|FIXINGVALUE|1.3649|CCY2|USD|FIXINGDATE|2010-03-09 00:00:00.000|FIXINGWEIGHT|1|FIXINGVALUE|1.3558|CCY2|USD|FIXINGDATE|2010-03-10 00:00:00.000|FIXINGWEIGHT|1|FIXINGVALUE|1.3612|CCY2|USD|FIXINGDATE|2010-03-11 00:00:00.000|FIXINGWEIGHT|1|FIXINGVALUE|1.3649|CCY2|USD|FIXINGDATE|2010-03-12 00:00:00.000|FIXINGWEIGHT|1|FIXINGVALUE|1.3774|CCY2|USD|FIXINGDATE|2010-03-15 00:00:00.000|FIXINGWEIGHT|1|FIXINGVALUE|1.3725|CCY2|USD|FIXINGDATE|2010-03-16 00:00:00.000|FIXINGWEIGHT|1|FIXINGVALUE|1.3717|CCY2|USD|FIXINGDATE|2010-03-17 00:00:00.000|FIXINGWEIGHT|1|FIXINGVALUE|1.3777|CCY2|USD|FIXINGDATE|2010-03-18 00:00:00.000|FIXINGWEIGHT|1|FIXINGVALUE|1.3674|CCY2|USD|FIXINGDATE|2010-03-19 00:00:00.000|FIXINGWEIGHT|1|FIXINGVALUE|1.3561|CCY2|USD|FIXINGDATE|2010-03-22 00:00:00.000|FIXINGWEIGHT|1|FIXINGVALUE|1.3501|CCY2|USD|FIXINGDATE|2010-03-23 00:00:00.000|FIXINGWEIGHT|1|FIXINGVALUE|1.3481|CCY2|USD|FIXINGDATE|2010-03-24 00:00:00.000|FIXINGWEIGHT|1|FIXINGVALUE|1.335|CCY2|USD|FIXINGDATE|2010-03-25 00:00:00.000|FIXINGWEIGHT|1|FIXINGVALUE|1.3362|CCY2|USD|FIXINGDATE|2010-03-26 00:00:00.000|FIXINGWEIGHT|1|FIXINGVALUE|1.3384|CCY2|USD|FIXINGDATE|2010-03-29 00:00:00.000|FIXINGWEIGHT|1|FIXINGVALUE|1.3473|CCY2|USD|FIXINGDATE|2010-03-30 00:00:00.000|FIXINGWEIGHT|1|FIXINGVALUE|1.3479|CCY2|USD|FIXINGDATE|2010-03-31 00:00:00.000|FIXINGWEIGHT|1|FIXINGVALUE|1.3475|CCY2|USD|FIXINGDATE|2010-04-01 00:00:00.000|FIXINGWEIGHT|1|FIXINGVALUE|1.3496|CCY2|USD|FIXINGDATE|2010-04-06 00:00:00.000|FIXINGWEIGHT|1|FIXINGVALUE|1.3413|CCY2|USD|FIXINGDATE|2010-04-07 00:00:00.000|FIXINGWEIGHT|1|FIXINGVALUE|1.3353|CCY2|USD|FIXINGDATE|2010-04-08 00:00:00.000|FIXINGWEIGHT|1|FIXINGVALUE|1.3312|CCY2|USD|FIXINGDATE|2010-04-09 00:00:00.000|FIXINGWEIGHT|1|FIXINGVALUE|1.3404|CCY2|USD|FIXINGDATE|2010-04-12 00:00:00.000|FIXINGWEIGHT|1|FIXINGVALUE|1.3598|CCY2|USD|FIXINGDATE|2010-04-13 00:00:00.000|FIXINGWEIGHT|1|FIXINGVALUE|1.3596|CCY2|USD|FIXINGDATE|2010-04-14 00:00:00.000|FIXINGWEIGHT|1|FIXINGVALUE|1.3604|CCY2|USD|FIXINGDATE|2010-04-15 00:00:00.000|FIXINGWEIGHT|1|FIXINGVALUE|1.3535|CCY2|USD|FIXINGDATE|2010-04-16 00:00:00.000|FIXINGWEIGHT|1|FIXINGVALUE|1.3525|CCY2|USD|FIXINGDATE|2010-04-19 00:00:00.000|FIXINGWEIGHT|1|FIXINGVALUE|1.3436|CCY2|USD|FIXINGDATE|2010-04-20 00:00:00.000|FIXINGWEIGHT|1|FIXINGVALUE|1.3507|CCY2|USD|FIXINGDATE|2010-04-21 00:00:00.000|FIXINGWEIGHT|1|FIXINGVALUE|1.3386|CCY2|USD|FIXINGDATE|2010-04-22 00:00:00.000|FIXINGWEIGHT|1|FIXINGVALUE|1.3335|CCY2|USD|FIXINGDATE|2010-04-23 00:00:00.000|FIXINGWEIGHT|1|FIXINGVALUE|1.3309|CCY2|USD|FIXINGDATE|2010-04-26 00:00:00.000|FIXINGWEIGHT|1|FIXINGVALUE|1.3322|CCY2|USD|FIXINGDATE|2010-04-27 00:00:00.000|FIXINGWEIGHT|1|FIXINGVALUE|1.3308|CCY2|USD|FIXINGDATE|2010-04-28 00:00:00.000|FIXINGWEIGHT|1|FIXINGVALUE|1.3202|CCY2|USD|FIXINGDATE|2010-04-29 00:00:00.000|FIXINGWEIGHT|1|FIXINGVALUE|1.3229|CCY2|USD|FIXINGDATE|2010-04-30 00:00:00.000|FIXINGWEIGHT|1|FIXINGVALUE|1.3287|CCY2|USD|FIXINGDATE|2010-05-03 00:00:00.000|FIXINGWEIGHT|1|FIXINGVALUE|1.3256|CCY2|USD|FIXINGDATE|2010-05-04 00:00:00.000|FIXINGWEIGHT|1|FIXINGVALUE|1.3119|CCY2|USD|FIXINGDATE|2010-05-05 00:00:00.000|FIXINGWEIGHT|1|FIXINGVALUE|1.3005|CCY2|USD|FIXINGDATE|2010-05-06 00:00:00.000|FIXINGWEIGHT|1|FIXINGVALUE|1.2781|CCY2|USD|FIXINGDATE|2010-05-07 00:00:00.000|FIXINGWEIGHT|1|FIXINGVALUE|1.2788|CCY2|USD|FIXINGDATE|2010-05-10 00:00:00.000|FIXINGWEIGHT|1|FIXINGVALUE|1.2987|CCY2|USD|FIXINGDATE|2010-05-11 00:00:00.000|FIXINGWEIGHT|1|FIXINGVALUE|1.2678|CCY2|USD|FIXINGDATE|2010-05-12 00:00:00.000|FIXINGWEIGHT|1|FIXINGVALUE|1.2658|CCY2|USD|FIXINGDATE|2010-05-13 00:00:00.000|FIXINGWEIGHT|1|FIXINGVALUE|1.2604|CCY2|USD|FIXINGDATE|2010-05-14 00:00:00.000|FIXINGWEIGHT|1|FIXINGVALUE|1.2508|CCY2|USD|FIXINGDATE|2010-05-17 00:00:00.000|FIXINGWEIGHT|1|FIXINGVALUE|1.231|CCY2|USD|FIXINGDATE|2010-05-18 00:00:00.000|FIXINGWEIGHT|1|FIXINGVALUE|1.2405|CCY2|USD|FIXINGDATE|2010-05-19 00:00:00.000|FIXINGWEIGHT|1|FIXINGVALUE|1.2185|CCY2|USD|FIXINGDATE|2010-05-20 00:00:00.000|FIXINGWEIGHT|1|FIXINGVALUE|1.2335|CCY2|USD|FIXINGDATE|2010-05-21 00:00:00.000|FIXINGWEIGHT|1|FIXINGVALUE|1.2512|CCY2|USD|FIXINGDATE|2010-05-24 00:00:00.000|FIXINGWEIGHT|1|FIXINGVALUE|1.2388|CCY2|USD|FIXINGDATE|2010-05-25 00:00:00.000|FIXINGWEIGHT|1|FIXINGVALUE|1.2203|CCY2|USD|FIXINGDATE|2010-05-26 00:00:00.000|FIXINGWEIGHT|1|FIXINGVALUE|1.2315|CCY2|USD|FIXINGDATE|2010-05-27 00:00:00.000|FIXINGWEIGHT|1|FIXINGVALUE|1.2297|CCY2|USD|FIXINGDATE|2010-05-28 00:00:00.000|FIXINGWEIGHT|1|FIXINGVALUE|1.2407|CCY2|USD|FIXINGDATE|2010-05-31 00:00:00.000|FIXINGWEIGHT|1|FIXINGVALUE|1.229|CCY2|USD|FIXINGDATE|2010-06-01 00:00:00.000|FIXINGWEIGHT|1|FIXINGVALUE|1.2136|CCY2|USD|FIXINGDATE|2010-06-02 00:00:00.000|FIXINGWEIGHT|1|FIXINGVALUE|1.2232|CCY2|USD|FIXINGDATE|2010-06-03 00:00:00.000|FIXINGWEIGHT|1|FIXINGVALUE|1.2245|CCY2|USD|FIXINGDATE|2010-06-04 00:00:00.000|FIXINGWEIGHT|1|FIXINGVALUE|1.2159|CCY2|USD|FIXINGDATE|2010-06-07 00:00:00.000|FIXINGWEIGHT|1|FIXINGVALUE|1.1973|CCY2|USD|FIXINGDATE|2010-06-08 00:00:00.000|FIXINGWEIGHT|1|FIXINGVALUE|1.1916|CCY2|USD|FIXINGDATE|2010-06-09 00:00:00.000|FIXINGWEIGHT|1|FIXINGVALUE|1.1952|CCY2|USD|FIXINGDATE|2010-06-10 00:00:00.000|FIXINGWEIGHT|1|FIXINGVALUE|1.2047|CCY2|USD|FIXINGDATE|2010-06-11 00:00:00.000|FIXINGWEIGHT|1|FIXINGVALUE|1.2097|CCY2|USD|FIXINGDATE|2010-06-14 00:00:00.000|FIXINGWEIGHT|1|FIXINGVALUE|1.2241|CCY2|USD|FIXINGDATE|2010-06-15 00:00:00.000|FIXINGWEIGHT|1|FIXINGVALUE|1.225|CCY2|USD|FIXINGDATE|2010-06-16 00:00:00.000|FIXINGWEIGHT|1|FIXINGVALUE|1.2287|CCY2|USD|FIXINGDATE|2010-06-17 00:00:00.000|FIXINGWEIGHT|1|FIXINGVALUE|1.2345|CCY2|USD|FIXINGDATE|2010-06-18 00:00:00.000|FIXINGWEIGHT|1|FIXINGVALUE|1.2371|CCY2|USD|FIXINGDATE|2010-06-21 00:00:00.000|FIXINGWEIGHT|1|FIXINGVALUE|1.238|CCY2|USD|FIXINGDATE|2010-06-22 00:00:00.000|FIXINGWEIGHT|1|FIXINGVALUE|1.2259|CCY2|USD|FIXINGDATE|2010-06-23 00:00:00.000|FIXINGWEIGHT|1|FIXINGVALUE|1.2276|CCY2|USD|FIXINGDATE|2010-06-24 00:00:00.000|FIXINGWEIGHT|1|FIXINGVALUE|1.2282|CCY2|USD|FIXINGDATE|2010-06-25 00:00:00.000|FIXINGWEIGHT|1|FIXINGVALUE|1.228|CCY2|USD|FIXINGDATE|2010-06-28 00:00:00.000|FIXINGWEIGHT|1|FIXINGVALUE|1.2335|CCY2|USD|FIXINGDATE|2010-06-29 00:00:00.000|FIXINGWEIGHT|1|FIXINGVALUE|1.2236|CCY2|USD|FIXINGDATE|2010-06-30 00:00:00.000|FIXINGWEIGHT|1|FIXINGVALUE|1.2286|CCY2|USD|FIXINGDATE|2010-07-01 00:00:00.000|FIXINGWEIGHT|1|FIXINGVALUE|1.2333|CCY2|USD|FIXINGDATE|2010-07-02 00:00:00.000|FIXINGWEIGHT|1|FIXINGVALUE|1.2513|CCY2|USD|FIXINGDATE|2010-07-05 00:00:00.000|FIXINGWEIGHT|1|FIXINGVALUE|1.253|CCY2|USD|FIXINGDATE|2010-07-06 00:00:00.000|FIXINGWEIGHT|1|FIXINGVALUE|1.2576|CCY2|USD|FIXINGDATE|2010-07-07 00:00:00.000|FIXINGWEIGHT|1|FIXINGVALUE|1.2594|CCY2|USD|FIXINGDATE|2010-07-08 00:00:00.000|FIXINGWEIGHT|1|FIXINGVALUE|1.2648|CCY2|USD|FIXINGDATE|2010-07-09 00:00:00.000|FIXINGWEIGHT|1|FIXINGVALUE|1.2662|CCY2|USD|FIXINGDATE|2010-07-12 00:00:00.000|FIXINGWEIGHT|1|FIXINGVALUE|1.2597|CCY2|USD|FIXINGDATE|2010-07-13 00:00:00.000|FIXINGWEIGHT|1|FIXINGVALUE|1.2568|CCY2|USD|FIXINGDATE|2010-07-14 00:00:00.000|FIXINGWEIGHT|1|FIXINGVALUE|1.2712|CCY2|USD|FIXINGDATE|2010-07-15 00:00:00.000|FIXINGWEIGHT|1|FIXINGVALUE|1.2812|CCY2|USD|FIXINGDATE|2010-07-16 00:00:00.000|FIXINGWEIGHT|1|FIXINGVALUE|1.2953|CCY2|USD|FIXINGDATE|2010-07-19 00:00:00.000|FIXINGWEIGHT|1|FIXINGVALUE|1.2951|CCY2|USD|FIXINGDATE|2010-07-20 00:00:00.000|FIXINGWEIGHT|1|FIXINGVALUE|1.2894|CCY2|USD|FIXINGDATE|2010-07-21 00:00:00.000|FIXINGWEIGHT|1|FIXINGVALUE|1.28|CCY2|USD|FIXINGDATE|2010-07-22 00:00:00.000|FIXINGWEIGHT|1|FIXINGVALUE|1.2858|CCY2|USD|FIXINGDATE|2010-07-23 00:00:00.000|FIXINGWEIGHT|1|FIXINGVALUE|1.2934|CCY2|USD|FIXINGDATE|2010-07-26 00:00:00.000|FIXINGWEIGHT|1|FIXINGVALUE|1.2903|CCY2|USD|FIXINGDATE|2010-07-27 00:00:00.000|FIXINGWEIGHT|1|FIXINGVALUE|1.2962|CCY2|USD|FIXINGDATE|2010-07-28 00:00:00.000|FIXINGWEIGHT|1|FIXINGVALUE|1.2986|CCY2|USD|FIXINGDATE|2010-07-29 00:00:00.000|FIXINGWEIGHT|1|FIXINGVALUE|1.308|CCY2|USD|FIXINGDATE|2010-07-30 00:00:00.000|FIXINGWEIGHT|1|FIXINGVALUE|1.2998|CCY2|USD|FIXINGDATE|2010-08-02 00:00:00.000|FIXINGWEIGHT|1|FIXINGVALUE|1.3071|CCY2|USD|FIXINGDATE|2010-08-03 00:00:00.000|FIXINGWEIGHT|1|FIXINGVALUE|1.3242|CCY2|USD|FIXINGDATE|2010-08-04 00:00:00.000|FIXINGWEIGHT|1|FIXINGVALUE|1.3216|CCY2|USD|FIXINGDATE|2010-08-05 00:00:00.000|FIXINGWEIGHT|1|FIXINGVALUE|1.3215|CCY2|USD|FIXINGDATE|2010-08-06 00:00:00.000|FIXINGWEIGHT|1|FIXINGVALUE|1.3161|CCY2|USD|FIXINGDATE|2010-08-09 00:00:00.000|FIXINGWEIGHT|1|FIXINGVALUE|1.3259|CCY2|USD|FIXINGDATE|2010-08-10 00:00:00.000|FIXINGWEIGHT|1|FIXINGVALUE|1.316|CCY2|USD|FIXINGDATE|2010-08-11 00:00:00.000|FIXINGWEIGHT|1|FIXINGVALUE|1.3001|CCY2|USD|FIXINGDATE|2010-08-12 00:00:00.000|FIXINGWEIGHT|1|FIXINGVALUE|1.2817|CCY2|USD|FIXINGDATE|2010-08-13 00:00:00.000|FIXINGWEIGHT|1|FIXINGVALUE|1.2798|CCY2|USD|FIXINGDATE|2010-08-16 00:00:00.000|FIXINGWEIGHT|1|FIXINGVALUE|1.2803|CCY2|USD|FIXINGDATE|2010-08-17 00:00:00.000|FIXINGWEIGHT|1|FIXINGVALUE|1.2863|CCY2|USD|FIXINGDATE|2010-08-18 00:00:00.000|FIXINGWEIGHT|1|FIXINGVALUE|1.2875|CCY2|USD|FIXINGDATE|2010-08-19 00:00:00.000|FIXINGWEIGHT|1|FIXINGVALUE|1.2831|CCY2|USD|FIXINGDATE|2010-08-20 00:00:00.000|FIXINGWEIGHT|1|FIXINGVALUE|1.269|CCY2|USD|FIXINGDATE|2010-08-23 00:00:00.000|FIXINGWEIGHT|1|FIXINGVALUE|1.2704|CCY2|USD|FIXINGDATE|2010-08-24 00:00:00.000|FIXINGWEIGHT|1|FIXINGVALUE|1.2609|CCY2|USD|FIXINGDATE|2010-08-25 00:00:00.000|FIXINGWEIGHT|1|FIXINGVALUE|1.2642|CCY2|USD|FIXINGDATE|2010-08-26 00:00:00.000|FIXINGWEIGHT|1|FIXINGVALUE|1.2707|CCY2|USD|FIXINGDATE|2010-08-27 00:00:00.000|FIXINGWEIGHT|1|FIXINGVALUE|1.2715|CCY2|USD|FIXINGDATE|2010-08-30 00:00:00.000|FIXINGWEIGHT|1|FIXINGVALUE|1.2701|CCY2|USD|FIXINGDATE|2010-08-31 00:00:00.000|FIXINGWEIGHT|1|FIXINGVALUE|1.2688|CCY2|USD|FIXINGDATE|2010-09-01 00:00:00.000|FIXINGWEIGHT|1|FIXINGVALUE|1.2802|CCY2|USD|FIXINGDATE|2010-09-02 00:00:00.000|FIXINGWEIGHT|1|FIXINGVALUE|1.2819|CCY2|USD|FIXINGDATE|2010-09-03 00:00:00.000|FIXINGWEIGHT|1|FIXINGVALUE|1.2844|CCY2|USD|FIXINGDATE|2010-09-06 00:00:00.000|FIXINGWEIGHT|1|FIXINGVALUE|1.2873|CCY2|USD|FIXINGDATE|2010-09-07 00:00:00.000|FIXINGWEIGHT|1|FIXINGVALUE|1.2752|CCY2|USD|FIXINGDATE|2010-09-08 00:00:00.000|FIXINGWEIGHT|1|FIXINGVALUE|1.2702|CCY2|USD|FIXINGDATE|2010-09-09 00:00:00.000|FIXINGWEIGHT|1|FIXINGVALUE|1.2724|CCY2|USD|FIXINGDATE|2010-09-10 00:00:00.000|FIXINGWEIGHT|1|FIXINGVALUE|1.2727|CCY2|USD|FIXINGDATE|2010-09-13 00:00:00.000|FIXINGWEIGHT|1|FIXINGVALUE|1.2814|CCY2|USD|FIXINGDATE|2010-09-14 00:00:00.000|FIXINGWEIGHT|1|FIXINGVALUE||CCY2|USD|FIXINGDATE|2010-09-15 00:00:00.000|FIXINGWEIGHT|1|FIXINGVALUE||CCY2|USD|FIXINGDATE|2010-09-16 00:00:00.000|FIXINGWEIGHT|1|FIXINGVALUE||CCY2|USD|FIXINGDATE|2010-09-17 00:00:00.000|FIXINGWEIGHT|1|FIXINGVALUE||CCY2|USD|FIXINGDATE|2010-09-20 00:00:00.000|FIXINGWEIGHT|1|FIXINGVALUE||CCY2|USD|FIXINGDATE|2010-09-21 00:00:00.000|FIXINGWEIGHT|1|FIXINGVALUE||CCY2|USD|FIXINGDATE|2010-09-22 00:00:00.000|FIXINGWEIGHT|1|FIXINGVALUE||CCY2|USD|FIXINGDATE|2010-09-23 00:00:00.000|FIXINGWEIGHT|1|FIXINGVALUE||CCY2|USD|FIXINGDATE|2010-09-24 00:00:00.000|FIXINGWEIGHT|1|FIXINGVALUE||CCY2|USD|FIXINGDATE|2010-09-27 00:00:00.000|FIXINGWEIGHT|1|FIXINGVALUE||CCY2|USD|FIXINGDATE|2010-09-28 00:00:00.000|FIXINGWEIGHT|1|FIXINGVALUE||CCY2|USD|FIXINGDATE|2010-09-29 00:00:00.000|FIXINGWEIGHT|1|FIXINGVALUE||CCY2|USD|FIXINGDATE|2010-09-30 00:00:00.000|FIXINGWEIGHT|1|FIXINGVALUE||CCY2|USD|FIXINGDATE|2010-10-01 00:00:00.000|FIXINGWEIGHT|1|FIXINGVALUE||CCY2|USD|FIXINGDATE|2010-10-04 00:00:00.000|FIXINGWEIGHT|1|FIXINGVALUE||CCY2|USD|FIXINGDATE|2010-10-05 00:00:00.000|FIXINGWEIGHT|1|FIXINGVALUE||CCY2|USD|FIXINGDATE|2010-10-06 00:00:00.000|FIXINGWEIGHT|1|FIXINGVALUE||CCY2|USD|FIXINGDATE|2010-10-07 00:00:00.000|FIXINGWEIGHT|1|FIXINGVALUE||CCY2|USD|FIXINGDATE|2010-10-08 00:00:00.000|FIXINGWEIGHT|1|FIXINGVALUE||CCY2|USD|FIXINGDATE|2010-10-11 00:00:00.000|FIXINGWEIGHT|1|FIXINGVALUE||CCY2|USD|FIXINGDATE|2010-10-12 00:00:00.000|FIXINGWEIGHT|1|FIXINGVALUE||CCY2|USD|FIXINGDATE|2010-10-13 00:00:00.000|FIXINGWEIGHT|1|FIXINGVALUE||CCY2|USD|FIXINGDATE|2010-10-14 00:00:00.000|FIXINGWEIGHT|1|FIXINGVALUE||CCY2|USD|FIXINGDATE|2010-10-15 00:00:00.000|FIXINGWEIGHT|1|FIXINGVALUE||CCY2|USD|FIXINGDATE|2010-10-18 00:00:00.000|FIXINGWEIGHT|1|FIXINGVALUE||CCY2|USD|FIXINGDATE|2010-10-19 00:00:00.000|FIXINGWEIGHT|1|FIXINGVALUE||CCY2|USD|FIXINGDATE|2010-10-20 00:00:00.000|FIXINGWEIGHT|1|FIXINGVALUE||CCY2|USD|FIXINGDATE|2010-10-21 00:00:00.000|FIXINGWEIGHT|1|FIXINGVALUE||CCY2|USD|FIXINGDATE|2010-10-22 00:00:00.000|FIXINGWEIGHT|1|FIXINGVALUE||CCY2|USD|FIXINGDATE|2010-10-25 00:00:00.000|FIXINGWEIGHT|1|FIXINGVALUE||CCY2|USD|FIXINGDATE|2010-10-26 00:00:00.000|FIXINGWEIGHT|1|FIXINGVALUE||CCY2|USD|FIXINGDATE|2010-10-27 00:00:00.000|FIXINGWEIGHT|1|FIXINGVALUE||CCY2|USD|FIXINGDATE|2010-10-28 00:00:00.000|FIXINGWEIGHT|1|FIXINGVALUE||CCY2|USD|FIXINGDATE|2010-10-29 00:00:00.000|FIXINGWEIGHT|1|FIXINGVALUE||CCY2|USD|FIXINGDATE|2010-11-01 00:00:00.000|FIXINGWEIGHT|1|FIXINGVALUE||CCY2|USD|FIXINGDATE|2010-11-02 00:00:00.000|FIXINGWEIGHT|1|FIXINGVALUE||CCY2|USD|FIXINGDATE|2010-11-03 00:00:00.000|FIXINGWEIGHT|1|FIXINGVALUE||CCY2|USD|FIXINGDATE|2010-11-04 00:00:00.000|FIXINGWEIGHT|1|FIXINGVALUE||CCY2|USD|FIXINGDATE|2010-11-05 00:00:00.000|FIXINGWEIGHT|1|FIXINGVALUE||CCY2|USD|FIXINGDATE|2010-11-08 00:00:00.000|FIXINGWEIGHT|1|FIXINGVALUE||CCY2|USD|FIXINGDATE|2010-11-09 00:00:00.000|FIXINGWEIGHT|1|FIXINGVALUE||CCY2|USD|FIXINGDATE|2010-11-10 00:00:00.000|FIXINGWEIGHT|1|FIXINGVALUE||CCY2|USD|FIXINGDATE|2010-11-11 00:00:00.000|FIXINGWEIGHT|1|FIXINGVALUE||CCY2|USD|FIXINGDATE|2010-11-12 00:00:00.000|FIXINGWEIGHT|1|FIXINGVALUE||CCY2|USD|FIXINGDATE|2010-11-15 00:00:00.000|FIXINGWEIGHT|1|FIXINGVALUE||CCY2|USD|FIXINGDATE|2010-11-16 00:00:00.000|FIXINGWEIGHT|1|FIXINGVALUE||CCY2|USD|FIXINGDATE|2010-11-17 00:00:00.000|FIXINGWEIGHT|1|FIXINGVALUE||CCY2|USD|FIXINGDATE|2010-11-18 00:00:00.000|FIXINGWEIGHT|1|FIXINGVALUE||CCY2|USD|FIXINGDATE|2010-11-19 00:00:00.000|FIXINGWEIGHT|1|FIXINGVALUE||CCY2|USD|FIXINGDATE|2010-11-22 00:00:00.000|FIXINGWEIGHT|1|FIXINGVALUE||CCY2|USD|FIXINGDATE|2010-11-23 00:00:00.000|FIXINGWEIGHT|1|FIXINGVALUE||CCY2|USD|FIXINGDATE|2010-11-24 00:00:00.000|FIXINGWEIGHT|1|FIXINGVALUE||CCY2|USD|FIXINGDATE|2010-11-25 00:00:00.000|FIXINGWEIGHT|1|FIXINGVALUE||CCY2|USD|FIXINGDATE|2010-11-26 00:00:00.000|FIXINGWEIGHT|1|FIXINGVALUE||CCY2|USD|FIXINGDATE|2010-11-29 00:00:00.000|FIXINGWEIGHT|1|FIXINGVALUE||CCY2|USD|FIXINGDATE|2010-11-30 00:00:00.000|FIXINGWEIGHT|1|FIXINGVALUE||CCY2|USD|FIXINGDATE|2010-12-01 00:00:00.000|FIXINGWEIGHT|1|FIXINGVALUE||CCY2|USD|FIXINGDATE|2010-12-02 00:00:00.000|FIXINGWEIGHT|1|FIXINGVALUE||CCY2|USD|FIXINGDATE|2010-12-03 00:00:00.000|FIXINGWEIGHT|1|FIXINGVALUE||CCY2|USD|FIXINGDATE|2010-12-06 00:00:00.000|FIXINGWEIGHT|1|FIXINGVALUE||CCY2|USD|FIXINGDATE|2010-12-07 00:00:00.000|FIXINGWEIGHT|1|FIXINGVALUE||CCY2|USD|FIXINGDATE|2010-12-08 00:00:00.000|FIXINGWEIGHT|1|FIXINGVALUE||CCY2|USD|FIXINGDATE|2010-12-09 00:00:00.000|FIXINGWEIGHT|1|FIXINGVALUE||CCY2|USD|FIXINGDATE|2010-12-10 00:00:00.000|FIXINGWEIGHT|1|FIXINGVALUE||CCY2|USD|FIXINGDATE|2010-12-13 00:00:00.000|FIXINGWEIGHT|1|FIXINGVALUE||CCY2|USD|FIXINGDATE|2010-12-14 00:00:00.000|FIXINGWEIGHT|1|FIXINGVALUE||CCY2|USD|FIXINGDATE|2010-12-15 00:00:00.000|FIXINGWEIGHT|1|FIXINGVALUE||CCY2|USD|FIXINGDATE|2010-12-16 00:00:00.000|FIXINGWEIGHT|1|FIXINGVALUE||CCY2|USD|FIXINGDATE|2010-12-17 00:00:00.000|FIXINGWEIGHT|1|FIXINGVALUE||CCY2|USD|FIXINGDATE|2010-12-20 00:00:00.000|FIXINGWEIGHT|1|FIXINGVALUE||CCY2|USD|FIXINGDATE|2010-12-21 00:00:00.000|FIXINGWEIGHT|1|FIXINGVALUE||CCY2|USD|FIXINGDATE|2010-12-22 00:00:00.000|FIXINGWEIGHT|1|FIXINGVALUE||CCY2|USD|FIXINGDATE|2010-12-23 00:00:00.000|FIXINGWEIGHT|1|FIXINGVALUE||CCY2|USD|FIXINGDATE|2010-12-24 00:00:00.000|FIXINGWEIGHT|1|FIXINGVALUE||CCY2|USD|FIXINGDATE|2010-12-27 00:00:00.000|FIXINGWEIGHT|1|FIXINGVALUE||CCY2|USD|FIXINGDATE|2010-12-28 00:00:00.000|FIXINGWEIGHT|1|FIXINGVALUE||CCY2|USD|FIXINGDATE|2010-12-29 00:00:00.000|FIXINGWEIGHT|1|FIXINGVALUE||CCY2|USD|FIXINGDATE|2010-12-30 00:00:00.000|FIXINGWEIGHT|1|FIXINGVALUE||CCY2|USD|FIXINGDATE|2010-12-31 00:00:00.000|FIXINGWEIGHT|1|FIXINGVALUE||CCY2|USD|FIXINGDATE|2011-01-03 00:00:00.000|FIXINGWEIGHT|1|FIXINGVALUE||CCY2|USD|FIXINGDATE|2011-01-04 00:00:00.000|FIXINGWEIGHT|1|FIXINGVALUE||CCY2|USD|FIXINGDATE|2011-01-05 00:00:00.000|FIXINGWEIGHT|1|FIXINGVALUE||CCY2|USD|FIXINGDATE|2011-01-06 00:00:00.000|FIXINGWEIGHT|1|FIXINGVALUE||CCY2|USD|FIXINGDATE|2011-01-07 00:00:00.000|FIXINGWEIGHT|1|FIXINGVALUE||CCY2|USD|FIXINGDATE|2011-01-10 00:00:00.000|FIXINGWEIGHT|1|FIXINGVALUE||CCY2|USD|FIXINGDATE|2011-01-11 00:00:00.000|FIXINGWEIGHT|1|FIXINGVALUE||CCY2|USD|FIXINGDATE|2011-01-12 00:00:00.000|FIXINGWEIGHT|1|FIXINGVALUE||CCY2|USD|FIXINGDATE|2011-01-13 00:00:00.000|FIXINGWEIGHT|1|FIXINGVALUE||CCY2|USD|FIXINGDATE|2011-01-14 00:00:00.000|FIXINGWEIGHT|1|FIXINGVALUE||CCY2|USD|FIXINGDATE|2011-01-17 00:00:00.000|FIXINGWEIGHT|1|FIXINGVALUE||CCY2|USD|FIXINGDATE|2011-01-18 00:00:00.000|FIXINGWEIGHT|1|FIXINGVALUE||CCY2|USD|FIXINGDATE|2011-01-19 00:00:00.000|FIXINGWEIGHT|1|FIXINGVALUE||CCY2|USD|FIXINGDATE|2011-01-20 00:00:00.000|FIXINGWEIGHT|1|FIXINGVALUE||CCY2|USD|FIXINGDATE|2011-01-21 00:00:00.000|FIXINGWEIGHT|1|FIXINGVALUE||CCY2|USD|FIXINGDATE|2011-01-24 00:00:00.000|FIXINGWEIGHT|1|FIXINGVALUE||CCY2|USD|FIXINGDATE|2011-01-25 00:00:00.000|FIXINGWEIGHT|1|FIXINGVALUE||CCY2|USD|FIXINGDATE|2011-01-26 00:00:00.000|FIXINGWEIGHT|1|FIXINGVALUE||CCY2|USD|FIXINGDATE|2011-01-27 00:00:00.000|FIXINGWEIGHT|1|FIXINGVALUE||CCY2|USD|FIXINGDATE|2011-01-28 00:00:00.000|FIXINGWEIGHT|1|FIXINGVALUE||CCY2|USD|FIXINGDATE|2011-01-31 00:00:00.000|FIXINGWEIGHT|1|FIXINGVALUE||CCY2|USD|FIXINGDATE|2011-02-01 00:00:00.000|FIXINGWEIGHT|1|FIXINGVALUE||CCY2|USD|FIXINGDATE|2011-02-02 00:00:00.000|FIXINGWEIGHT|1|FIXINGVALUE||CCY2|USD|FIXINGDATE|2011-02-03 00:00:00.000|FIXINGWEIGHT|1|FIXINGVALUE||CCY2|USD|FIXINGDATE|2011-02-04 00:00:00.000|FIXINGWEIGHT|1|FIXINGVALUE||CCY2|USD|FIXINGDATE|2011-02-07 00:00:00.000|FIXINGWEIGHT|1|FIXINGVALUE||CCY2|USD|FIXINGDATE|2011-02-08 00:00:00.000|FIXINGWEIGHT|1|FIXINGVALUE||CCY2|USD|FIXINGDATE|2011-02-09 00:00:00.000|FIXINGWEIGHT|1|FIXINGVALUE||CCY2|USD|FIXINGDATE|2011-02-10 00:00:00.000|FIXINGWEIGHT|1|FIXINGVALUE||CCY2|USD|FIXINGDATE|2011-02-11 00:00:00.000|FIXINGWEIGHT|1|FIXINGVALUE||CCY2|USD|FIXINGDATE|2011-02-14 00:00:00.000|FIXINGWEIGHT|1|FIXINGVALUE||CCY2|USD|FIXINGDATE|2011-02-15 00:00:00.000|FIXINGWEIGHT|1|FIXINGVALUE||CCY2|USD|FIXINGDATE|2011-02-16 00:00:00.000|FIXINGWEIGHT|1|FIXINGVALUE||CCY2|USD|FIXINGDATE|2011-02-17 00:00:00.000|FIXINGWEIGHT|1|FIXINGVALUE||CCY2|USD|FIXINGDATE|2011-02-18 00:00:00.000|FIXINGWEIGHT|1|FIXINGVALUE||CCY2|USD|FIXINGDATE|2011-02-21 00:00:00.000|FIXINGWEIGHT|1|FIXINGVALUE||CCY2|USD|FIXINGDATE|2011-02-22 00:00:00.000|FIXINGWEIGHT|1|FIXINGVALUE||CCY2|USD|FIXINGDATE|2011-02-23 00:00:00.000|FIXINGWEIGHT|1|FIXINGVALUE||CCY2|USD|FIXINGDATE|2011-02-24 00:00:00.000|FIXINGWEIGHT|1|FIXINGVALUE||CCY2|USD|FIXINGDATE|2011-02-25 00:00:00.000|FIXINGWEIGHT|1|FIXINGVALUE||CCY2|USD|FIXINGDATE|2011-02-28 00:00:00.000|FIXINGWEIGHT|1|FIXINGVALUE||CCY2|USD|FIXINGDATE|2011-03-01 00:00:00.000|FIXINGWEIGHT|1|FIXINGVALUE||CCY2|USD|FIXINGDATE|2011-03-02 00:00:00.000|FIXINGWEIGHT|1|FIXINGVALUE||CCY2|USD|FIXINGDATE|2011-03-03 00:00:00.000|FIXINGWEIGHT|1|FIXINGVALUE||CCY2|USD|FIXINGDATE|2011-03-04 00:00:00.000|FIXINGWEIGHT|1|FIXINGVALUE||CCY2|USD|FIXINGDATE|2011-03-07 00:00:00.000|FIXINGWEIGHT|1|FIXINGVALUE||CCY2|USD|FIXINGDATE|2011-03-08 00:00:00.000|FIXINGWEIGHT|1|FIXINGVALUE||CCY2|USD|FIXINGDATE|2011-03-09 00:00:00.000|FIXINGWEIGHT|1|FIXINGVALUE||CCY2|USD|FIXINGDATE|2011-03-10 00:00:00.000|FIXINGWEIGHT|1|FIXINGVALUE||CCY2|USD|FIXINGDATE|2011-03-11 00:00:00.000|FIXINGWEIGHT|1|FIXINGVALUE||CCY2|USD|FIXINGDATE|2011-03-14 00:00:00.000|FIXINGWEIGHT|1|FIXINGVALUE||CCY2|USD|FIXINGDATE|2011-03-15 00:00:00.000|FIXINGWEIGHT|1|FIXINGVALUE||CCY2|USD|FIXINGDATE|2011-03-16 00:00:00.000|FIXINGWEIGHT|1|FIXINGVALUE||CCY2|USD|FIXINGDATE|2011-03-17 00:00:00.000|FIXINGWEIGHT|1|FIXINGVALUE||CCY2|USD|FIXINGDATE|2011-03-18 00:00:00.000|FIXINGWEIGHT|1|FIXINGVALUE||CCY2|USD|FIXINGDATE|2011-03-21 00:00:00.000|FIXINGWEIGHT|1|FIXINGVALUE||CCY2|USD|FIXINGDATE|2011-03-22 00:00:00.000|FIXINGWEIGHT|1|FIXINGVALUE||CCY2|USD|FIXINGDATE|2011-03-23 00:00:00.000|FIXINGWEIGHT|1|FIXINGVALUE||CCY2|USD|FIXINGDATE|2011-03-24 00:00:00.000|FIXINGWEIGHT|1|FIXINGVALUE||CCY2|USD|FIXINGDATE|2011-03-25 00:00:00.000|FIXINGWEIGHT|1|FIXINGVALUE||CCY2|USD|FIXINGDATE|2011-03-28 00:00:00.000|FIXINGWEIGHT|1|FIXINGVALUE||CCY2|USD|FIXINGDATE|2011-03-29 00:00:00.000|FIXINGWEIGHT|1|FIXINGVALUE||CCY2|USD|FIXINGDATE|2011-03-30 00:00:00.000|FIXINGWEIGHT|1|FIXINGVALUE||CCY2|USD|FIXINGDATE|2011-03-31 00:00:00.000|FIXINGWEIGHT|1|FIXINGVALUE||CCY2|USD|FIXINGDATE|2011-04-01 00:00:00.000|FIXINGWEIGHT|1|FIXINGVALUE||CCY2|USD|FIXINGDATE|2011-04-04 00:00:00.000|FIXINGWEIGHT|1|FIXINGVALUE||CCY2|USD|FIXINGDATE|2011-04-05 00:00:00.000|FIXINGWEIGHT|1|FIXINGVALUE||CCY2|USD|FIXINGDATE|2011-04-06 00:00:00.000|FIXINGWEIGHT|1|FIXINGVALUE||CCY2|USD|FIXINGDATE|2011-04-07 00:00:00.000|FIXINGWEIGHT|1|FIXINGVALUE||CCY2|USD|FIXINGDATE|2011-04-08 00:00:00.000|FIXINGWEIGHT|1|FIXINGVALUE||CCY2|USD|FIXINGDATE|2011-04-11 00:00:00.000|FIXINGWEIGHT|1|FIXINGVALUE||CCY2|USD|FIXINGDATE|2011-04-12 00:00:00.000|FIXINGWEIGHT|1|FIXINGVALUE||CCY2|USD|FIXINGDATE|2011-04-13 00:00:00.000|FIXINGWEIGHT|1|FIXINGVALUE||CCY2|USD|FIXINGDATE|2011-04-14 00:00:00.000|FIXINGWEIGHT|1|FIXINGVALUE||CCY2|USD|FIXINGDATE|2011-04-15 00:00:00.000|FIXINGWEIGHT|1|FIXINGVALUE||CCY2|USD|FIXINGDATE|2011-04-18 00:00:00.000|FIXINGWEIGHT|1|FIXINGVALUE||CCY2|USD|FIXINGDATE|2011-04-19 00:00:00.000|FIXINGWEIGHT|1|FIXINGVALUE||CCY2|USD|FIXINGDATE|2011-04-20 00:00:00.000|FIXINGWEIGHT|1|FIXINGVALUE||CCY2|USD|FIXINGDATE|2011-04-21 00:00:00.000|FIXINGWEIGHT|1|FIXINGVALUE||CCY2|USD|FIXINGDATE|2011-04-26 00:00:00.000|FIXINGWEIGHT|1|FIXINGVALUE||CCY2|USD|FIXINGDATE|2011-04-27 00:00:00.000|FIXINGWEIGHT|1|FIXINGVALUE||CCY2|USD|FIXINGDATE|2011-04-28 00:00:00.000|FIXINGWEIGHT|1|FIXINGVALUE||CCY2|USD|FIXINGDATE|2011-04-29 00:00:00.000|FIXINGWEIGHT|1|FIXINGVALUE||CCY2|USD|FIXINGDATE|2011-05-02 00:00:00.000|FIXINGWEIGHT|1|FIXINGVALUE||CCY2|USD|FIXINGDATE|2011-05-03 00:00:00.000|FIXINGWEIGHT|1|FIXINGVALUE||CCY2|USD|FIXINGDATE|2011-05-04 00:00:00.000|FIXINGWEIGHT|1|FIXINGVALUE||CCY2|USD|FIXINGDATE|2011-05-05 00:00:00.000|FIXINGWEIGHT|1|FIXINGVALUE||CCY2|USD|FIXINGDATE|2011-05-06 00:00:00.000|FIXINGWEIGHT|1|FIXINGVALUE||CCY2|USD|FIXINGDATE|2011-05-09 00:00:00.000|FIXINGWEIGHT|1|FIXINGVALUE||CCY2|USD|FIXINGDATE|2011-05-10 00:00:00.000|FIXINGWEIGHT|1|FIXINGVALUE||CCY2|USD|FIXINGDATE|2011-05-11 00:00:00.000|FIXINGWEIGHT|1|FIXINGVALUE||CCY2|USD|FIXINGDATE|2011-05-12 00:00:00.000|FIXINGWEIGHT|1|FIXINGVALUE||CCY2|USD|FIXINGDATE|2011-05-13 00:00:00.000|FIXINGWEIGHT|1|FIXINGVALUE||CCY2|USD|FIXINGDATE|2011-05-16 00:00:00.000|FIXINGWEIGHT|1|FIXINGVALUE||CCY2|USD|FIXINGDATE|2011-05-17 00:00:00.000|FIXINGWEIGHT|1|FIXINGVALUE||CCY2|USD|FIXINGDATE|2011-05-18 00:00:00.000|FIXINGWEIGHT|1|FIXINGVALUE||CCY2|USD|FIXINGDATE|2011-05-19 00:00:00.000|FIXINGWEIGHT|1|FIXINGVALUE||CCY2|USD|FIXINGDATE|2011-05-20 00:00:00.000|FIXINGWEIGHT|1|FIXINGVALUE||CCY2|USD|FIXINGDATE|2011-05-23 00:00:00.000|FIXINGWEIGHT|1|FIXINGVALUE||CCY2|USD|FIXINGDATE|2011-05-24 00:00:00.000|FIXINGWEIGHT|1|FIXINGVALUE||CCY2|USD|FIXINGDATE|2011-05-25 00:00:00.000|FIXINGWEIGHT|1|FIXINGVALUE||CCY2|USD|FIXINGDATE|2011-05-26 00:00:00.000|FIXINGWEIGHT|1|FIXINGVALUE||CCY2|USD|FIXINGDATE|2011-05-27 00:00:00.000|FIXINGWEIGHT|1|FIXINGVALUE||CCY2|USD|FIXINGDATE|2011-05-30 00:00:00.000|FIXINGWEIGHT|1|FIXINGVALUE||CCY2|USD|FIXINGDATE|2011-05-31 00:00:00.000|FIXINGWEIGHT|1|FIXINGVALUE||CCY2|USD|FIXINGDATE|2011-06-01 00:00:00.000|FIXINGWEIGHT|1|FIXINGVALUE||CCY2|USD|FIXINGDATE|2011-06-02 00:00:00.000|FIXINGWEIGHT|1|FIXINGVALUE||CCY2|USD|FIXINGDATE|2011-06-03 00:00:00.000|FIXINGWEIGHT|1|FIXINGVALUE||CCY2|USD|FIXINGDATE|2011-06-06 00:00:00.000|FIXINGWEIGHT|1|FIXINGVALUE||CCY2|USD|FIXINGDATE|2011-06-07 00:00:00.000|FIXINGWEIGHT|1|FIXINGVALUE||CCY2|USD|FIXINGDATE|2011-06-08 00:00:00.000|FIXINGWEIGHT|1|FIXINGVALUE||CCY2|USD|FIXINGDATE|2011-06-09 00:00:00.000|FIXINGWEIGHT|1|FIXINGVALUE||CCY2|USD|FIXINGDATE|2011-06-10 00:00:00.000|FIXINGWEIGHT|1|FIXINGVALUE||CCY2|USD|FIXINGDATE|2011-06-13 00:00:00.000|FIXINGWEIGHT|1|FIXINGVALUE||CCY2|USD|FIXINGDATE|2011-06-14 00:00:00.000|FIXINGWEIGHT|1|FIXINGVALUE||CCY2|USD|FIXINGDATE|2011-06-15 00:00:00.000|FIXINGWEIGHT|1|FIXINGVALUE||CCY2|USD|FIXINGDATE|2011-06-16 00:00:00.000|FIXINGWEIGHT|1|FIXINGVALUE||CCY2|USD|FIXINGDATE|2011-06-17 00:00:00.000|FIXINGWEIGHT|1|FIXINGVALUE||CCY2|USD|FIXINGDATE|2011-06-20 00:00:00.000|FIXINGWEIGHT|1|FIXINGVALUE||CCY2|USD|FIXINGDATE|2011-06-21 00:00:00.000|FIXINGWEIGHT|1|FIXINGVALUE||CCY2|USD|FIXINGDATE|2011-06-22 00:00:00.000|FIXINGWEIGHT|1|FIXINGVALUE||CCY2|USD|FIXINGDATE|2011-06-23 00:00:00.000|FIXINGWEIGHT|1|FIXINGVALUE||CCY2|USD|FIXINGDATE|2011-06-24 00:00:00.000|FIXINGWEIGHT|1|FIXINGVALUE||CCY2|USD|FIXINGDATE|2011-06-27 00:00:00.000|FIXINGWEIGHT|1|FIXINGVALUE||CCY2|USD|FIXINGDATE|2011-06-28 00:00:00.000|FIXINGWEIGHT|1|FIXINGVALUE||CCY2|USD|ACCRUALREGIONSTARTDATE|2009-02-25 00:00:00.000|ACCRUALREGIONENDDATE|2011-06-28 00:00:00.000|UPPEREXTINGUISHINGLEVEL|999999|UPPERRESURRECTINGLEVEL|1.43|LOWERRESURRECTINGLEVEL|1.25|LOWEREXTINGUISHINGLEVEL|0.0001|UPPERNOTIONALLEVERAGE|3|MIDNOTIONALLEVERAGE|1|LOWERNOTIONALLEVERAGE|0|BOOK_CPTY_CDRMNEMONIC|DTCH L  K81|PROFIT_CENTRE|FGO0|BOOKBRANCHPARENT|Global|HIGH_LEVEL_CPTY_CDRMNEMONIC|DTCH F  MM|HIGH_LEVEL_BOOK_CPTY_CDRM|DTCH L|BOOK_CPYT_SRC_SYSTEM|RMS|SUBBRANCH|LDN|CPTY_CDRMNEMONIC|DTCH F  MM|AMI_CODE|0840|BOOK_CPTY|EURS|PUBLICATIONTIME|2010-09-24 15:56:58.732|DBLEGALENTITY|London|ISLIVEYN|Y</Text>
</Message>
