<?xml version="1.0" encoding="UTF-8"?>
<Message>
    <SystemInfo>
        <JMSDestination>Topic[exodus.pipe.demo]</JMSDestination>
        <JMSReplyTo/>
        <JMSDeliveryMode>2</JMSDeliveryMode>
        <JMSRedelivered>false</JMSRedelivered>
        <JMSCorrelationID>null</JMSCorrelationID>
        <JMSType>null</JMSType>
        <JMSTimestamp>1285343903049</JMSTimestamp>
        <JMSExpiration>0</JMSExpiration>
        <JMSPriority>4</JMSPriority>
    </SystemInfo>
    <ApplicationInfo>
        <SYSTEMID>12179101</SYSTEMID>
        <TRADEGROUP>EXOTIC</TRADEGROUP>
        <VERSION>18</VERSION>
        <COUNTERPARTY>DBHK</COUNTERPARTY>
        <MESSAGE_TYPE>RMS_TRADE</MESSAGE_TYPE>
        <TRADETYPE>FXKnockOutMultiDualCcyOpt</TRADETYPE>
        <BOOK>IRATE</BOOK>
        <ACTION>Economic</ACTION>
        <STATUS>Open</STATUS>
    </ApplicationInfo>
    <Text>SYSTEMID|12179101|TRADETYPE|FXKnockOutMultiDualCcyOpt|TRADEID|12179101|SOURCESYSTEM|Excel|BOOK|IRATE|BLOTTER||COUNTERPARTY|DBHK|COUNTERPARTYSOURCESYSTEM||DBICOUNTERPARTYID||CUSTOMER|MOFC|CUSTOMERSOURCESYSTEM||STATUS|Open|SHOWINRMSYN|Y|SECTION|Inputs|ORDERFIELD|195|INPUTS|NVPair|PARAMETERTEXT|-0.35|PARAMETERNUMBER||PARAMETERDATE||PRODUCTID|11530424|PRODUCTVERSION|7|PRODUCTLEGID||STRUCTUREID|7716503|TRADEDATE|2004-03-08 00:00:00.000|LASTUPDATED|2004-08-10 16:12:34.000|ACTION|Economic|ACTIONEFFECTIVEDATE|2004-08-10 16:12:34.000|SOURCESYSTEMBOOK|IRATE|SOURCESYSTEMPROFITCENTRE|IRATE|SALESPERSON|Richard Li / Connie Leung|TRADER|Adrian McGowan|ENTEREDBY|mcgoad|FUNDSPLITID||FUNDSPLITVERSION||STRUCTURENAME||MARKUPAMT|0|MARKUPCCY|EUR|MARKUPLOCATION|London|ATRISKAMT|360000|ATRISKCCY|EUR|ATRISKLOCATION|London|ATRISKINDICATOR||REASON||ASSETLOCATION||NOTES||BROKER||BROKERAMT||BROKERCCY||LINKSYSTEMID||LINKTYPE||SOURCESYSTEMID|12179101|DATECREATED|2004-03-08 18:32:29.000|CONFIRMAS||VERSION|18|CANCELSSOURCESYSTEMID||CANCELLEDBYSOURCESYSTEMID||CANCELLINGHALFSOURCESYSTEMID||CORRECTSSOURCESYSTEMID||CORRECTEDBYSOURCESYSTEMID||CLOSESSOURCESYSTEMID||CLOSEDBYSOURCESYSTEMID||EXERCISEDINTOSOURCESYSTEMID||EXERCISEDFROMSOURCESYSTEMID||LATESTVERSIONYN|N|CLOSINGDATE||LEGALENTITY|London|DEALCAPTURESYSTEM|Excel|DEALCAPTURESYSTEMID|12179101|BOOKINGLOCATION|London|PRODUCTTYPE||PRODUCTINSTANCE||BACKOFFICESYSTEM||BACKOFFICESYSTEMID||VERSIONVALIDUNTILDATE|2004-08-10 16:19:22.000|TRADEEXTRADETAILID||TRADEEXTRADETAILVERSION||TRADECLASSIFICATION|1|DEALCAPTURESALESUSER||FUNDSPLITALLOCATIONID||FUNDSPLITALLOCATIONLEGID||TEARUPID||ELECTEDCONFIRMATIONSYSTEM||ELECTEDCONFIRMATIONRULEID||PREVIOUSCONFIRMATIONSYSTEM||ELECTEDSETTLEMENTSYSTEM||ELECTEDSETTLEMENTRULEID||PREVIOUSSETTLEMENTSYSTEM||BACKOFFICEPROCESSING||CALCULATIONAGENT|DB|CLOSEDBY_PRODUCTID|11530424|CLOSES_PRODUCTID|11530424|LINK_PRODUCTID|11530424|PRODUCTTYPEID|SWAPTION|PREMIUMHASPAIDYN||UNWINDRATE||BACKOFFICEACCEPTED|N|BACKOFFICEENDDATE||BACKOFFICEEVENT||BACKOFFICEBRANCHACCEPTED|N|BACKOFFICEBRANCHEVENT||TRADETABLE|EXOTIC|USERENTEREDTRADEDATE||WORKBOOK|DualKOTradeEntry|WORKSHEET|IRATE-KOMD-MOFPAYGExecOpt|CURRENCY|DOMESTIC/FOREIGN|ACCCURRENCY|USD|UNDERCURRENCY|EUR|HOLIDAYCITIES|EUR,NYC,LDN|DATEBUMPS|MOD FOLL|DOMESTICCURVE|FORECAST|FOREIGNCURVE|FORECAST|LEG1INITIALNOTIONAL|0|LEG1FINALNOTIONAL|116000000|LEG1INITIALNOTIONALCURRENCY|DOMESTIC|LEG1FINALNOTIONALCURRENCY|DOMESTIC|LEG1EFFECTIVEDATE|2004-10-29 00:00:00.000|LEG1ROLLDATE|2004-10-29 00:00:00.000|LEG1ENDDATE|2008-10-29 00:00:00.000|LEG1FREQUENCY|annually|LEG1SETFRACTION|0|LEG1DAYSOFFSET|0|LEG1ARREARINTERVAL|1y|LEG1NUMRATES|1|LEG1FXNOTIFICATION|0y|LEG1NUMRATESID|1|LEG1NOTIONAL|116000000|LEG1NOTIONALCURRENCY|DOMESTIC|LEG1RATESTARTINGTIME||LEG1RATETERM|1y|LEG1RATEINDEXTYPE|LIBOR|LEG1RATEFREQUENCY|ZERO|LEG1RATEDECOMPFREQ|ZERO|LEG1RATEBASIS|30/360|LEG1RATECURRENCY|DOMESTIC|LEG1RATECOUPON|0|LEG1POWER|1|LEG1MULTIPLIER|0|LEG1SPREAD|0.0275|LEG1ABSOLUTECAP|99900000000|LEG1ABSOLUTEFLOOR|-99900000000|LEG1FIXEDFLOW|0|LEG1FIXEDFLOWCURRENCY|FOREIGN|LEG1PREVIOUSRATESET|0|LEG1PREVIOUSFXSET|0|LEG1PREVIOUSMAXMINLEGSET|-1|LEG1COUPONTYPE|SUMCOUPON|LEG1COUPONCAP|99900000000|LEG1COUPONFLOOR|-99900000000|LEG1COUPONCAPCURRENCY|FOREIGN|LEG1COUPONFLOORCURRENCY|FOREIGN|LEG1PREVIOUSCOUPONCAPFXSET|0|LEG1PREVIOUSCOUPONFLOORFXSET|0|LEG1PAYBASIS|30/360|LEG1MANYFLOWS|0|LEG1PAYOFFTABLESIZE|0|LEG2INITIALNOTIONAL|0|LEG2FINALNOTIONAL|100000000|LEG2INITIALNOTIONALCURRENCY|FOREIGN|LEG2FINALNOTIONALCURRENCY|FOREIGN|LEG2EFFECTIVEDATE|2004-10-29 00:00:00.000|LEG2ROLLDATE|2004-10-29 00:00:00.000|LEG2ENDDATE|2008-10-29 00:00:00.000|LEG2FREQUENCY|annually|LEG2SETFRACTION|0|LEG2DAYSOFFSET|0|LEG2ARREARINTERVAL|1y|LEG2NUMRATES|1|LEG2FXNOTIFICATION|0y|LEG2NUMRATESID|1|LEG2NOTIONAL|100000000|LEG2NOTIONALCURRENCY|FOREIGN|LEG2RATESTARTINGTIME||LEG2RATETERM|1y|LEG2RATEINDEXTYPE|LIBOR|LEG2RATEFREQUENCY|ZERO|LEG2RATEDECOMPFREQ|ZERO|LEG2RATEBASIS|30/360|LEG2RATECURRENCY|FOREIGN|LEG2RATECOUPON|0|LEG2POWER|1|LEG2MULTIPLIER|0|LEG2SPREAD|0.0375|LEG2ABSOLUTECAP|99900000000|LEG2ABSOLUTEFLOOR|-99900000000|LEG2FIXEDFLOW|0|LEG2FIXEDFLOWCURRENCY|FOREIGN|LEG2PREVIOUSRATESET|0|LEG2PREVIOUSFXSET|0|LEG2PREVIOUSMAXMINLEGSET|-1|LEG2COUPONTYPE|SUMCOUPON|LEG2COUPONCAP|99900000000|LEG2COUPONFLOOR|-99900000000|LEG2COUPONCAPCURRENCY|FOREIGN|LEG2COUPONFLOORCURRENCY|FOREIGN|LEG2PREVIOUSCOUPONCAPFXSET|0|LEG2PREVIOUSCOUPONFLOORFXSET|0|LEG2PAYBASIS|30/360|LEG2MANYFLOWS|0|LEG2PAYOFFTABLESIZE|0|LEG1NUMBARRIERS|0|LEG1BARRIERSTARTDATE|38759|LEG1BARRIERENDDATE|39855|LEG1BARRIERINTERVAL|1y|LEG1REBATEDELAY|0d|LEG1BARRIERAPPLYDELAY|-1y2b|LEG1BARRIERRATESTARTINGTIME||LEG1BARRIERRATEINDEXTYPE|FXRATE|LEG1BARRIERRATETERM|0b|LEG1BARRIERRATEFREQUENCY|ZERO|LEG1BARRIERRATEDECOMPFREQ|ZERO|LEG1BARRIERRATEBASIS|ACT/360|LEG1BARRIERRATECURRENCY|DOMESTIC/FOREIGN|LEG1BARRIERRATECOUPON|0|LEG1BARRIERTYPE|UPPER|LEG1BARRIERKNOCKTYPE|TARN|LEG1BARRIERREBATECURRENCY|FOREIGN|LEG1BARRIERWEDGE|0|LEG1MANYBARRIERS|0|LEG1BARRIERRATEID|1|LEG1BARRIERRATEMULTIPLIER|0.794852632361795|LEG1BARRIERRATESPREAD|-1|LEG1BARRIERRATECAP|99900000000|LEG1BARRIERRATEFLOOR|0|LEG1BARRIER|1.03125|LEG1BARRIERREBATE|0|LEG1BARRIERSHIFT|0|LEG2NUMBARRIERS|0|LEG2BARRIERSTARTDATE|38759|LEG2BARRIERENDDATE|39855|LEG2BARRIERINTERVAL|1y|LEG2REBATEDELAY|0d|LEG2BARRIERAPPLYDELAY|-1y-3b|LEG2BARRIERRATESTARTINGTIME||LEG2BARRIERRATEINDEXTYPE|FXRATE|LEG2BARRIERRATETERM|0b|LEG2BARRIERRATEFREQUENCY|ZERO|LEG2BARRIERRATEDECOMPFREQ|ZERO|LEG2BARRIERRATEBASIS|ACT/360|LEG2BARRIERRATECURRENCY|DOMESTIC/FOREIGN|LEG2BARRIERRATECOUPON|0|LEG2BARRIERTYPE|UPPER|LEG2BARRIERKNOCKTYPE|TARN|LEG2BARRIERREBATECURRENCY|FOREIGN|LEG2BARRIERWEDGE|0|LEG2MANYBARRIERS|0|LEG2BARRIERRATEID|1|LEG2BARRIERRATEMULTIPLIER|0.794852632361795|LEG2BARRIERRATESPREAD|-1|LEG2BARRIERRATECAP|99900000000|LEG2BARRIERRATEFLOOR|0|LEG2BARRIER|1.03125|LEG2BARRIERREBATE|7250000|LEG2BARRIERSHIFT|0|EXERCISESTARTDATE|38282|EXERCISEENDDATE|39377|EXERCISEINTERVAL|1y|NUMSTRIKES|1|STRIKE0|0|STRIKE1|0|STRIKECURRENCY0|FOREIGN|STRIKECURRENCY1|FOREIGN|STRIKETYPE|SUMSTRIKE|STRIKECAP|99900000000|STRIKEFLOOR|-99900000000|STRIKECAPCURRENCY|DOMESTIC|STRIKEFLOORCURRENCY|DOMESTIC|OPTIONPOSITION|LONG|OPTIONTYPE|ENTER|NOTIFICATION|0y|MANYEXERCISE|4|EXERCISEFLOWID|1|EXERCISEFLOWID|2|EXERCISEFLOWID|3|EXERCISEFLOWID|4|EXERCISEFLOWEXDATE|38282|EXERCISEFLOWEXDATE|38647|EXERCISEFLOWEXDATE|39012|EXERCISEFLOWEXDATE|39377|EXERCISEFLOWSTRIKECAP|99900000000|EXERCISEFLOWSTRIKECAP|99900000000|EXERCISEFLOWSTRIKECAP|99900000000|EXERCISEFLOWSTRIKECAP|99900000000|EXERCISEFLOWSTRIKEFLOOR|-99900000000|EXERCISEFLOWSTRIKEFLOOR|-99900000000|EXERCISEFLOWSTRIKEFLOOR|-99900000000|EXERCISEFLOWSTRIKEFLOOR|-99900000000|EXERCISEFLOWSTRIKE0|-3000000|EXERCISEFLOWSTRIKE0|-2000000|EXERCISEFLOWSTRIKE0|-1000000|EXERCISEFLOWSTRIKE0|0|NUMBERSIMS|20000|BEGINDOMFORCORRELATION|0.6|BEGINDOMFXCORRELATION|-0.35|BEGINFORFXCORRELATION|-0.35|FINALDOMFORCORRELATION|0.6|FINALDOMFXCORRELATION|-0.35|FINALFORFXCORRELATION|-0.35|FIXINGSCHEDULE|&lt;EMPTY&gt;|BOOK_CPTY_CDRMNEMONIC|DTCH L  K82|PROFIT_CENTRE|FGO0|BOOKBRANCHPARENT|Global|HIGH_LEVEL_CPTY_CDRMNEMONIC|DTCH HK RES|HIGH_LEVEL_BOOK_CPTY_CDRM|DTCH L|BOOK_CPYT_SRC_SYSTEM|RMS|SUBBRANCH|LDN|CPTY_CDRMNEMONIC|DTCH HK RES|AMI_CODE|0840|BOOK_CPTY|IRAT|PUBLICATIONTIME|2010-09-24 15:58:23.045|DBLEGALENTITY|London|ISLIVEYN|Y</Text>
</Message>
