<?xml version="1.0" encoding="UTF-8"?>
<Message>
    <SystemInfo>
        <JMSDestination>Topic[exodus.pipe.demo]</JMSDestination>
        <JMSReplyTo/>
        <JMSDeliveryMode>2</JMSDeliveryMode>
        <JMSRedelivered>false</JMSRedelivered>
        <JMSCorrelationID>null</JMSCorrelationID>
        <JMSType>null</JMSType>
        <JMSTimestamp>1285343890928</JMSTimestamp>
        <JMSExpiration>0</JMSExpiration>
        <JMSPriority>4</JMSPriority>
    </SystemInfo>
    <ApplicationInfo>
        <SYSTEMID>174534696</SYSTEMID>
        <TRADEGROUP>FXCASH</TRADEGROUP>
        <VERSION>6</VERSION>
        <COUNTERPARTY>0297989</COUNTERPARTY>
        <MESSAGE_TYPE>RMS_TRADE</MESSAGE_TYPE>
        <TRADETYPE>FxNonDeliverableForward</TRADETYPE>
        <BOOK>NYFUSKR</BOOK>
        <ACTION>Fixed</ACTION>
        <STATUS>Open</STATUS>
    </ApplicationInfo>
    <Text>SYSTEMID|174534696|TRADETYPE|FxNonDeliverableForward|TRADEID|100137498A|SOURCESYSTEM|RMS|BOOK|NYFUSKR|BLOTTER||COUNTERPARTY|0297989|COUNTERPARTYSOURCESYSTEM|DBI|COUNTERPARTYNAME|NEW YORK LIFE INSURANCE COMPANY|DBICOUNTERPARTYID||CUSTOMER|0297989|CUSTOMERSOURCESYSTEM|DBI|STATUS|Open|UNDERCURRENCY|USD|ACCCURRENCY|KRO|NOTIONAL|-10000000|ACCNOTIONAL|14800000000|DOMINANTNOTIONAL|Notional|STRIKE|1480|STRIKEASENTERED||STRIKETERMSASENTERED||TRADERRATE|1480|FIXING|1161.4|FIXINGDATE|2010-09-13 00:00:00.000|EXPIRYDATE|2010-09-13 00:00:00.000|SETTLEMENTDATE|2010-09-15 00:00:00.000|FIXINGREFERENCE|KFTC18|PAYCURRENCY||QUANTOLEVEL||ZONECUT||MODELTYPE||FUTURECODE||FUTURESEXPIRYDATE||PREMIUMCURRENCY||PREMIUMDATE||PREMIUMAMOUNT||PREMIUMHASPAIDYN||UNWINDRATE||UNWINDPREMIUMCURRENCY||UNWINDPREMIUMAMOUNT||UNWINDPREMIUMDATE||MARGINPAYMENTCURRENCY||MARGINPAYMENTAMOUNT||PRODUCTID|169047171|PRODUCTVERSION|1|PRODUCTLEGID||STRUCTUREID|100137498|REFERENCESPOT||REFERENCEFORWARDPOINTS||REFERENCEVOLATILITY||REFERENCEDEPORATE||REFERENCEDEPOCURRENCY||REFERENCEDELTA||REFERENCEDELTACURRENCY||ASSETLOCATION||TRADEDATE|2008-11-19 00:00:00.000|LASTUPDATED|2010-09-13 14:59:01.000|ACTION|Fixed|ACTIONEFFECTIVEDATE|2010-09-13 00:00:00.000|SOURCESYSTEMBOOK|NYFUSKR|SOURCESYSTEMPROFITCENTRE||SALESPERSON|SRIVABH|TRADER||ENTEREDBY|HAOCLOC|FUNDSPLITID||FUNDSPLITVERSION||STRUCTURENAME||MARKUPAMT||MARKUPCCY||MARKUPLOCATION||ATRISKAMT||ATRISKCCY||ATRISKLOCATION||ATRISKINDICATOR|AtBest|REASON||NOTES|NY Life/Jimmy Broder. Allocated per Jake Rue lono 19/11 16:41.|BROKER|RMSS|BROKERAMT||BROKERCCY||LINKSYSTEMID||LINKTYPE||SOURCESYSTEMID|174534696|DATECREATED|2008-11-19 20:52:21.000|CONFIRMAS||VERSION|6|CANCELSSOURCESYSTEMID||CANCELLEDBYSOURCESYSTEMID||CANCELLINGHALFSOURCESYSTEMID||CORRECTSSOURCESYSTEMID||CORRECTEDBYSOURCESYSTEMID||CLOSESSOURCESYSTEMID||CLOSEDBYSOURCESYSTEMID||EXERCISEDINTOSOURCESYSTEMID|311619265|EXERCISEDFROMSOURCESYSTEMID||LATESTVERSIONYN|N|CLOSINGDATE||LEGALENTITY|London|DEALCAPTURESYSTEM|RMSSales|DEALCAPTURESYSTEMID|174534696|BOOKINGLOCATION|London|PRODUCTTYPE||PRODUCTINSTANCE||BACKOFFICESYSTEM||BACKOFFICESYSTEMID||VERSIONVALIDUNTILDATE|2010-09-16 00:12:38.000|TRADEEXTRADETAILID|0|TRADEEXTRADETAILVERSION|0|TRADECLASSIFICATION|2|DEALCAPTURESALESUSER|RMSSALES_JRUE|FUNDSPLITALLOCATIONID||FUNDSPLITALLOCATIONLEGID||GENERATERISKSWEEPTRADEYN||RISKSWEEPTRADETYPE||RISKSWEEPSTRIKE|1480|RISKSWEEPSETTLEMENTDATE||RISKSWEEPBOOK||RISKSWEEPUNDERCURRENCY||RISKSWEEPACCCURRENCY||RISKSWEEPLINKMASTERSYSTEMID||SPOTPRICINGLOCATION||FORWARDPRICINGLOCATION|NYC|SETTLEMENTLEGALENTITYLOCATION|DSI|LOCALLEGALENTITYSETTLEMENTYN|N|RISKHOLDINGBOOK||RISKHOLDINGLINKMASTERSYSTEMID||GENERATEBACKTOBACKTRADEYN|N|CHILDFORWARDPIPS||CHILDMARGINPIPS||SCALINGFACTOR||RISKSWEEPCLIENTSTRIKE|1480|INTERNALGROUPID||ORIGINALSETTLEMENTDATE||TEARUPID||ELECTEDCONFIRMATIONSYSTEM|PCA|ELECTEDCONFIRMATIONRULEID|1|PREVIOUSCONFIRMATIONSYSTEM|PCA|ELECTEDSETTLEMENTSYSTEM|PCA|ELECTEDSETTLEMENTRULEID|1|PREVIOUSSETTLEMENTSYSTEM|PCA|DRAWDOWNSTARTDATE||BACKOFFICEPROCESSING|Standard|CALCULATIONAGENT|DB|CLOSEDBY_PRODUCTID|169047171|CLOSES_PRODUCTID|169047171|LINK_PRODUCTID|169047171|PRODUCTTYPEID|NDFORWARD|BACKOFFICEENDDATE||BACKOFFICEEVENT||BACKOFFICEBRANCHACCEPTED||BACKOFFICEBRANCHEVENT||TRADETABLE|FXCASH|USERENTEREDTRADEDATE||BOOK_CPTY_CDRMNEMONIC|DTCH L  2TN|PROFIT_CENTRE|FNY0|BOOKBRANCHPARENT|Forward|HIGH_LEVEL_CPTY_CDRMNEMONIC|NYLFEN|HIGH_LEVEL_BOOK_CPTY_CDRM|DTCH L|BOOK_CPYT_SRC_SYSTEM|RMS|SUBBRANCH|NYC|CPTY_CDRMNEMONIC|NYLFEN|AMI_CODE|0840|BOOK_CPTY|NYFUSKR|PUBLICATIONTIME|2010-09-24 15:58:10.927|DBLEGALENTITY|London|ISLIVEYN|Y</Text>
</Message>
