<?xml version="1.0" encoding="UTF-8"?>
<Message>
    <SystemInfo>
        <JMSDestination>Topic[exodus.pipe.demo]</JMSDestination>
        <JMSReplyTo/>
        <JMSDeliveryMode>2</JMSDeliveryMode>
        <JMSRedelivered>false</JMSRedelivered>
        <JMSCorrelationID>null</JMSCorrelationID>
        <JMSType>null</JMSType>
        <JMSTimestamp>1285344094304</JMSTimestamp>
        <JMSExpiration>0</JMSExpiration>
        <JMSPriority>4</JMSPriority>
    </SystemInfo>
    <ApplicationInfo>
        <SYSTEMID>252724862</SYSTEMID>
        <TRADEGROUP>FXCASH</TRADEGROUP>
        <VERSION>6</VERSION>
        <COUNTERPARTY>SHI-3515368</COUNTERPARTY>
        <MESSAGE_TYPE>RMS_TRADE</MESSAGE_TYPE>
        <TRADETYPE>FxNonDeliverableForwardStruct</TRADETYPE>
        <BOOK>PMCHONSHONE</BOOK>
        <ACTION>NonEconomic</ACTION>
        <STATUS>Open</STATUS>
    </ApplicationInfo>
    <Text>SYSTEMID|252724862|TRADETYPE|FxNonDeliverableForwardStruct|TRADEID|144970043Q|SOURCESYSTEM|RMS|BOOK|PMCHONSHONE|BLOTTER||COUNTERPARTY|SHI-3515368|COUNTERPARTYSOURCESYSTEM|RMS|COUNTERPARTYNAME|FAW VOLKSWAGEN AUTOMOTIVE CO LTD|DBICOUNTERPARTYID||CUSTOMER|SHI-3515368|CUSTOMERSOURCESYSTEM|RMS|STATUS|Open|UNDERCURRENCY|XPD|ACCCURRENCY|USD|NOTIONAL|-508.97|ACCNOTIONAL|216821.22|DOMINANTNOTIONAL|Notional|STRIKE|426|STRIKEASENTERED||STRIKETERMSASENTERED||TRADERRATE||FIXING||FIXINGDATE|2010-09-10 00:00:00.000|EXPIRYDATE|2010-09-10 00:00:00.000|SETTLEMENTDATE|2010-09-14 00:00:00.000|FIXINGREFERENCE|PM/STBL|PAYCURRENCY||QUANTOLEVEL||ZONECUT|NY|MODELTYPE||FUTURECODE||FUTURESEXPIRYDATE||PREMIUMCURRENCY||PREMIUMDATE||PREMIUMAMOUNT||PREMIUMHASPAIDYN||UNWINDRATE||UNWINDPREMIUMCURRENCY||UNWINDPREMIUMAMOUNT||UNWINDPREMIUMDATE||MARGINPAYMENTCURRENCY||MARGINPAYMENTAMOUNT||PRODUCTID|250015399|PRODUCTVERSION|32|PRODUCTLEGID||STRUCTUREID|144970043|REFERENCESPOT||REFERENCEFORWARDPOINTS||REFERENCEVOLATILITY||REFERENCEDEPORATE||REFERENCEDEPOCURRENCY||REFERENCEDELTA||REFERENCEDELTACURRENCY||ASSETLOCATION|ZUR|TRADEDATE|2010-02-11 00:00:00.000|LASTUPDATED|2010-09-10 23:33:22.000|ACTION|NonEconomic|ACTIONEFFECTIVEDATE|2010-09-10 00:00:00.000|SOURCESYSTEMBOOK|PMCHONSHONE|SOURCESYSTEMPROFITCENTRE||SALESPERSON||TRADER||ENTEREDBY|WHIPAUL|FUNDSPLITID||FUNDSPLITVERSION||STRUCTURENAME||MARKUPAMT||MARKUPCCY||MARKUPLOCATION||ATRISKAMT||ATRISKCCY||ATRISKLOCATION||ATRISKINDICATOR||REASON||NOTES|Johnson Matthey Fixing|BROKER||BROKERAMT||BROKERCCY||LINKSYSTEMID||LINKTYPE||SOURCESYSTEMID|252724862|DATECREATED|2010-02-12 09:47:38.000|CONFIRMAS||VERSION|6|CANCELSSOURCESYSTEMID||CANCELLEDBYSOURCESYSTEMID||CANCELLINGHALFSOURCESYSTEMID||CORRECTSSOURCESYSTEMID||CORRECTEDBYSOURCESYSTEMID||CLOSESSOURCESYSTEMID||CLOSEDBYSOURCESYSTEMID||EXERCISEDINTOSOURCESYSTEMID||EXERCISEDFROMSOURCESYSTEMID||LATESTVERSIONYN|N|CLOSINGDATE||LEGALENTITY|London|DEALCAPTURESYSTEM|RMS|DEALCAPTURESYSTEMID|252724862|BOOKINGLOCATION|London|PRODUCTTYPE||PRODUCTINSTANCE||BACKOFFICESYSTEM||BACKOFFICESYSTEMID||VERSIONVALIDUNTILDATE|2010-09-10 23:45:31.000|TRADEEXTRADETAILID|0|TRADEEXTRADETAILVERSION|0|TRADECLASSIFICATION|1|DEALCAPTURESALESUSER|RMS_YONGMAR|FUNDSPLITALLOCATIONID||FUNDSPLITALLOCATIONLEGID||GENERATERISKSWEEPTRADEYN||RISKSWEEPTRADETYPE||RISKSWEEPSTRIKE||RISKSWEEPSETTLEMENTDATE||RISKSWEEPBOOK||RISKSWEEPUNDERCURRENCY||RISKSWEEPACCCURRENCY||RISKSWEEPLINKMASTERSYSTEMID||SPOTPRICINGLOCATION||FORWARDPRICINGLOCATION||SETTLEMENTLEGALENTITYLOCATION||LOCALLEGALENTITYSETTLEMENTYN|N|RISKHOLDINGBOOK||RISKHOLDINGLINKMASTERSYSTEMID||GENERATEBACKTOBACKTRADEYN|N|CHILDFORWARDPIPS||CHILDMARGINPIPS||SCALINGFACTOR||RISKSWEEPCLIENTSTRIKE||INTERNALGROUPID||ORIGINALSETTLEMENTDATE||TEARUPID||ELECTEDCONFIRMATIONSYSTEM|///|ELECTEDCONFIRMATIONRULEID|90|PREVIOUSCONFIRMATIONSYSTEM|///|ELECTEDSETTLEMENTSYSTEM|///|ELECTEDSETTLEMENTRULEID|90|PREVIOUSSETTLEMENTSYSTEM|///|DRAWDOWNSTARTDATE||BACKOFFICEPROCESSING|Standard|CALCULATIONAGENT|DB|CLOSEDBY_PRODUCTID|250015399|CLOSES_PRODUCTID|250015399|LINK_PRODUCTID|250015399|PRODUCTTYPEID|SHAN_COMMOD_COMPLEX|BACKOFFICEENDDATE||BACKOFFICEEVENT||BACKOFFICEBRANCHACCEPTED|N|BACKOFFICEBRANCHEVENT||TRADETABLE|FXCASH|USERENTEREDTRADEDATE||BOOK_CPTY_CDRMNEMONIC|DTCH SGH201|PROFIT_CENTRE|3281|BOOKBRANCHPARENT|Commodities|HIGH_LEVEL_CPTY_CDRMNEMONIC|FAWVAJIL|HIGH_LEVEL_BOOK_CPTY_CDRM|DTCH SGH|BOOK_CPYT_SRC_SYSTEM|RMS|SUBBRANCH|SHI|CPTY_CDRMNEMONIC|FAWVAJIL|AMI_CODE|0912|BOOK_CPTY|PMCHONSHONE|PUBLICATIONTIME|2010-09-24 16:01:34.303|DBLEGALENTITY|London|ISLIVEYN|Y</Text>
</Message>
