<?xml version="1.0" encoding="UTF-8"?>
<Message>
    <SystemInfo>
        <JMSDestination>Topic[exodus.pipe.demo]</JMSDestination>
        <JMSReplyTo/>
        <JMSDeliveryMode>2</JMSDeliveryMode>
        <JMSRedelivered>false</JMSRedelivered>
        <JMSCorrelationID>null</JMSCorrelationID>
        <JMSType>null</JMSType>
        <JMSTimestamp>1285343832737</JMSTimestamp>
        <JMSExpiration>0</JMSExpiration>
        <JMSPriority>4</JMSPriority>
    </SystemInfo>
    <ApplicationInfo>
        <SYSTEMID>202824870</SYSTEMID>
        <TRADEGROUP>FXOPTION</TRADEGROUP>
        <VERSION>21</VERSION>
        <COUNTERPARTY>CUWA</COUNTERPARTY>
        <MESSAGE_TYPE>RMS_TRADE</MESSAGE_TYPE>
        <TRADETYPE>FxNonDeliverableEuroOpt</TRADETYPE>
        <BOOK>WARRLNEXAUTO</BOOK>
        <ACTION>Economic</ACTION>
        <STATUS>Open</STATUS>
    </ApplicationInfo>
    <Text>SYSTEMID|202824870|TRADETYPE|FxNonDeliverableEuroOpt|TRADEID|117670888C|SOURCESYSTEM|RMS|BOOK|WARRLNEXAUTO|BLOTTER||COUNTERPARTY|CUWA|COUNTERPARTYSOURCESYSTEM|RMS|COUNTERPARTYNAME|T&amp;S CURRENCY WARRANT DESK|DBICOUNTERPARTYID||CUSTOMER|CUWA|CUSTOMERSOURCESYSTEM|RMS|STATUS|Open|UNDERCURRENCY|SEK|ACCCURRENCY|JPY|NOTIONAL|-25110000|ACCNOTIONAL|301688363.7|DOMINANTNOTIONAL|Notional|STRIKE|12.01467|SHIFTEDSTRIKE||STRIKEASENTERED||STRIKETERMSASENTERED||CP|C|EXPIRYDATE|2011-05-16 00:00:00.000|SHIFTEDEXPIRYDATE|2011-05-16 00:00:00.000|SETTLEMENTDATE|2011-05-30 00:00:00.000|PAYCURRENCY||QUANTOLEVEL||FIXINGREFERENCE|MANUAL|FIXING||FIXINGDATE|2011-05-16 00:00:00.000|FIXEDVOLATILITY||FORWARDSETTINGSTYLE||FORWARDSETTINGDATE||FORWARDREFERENCEDATE||OPTIMISESETTINGLEVELSYN||COMPOUNDEXPIRYDATE||COMPOUNDSTRIKE||COMPOUNDSTRIKECCY||COMPOUNDCP||CPRATIO||FIRSTEXERCISEDATE||LASTEXERCISEDATE||FIRSTSTRIKE||LASTSTRIKE||INVERSEINTERPOLATIONYN||AMERICANPERIOD||PREMIUMINTERMS||PREMIUMTERMS||PREMIUMCURRENCY||PREMIUMAMOUNT||PREMIUMDATE||PREMIUMCURRENCYASENTERED||PREMIUMAMOUNTASENTERED||PREMIUMHASPAIDYN||UNWINDRATE||UNWINDPREMIUMCURRENCY||UNWINDPREMIUMAMOUNT||UNWINDPREMIUMDATE||MARGINPAYMENTCURRENCY||MARGINPAYMENTAMOUNT||ZONECUT|ECB37|MODELTYPE||NUMTIMESTEPS||USEMINIMUMDENSITYYN||PRODUCTID|196811625|PRODUCTVERSION|1|PRODUCTLEGID||STRUCTUREID|117670888|REFERENCESPOT||REFERENCEFORWARDPOINTS||REFERENCEVOLATILITY||REFERENCEDEPORATE||REFERENCEDEPOCURRENCY||REFERENCEDELTA||REFERENCEDELTACURRENCY||ASSETLOCATION||TRADEDATE|2009-05-15 00:00:00.000|LASTUPDATED|2010-09-10 21:47:47.000|ACTION|Economic|ACTIONEFFECTIVEDATE|2010-09-10 00:00:00.000|SOURCESYSTEMBOOK|WARRLNEXAUTO|SOURCESYSTEMPROFITCENTRE||SALESPERSON||TRADER||ENTEREDBY|XOLBUS_SUBSCRIBER|FUNDSPLITID||FUNDSPLITVERSION||STRUCTURENAME||MARKUPAMT||MARKUPCCY||MARKUPLOCATION||ATRISKAMT||ATRISKCCY||ATRISKLOCATION||ATRISKINDICATOR||REASON|Warrant|NOTES|XOL DE000DB0R8N3 STRUCTURED|BROKER||BROKERAMT||BROKERCCY||LINKSYSTEMID||LINKTYPE||SOURCESYSTEMID|202824870|DATECREATED|2009-05-15 18:16:34.000|CONFIRMAS||VERSION|21|CANCELSSOURCESYSTEMID||CANCELLEDBYSOURCESYSTEMID||CANCELLINGHALFSOURCESYSTEMID||CORRECTSSOURCESYSTEMID||CORRECTEDBYSOURCESYSTEMID||CLOSESSOURCESYSTEMID||CLOSEDBYSOURCESYSTEMID||EXERCISEDINTOSOURCESYSTEMID||EXERCISEDFROMSOURCESYSTEMID||LATESTVERSIONYN|Y|CLOSINGDATE||LEGALENTITY|London|DEALCAPTURESYSTEM|XOL|DEALCAPTURESYSTEMID|DE000DB0R8N3|BOOKINGLOCATION|London|PRODUCTTYPE|CUWAWARR|PRODUCTINSTANCE||BACKOFFICESYSTEM||BACKOFFICESYSTEMID|DE000DB0R8N3|VERSIONVALIDUNTILDATE||TRADEEXTRADETAILID|0|TRADEEXTRADETAILVERSION|0|TRADECLASSIFICATION|1|DEALCAPTURESALESUSER|RMS_HARJRAK|FUNDSPLITALLOCATIONID||FUNDSPLITALLOCATIONLEGID||GENERATEBACKTOBACKTRADEYN|N|INTERNALGROUPID||ORIGINALSETTLEMENTDATE||TEARUPID||SETTLEMENTCURRENCY||AUTOPRICESTATUS||AUTOSPOT||AUTOFORWARDPOINTS||AUTOVOLATILITY||AUTODEPORATE||AUTODEPOCURRENCY||AUTODELTA||AUTODELTACURRENCY||AUTOPREMIUM||AUTOMARKUP||AUTOATRISK||ELECTEDCONFIRMATIONSYSTEM|///|ELECTEDCONFIRMATIONRULEID|79|PREVIOUSCONFIRMATIONSYSTEM|///|ELECTEDSETTLEMENTSYSTEM|///|ELECTEDSETTLEMENTRULEID|79|PREVIOUSSETTLEMENTSYSTEM|///|BACKOFFICEPROCESSING|Manual|CALCULATIONAGENT|DB|CLOSEDBY_PRODUCTID|196811625|CLOSES_PRODUCTID|196811625|LINK_PRODUCTID|196811625|PRODUCTTYPEID|WARRANT|BACKOFFICEENDDATE||BACKOFFICEEVENT||BACKOFFICEBRANCHACCEPTED||BACKOFFICEBRANCHEVENT||TRADETABLE|FXOPTION|USERENTEREDTRADEDATE||BOOK_CPTY_CDRMNEMONIC|DTCH L  6YO|PROFIT_CENTRE|SMT0|BOOKBRANCHPARENT|SMT|HIGH_LEVEL_CPTY_CDRMNEMONIC|DTCH F  113|HIGH_LEVEL_BOOK_CPTY_CDRM|DTCH L|BOOK_CPYT_SRC_SYSTEM|RMS|SUBBRANCH|LDN|CPTY_CDRMNEMONIC|DTCH F  113|AMI_CODE|0840|BOOK_CPTY|WARRLNEXAUTO|PUBLICATIONTIME|2010-09-24 15:57:12.736|DBLEGALENTITY|London|ISLIVEYN|Y</Text>
</Message>
