<?xml version="1.0" encoding="UTF-8"?>
<Message>
    <SystemInfo>
        <JMSDestination>Topic[exodus.pipe.demo]</JMSDestination>
        <JMSReplyTo/>
        <JMSDeliveryMode>2</JMSDeliveryMode>
        <JMSRedelivered>false</JMSRedelivered>
        <JMSCorrelationID>null</JMSCorrelationID>
        <JMSType>null</JMSType>
        <JMSTimestamp>1285344086793</JMSTimestamp>
        <JMSExpiration>0</JMSExpiration>
        <JMSPriority>4</JMSPriority>
    </SystemInfo>
    <ApplicationInfo>
        <SYSTEMID>310714674</SYSTEMID>
        <TRADEGROUP>FXONEBAROPTION</TRADEGROUP>
        <VERSION>1</VERSION>
        <COUNTERPARTY>WARREXHDG</COUNTERPARTY>
        <MESSAGE_TYPE>RMS_TRADE</MESSAGE_TYPE>
        <TRADETYPE>FxOneBarAmerOpt</TRADETYPE>
        <BOOK>INDOPT</BOOK>
        <ACTION>New</ACTION>
        <STATUS>Open</STATUS>
    </ApplicationInfo>
    <Text>SYSTEMID|310714674|TRADETYPE|FxOneBarAmerOpt|TRADEID|132927041J|SOURCESYSTEM|RMS|BOOK|INDOPT|BLOTTER||COUNTERPARTY|WARREXHDG|COUNTERPARTYSOURCESYSTEM|RMS|DBICOUNTERPARTYID||CUSTOMER|WARREXHDG|CUSTOMERSOURCESYSTEM|RMS|STATUS|Open|UNDERCURRENCY|CRP|ACCCURRENCY|USD|NOTIONAL|-0.05406899|ACCNOTIONAL|10.00000022|DOMINANTNOTIONAL|AccNotional|EXPIRYDATE|2015-11-02 00:00:00.000|SHIFTEDEXPIRYDATE||SETTLEMENTDATE|2015-11-04 00:00:00.000|FIXINGREFERENCE|SPOT|STRIKE|184.9489|SHIFTEDSTRIKE||CP|P|PAYCURRENCY||QUANTOLEVEL||NONDELIVERABLEYN||NONDELIVERABLEFIXINGDATE||BARRIER|184.9489|SHIFTEDBARRIER||BARRIERDIRECTION|L|BARRIERDATE||BARRIERSTARTDATE||BARRIERENDDATE||SHIFTEDBARRIERSTARTDATE||SHIFTEDBARRIERENDDATE||BARRIERFIXING||KNOCKINYN||KNOCKOUTREBATE||KNOCKINREBATE||INTRINSICREBATEYN||POSTPONEREBATEYN||FIXINGDATE||UPFIXING||LOWFIXING||FIXING||LASTFIXEDDATE||KNOCKEDOUTDATE||FORWARDSETTINGSTYLE||FORWARDSETTINGDATE||FORWARDREFERENCEDATE||OPTIMISESETTINGLEVELSYN||PREMIUMCURRENCY||PREMIUMAMOUNT|0|PREMIUMDATE||PREMIUMHASPAIDYN||UNWINDRATE||UNWINDPREMIUMCURRENCY||UNWINDPREMIUMAMOUNT||UNWINDPREMIUMDATE||MARGINPAYMENTCURRENCY||MARGINPAYMENTAMOUNT||ZONECUT|NY|MODELTYPE||NUMTIMESTEPS||USEMINIMUMDENSITYYN||PRODUCTID|302537612|PRODUCTVERSION|1|PRODUCTLEGID||STRUCTUREID|132927041|REFERENCESPOT||REFERENCEFORWARDPOINTS||REFERENCEVOLATILITY||REFERENCEDEPORATE||REFERENCEDEPOCURRENCY||REFERENCEDELTA||REFERENCEDELTACURRENCY||ASSETLOCATION||TRADEDATE|2010-09-08 00:00:00.000|LASTUPDATED|2010-09-08 17:43:56.000|ACTION|New|ACTIONEFFECTIVEDATE|2010-09-08 00:00:00.000|SOURCESYSTEMBOOK|INDOPT|SOURCESYSTEMPROFITCENTRE||SALESPERSON||TRADER||ENTEREDBY|STARJAM1|FUNDSPLITID||FUNDSPLITVERSION||STRUCTURENAME||MARKUPAMT||MARKUPCCY||MARKUPLOCATION||ATRISKAMT||ATRISKCCY||ATRISKLOCATION||ATRISKINDICATOR||REASON||NOTES|Dummy barrier to mointor stop loss on 92.5% x EUR 31.211mio DBCR+ at 184.9489|BROKER||BROKERAMT||BROKERCCY||LINKSYSTEMID|310714677|LINKTYPE|BackToBackMaster|SOURCESYSTEMID|310714674|DATECREATED|2010-09-08 17:43:56.000|CONFIRMAS||VERSION|1|CANCELSSOURCESYSTEMID||CANCELLEDBYSOURCESYSTEMID||CANCELLINGHALFSOURCESYSTEMID||CORRECTSSOURCESYSTEMID||CORRECTEDBYSOURCESYSTEMID||CLOSESSOURCESYSTEMID||CLOSEDBYSOURCESYSTEMID||EXERCISEDINTOSOURCESYSTEMID||EXERCISEDFROMSOURCESYSTEMID||LATESTVERSIONYN|Y|CLOSINGDATE||LEGALENTITY|London|DEALCAPTURESYSTEM|RMS|DEALCAPTURESYSTEMID|310714674|BOOKINGLOCATION|London|PRODUCTTYPE||PRODUCTINSTANCE||BACKOFFICESYSTEM||BACKOFFICESYSTEMID||VERSIONVALIDUNTILDATE||TRADEEXTRADETAILID|0|TRADEEXTRADETAILVERSION|0|TRADECLASSIFICATION|1|DEALCAPTURESALESUSER|RMS_STARJAM1|FUNDSPLITALLOCATIONID||FUNDSPLITALLOCATIONLEGID||TEARUPID||ELECTEDCONFIRMATIONSYSTEM|///|ELECTEDCONFIRMATIONRULEID|78|PREVIOUSCONFIRMATIONSYSTEM|NNN|ELECTEDSETTLEMENTSYSTEM|///|ELECTEDSETTLEMENTRULEID|78|PREVIOUSSETTLEMENTSYSTEM|NNN|BACKOFFICEPROCESSING|Manual|CALCULATIONAGENT|DB|CLOSEDBY_PRODUCTID|302537612|CLOSES_PRODUCTID|302537612|LINK_PRODUCTID|302537612|PRODUCTTYPEID|INTERNAL|BACKOFFICEENDDATE||BACKOFFICEEVENT||BACKOFFICEBRANCHACCEPTED||BACKOFFICEBRANCHEVENT||TRADETABLE|FXONEBAROPTION|USERENTEREDTRADEDATE||BOOK_CPTY_CDRMNEMONIC|DTCH L  V33|PROFIT_CENTRE|FGO0|BOOKBRANCHPARENT|Global|HIGH_LEVEL_CPTY_CDRMNEMONIC|DTCH L|HIGH_LEVEL_BOOK_CPTY_CDRM|DTCH L|BOOK_CPYT_SRC_SYSTEM|RMS|COUNTERPARTYNAME|WARREXHDG|SUBBRANCH|LDN|CPTY_CDRMNEMONIC|DTCH L  VP7|AMI_CODE|0840|BOOK_CPTY|INDOPT|PUBLICATIONTIME|2010-09-24 16:01:26.792|DBLEGALENTITY|London|ISLIVEYN|Y</Text>
</Message>
