<?xml version="1.0" encoding="UTF-8"?>
<Message>
    <SystemInfo>
        <JMSDestination>Topic[exodus.pipe.demo]</JMSDestination>
        <JMSReplyTo/>
        <JMSDeliveryMode>2</JMSDeliveryMode>
        <JMSRedelivered>false</JMSRedelivered>
        <JMSCorrelationID>null</JMSCorrelationID>
        <JMSType>null</JMSType>
        <JMSTimestamp>1285343831296</JMSTimestamp>
        <JMSExpiration>0</JMSExpiration>
        <JMSPriority>4</JMSPriority>
    </SystemInfo>
    <ApplicationInfo>
        <SYSTEMID>182170666</SYSTEMID>
        <TRADEGROUP>FXONEBAROPTION</TRADEGROUP>
        <VERSION>972</VERSION>
        <COUNTERPARTY>CUWA</COUNTERPARTY>
        <MESSAGE_TYPE>RMS_TRADE</MESSAGE_TYPE>
        <TRADETYPE>FxOneBarEuroOpt</TRADETYPE>
        <BOOK>WARRFTWAVE</BOOK>
        <ACTION>Economic</ACTION>
        <STATUS>Open</STATUS>
    </ApplicationInfo>
    <Text>SYSTEMID|182170666|TRADETYPE|FxOneBarEuroOpt|TRADEID|104858801A|SOURCESYSTEM|RMS|BOOK|WARRFTWAVE|BLOTTER||COUNTERPARTY|CUWA|COUNTERPARTYSOURCESYSTEM|RMS|DBICOUNTERPARTYID||CUSTOMER|CUWA|CUSTOMERSOURCESYSTEM||STATUS|Open|UNDERCURRENCY|EUR|ACCCURRENCY|PLN|NOTIONAL|-222500|ACCNOTIONAL|833719.096288031507846907178082191780789|DOMINANTNOTIONAL||EXPIRYDATE|2010-09-06 00:00:00.000|SHIFTEDEXPIRYDATE||SETTLEMENTDATE|2010-09-08 00:00:00.000|FIXINGREFERENCE|WarrantPricer|STRIKE|3.7470521181484562150422794520547945204|SHIFTEDSTRIKE||CP|C|PAYCURRENCY||QUANTOLEVEL||NONDELIVERABLEYN||NONDELIVERABLEFIXINGDATE||BARRIER|3.774|SHIFTEDBARRIER||BARRIERDIRECTION|L|BARRIERDATE||BARRIERSTARTDATE|2009-01-08 15:36:44.000|BARRIERENDDATE|2010-08-17 00:00:00.000|SHIFTEDBARRIERSTARTDATE||SHIFTEDBARRIERENDDATE||BARRIERFIXING||KNOCKINYN||KNOCKOUTREBATE||KNOCKINREBATE||INTRINSICREBATEYN|Y|POSTPONEREBATEYN||FIXINGDATE||UPFIXING||LOWFIXING||FIXING||LASTFIXEDDATE||KNOCKEDOUTDATE||FORWARDSETTINGSTYLE||FORWARDSETTINGDATE||FORWARDREFERENCEDATE||OPTIMISESETTINGLEVELSYN||PREMIUMCURRENCY||PREMIUMAMOUNT|0|PREMIUMDATE||PREMIUMHASPAIDYN||UNWINDRATE||UNWINDPREMIUMCURRENCY||UNWINDPREMIUMAMOUNT||UNWINDPREMIUMDATE||MARGINPAYMENTCURRENCY||MARGINPAYMENTAMOUNT||ZONECUT|FT|MODELTYPE|FDIFF|NUMTIMESTEPS||USEMINIMUMDENSITYYN||PRODUCTID|176492715|PRODUCTVERSION|1|PRODUCTLEGID||STRUCTUREID|104858801|REFERENCESPOT||REFERENCEFORWARDPOINTS||REFERENCEVOLATILITY||REFERENCEDEPORATE||REFERENCEDEPOCURRENCY||REFERENCEDELTA||REFERENCEDELTACURRENCY||ASSETLOCATION||TRADEDATE|2009-01-08 15:36:44.000|LASTUPDATED|2010-09-03 20:35:00.000|ACTION|Economic|ACTIONEFFECTIVEDATE|2010-09-03 00:00:00.000|SOURCESYSTEMBOOK|WARRFFT|SOURCESYSTEMPROFITCENTRE|WARRFTWAVEWAR|SALESPERSON||TRADER||ENTEREDBY|XOLBUS_SUBSCRIBER|FUNDSPLITID||FUNDSPLITVERSION||STRUCTURENAME||MARKUPAMT||MARKUPCCY||MARKUPLOCATION||ATRISKAMT||ATRISKCCY||ATRISKLOCATION||ATRISKINDICATOR||REASON|Warrant|NOTES|XOL DE000DB57WF0 WAVEXXL|BROKER||BROKERAMT||BROKERCCY||LINKSYSTEMID||LINKTYPE||SOURCESYSTEMID|28097|DATECREATED|2009-01-07 22:58:12.000|CONFIRMAS||VERSION|972|CANCELSSOURCESYSTEMID||CANCELLEDBYSOURCESYSTEMID||CANCELLINGHALFSOURCESYSTEMID||CORRECTSSOURCESYSTEMID||CORRECTEDBYSOURCESYSTEMID||CLOSESSOURCESYSTEMID||CLOSEDBYSOURCESYSTEMID||EXERCISEDINTOSOURCESYSTEMID||EXERCISEDFROMSOURCESYSTEMID||LATESTVERSIONYN|N|CLOSINGDATE||LEGALENTITY|Frankfurt|DEALCAPTURESYSTEM|XOL|DEALCAPTURESYSTEMID|DE000DB57WF0|BOOKINGLOCATION|Frankfurt|PRODUCTTYPE|CUWAWARR|PRODUCTINSTANCE||BACKOFFICESYSTEM||BACKOFFICESYSTEMID||VERSIONVALIDUNTILDATE|2010-09-06 13:21:11.000|TRADEEXTRADETAILID||TRADEEXTRADETAILVERSION||TRADECLASSIFICATION|1|DEALCAPTURESALESUSER||FUNDSPLITALLOCATIONID||FUNDSPLITALLOCATIONLEGID||TEARUPID||ELECTEDCONFIRMATIONSYSTEM|///|ELECTEDCONFIRMATIONRULEID|78|PREVIOUSCONFIRMATIONSYSTEM|///|ELECTEDSETTLEMENTSYSTEM|///|ELECTEDSETTLEMENTRULEID|78|PREVIOUSSETTLEMENTSYSTEM|///|BACKOFFICEPROCESSING||CALCULATIONAGENT|DB|CLOSEDBY_PRODUCTID|176492715|CLOSES_PRODUCTID|176492715|LINK_PRODUCTID|176492715|PRODUCTTYPEID|WARRANT|BACKOFFICEENDDATE||BACKOFFICEEVENT||BACKOFFICEBRANCHACCEPTED||BACKOFFICEBRANCHEVENT||TRADETABLE|FXONEBAROPTION|USERENTEREDTRADEDATE||BOOK_CPTY_CDRMNEMONIC|DTCH L  I2G|PROFIT_CENTRE|01772100|BOOKBRANCHPARENT|Global|HIGH_LEVEL_CPTY_CDRMNEMONIC|DTCH F  113|HIGH_LEVEL_BOOK_CPTY_CDRM|DTCH L|BOOK_CPYT_SRC_SYSTEM|RMS|COUNTERPARTYNAME|T&amp;S CURRENCY WARRANT DESK|SUBBRANCH|FFT|CPTY_CDRMNEMONIC|DTCH F  113|AMI_CODE|0100|BOOK_CPTY|WARRFTWAVE|PUBLICATIONTIME|2010-09-24 15:57:11.295|DBLEGALENTITY|Frankfurt|ISLIVEYN|Y</Text>
</Message>
