<?xml version="1.0" encoding="UTF-8"?>
<Message>
    <SystemInfo>
        <JMSDestination>Topic[exodus.pipe.demo]</JMSDestination>
        <JMSReplyTo/>
        <JMSDeliveryMode>2</JMSDeliveryMode>
        <JMSRedelivered>false</JMSRedelivered>
        <JMSCorrelationID>null</JMSCorrelationID>
        <JMSType>null</JMSType>
        <JMSTimestamp>1285343901210</JMSTimestamp>
        <JMSExpiration>0</JMSExpiration>
        <JMSPriority>4</JMSPriority>
    </SystemInfo>
    <ApplicationInfo>
        <SYSTEMID>207772711</SYSTEMID>
        <TRADEGROUP>FXONEBAROPTION</TRADEGROUP>
        <VERSION>7</VERSION>
        <COUNTERPARTY>DEUX</COUNTERPARTY>
        <MESSAGE_TYPE>RMS_TRADE</MESSAGE_TYPE>
        <TRADETYPE>FxOneBarWindowOneTouchOpt</TRADETYPE>
        <BOOK>EURGEN</BOOK>
        <ACTION>Expired</ACTION>
        <STATUS>Expired</STATUS>
    </ApplicationInfo>
    <Text>SYSTEMID|207772711|TRADETYPE|FxOneBarWindowOneTouchOpt|TRADEID|120662215E|SOURCESYSTEM|RMS|BOOK|EURGEN|BLOTTER||COUNTERPARTY|DEUX|COUNTERPARTYSOURCESYSTEM|RMS|DBICOUNTERPARTYID||CUSTOMER|LORQ|CUSTOMERSOURCESYSTEM|RMS|STATUS|Expired|UNDERCURRENCY|EUR|ACCCURRENCY|GBP|NOTIONAL|54520|ACCNOTIONAL||DOMINANTNOTIONAL||EXPIRYDATE|2010-09-15 00:00:00.000|SHIFTEDEXPIRYDATE||SETTLEMENTDATE|2010-09-20 00:00:00.000|FIXINGREFERENCE|SPOT|STRIKE||SHIFTEDSTRIKE||CP||PAYCURRENCY|EUR|QUANTOLEVEL|1|NONDELIVERABLEYN||NONDELIVERABLEFIXINGDATE||BARRIER|0.94|SHIFTEDBARRIER||BARRIERDIRECTION|U|BARRIERDATE||BARRIERSTARTDATE|2010-06-16 00:00:00.000|BARRIERENDDATE|2010-09-15 00:00:00.000|SHIFTEDBARRIERSTARTDATE||SHIFTEDBARRIERENDDATE||BARRIERFIXING||KNOCKINYN||KNOCKOUTREBATE||KNOCKINREBATE||INTRINSICREBATEYN||POSTPONEREBATEYN|Y|FIXINGDATE||UPFIXING||LOWFIXING||FIXING||LASTFIXEDDATE||KNOCKEDOUTDATE||FORWARDSETTINGSTYLE||FORWARDSETTINGDATE||FORWARDREFERENCEDATE||OPTIMISESETTINGLEVELSYN||PREMIUMCURRENCY||PREMIUMAMOUNT|0|PREMIUMDATE||PREMIUMHASPAIDYN||UNWINDRATE||UNWINDPREMIUMCURRENCY||UNWINDPREMIUMAMOUNT||UNWINDPREMIUMDATE||MARGINPAYMENTCURRENCY||MARGINPAYMENTAMOUNT||ZONECUT|NY|MODELTYPE|FDIFF|NUMTIMESTEPS||USEMINIMUMDENSITYYN||PRODUCTID|201689892|PRODUCTVERSION|25|PRODUCTLEGID||STRUCTUREID|120662215|REFERENCESPOT||REFERENCEFORWARDPOINTS||REFERENCEVOLATILITY||REFERENCEDEPORATE||REFERENCEDEPOCURRENCY||REFERENCEDELTA||REFERENCEDELTACURRENCY||ASSETLOCATION||TRADEDATE|2009-06-17 00:00:00.000|LASTUPDATED|2010-09-15 22:12:41.000|ACTION|Expired|ACTIONEFFECTIVEDATE|2010-09-15 00:00:00.000|SOURCESYSTEMBOOK|EURGEN|SOURCESYSTEMPROFITCENTRE||SALESPERSON||TRADER||ENTEREDBY|SFEIEDD|FUNDSPLITID||FUNDSPLITVERSION||STRUCTURENAME||MARKUPAMT||MARKUPCCY||MARKUPLOCATION||ATRISKAMT||ATRISKCCY||ATRISKLOCATION||ATRISKINDICATOR||REASON||NOTES|Linked to RMS 83615267|BROKER||BROKERAMT||BROKERCCY||LINKSYSTEMID||LINKTYPE||SOURCESYSTEMID|207772711|DATECREATED|2009-06-17 18:04:05.000|CONFIRMAS||VERSION|7|CANCELSSOURCESYSTEMID||CANCELLEDBYSOURCESYSTEMID||CANCELLINGHALFSOURCESYSTEMID||CORRECTSSOURCESYSTEMID||CORRECTEDBYSOURCESYSTEMID||CLOSESSOURCESYSTEMID||CLOSEDBYSOURCESYSTEMID||EXERCISEDINTOSOURCESYSTEMID||EXERCISEDFROMSOURCESYSTEMID||LATESTVERSIONYN|Y|CLOSINGDATE||LEGALENTITY|London|DEALCAPTURESYSTEM|RMS|DEALCAPTURESYSTEMID|207772711|BOOKINGLOCATION|London|PRODUCTTYPE||PRODUCTINSTANCE||BACKOFFICESYSTEM||BACKOFFICESYSTEMID||VERSIONVALIDUNTILDATE||TRADEEXTRADETAILID|0|TRADEEXTRADETAILVERSION|0|TRADECLASSIFICATION|1|DEALCAPTURESALESUSER|RMS_HARJRAK|FUNDSPLITALLOCATIONID||FUNDSPLITALLOCATIONLEGID||TEARUPID||ELECTEDCONFIRMATIONSYSTEM|///|ELECTEDCONFIRMATIONRULEID|78|PREVIOUSCONFIRMATIONSYSTEM|///|ELECTEDSETTLEMENTSYSTEM|///|ELECTEDSETTLEMENTRULEID|78|PREVIOUSSETTLEMENTSYSTEM|///|BACKOFFICEPROCESSING|Standard|CALCULATIONAGENT|DB|CLOSEDBY_PRODUCTID|201689892|CLOSES_PRODUCTID|201689892|LINK_PRODUCTID|201689892|PRODUCTTYPEID|SWAPFXRATES|BACKOFFICEENDDATE||BACKOFFICEEVENT||BACKOFFICEBRANCHACCEPTED|Y|BACKOFFICEBRANCHEVENT||TRADETABLE|FXONEBAROPTION|USERENTEREDTRADEDATE||BOOK_CPTY_CDRMNEMONIC|DTCH L  4LM|PROFIT_CENTRE|FGO0|BOOKBRANCHPARENT|Global|HIGH_LEVEL_CPTY_CDRMNEMONIC|DBES MAD|HIGH_LEVEL_BOOK_CPTY_CDRM|DTCH L|BOOK_CPYT_SRC_SYSTEM|RMS|COUNTERPARTYNAME|DEUTSCHE BANK S.A.E.|SUBBRANCH|LDN|CPTY_CDRMNEMONIC|DBES MAD|AMI_CODE|0840|BOOK_CPTY|EURGEN|PUBLICATIONTIME|2010-09-24 15:58:21.209|DBLEGALENTITY|London|ISLIVEYN|N</Text>
</Message>
