<?xml version="1.0" encoding="UTF-8"?>
<Message>
    <SystemInfo>
        <JMSDestination>Topic[exodus.pipe.demo]</JMSDestination>
        <JMSReplyTo/>
        <JMSDeliveryMode>2</JMSDeliveryMode>
        <JMSRedelivered>false</JMSRedelivered>
        <JMSCorrelationID>null</JMSCorrelationID>
        <JMSType>null</JMSType>
        <JMSTimestamp>1285343835527</JMSTimestamp>
        <JMSExpiration>0</JMSExpiration>
        <JMSPriority>4</JMSPriority>
    </SystemInfo>
    <ApplicationInfo>
        <SYSTEMID>301062683</SYSTEMID>
        <TRADEGROUP>FXONEBAROPTION</TRADEGROUP>
        <VERSION>37</VERSION>
        <COUNTERPARTY>CTZPB</COUNTERPARTY>
        <MESSAGE_TYPE>RMS_TRADE</MESSAGE_TYPE>
        <TRADETYPE>FxOneBarDigitalOpt</TRADETYPE>
        <BOOK>GIDR</BOOK>
        <ACTION>Fixed</ACTION>
        <STATUS>Open</STATUS>
    </ApplicationInfo>
    <Text>SYSTEMID|301062683|TRADETYPE|FxOneBarDigitalOpt|TRADEID|171087682B|SOURCESYSTEM|RMS|BOOK|GIDR|BLOTTER||COUNTERPARTY|CTZPB|COUNTERPARTYSOURCESYSTEM|RMS|DBICOUNTERPARTYID||CUSTOMER|CTZPB|CUSTOMERSOURCESYSTEM|RMS|STATUS|Open|UNDERCURRENCY|USD|ACCCURRENCY|IDO|NOTIONAL|600000000|ACCNOTIONAL|-6060000000000|DOMINANTNOTIONAL||EXPIRYDATE|2011-07-28 00:00:00.000|SHIFTEDEXPIRYDATE||SETTLEMENTDATE|2011-08-01 00:00:00.000|FIXINGREFERENCE|ABSIRFIX01|STRIKE|10100|SHIFTEDSTRIKE||CP|C|PAYCURRENCY||QUANTOLEVEL||NONDELIVERABLEYN||NONDELIVERABLEFIXINGDATE||BARRIER|8800|SHIFTEDBARRIER||BARRIERDIRECTION|L|BARRIERDATE||BARRIERSTARTDATE||BARRIERENDDATE||SHIFTEDBARRIERSTARTDATE||SHIFTEDBARRIERENDDATE||BARRIERFIXING||KNOCKINYN||KNOCKOUTREBATE||KNOCKINREBATE||INTRINSICREBATEYN||POSTPONEREBATEYN||FIXINGDATE||UPFIXING|9043|LOWFIXING|8939|FIXING|9017|LASTFIXEDDATE|2010-09-03 00:00:00.000|KNOCKEDOUTDATE||FORWARDSETTINGSTYLE||FORWARDSETTINGDATE||FORWARDREFERENCEDATE||OPTIMISESETTINGLEVELSYN||PREMIUMCURRENCY||PREMIUMAMOUNT|0|PREMIUMDATE||PREMIUMHASPAIDYN||UNWINDRATE||UNWINDPREMIUMCURRENCY||UNWINDPREMIUMAMOUNT||UNWINDPREMIUMDATE||MARGINPAYMENTCURRENCY||MARGINPAYMENTAMOUNT||ZONECUT|IR|MODELTYPE||NUMTIMESTEPS||USEMINIMUMDENSITYYN||PRODUCTID|293098935|PRODUCTVERSION|6|PRODUCTLEGID||STRUCTUREID|171087682|REFERENCESPOT|8998|REFERENCEFORWARDPOINTS|423.721775724573|REFERENCEVOLATILITY|11.414576488486|REFERENCEDEPORATE|0.529875466448|REFERENCEDEPOCURRENCY|USD|REFERENCEDELTA|0.67332490463792|REFERENCEDELTACURRENCY|USD|ASSETLOCATION||TRADEDATE|2010-07-29 00:00:00.000|LASTUPDATED|2010-09-03 11:46:46.000|ACTION|Fixed|ACTIONEFFECTIVEDATE|2010-09-03 00:00:00.000|SOURCESYSTEMBOOK|GIDR|SOURCESYSTEMPROFITCENTRE||SALESPERSON|SEOWJEN|TRADER||ENTEREDBY|FLOMARI|FUNDSPLITID||FUNDSPLITVERSION||STRUCTURENAME||MARKUPAMT||MARKUPCCY||MARKUPLOCATION||ATRISKAMT||ATRISKCCY||ATRISKLOCATION||ATRISKINDICATOR||REASON||NOTES||BROKER||BROKERAMT||BROKERCCY||LINKSYSTEMID||LINKTYPE||SOURCESYSTEMID|301062683|DATECREATED|2010-07-29 17:15:54.000|CONFIRMAS||VERSION|37|CANCELSSOURCESYSTEMID||CANCELLEDBYSOURCESYSTEMID||CANCELLINGHALFSOURCESYSTEMID||CORRECTSSOURCESYSTEMID||CORRECTEDBYSOURCESYSTEMID||CLOSESSOURCESYSTEMID||CLOSEDBYSOURCESYSTEMID||EXERCISEDINTOSOURCESYSTEMID||EXERCISEDFROMSOURCESYSTEMID||LATESTVERSIONYN|N|CLOSINGDATE||LEGALENTITY|London|DEALCAPTURESYSTEM|FXPricer(Sales)|DEALCAPTURESYSTEMID|301062683|BOOKINGLOCATION|London|PRODUCTTYPE||PRODUCTINSTANCE||BACKOFFICESYSTEM||BACKOFFICESYSTEMID||VERSIONVALIDUNTILDATE|2010-09-06 11:42:16.000|TRADEEXTRADETAILID|0|TRADEEXTRADETAILVERSION|0|TRADECLASSIFICATION|2|DEALCAPTURESALESUSER|FXPRICERSALES_SEOWJEN|FUNDSPLITALLOCATIONID||FUNDSPLITALLOCATIONLEGID||TEARUPID||ELECTEDCONFIRMATIONSYSTEM|///|ELECTEDCONFIRMATIONRULEID|78|PREVIOUSCONFIRMATIONSYSTEM|///|ELECTEDSETTLEMENTSYSTEM|///|ELECTEDSETTLEMENTRULEID|78|PREVIOUSSETTLEMENTSYSTEM|///|BACKOFFICEPROCESSING|Manual|CALCULATIONAGENT|DB|CLOSEDBY_PRODUCTID|293098935|CLOSES_PRODUCTID|293098935|LINK_PRODUCTID|293098935|PRODUCTTYPEID|EKIKO|BACKOFFICEENDDATE||BACKOFFICEEVENT||BACKOFFICEBRANCHACCEPTED||BACKOFFICEBRANCHEVENT||TRADETABLE|FXONEBAROPTION|USERENTEREDTRADEDATE||BOOK_CPTY_CDRMNEMONIC|DTCH L  L43|PROFIT_CENTRE|FGO0|BOOKBRANCHPARENT|Global|HIGH_LEVEL_CPTY_CDRMNEMONIC|CITI Z  004|HIGH_LEVEL_BOOK_CPTY_CDRM|DTCH L|BOOK_CPYT_SRC_SYSTEM|RMS|COUNTERPARTYNAME|CITIBANK NA AC ZURICH PRIVATE BANKING|SUBBRANCH|LDN|CPTY_CDRMNEMONIC|CITI Z  004|AMI_CODE|0840|BOOK_CPTY|GIDR|PUBLICATIONTIME|2010-09-24 15:57:15.526|DBLEGALENTITY|London|ISLIVEYN|Y</Text>
</Message>
