<?xml version="1.0" encoding="UTF-8"?>
<Message>
    <SystemInfo>
        <JMSDestination>Topic[exodus.pipe.demo]</JMSDestination>
        <JMSReplyTo/>
        <JMSDeliveryMode>2</JMSDeliveryMode>
        <JMSRedelivered>false</JMSRedelivered>
        <JMSCorrelationID>null</JMSCorrelationID>
        <JMSType>null</JMSType>
        <JMSTimestamp>1285343784461</JMSTimestamp>
        <JMSExpiration>0</JMSExpiration>
        <JMSPriority>4</JMSPriority>
    </SystemInfo>
    <ApplicationInfo>
        <SYSTEMID>309672119</SYSTEMID>
        <TRADEGROUP>FXONEBAROPTION</TRADEGROUP>
        <VERSION>2</VERSION>
        <COUNTERPARTY>RZBV</COUNTERPARTY>
        <MESSAGE_TYPE>RMS_TRADE</MESSAGE_TYPE>
        <TRADETYPE>FxOneBarWindowEuroOpt</TRADETYPE>
        <BOOK>GHUF</BOOK>
        <ACTION>New</ACTION>
        <STATUS>Open</STATUS>
    </ApplicationInfo>
    <Text>SYSTEMID|309672119|TRADETYPE|FxOneBarWindowEuroOpt|TRADEID|140335340AA|SOURCESYSTEM|RMS|BOOK|GHUF|BLOTTER||COUNTERPARTY|RZBV|COUNTERPARTYSOURCESYSTEM|RMS|DBICOUNTERPARTYID||CUSTOMER|RZBV|CUSTOMERSOURCESYSTEM|RMS|STATUS|Open|UNDERCURRENCY|CHF|ACCCURRENCY|HUF|NOTIONAL|505555.56|ACCNOTIONAL|-101111112|DOMINANTNOTIONAL|Notional|EXPIRYDATE|2015-09-03 00:00:00.000|SHIFTEDEXPIRYDATE||SETTLEMENTDATE|2015-09-07 00:00:00.000|FIXINGREFERENCE|SPOT|STRIKE|200|SHIFTEDSTRIKE||CP|C|PAYCURRENCY|CHF|QUANTOLEVEL|0.005|NONDELIVERABLEYN||NONDELIVERABLEFIXINGDATE||BARRIER|176.15|SHIFTEDBARRIER||BARRIERDIRECTION|L|BARRIERDATE||BARRIERSTARTDATE|2011-03-03 00:00:00.000|BARRIERENDDATE|2015-09-03 00:00:00.000|SHIFTEDBARRIERSTARTDATE||SHIFTEDBARRIERENDDATE||BARRIERFIXING||KNOCKINYN||KNOCKOUTREBATE||KNOCKINREBATE||INTRINSICREBATEYN||POSTPONEREBATEYN||FIXINGDATE||UPFIXING||LOWFIXING||FIXING||LASTFIXEDDATE||KNOCKEDOUTDATE||FORWARDSETTINGSTYLE||FORWARDSETTINGDATE||FORWARDREFERENCEDATE||OPTIMISESETTINGLEVELSYN||PREMIUMCURRENCY||PREMIUMAMOUNT|0|PREMIUMDATE||PREMIUMHASPAIDYN||UNWINDRATE||UNWINDPREMIUMCURRENCY||UNWINDPREMIUMAMOUNT||UNWINDPREMIUMDATE||MARGINPAYMENTCURRENCY||MARGINPAYMENTAMOUNT||ZONECUT|ECB37|MODELTYPE||NUMTIMESTEPS||USEMINIMUMDENSITYYN||PRODUCTID|301961944|PRODUCTVERSION|3|PRODUCTLEGID||STRUCTUREID|140335340|REFERENCESPOT||REFERENCEFORWARDPOINTS||REFERENCEVOLATILITY||REFERENCEDEPORATE||REFERENCEDEPOCURRENCY||REFERENCEDELTA||REFERENCEDELTACURRENCY||ASSETLOCATION||TRADEDATE|2010-09-02 00:00:00.000|LASTUPDATED|2010-09-03 01:25:42.000|ACTION|New|ACTIONEFFECTIVEDATE|2010-09-03 01:25:42.000|SOURCESYSTEMBOOK|GHUF|SOURCESYSTEMPROFITCENTRE||SALESPERSON||TRADER||ENTEREDBY|HARJRAK|FUNDSPLITID||FUNDSPLITVERSION||STRUCTURENAME||MARKUPAMT||MARKUPCCY||MARKUPLOCATION||ATRISKAMT||ATRISKCCY||ATRISKLOCATION||ATRISKINDICATOR||REASON||NOTES||BROKER||BROKERAMT||BROKERCCY||LINKSYSTEMID||LINKTYPE||SOURCESYSTEMID|309672119|DATECREATED|2010-09-03 01:24:12.000|CONFIRMAS||VERSION|2|CANCELSSOURCESYSTEMID||CANCELLEDBYSOURCESYSTEMID||CANCELLINGHALFSOURCESYSTEMID||CORRECTSSOURCESYSTEMID||CORRECTEDBYSOURCESYSTEMID||CLOSESSOURCESYSTEMID||CLOSEDBYSOURCESYSTEMID||EXERCISEDINTOSOURCESYSTEMID||EXERCISEDFROMSOURCESYSTEMID||LATESTVERSIONYN|Y|CLOSINGDATE||LEGALENTITY|London|DEALCAPTURESYSTEM|RMS|DEALCAPTURESYSTEMID|309672119|BOOKINGLOCATION|London|PRODUCTTYPE||PRODUCTINSTANCE||BACKOFFICESYSTEM||BACKOFFICESYSTEMID||VERSIONVALIDUNTILDATE||TRADEEXTRADETAILID|0|TRADEEXTRADETAILVERSION|0|TRADECLASSIFICATION|1|DEALCAPTURESALESUSER|RMS_HARJRAK|FUNDSPLITALLOCATIONID||FUNDSPLITALLOCATIONLEGID||TEARUPID||ELECTEDCONFIRMATIONSYSTEM|///|ELECTEDCONFIRMATIONRULEID|78|PREVIOUSCONFIRMATIONSYSTEM|///|ELECTEDSETTLEMENTSYSTEM|///|ELECTEDSETTLEMENTRULEID|78|PREVIOUSSETTLEMENTSYSTEM|///|BACKOFFICEPROCESSING|Manual|CALCULATIONAGENT|DB|CLOSEDBY_PRODUCTID|301961944|CLOSES_PRODUCTID|301961944|LINK_PRODUCTID|301961944|PRODUCTTYPEID|SWAPFXRATES|BACKOFFICEENDDATE||BACKOFFICEEVENT||BACKOFFICEBRANCHACCEPTED||BACKOFFICEBRANCHEVENT||TRADETABLE|FXONEBAROPTION|USERENTEREDTRADEDATE||BOOK_CPTY_CDRMNEMONIC|DTCH L  Q07|PROFIT_CENTRE|FGO0|BOOKBRANCHPARENT|Global|HIGH_LEVEL_CPTY_CDRMNEMONIC|RAFZBVIE|HIGH_LEVEL_BOOK_CPTY_CDRM|DTCH L|BOOK_CPYT_SRC_SYSTEM|RMS|COUNTERPARTYNAME|RAIFFEISEN ZENTRALBANK OSTERREICH AG (VIENNA)|SUBBRANCH|LDN|CPTY_CDRMNEMONIC|RAFZBVIE|AMI_CODE|0840|BOOK_CPTY|GHUF|PUBLICATIONTIME|2010-09-24 15:56:24.459|DBLEGALENTITY|London|ISLIVEYN|Y</Text>
</Message>
