<?xml version="1.0" encoding="UTF-8"?>
<Message>
    <SystemInfo>
        <JMSDestination>Topic[exodus.pipe.demo]</JMSDestination>
        <JMSReplyTo/>
        <JMSDeliveryMode>2</JMSDeliveryMode>
        <JMSRedelivered>false</JMSRedelivered>
        <JMSCorrelationID>null</JMSCorrelationID>
        <JMSType>null</JMSType>
        <JMSTimestamp>1285344094862</JMSTimestamp>
        <JMSExpiration>0</JMSExpiration>
        <JMSPriority>4</JMSPriority>
    </SystemInfo>
    <ApplicationInfo>
        <SYSTEMID>258325921</SYSTEMID>
        <TRADEGROUP>FXONEBAROPTION</TRADEGROUP>
        <VERSION>4</VERSION>
        <COUNTERPARTY>NBAD</COUNTERPARTY>
        <MESSAGE_TYPE>RMS_TRADE</MESSAGE_TYPE>
        <TRADETYPE>FxOneBarWindowDigitalOpt</TRADETYPE>
        <BOOK>JPYLT</BOOK>
        <ACTION>Expired</ACTION>
        <STATUS>Expired</STATUS>
    </ApplicationInfo>
    <Text>SYSTEMID|258325921|TRADETYPE|FxOneBarWindowDigitalOpt|TRADEID|134334999AJ|SOURCESYSTEM|RMS|BOOK|JPYLT|BLOTTER||COUNTERPARTY|NBAD|COUNTERPARTYSOURCESYSTEM|RMS|DBICOUNTERPARTYID||CUSTOMER|NBAD|CUSTOMERSOURCESYSTEM|RMS|STATUS|Expired|UNDERCURRENCY|USD|ACCCURRENCY|JPY|NOTIONAL|1274305555.56|ACCNOTIONAL|-100670138889.24|DOMINANTNOTIONAL||EXPIRYDATE|2010-09-16 00:00:00.000|SHIFTEDEXPIRYDATE||SETTLEMENTDATE|2010-09-20 00:00:00.000|FIXINGREFERENCE|SPOT|STRIKE|79|SHIFTEDSTRIKE||CP|P|PAYCURRENCY|JPY|QUANTOLEVEL||NONDELIVERABLEYN||NONDELIVERABLEFIXINGDATE||BARRIER|98.15|SHIFTEDBARRIER||BARRIERDIRECTION|U|BARRIERDATE||BARRIERSTARTDATE|2010-03-16 00:00:00.000|BARRIERENDDATE|2010-09-16 00:00:00.000|SHIFTEDBARRIERSTARTDATE||SHIFTEDBARRIERENDDATE||BARRIERFIXING||KNOCKINYN||KNOCKOUTREBATE||KNOCKINREBATE||INTRINSICREBATEYN||POSTPONEREBATEYN||FIXINGDATE||UPFIXING||LOWFIXING||FIXING||LASTFIXEDDATE||KNOCKEDOUTDATE||FORWARDSETTINGSTYLE||FORWARDSETTINGDATE||FORWARDREFERENCEDATE||OPTIMISESETTINGLEVELSYN||PREMIUMCURRENCY||PREMIUMAMOUNT|0|PREMIUMDATE||PREMIUMHASPAIDYN||UNWINDRATE||UNWINDPREMIUMCURRENCY||UNWINDPREMIUMAMOUNT||UNWINDPREMIUMDATE||MARGINPAYMENTCURRENCY||MARGINPAYMENTAMOUNT||ZONECUT|NY11|MODELTYPE||NUMTIMESTEPS||USEMINIMUMDENSITYYN||PRODUCTID|252231488|PRODUCTVERSION|3|PRODUCTLEGID||STRUCTUREID|134334999|REFERENCESPOT|89.4975|REFERENCEFORWARDPOINTS||REFERENCEVOLATILITY||REFERENCEDEPORATE||REFERENCEDEPOCURRENCY||REFERENCEDELTA||REFERENCEDELTACURRENCY||ASSETLOCATION||TRADEDATE|2010-03-05 00:00:00.000|LASTUPDATED|2010-09-16 22:07:06.000|ACTION|Expired|ACTIONEFFECTIVEDATE|2010-09-16 00:00:00.000|SOURCESYSTEMBOOK|JPYLT|SOURCESYSTEMPROFITCENTRE||SALESPERSON||TRADER||ENTEREDBY|PAYAENR|FUNDSPLITID||FUNDSPLITVERSION||STRUCTURENAME||MARKUPAMT||MARKUPCCY||MARKUPLOCATION||ATRISKAMT||ATRISKCCY||ATRISKLOCATION||ATRISKINDICATOR||REASON||NOTES|Cash XXX USD|BROKER||BROKERAMT||BROKERCCY||LINKSYSTEMID||LINKTYPE||SOURCESYSTEMID|258325921|DATECREATED|2010-03-05 19:34:21.000|CONFIRMAS||VERSION|4|CANCELSSOURCESYSTEMID||CANCELLEDBYSOURCESYSTEMID||CANCELLINGHALFSOURCESYSTEMID||CORRECTSSOURCESYSTEMID||CORRECTEDBYSOURCESYSTEMID||CLOSESSOURCESYSTEMID||CLOSEDBYSOURCESYSTEMID||EXERCISEDINTOSOURCESYSTEMID||EXERCISEDFROMSOURCESYSTEMID||LATESTVERSIONYN|Y|CLOSINGDATE||LEGALENTITY|London|DEALCAPTURESYSTEM|RMS|DEALCAPTURESYSTEMID|258325921|BOOKINGLOCATION|London|PRODUCTTYPE||PRODUCTINSTANCE||BACKOFFICESYSTEM||BACKOFFICESYSTEMID||VERSIONVALIDUNTILDATE||TRADEEXTRADETAILID|0|TRADEEXTRADETAILVERSION|0|TRADECLASSIFICATION|1|DEALCAPTURESALESUSER|RMS_HARJRAK|FUNDSPLITALLOCATIONID||FUNDSPLITALLOCATIONLEGID||TEARUPID||ELECTEDCONFIRMATIONSYSTEM|///|ELECTEDCONFIRMATIONRULEID|78|PREVIOUSCONFIRMATIONSYSTEM|///|ELECTEDSETTLEMENTSYSTEM|///|ELECTEDSETTLEMENTRULEID|78|PREVIOUSSETTLEMENTSYSTEM|///|BACKOFFICEPROCESSING|Manual|CALCULATIONAGENT|DB|CLOSEDBY_PRODUCTID|252231488|CLOSES_PRODUCTID|252231488|LINK_PRODUCTID|252231488|PRODUCTTYPEID|SWAPFXRATES|BACKOFFICEENDDATE||BACKOFFICEEVENT||BACKOFFICEBRANCHACCEPTED||BACKOFFICEBRANCHEVENT||TRADETABLE|FXONEBAROPTION|USERENTEREDTRADEDATE||BOOK_CPTY_CDRMNEMONIC|DTCH L  K86|PROFIT_CENTRE|FGO0|BOOKBRANCHPARENT|Global|HIGH_LEVEL_CPTY_CDRMNEMONIC|NBABUABU|HIGH_LEVEL_BOOK_CPTY_CDRM|DTCH L|BOOK_CPYT_SRC_SYSTEM|RMS|COUNTERPARTYNAME|NATIONAL BANK OF ABU DHABI PJSC|SUBBRANCH|LDN|CPTY_CDRMNEMONIC|NBABUABU|AMI_CODE|0840|BOOK_CPTY|JPYL|PUBLICATIONTIME|2010-09-24 16:01:34.861|DBLEGALENTITY|London|ISLIVEYN|N</Text>
</Message>
