<?xml version="1.0" encoding="UTF-8"?>
<Message>
    <SystemInfo>
        <JMSDestination>Topic[exodus.pipe.demo]</JMSDestination>
        <JMSReplyTo/>
        <JMSDeliveryMode>2</JMSDeliveryMode>
        <JMSRedelivered>false</JMSRedelivered>
        <JMSCorrelationID>null</JMSCorrelationID>
        <JMSType>null</JMSType>
        <JMSTimestamp>1285343899038</JMSTimestamp>
        <JMSExpiration>0</JMSExpiration>
        <JMSPriority>4</JMSPriority>
    </SystemInfo>
    <ApplicationInfo>
        <SYSTEMID>85360298</SYSTEMID>
        <TRADEGROUP>FXONEBAROPTION</TRADEGROUP>
        <VERSION>2</VERSION>
        <COUNTERPARTY>CCT_MONITOR</COUNTERPARTY>
        <MESSAGE_TYPE>RMS_TRADE</MESSAGE_TYPE>
        <TRADETYPE>FxOneBarWindowNoTouchOpt</TRADETYPE>
        <BOOK>CCTFXTRAD</BOOK>
        <ACTION>Economic</ACTION>
        <STATUS>Cancelled</STATUS>
    </ApplicationInfo>
    <Text>SYSTEMID|85360298|TRADETYPE|FxOneBarWindowNoTouchOpt|TRADEID|43356270M|SOURCESYSTEM|RMS|BOOK|CCTFXTRAD|BLOTTER||COUNTERPARTY|CCT_MONITOR|COUNTERPARTYSOURCESYSTEM|RMS|DBICOUNTERPARTYID||CUSTOMER|CCT_MONITOR|CUSTOMERSOURCESYSTEM|RMS|STATUS|Cancelled|UNDERCURRENCY|USD|ACCCURRENCY|CHF|NOTIONAL|-1|ACCNOTIONAL||DOMINANTNOTIONAL||EXPIRYDATE|2010-09-15 00:00:00.000|SHIFTEDEXPIRYDATE||SETTLEMENTDATE|2010-09-17 00:00:00.000|FIXINGREFERENCE|SPOT|STRIKE||SHIFTEDSTRIKE||CP||PAYCURRENCY||QUANTOLEVEL||NONDELIVERABLEYN||NONDELIVERABLEFIXINGDATE||BARRIER|1.219|SHIFTEDBARRIER||BARRIERDIRECTION|U|BARRIERDATE||BARRIERSTARTDATE|2007-10-11 00:00:00.000|BARRIERENDDATE|2010-04-12 00:00:00.000|SHIFTEDBARRIERSTARTDATE||SHIFTEDBARRIERENDDATE||BARRIERFIXING||KNOCKINYN||KNOCKOUTREBATE||KNOCKINREBATE||INTRINSICREBATEYN||POSTPONEREBATEYN||FIXINGDATE||UPFIXING||LOWFIXING||FIXING||LASTFIXEDDATE||KNOCKEDOUTDATE||FORWARDSETTINGSTYLE||FORWARDSETTINGDATE||FORWARDREFERENCEDATE||OPTIMISESETTINGLEVELSYN||PREMIUMCURRENCY||PREMIUMAMOUNT|0|PREMIUMDATE||PREMIUMHASPAIDYN||UNWINDRATE||UNWINDPREMIUMCURRENCY||UNWINDPREMIUMAMOUNT||UNWINDPREMIUMDATE||MARGINPAYMENTCURRENCY||MARGINPAYMENTAMOUNT||ZONECUT|NY|MODELTYPE||NUMTIMESTEPS||USEMINIMUMDENSITYYN||PRODUCTID|80084582|PRODUCTVERSION|3|PRODUCTLEGID||STRUCTUREID|43356270|REFERENCESPOT||REFERENCEFORWARDPOINTS||REFERENCEVOLATILITY||REFERENCEDEPORATE||REFERENCEDEPOCURRENCY||REFERENCEDELTA||REFERENCEDELTACURRENCY||ASSETLOCATION||TRADEDATE|2007-06-19 00:00:00.000|LASTUPDATED|2010-09-14 00:24:11.000|ACTION|Economic|ACTIONEFFECTIVEDATE|2010-09-13 00:00:00.000|SOURCESYSTEMBOOK|CCTFXTRAD|SOURCESYSTEMPROFITCENTRE||SALESPERSON||TRADER||ENTEREDBY|SALTJON|FUNDSPLITID||FUNDSPLITVERSION||STRUCTURENAME||MARKUPAMT||MARKUPCCY||MARKUPLOCATION||ATRISKAMT||ATRISKCCY||ATRISKLOCATION||ATRISKINDICATOR||REASON||NOTES|Weekly monitor|BROKER||BROKERAMT||BROKERCCY||LINKSYSTEMID||LINKTYPE||SOURCESYSTEMID|85360298|DATECREATED|2007-06-19 21:33:08.000|CONFIRMAS||VERSION|2|CANCELSSOURCESYSTEMID||CANCELLEDBYSOURCESYSTEMID||CANCELLINGHALFSOURCESYSTEMID||CORRECTSSOURCESYSTEMID||CORRECTEDBYSOURCESYSTEMID||CLOSESSOURCESYSTEMID||CLOSEDBYSOURCESYSTEMID||EXERCISEDINTOSOURCESYSTEMID||EXERCISEDFROMSOURCESYSTEMID||LATESTVERSIONYN|Y|CLOSINGDATE||LEGALENTITY|London|DEALCAPTURESYSTEM|RMS|DEALCAPTURESYSTEMID|85360298|BOOKINGLOCATION|London|PRODUCTTYPE||PRODUCTINSTANCE||BACKOFFICESYSTEM||BACKOFFICESYSTEMID||VERSIONVALIDUNTILDATE||TRADEEXTRADETAILID|60243115|TRADEEXTRADETAILVERSION|1|TRADECLASSIFICATION|1|DEALCAPTURESALESUSER|RMS_SALTJON|FUNDSPLITALLOCATIONID||FUNDSPLITALLOCATIONLEGID||TEARUPID||ELECTEDCONFIRMATIONSYSTEM|///|ELECTEDCONFIRMATIONRULEID|78|PREVIOUSCONFIRMATIONSYSTEM||ELECTEDSETTLEMENTSYSTEM|///|ELECTEDSETTLEMENTRULEID|78|PREVIOUSSETTLEMENTSYSTEM||BACKOFFICEPROCESSING|Manual|CALCULATIONAGENT|DB|CLOSEDBY_PRODUCTID|80084582|CLOSES_PRODUCTID|80084582|LINK_PRODUCTID|80084582|PRODUCTTYPEID|INTERNAL|BACKOFFICEENDDATE||BACKOFFICEEVENT||BACKOFFICEBRANCHACCEPTED||BACKOFFICEBRANCHEVENT||TRADETABLE|FXONEBAROPTION|USERENTEREDTRADEDATE||EXTRADETAILCANCELREASON|Other|CANCELREASON|Other|BOOK_CPTY_CDRMNEMONIC|DTCH L  3LN|PROFIT_CENTRE|SHR0|BOOKBRANCHPARENT|Global|HIGH_LEVEL_CPTY_CDRMNEMONIC|DTCH L  5ZK|HIGH_LEVEL_BOOK_CPTY_CDRM|DTCH L|BOOK_CPYT_SRC_SYSTEM|RMS|COUNTERPARTYNAME|CCT MONITOR|SUBBRANCH|LDN|CPTY_CDRMNEMONIC|DTCH L  5ZK|AMI_CODE|0840|BOOK_CPTY|CCT-FX TRADING|PUBLICATIONTIME|2010-09-24 15:58:19.036|DBLEGALENTITY|London|ISLIVEYN|N</Text>
</Message>
