<?xml version="1.0" encoding="UTF-8"?>
<Message>
    <SystemInfo>
        <JMSDestination>Topic[exodus.pipe.demo]</JMSDestination>
        <JMSReplyTo/>
        <JMSDeliveryMode>2</JMSDeliveryMode>
        <JMSRedelivered>false</JMSRedelivered>
        <JMSCorrelationID>null</JMSCorrelationID>
        <JMSType>null</JMSType>
        <JMSTimestamp>1285343824505</JMSTimestamp>
        <JMSExpiration>0</JMSExpiration>
        <JMSPriority>4</JMSPriority>
    </SystemInfo>
    <ApplicationInfo>
        <SYSTEMID>67904732</SYSTEMID>
        <TRADEGROUP>EXOTIC</TRADEGROUP>
        <VERSION>3</VERSION>
        <COUNTERPARTY>DBBY</COUNTERPARTY>
        <MESSAGE_TYPE>RMS_TRADE</MESSAGE_TYPE>
        <TRADETYPE>FxRangeSwap</TRADETYPE>
        <BOOK>LIOJV</BOOK>
        <ACTION>Economic</ACTION>
        <STATUS>Open</STATUS>
    </ApplicationInfo>
    <Text>SYSTEMID|67904732|TRADETYPE|FxRangeSwap|TRADEID|67904732|SOURCESYSTEM|Excel|BOOK|LIOJV|BLOTTER||COUNTERPARTY|DBBY|COUNTERPARTYSOURCESYSTEM||DBICOUNTERPARTYID||CUSTOMER|MUM-JINSAW|CUSTOMERSOURCESYSTEM||STATUS|Open|SHOWINRMSYN|Y|SECTION|Inputs|ORDERFIELD|204|INPUTS|NVPair|PARAMETERTEXT|0|PARAMETERNUMBER||PARAMETERDATE||PRODUCTID|63904419|PRODUCTVERSION|6|PRODUCTLEGID||STRUCTUREID|38644730|TRADEDATE|2007-01-10 00:00:00.000|LASTUPDATED|2007-01-16 13:43:51.000|ACTION|Economic|ACTIONEFFECTIVEDATE|2007-01-16 13:43:51.000|SOURCESYSTEMBOOK|LIOJV|SOURCESYSTEMPROFITCENTRE||SALESPERSON|Vinay Awasthi|TRADER|Rajeev Mehrotri|ENTEREDBY|arbelio|FUNDSPLITID||FUNDSPLITVERSION||STRUCTURENAME||MARKUPAMT|123000|MARKUPCCY|EUR|MARKUPLOCATION|London|ATRISKAMT|40000|ATRISKCCY|EUR|ATRISKLOCATION|London|ATRISKINDICATOR||REASON||ASSETLOCATION||NOTES||BROKER||BROKERAMT||BROKERCCY||LINKSYSTEMID||LINKTYPE||SOURCESYSTEMID|67904732|DATECREATED|2007-01-11 13:08:07.000|CONFIRMAS||VERSION|3|CANCELSSOURCESYSTEMID||CANCELLEDBYSOURCESYSTEMID||CANCELLINGHALFSOURCESYSTEMID||CORRECTSSOURCESYSTEMID||CORRECTEDBYSOURCESYSTEMID||CLOSESSOURCESYSTEMID||CLOSEDBYSOURCESYSTEMID||EXERCISEDINTOSOURCESYSTEMID||EXERCISEDFROMSOURCESYSTEMID||LATESTVERSIONYN|N|CLOSINGDATE||LEGALENTITY|London|DEALCAPTURESYSTEM|Excel|DEALCAPTURESYSTEMID|67904732|BOOKINGLOCATION|London|PRODUCTTYPE||PRODUCTINSTANCE||BACKOFFICESYSTEM||BACKOFFICESYSTEMID||VERSIONVALIDUNTILDATE|2007-07-11 17:31:01.000|TRADEEXTRADETAILID||TRADEEXTRADETAILVERSION||TRADECLASSIFICATION|1|DEALCAPTURESALESUSER||FUNDSPLITALLOCATIONID||FUNDSPLITALLOCATIONLEGID||TEARUPID||ELECTEDCONFIRMATIONSYSTEM||ELECTEDCONFIRMATIONRULEID||PREVIOUSCONFIRMATIONSYSTEM||ELECTEDSETTLEMENTSYSTEM||ELECTEDSETTLEMENTRULEID||PREVIOUSSETTLEMENTSYSTEM||BACKOFFICEPROCESSING||CALCULATIONAGENT|DB|CLOSEDBY_PRODUCTID|63904419|CLOSES_PRODUCTID|63904419|LINK_PRODUCTID|63904419|PRODUCTTYPEID|SWAP|PREMIUMHASPAIDYN||UNWINDRATE||BACKOFFICEACCEPTED|N|BACKOFFICEENDDATE||BACKOFFICEEVENT||BACKOFFICEBRANCHACCEPTED|N|BACKOFFICEBRANCHEVENT||TRADETABLE|EXOTIC|USERENTEREDTRADEDATE||WORKBOOK|LIOJV_template|WORKSHEET|CMS5-2_10jan07|CURRENCY|FOREIGN|ACCCURRENCY|CHF|UNDERCURRENCY|USD|HOLIDAYCITIES|NYC,BOM|DATEBUMPS|MOD FOLL|DOMESTICCURVE|FORECAST|FOREIGNCURVE|FORECAST|LEG1NOTIONAL|-25000000|LEG1EFFECTIVEDATE|2007-01-12 00:00:00.000|LEG1ROLLDATE|2007-01-12 00:00:00.000|LEG1ENDDATE|2008-01-12 00:00:00.000|LEG1FREQUENCY|6m|LEG1SETFRACTION|0|LEG1DAYSOFFSET|0|LEG1ARREARINTERVAL|6m|LEG1NUMRATES|1|LEG1RATESTARTINGTIME||LEG1RATETERM|0m|LEG1RATEINDEXTYPE|FIXED|LEG1RATEFREQUENCY|ZERO|LEG1RATEDECOMPFREQ|ZERO|LEG1RATEBASIS|ACT/360|LEG1RATECURRENCY|FOREIGN|LEG1RATECOUPON|0|LEG1POWER|1|LEG1POWER|1|LEG1MULTIPLIER|0|LEG1SPREAD|0.0475|LEG1COUPONDECOMP|1|LEG1PERIODICPAYTYPE|Normal|LEG1ABSOLUTECAP|9.99|LEG1ABSOLUTEFLOOR|-9.99|LEG1PERIODICCAP|9.99|LEG1PERIODICCAP|9.99|LEG1PERIODICFLOOR|9.99|LEG1PERIODICFLOOR|9.99|LEG1PREVIOUSCOUPON|0|LEG1PAYBASIS|ACT/360|LEG1PAYOFFTABLESIZE|0|LEG1PAYCURRENCY|FOREIGN|LEG1NUMRANGERATES|1|LEG1RANGERATESTARTINGTIME||LEG1RANGERATETERM|5y-2y|LEG1RANGERATEINDEXTYPE|CMSSPREAD|LEG1RANGERATEFREQUENCY|ZERO|LEG1RANGERATEDECOMPFREQ|ZERO|LEG1RANGERATEBASIS|ACT/360|LEG1RANGERATECURRENCY|FOREIGN|LEG1RANGERATECOUPON|0|LEG1RANGERATEMULTIPLIER|1|LEG1RANGERATESPREAD|0|LEG1RANGETYPE|NONE|LEG1RANGELOOKFRACTION|0|LEG1RANGELOOKFREQ|1m|LEG1UPPERBARRIER|0.002|LEG1LOWERBARRIER|-9.99|LEG1UPPERREBATE|0|LEG1LOWERREBATE|0|LEG1CHOOSERBAND|0|LEG1WEDGE|0|LEG1RANGECOUPONCAP|9.99|LEG1RANGECOUPONFLOOR|-9.99|LEG1RANGERATEPREVIOUSSET|0|LEG1PREVDAYSABOVEBARRIER|0|LEG1PREVDAYSBELOWBARRIER|0|LEG1TARNBARRIER|9.99|LEG1TARNBARRIERSHIFT|0|LEG1TARNWEDGE|0|LEG1TARNUNDERLYING|PAY|LEG1TARNCOUPONFLOOR|-9.99|LEG1TARNLIFETIMECAP|9.99|LEG1TARNLIFETIMEFLOOR|-9.99|LEG1MANYFLOWS|0|LEG1FLOWDAYCOUNTFRACTION|0|LEG1FLOWDAYCOUNTFRACTION|0|LEG1DEFAULTENDDATE||LEG2NOTIONAL|0|LEG2EFFECTIVEDATE|2007-01-12 00:00:00.000|LEG2ROLLDATE|2007-01-12 00:00:00.000|LEG2ENDDATE|2008-01-12 00:00:00.000|LEG2FREQUENCY|6m|LEG2SETFRACTION|0|LEG2DAYSOFFSET|0|LEG2ARREARINTERVAL|6m|LEG2NUMRATES|1|LEG2RATESTARTINGTIME||LEG2RATETERM|0b|LEG2RATEINDEXTYPE|FIXED|LEG2RATEFREQUENCY|ZERO|LEG2RATEDECOMPFREQ|ZERO|LEG2RATEBASIS|ACT/360|LEG2RATECURRENCY|DOMESTIC|LEG2RATECOUPON|0|LEG2POWER|1|LEG2MULTIPLIER|0|LEG2SPREAD|0|LEG2COUPONDECOMP|1|LEG2PERIODICPAYTYPE|NORMAL|LEG2ABSOLUTECAP|9.99|LEG2ABSOLUTEFLOOR|-9.99|LEG2PREVIOUSCOUPON|0|LEG2PAYBASIS|NUMBER_1|LEG2PAYOFFTABLESIZE|0|LEG2PAYCURRENCY|DOMESTIC|LEG2NUMRANGERATES|1|LEG2RANGERATESTARTINGTIME||LEG2RANGERATETERM|0B|LEG2RANGERATEINDEXTYPE|FXRATE|LEG2RANGERATEFREQUENCY|ZERO|LEG2RANGERATEDECOMPFREQ|ZERO|LEG2RANGERATEBASIS|ACT/360|LEG2RANGERATECURRENCY|DOMESTIC/FOREIGN|LEG2RANGERATECOUPON|0|LEG2RANGERATEMULTIPLIER|1|LEG2RANGETYPE|NONE|LEG2RANGELOOKFRACTION|1|LEG2RANGELOOKFREQ|1y|LEG2UPPERBARRIER|9.99|LEG2LOWERBARRIER|-9.99|LEG2UPPERREBATE|0|LEG2LOWERREBATE|0|LEG2CHOOSERBAND|0|LEG2WEDGE|0|LEG2RANGECOUPONCAP|9.99|LEG2RANGECOUPONFLOOR|-9.99|LEG2RANGERATEPREVIOUSSET|0|LEG2PREVDAYSABOVEBARRIER|0|LEG2PREVDAYSBELOWBARRIER|0|LEG2TARNBARRIER|9.99|LEG2TARNBARRIERSHIFT|0|LEG2TARNWEDGE|0|LEG2TARNUNDERLYING|PAY|LEG2TARNCOUPONFLOOR|-9.99|LEG2TARNLIFETIMECAP||LEG2TARNLIFETIMEFLOOR||LEG2MANYFLOWS|0|LEG2FLOWMULTIPLIER|0|LEG2FLOWMULTIPLIER|0|LEG2FLOWSPREAD|38.3|LEG2FLOWSPREAD|0|LEG2FLOWDAYCOUNTFRACTION|0|LEG2FLOWDAYCOUNTFRACTION|0|LEG2FLOWRATESET|38.3|LEG2FLOWRATESET|38.3|NUMOPTIONS|1|NUMOPTIONSID|1|NUMOPTIONSID|2|EXERCISESTARTDATE|39008|EXERCISESTARTDATE|38827|EXERCISEENDDATE|39169|EXERCISEENDDATE|39435|EXERCISEINTERVAL|1w|EXERCISEINTERVAL|1M|EXERCISEACCRUALTYPE|NONE|EXERCISEACCRUALTYPE|BOND|EXERCISEPREMIUM|0|EXERCISEPREMIUM|0|OPTIONPOSITION|NONE|OPTIONPOSITION|NONE|OPTIONTYPE|CANCEL|OPTIONTYPE|CANCEL|NOTIFICATION|2bd|NOTIFICATION|0d|EXERCISEFRACTION|1|EXERCISEFRACTION|1|MANYEXERCISE|0|MANYEXERCISE|0|TRIGGERTYPE|NONE|TRIGGERTYPE|SPOT|TRIGGERRATESTARTINGTIME||TRIGGERRATESTARTINGTIME||TRIGGERRATETERM|0m|TRIGGERRATETERM|6m|TRIGGERRATEINDEXTYPE|FXRATE|TRIGGERRATEINDEXTYPE|LIBOR|TRIGGERRATEFREQUENCY|ZERO|TRIGGERRATEFREQUENCY|ZERO|TRIGGERRATEDECOMPFREQ|ZERO|TRIGGERRATEDECOMPFREQ|ZERO|TRIGGERRATEBASIS|ACT/360|TRIGGERRATEBASIS|ACT/360|TRIGGERRATECURRENCY|DOMESTIC/FOREIGN|TRIGGERRATECURRENCY|FOREIGN|TRIGGERRATECOUPON|0|TRIGGERRATECOUPON|0|LOWERTRIGGER|-9.99|LOWERTRIGGER|-9.99|UPPERTRIGGER|9.99|UPPERTRIGGER|9.99|TRIGGERWEDGE|0|TRIGGERWEDGE|0|NUMBERSIMS|5000|FRONTLATTICEFREQ|25|DECAYTIME|1|FREQTIMEVEC|25|INTEGRATIONFREQ|25|BEGINDOMFORCORRELATION|0.99|BEGINDOMFXCORRELATION|0|BEGINFORFXCORRELATION|0|FINALDOMFORCORRELATION|0.99|FINALDOMFXCORRELATION|0|FINALFORFXCORRELATION|0|FIXINGSCHEDULE|&lt;EMPTY&gt;|BOOK_CPTY_CDRMNEMONIC|DTCH MUM003|PROFIT_CENTRE|3050|BOOKBRANCHPARENT|Global|HIGH_LEVEL_CPTY_CDRMNEMONIC|DTCH MUM|HIGH_LEVEL_BOOK_CPTY_CDRM|DTCH MUM|BOOK_CPYT_SRC_SYSTEM|RMS|SUBBRANCH|MUM|CPTY_CDRMNEMONIC|DTCH MUM|AMI_CODE|0784|BOOK_CPTY|LIOJV|PUBLICATIONTIME|2010-09-24 15:57:04.502|DBLEGALENTITY|London|ISLIVEYN|Y</Text>
</Message>
