<?xml version="1.0" encoding="UTF-8"?>
<Message>
    <SystemInfo>
        <JMSDestination>Topic[exodus.pipe.demo]</JMSDestination>
        <JMSReplyTo/>
        <JMSDeliveryMode>2</JMSDeliveryMode>
        <JMSRedelivered>false</JMSRedelivered>
        <JMSCorrelationID>null</JMSCorrelationID>
        <JMSType>null</JMSType>
        <JMSTimestamp>1285343834159</JMSTimestamp>
        <JMSExpiration>0</JMSExpiration>
        <JMSPriority>4</JMSPriority>
    </SystemInfo>
    <ApplicationInfo>
        <SYSTEMID>61695725</SYSTEMID>
        <TRADEGROUP>FXFADEROPTION</TRADEGROUP>
        <VERSION>7</VERSION>
        <COUNTERPARTY>DBBY</COUNTERPARTY>
        <MESSAGE_TYPE>RMS_TRADE</MESSAGE_TYPE>
        <TRADETYPE>FxResurrectingFaderBarOpt</TRADETYPE>
        <BOOK>USDE</BOOK>
        <ACTION>Economic</ACTION>
        <STATUS>Cancelled</STATUS>
    </ApplicationInfo>
    <Text>SYSTEMID|61695725|TRADETYPE|FxResurrectingFaderBarOpt|TRADEID|34698473H|SOURCESYSTEM|RMS|BOOK|USDE|BLOTTER||COUNTERPARTY|DBBY|COUNTERPARTYSOURCESYSTEM|RMS|COUNTERPARTYNAME|DEUTSCHE BANK AG|DBICOUNTERPARTYID||CUSTOMER|MUM-MONNET|CUSTOMERSOURCESYSTEM|RMS|STATUS|Cancelled|PREMIUMCURRENCY||PREMIUMAMOUNT||PREMIUMDATE||PREMIUMHASPAIDYN||UNWINDRATE||UNWINDPREMIUMCURRENCY||UNWINDPREMIUMAMOUNT||UNWINDPREMIUMDATE||MARGINPAYMENTCURRENCY||MARGINPAYMENTAMOUNT||PRODUCTID|131798136|PRODUCTVERSION|5|PRODUCTLEGID||STRUCTUREID|34698473|ASSETLOCATION||TRADEDATE|2006-12-13 00:00:00.000|LASTUPDATED|2007-01-26 22:16:35.000|ACTION|Economic|ACTIONEFFECTIVEDATE|2007-01-26 00:00:00.000|SOURCESYSTEMBOOK|USDE|SOURCESYSTEMPROFITCENTRE||SALESPERSON|AWASVIN|TRADER||ENTEREDBY|CAMPLO|FUNDSPLITID||FUNDSPLITVERSION||STRUCTURENAME||MARKUPAMT|174000|MARKUPCCY|EUR|MARKUPLOCATION|London|ATRISKAMT|83500|ATRISKCCY|EUR|ATRISKLOCATION|London|ATRISKINDICATOR||REASON||NOTES|rebooked as genaccrual|BROKER||BROKERAMT||BROKERCCY||LINKSYSTEMID||LINKTYPE||SOURCESYSTEMID|61695725|DATECREATED|2006-10-23 18:20:20.000|CONFIRMAS||VERSION|7|CANCELSSOURCESYSTEMID||CANCELLEDBYSOURCESYSTEMID||CANCELLINGHALFSOURCESYSTEMID||CORRECTSSOURCESYSTEMID||CORRECTEDBYSOURCESYSTEMID||CLOSESSOURCESYSTEMID||CLOSEDBYSOURCESYSTEMID||EXERCISEDINTOSOURCESYSTEMID||EXERCISEDFROMSOURCESYSTEMID||LATESTVERSIONYN|Y|CLOSINGDATE||LEGALENTITY|London|DEALCAPTURESYSTEM|RMS|DEALCAPTURESYSTEMID|61695725|BOOKINGLOCATION|London|PRODUCTTYPE||PRODUCTINSTANCE||BACKOFFICESYSTEM||BACKOFFICESYSTEMID||VERSIONVALIDUNTILDATE||TRADEEXTRADETAILID|0|TRADEEXTRADETAILVERSION|0|TRADECLASSIFICATION|1|DEALCAPTURESALESUSER|RMS_CAMPLO|FUNDSPLITALLOCATIONID||FUNDSPLITALLOCATIONLEGID||TEARUPID||ELECTEDCONFIRMATIONSYSTEM||ELECTEDCONFIRMATIONRULEID||PREVIOUSCONFIRMATIONSYSTEM||ELECTEDSETTLEMENTSYSTEM||ELECTEDSETTLEMENTRULEID||PREVIOUSSETTLEMENTSYSTEM||BACKOFFICEPROCESSING|Standard|CALCULATIONAGENT|DB|CLOSEDBY_PRODUCTID|131798136|CLOSES_PRODUCTID|131798136|LINK_PRODUCTID|131798136|PRODUCTTYPEID|CANCEL|BACKOFFICEENDDATE||BACKOFFICEEVENT||BACKOFFICEBRANCHACCEPTED|Y|BACKOFFICEBRANCHEVENT||TRADETABLE|FXFADEROPTION|USERENTEREDTRADEDATE||UNDERCURRENCY|USD|ACCCURRENCY|CHF|NOTIONAL|15000000|ACCNOTIONAL||DOMINANTNOTIONAL||STRIKE|1.049|CP|P|EXPIRYDATE|2010-10-21 00:00:00.000|SHIFTEDEXPIRYDATE||SETTLEMENTDATE|2010-10-25 00:00:00.000|FIXINGREFERENCE|SPOT|ACCRUALBASIS||PAYCURRENCY|CHF|QUANTOLEVEL||NONDELIVERABLEYN||NONDELIVERABLEFIXINGDATE||ACCRUALSTARTDATE|2010-04-22 00:00:00.000|ACCRUALENDDATE|2010-10-21 00:00:00.000|FIXINGHOLIDAYS|JPY|LOOKFREQUENCY|B|WEIGHTHOLIDAYS|JPY|ACCRUALRULE|B|LASTFIXEDDATE||KNOCKEDOUTDATE||ACCRUEDSOFAR||UPBARRIER|1.049|LOWBARRIER||SHIFTEDUPBARRIER||SHIFTEDLOWBARRIER||BARRIERSTARTDATE|2010-04-22 00:00:00.000|BARRIERENDDATE|2010-10-21 00:00:00.000|SHIFTEDBARRIERSTARTDATE||SHIFTEDBARRIERENDDATE||EXTINGUISHEDDATE||KOUPBARRIER|1.2699|KOLOWBARRIER||SHIFTEDKOUPBARRIER||SHIFTEDKOLOWBARRIER||KOBARRIERSTARTDATE|2007-04-23 00:00:00.0|KOBARRIERENDDATE|2010-10-21 00:00:00.0|ZONECUT||MODELTYPE||NUMTIMESTEPS||NUMSPOTSTEPS||NUMSTDDEVS||NUMPATHS||SEED||MINNOTIONALLEVERAGE||MAXNOTIONALLEVERAGE||REFERENCESPOT|1.2628|REFERENCEFORWARDPOINTS|-0.1243|REFERENCEVOLATILITY|8.54|REFERENCEDEPORATE|5.687|REFERENCEDEPOCURRENCY|USD|REFERENCEDELTA|-0.6197|REFERENCEDELTACURRENCY|USD|FIXINGDATE|2010-04-23 00:00:00.000|FIXINGWEIGHT|1|FIXINGVALUE|NA|FIXINGDATE|2010-04-26 00:00:00.000|FIXINGWEIGHT|1|FIXINGVALUE|NA|FIXINGDATE|2010-04-27 00:00:00.000|FIXINGWEIGHT|1|FIXINGVALUE|NA|FIXINGDATE|2010-04-28 00:00:00.000|FIXINGWEIGHT|1|FIXINGVALUE|NA|FIXINGDATE|2010-04-30 00:00:00.000|FIXINGWEIGHT|1|FIXINGVALUE|NA|FIXINGDATE|2010-05-06 00:00:00.000|FIXINGWEIGHT|1|FIXINGVALUE|NA|FIXINGDATE|2010-05-07 00:00:00.000|FIXINGWEIGHT|1|FIXINGVALUE|NA|FIXINGDATE|2010-05-10 00:00:00.000|FIXINGWEIGHT|1|FIXINGVALUE|NA|FIXINGDATE|2010-05-11 00:00:00.000|FIXINGWEIGHT|1|FIXINGVALUE|NA|FIXINGDATE|2010-05-12 00:00:00.000|FIXINGWEIGHT|1|FIXINGVALUE|NA|FIXINGDATE|2010-05-13 00:00:00.000|FIXINGWEIGHT|1|FIXINGVALUE|NA|FIXINGDATE|2010-05-14 00:00:00.000|FIXINGWEIGHT|1|FIXINGVALUE|NA|FIXINGDATE|2010-05-17 00:00:00.000|FIXINGWEIGHT|1|FIXINGVALUE|NA|FIXINGDATE|2010-05-18 00:00:00.000|FIXINGWEIGHT|1|FIXINGVALUE|NA|FIXINGDATE|2010-05-19 00:00:00.000|FIXINGWEIGHT|1|FIXINGVALUE|NA|FIXINGDATE|2010-05-20 00:00:00.000|FIXINGWEIGHT|1|FIXINGVALUE|NA|FIXINGDATE|2010-05-21 00:00:00.000|FIXINGWEIGHT|1|FIXINGVALUE|NA|FIXINGDATE|2010-05-24 00:00:00.000|FIXINGWEIGHT|1|FIXINGVALUE|NA|FIXINGDATE|2010-05-25 00:00:00.000|FIXINGWEIGHT|1|FIXINGVALUE|NA|FIXINGDATE|2010-05-26 00:00:00.000|FIXINGWEIGHT|1|FIXINGVALUE|NA|FIXINGDATE|2010-05-27 00:00:00.000|FIXINGWEIGHT|1|FIXINGVALUE|NA|FIXINGDATE|2010-05-28 00:00:00.000|FIXINGWEIGHT|1|FIXINGVALUE|NA|FIXINGDATE|2010-05-31 00:00:00.000|FIXINGWEIGHT|1|FIXINGVALUE|NA|FIXINGDATE|2010-06-01 00:00:00.000|FIXINGWEIGHT|1|FIXINGVALUE|NA|FIXINGDATE|2010-06-02 00:00:00.000|FIXINGWEIGHT|1|FIXINGVALUE|NA|FIXINGDATE|2010-06-03 00:00:00.000|FIXINGWEIGHT|1|FIXINGVALUE|NA|FIXINGDATE|2010-06-04 00:00:00.000|FIXINGWEIGHT|1|FIXINGVALUE|NA|FIXINGDATE|2010-06-07 00:00:00.000|FIXINGWEIGHT|1|FIXINGVALUE|NA|FIXINGDATE|2010-06-08 00:00:00.000|FIXINGWEIGHT|1|FIXINGVALUE|NA|FIXINGDATE|2010-06-09 00:00:00.000|FIXINGWEIGHT|1|FIXINGVALUE|NA|FIXINGDATE|2010-06-10 00:00:00.000|FIXINGWEIGHT|1|FIXINGVALUE|NA|FIXINGDATE|2010-06-11 00:00:00.000|FIXINGWEIGHT|1|FIXINGVALUE|NA|FIXINGDATE|2010-06-14 00:00:00.000|FIXINGWEIGHT|1|FIXINGVALUE|NA|FIXINGDATE|2010-06-15 00:00:00.000|FIXINGWEIGHT|1|FIXINGVALUE|NA|FIXINGDATE|2010-06-16 00:00:00.000|FIXINGWEIGHT|1|FIXINGVALUE|NA|FIXINGDATE|2010-06-17 00:00:00.000|FIXINGWEIGHT|1|FIXINGVALUE|NA|FIXINGDATE|2010-06-18 00:00:00.000|FIXINGWEIGHT|1|FIXINGVALUE|NA|FIXINGDATE|2010-06-21 00:00:00.000|FIXINGWEIGHT|1|FIXINGVALUE|NA|FIXINGDATE|2010-06-22 00:00:00.000|FIXINGWEIGHT|1|FIXINGVALUE|NA|FIXINGDATE|2010-06-23 00:00:00.000|FIXINGWEIGHT|1|FIXINGVALUE|NA|FIXINGDATE|2010-06-24 00:00:00.000|FIXINGWEIGHT|1|FIXINGVALUE|NA|FIXINGDATE|2010-06-25 00:00:00.000|FIXINGWEIGHT|1|FIXINGVALUE|NA|FIXINGDATE|2010-06-28 00:00:00.000|FIXINGWEIGHT|1|FIXINGVALUE|NA|FIXINGDATE|2010-06-29 00:00:00.000|FIXINGWEIGHT|1|FIXINGVALUE|NA|FIXINGDATE|2010-06-30 00:00:00.000|FIXINGWEIGHT|1|FIXINGVALUE|NA|FIXINGDATE|2010-07-01 00:00:00.000|FIXINGWEIGHT|1|FIXINGVALUE|NA|FIXINGDATE|2010-07-02 00:00:00.000|FIXINGWEIGHT|1|FIXINGVALUE|NA|FIXINGDATE|2010-07-05 00:00:00.000|FIXINGWEIGHT|1|FIXINGVALUE|NA|FIXINGDATE|2010-07-06 00:00:00.000|FIXINGWEIGHT|1|FIXINGVALUE|NA|FIXINGDATE|2010-07-07 00:00:00.000|FIXINGWEIGHT|1|FIXINGVALUE|NA|FIXINGDATE|2010-07-08 00:00:00.000|FIXINGWEIGHT|1|FIXINGVALUE|NA|FIXINGDATE|2010-07-09 00:00:00.000|FIXINGWEIGHT|1|FIXINGVALUE|NA|FIXINGDATE|2010-07-12 00:00:00.000|FIXINGWEIGHT|1|FIXINGVALUE|NA|FIXINGDATE|2010-07-13 00:00:00.000|FIXINGWEIGHT|1|FIXINGVALUE|NA|FIXINGDATE|2010-07-14 00:00:00.000|FIXINGWEIGHT|1|FIXINGVALUE|NA|FIXINGDATE|2010-07-15 00:00:00.000|FIXINGWEIGHT|1|FIXINGVALUE|NA|FIXINGDATE|2010-07-16 00:00:00.000|FIXINGWEIGHT|1|FIXINGVALUE|NA|FIXINGDATE|2010-07-20 00:00:00.000|FIXINGWEIGHT|1|FIXINGVALUE|NA|FIXINGDATE|2010-07-21 00:00:00.000|FIXINGWEIGHT|1|FIXINGVALUE|NA|FIXINGDATE|2010-07-22 00:00:00.000|FIXINGWEIGHT|1|FIXINGVALUE|NA|FIXINGDATE|2010-07-23 00:00:00.000|FIXINGWEIGHT|1|FIXINGVALUE|NA|FIXINGDATE|2010-07-26 00:00:00.000|FIXINGWEIGHT|1|FIXINGVALUE|NA|FIXINGDATE|2010-07-27 00:00:00.000|FIXINGWEIGHT|1|FIXINGVALUE|NA|FIXINGDATE|2010-07-28 00:00:00.000|FIXINGWEIGHT|1|FIXINGVALUE|NA|FIXINGDATE|2010-07-29 00:00:00.000|FIXINGWEIGHT|1|FIXINGVALUE|NA|FIXINGDATE|2010-07-30 00:00:00.000|FIXINGWEIGHT|1|FIXINGVALUE|NA|FIXINGDATE|2010-08-02 00:00:00.000|FIXINGWEIGHT|1|FIXINGVALUE|NA|FIXINGDATE|2010-08-03 00:00:00.000|FIXINGWEIGHT|1|FIXINGVALUE|NA|FIXINGDATE|2010-08-04 00:00:00.000|FIXINGWEIGHT|1|FIXINGVALUE|NA|FIXINGDATE|2010-08-05 00:00:00.000|FIXINGWEIGHT|1|FIXINGVALUE|NA|FIXINGDATE|2010-08-06 00:00:00.000|FIXINGWEIGHT|1|FIXINGVALUE|NA|FIXINGDATE|2010-08-09 00:00:00.000|FIXINGWEIGHT|1|FIXINGVALUE|NA|FIXINGDATE|2010-08-10 00:00:00.000|FIXINGWEIGHT|1|FIXINGVALUE|NA|FIXINGDATE|2010-08-11 00:00:00.000|FIXINGWEIGHT|1|FIXINGVALUE|NA|FIXINGDATE|2010-08-12 00:00:00.000|FIXINGWEIGHT|1|FIXINGVALUE|NA|FIXINGDATE|2010-08-13 00:00:00.000|FIXINGWEIGHT|1|FIXINGVALUE|NA|FIXINGDATE|2010-08-16 00:00:00.000|FIXINGWEIGHT|1|FIXINGVALUE|NA|FIXINGDATE|2010-08-17 00:00:00.000|FIXINGWEIGHT|1|FIXINGVALUE|NA|FIXINGDATE|2010-08-18 00:00:00.000|FIXINGWEIGHT|1|FIXINGVALUE|NA|FIXINGDATE|2010-08-19 00:00:00.000|FIXINGWEIGHT|1|FIXINGVALUE|NA|FIXINGDATE|2010-08-20 00:00:00.000|FIXINGWEIGHT|1|FIXINGVALUE|NA|FIXINGDATE|2010-08-23 00:00:00.000|FIXINGWEIGHT|1|FIXINGVALUE|NA|FIXINGDATE|2010-08-24 00:00:00.000|FIXINGWEIGHT|1|FIXINGVALUE|NA|FIXINGDATE|2010-08-25 00:00:00.000|FIXINGWEIGHT|1|FIXINGVALUE|NA|FIXINGDATE|2010-08-26 00:00:00.000|FIXINGWEIGHT|1|FIXINGVALUE|NA|FIXINGDATE|2010-08-27 00:00:00.000|FIXINGWEIGHT|1|FIXINGVALUE|NA|FIXINGDATE|2010-08-30 00:00:00.000|FIXINGWEIGHT|1|FIXINGVALUE|NA|FIXINGDATE|2010-08-31 00:00:00.000|FIXINGWEIGHT|1|FIXINGVALUE|NA|FIXINGDATE|2010-09-01 00:00:00.000|FIXINGWEIGHT|1|FIXINGVALUE|NA|FIXINGDATE|2010-09-02 00:00:00.000|FIXINGWEIGHT|1|FIXINGVALUE|NA|FIXINGDATE|2010-09-03 00:00:00.000|FIXINGWEIGHT|1|FIXINGVALUE|NA|FIXINGDATE|2010-09-06 00:00:00.000|FIXINGWEIGHT|1|FIXINGVALUE|NA|FIXINGDATE|2010-09-07 00:00:00.000|FIXINGWEIGHT|1|FIXINGVALUE|NA|FIXINGDATE|2010-09-08 00:00:00.000|FIXINGWEIGHT|1|FIXINGVALUE|NA|FIXINGDATE|2010-09-09 00:00:00.000|FIXINGWEIGHT|1|FIXINGVALUE|NA|FIXINGDATE|2010-09-10 00:00:00.000|FIXINGWEIGHT|1|FIXINGVALUE|NA|FIXINGDATE|2010-09-13 00:00:00.000|FIXINGWEIGHT|1|FIXINGVALUE|NA|FIXINGDATE|2010-09-14 00:00:00.000|FIXINGWEIGHT|1|FIXINGVALUE|NA|FIXINGDATE|2010-09-15 00:00:00.000|FIXINGWEIGHT|1|FIXINGVALUE|NA|FIXINGDATE|2010-09-16 00:00:00.000|FIXINGWEIGHT|1|FIXINGVALUE|NA|FIXINGDATE|2010-09-17 00:00:00.000|FIXINGWEIGHT|1|FIXINGVALUE|NA|FIXINGDATE|2010-09-21 00:00:00.000|FIXINGWEIGHT|1|FIXINGVALUE|NA|FIXINGDATE|2010-09-22 00:00:00.000|FIXINGWEIGHT|1|FIXINGVALUE|NA|FIXINGDATE|2010-09-24 00:00:00.000|FIXINGWEIGHT|1|FIXINGVALUE|NA|FIXINGDATE|2010-09-27 00:00:00.000|FIXINGWEIGHT|1|FIXINGVALUE|NA|FIXINGDATE|2010-09-28 00:00:00.000|FIXINGWEIGHT|1|FIXINGVALUE|NA|FIXINGDATE|2010-09-29 00:00:00.000|FIXINGWEIGHT|1|FIXINGVALUE|NA|FIXINGDATE|2010-09-30 00:00:00.000|FIXINGWEIGHT|1|FIXINGVALUE|NA|FIXINGDATE|2010-10-01 00:00:00.000|FIXINGWEIGHT|1|FIXINGVALUE|NA|FIXINGDATE|2010-10-04 00:00:00.000|FIXINGWEIGHT|1|FIXINGVALUE|NA|FIXINGDATE|2010-10-05 00:00:00.000|FIXINGWEIGHT|1|FIXINGVALUE|NA|FIXINGDATE|2010-10-06 00:00:00.000|FIXINGWEIGHT|1|FIXINGVALUE|NA|FIXINGDATE|2010-10-07 00:00:00.000|FIXINGWEIGHT|1|FIXINGVALUE|NA|FIXINGDATE|2010-10-08 00:00:00.000|FIXINGWEIGHT|1|FIXINGVALUE|NA|FIXINGDATE|2010-10-12 00:00:00.000|FIXINGWEIGHT|1|FIXINGVALUE|NA|FIXINGDATE|2010-10-13 00:00:00.000|FIXINGWEIGHT|1|FIXINGVALUE|NA|FIXINGDATE|2010-10-14 00:00:00.000|FIXINGWEIGHT|1|FIXINGVALUE|NA|FIXINGDATE|2010-10-15 00:00:00.000|FIXINGWEIGHT|1|FIXINGVALUE|NA|FIXINGDATE|2010-10-18 00:00:00.000|FIXINGWEIGHT|1|FIXINGVALUE|NA|FIXINGDATE|2010-10-19 00:00:00.000|FIXINGWEIGHT|1|FIXINGVALUE|NA|FIXINGDATE|2010-10-20 00:00:00.000|FIXINGWEIGHT|1|FIXINGVALUE|NA|FIXINGDATE|2010-10-21 00:00:00.000|FIXINGWEIGHT|1|FIXINGVALUE|NA|FIXINGSCHEDULELENGTH|122|BOOK_CPTY_CDRMNEMONIC|DTCH L  K54|PROFIT_CENTRE|FGO0|BOOKBRANCHPARENT|Global|HIGH_LEVEL_CPTY_CDRMNEMONIC|DTCH MUM|HIGH_LEVEL_BOOK_CPTY_CDRM|DTCH L|BOOK_CPYT_SRC_SYSTEM|RMS|SUBBRANCH|LDN|CPTY_CDRMNEMONIC|DTCH MUM|AMI_CODE|0840|BOOK_CPTY|USDE|PUBLICATIONTIME|2010-09-24 15:57:14.153|DBLEGALENTITY|London|ISLIVEYN|N</Text>
</Message>
