<?xml version="1.0" encoding="UTF-8"?>
<Message>
    <SystemInfo>
        <JMSDestination>Topic[exodus.pipe.demo]</JMSDestination>
        <JMSReplyTo/>
        <JMSDeliveryMode>2</JMSDeliveryMode>
        <JMSRedelivered>false</JMSRedelivered>
        <JMSCorrelationID>null</JMSCorrelationID>
        <JMSType>null</JMSType>
        <JMSTimestamp>1285343795407</JMSTimestamp>
        <JMSExpiration>0</JMSExpiration>
        <JMSPriority>4</JMSPriority>
    </SystemInfo>
    <ApplicationInfo>
        <SYSTEMID>223498505</SYSTEMID>
        <TRADEGROUP>FXTIMER</TRADEGROUP>
        <VERSION>249</VERSION>
        <COUNTERPARTY>GSCH1</COUNTERPARTY>
        <MESSAGE_TYPE>RMS_TRADE</MESSAGE_TYPE>
        <TRADETYPE>FxResurrectingTimerOpt</TRADETYPE>
        <BOOK>EURGEN</BOOK>
        <ACTION>Fixed</ACTION>
        <STATUS>Open</STATUS>
    </ApplicationInfo>
    <Text>SYSTEMID|223498505|TRADETYPE|FxResurrectingTimerOpt|TRADEID|129338361B|SOURCESYSTEM|RMS|BOOK|EURGEN|BLOTTER||COUNTERPARTY|GSCH1|COUNTERPARTYSOURCESYSTEM|RMS|COUNTERPARTYNAME|G SCHNEIDER SA|DBICOUNTERPARTYID||CUSTOMER|GSCH1|CUSTOMERSOURCESYSTEM|RMS|STATUS|Open|PREMIUMCURRENCY||PREMIUMAMOUNT||PREMIUMDATE||PREMIUMHASPAIDYN||UNWINDRATE||UNWINDPREMIUMCURRENCY||UNWINDPREMIUMAMOUNT||UNWINDPREMIUMDATE||MARGINPAYMENTCURRENCY||MARGINPAYMENTAMOUNT||ASSETLOCATION||PRODUCTID|217017569|PRODUCTVERSION|2|PRODUCTLEGID|1|STRUCTUREID|129338361|TRADEDATE|2009-09-29 00:00:00.000|LASTUPDATED|2010-09-10 20:36:56.000|ACTION|Fixed|ACTIONEFFECTIVEDATE|2010-09-10 00:00:00.000|SOURCESYSTEMBOOK|EURGEN|SOURCESYSTEMPROFITCENTRE||SALESPERSON|IEVAADR|TRADER||ENTEREDBY|SEWEROB|FUNDSPLITID||FUNDSPLITVERSION||STRUCTURENAME||MARKUPAMT|-39820|MARKUPCCY|EUR|MARKUPLOCATION|London|ATRISKAMT|500|ATRISKCCY|EUR|ATRISKLOCATION|London|ATRISKINDICATOR||REASON||NOTES||BROKER||BROKERAMT||BROKERCCY||LINKSYSTEMID||LINKTYPE||SOURCESYSTEMID|223498505|DATECREATED|2009-09-29 18:16:32.000|CONFIRMAS||VERSION|249|CANCELSSOURCESYSTEMID||CANCELLEDBYSOURCESYSTEMID||CANCELLINGHALFSOURCESYSTEMID||CORRECTSSOURCESYSTEMID||CORRECTEDBYSOURCESYSTEMID||CLOSESSOURCESYSTEMID||CLOSEDBYSOURCESYSTEMID||EXERCISEDINTOSOURCESYSTEMID||EXERCISEDFROMSOURCESYSTEMID||LATESTVERSIONYN|N|CLOSINGDATE||LEGALENTITY|London|DEALCAPTURESYSTEM|FXPricer(Sales)|DEALCAPTURESYSTEMID|223498505|BOOKINGLOCATION|London|PRODUCTTYPE||PRODUCTINSTANCE||BACKOFFICESYSTEM||BACKOFFICESYSTEMID||VERSIONVALIDUNTILDATE|2010-09-13 20:35:53.000|TRADEEXTRADETAILID|0|TRADEEXTRADETAILVERSION|0|TRADECLASSIFICATION|2|DEALCAPTURESALESUSER|FXPRICERSALES_IEVAADR|FUNDSPLITALLOCATIONID||FUNDSPLITALLOCATIONLEGID||TEARUPID||ELECTEDCONFIRMATIONSYSTEM|///|ELECTEDCONFIRMATIONRULEID|82|PREVIOUSCONFIRMATIONSYSTEM|///|ELECTEDSETTLEMENTSYSTEM|///|ELECTEDSETTLEMENTRULEID|82|PREVIOUSSETTLEMENTSYSTEM|///|BACKOFFICEPROCESSING|Standard|CALCULATIONAGENT|DB|CLOSEDBY_PRODUCTID|217017569|CLOSES_PRODUCTID|217017569|LINK_PRODUCTID|217017569|PRODUCTTYPEID|RTIMER|BACKOFFICEENDDATE||BACKOFFICEEVENT||BACKOFFICEBRANCHACCEPTED||BACKOFFICEBRANCHEVENT||TRADETABLE|FXTIMER|USERENTEREDTRADEDATE||UNDERCURRENCY|EUR|ACCCURRENCY|USD|NOTIONAL|-102800|EXPIRYDATE|2010-09-28 00:00:00.000|SHIFTEDEXPIRYDATE||SETTLEMENTDATE|2010-09-30 00:00:00.000|FIXINGREFERENCE|ECB37|COUPON|100|MINCOUPON||MAXCOUPON||ACCRUALBASIS||PAYNOWYN|N|EXTINGUISHEDDATE||PAYCURRENCY|USD|QUANTOLEVEL||ACCRUALSTARTDATE|2009-09-28 00:00:00.000|ACCRUALENDDATE|2010-09-28 00:00:00.000|FIXINGHOLIDAYS|EUR|LOOKFREQUENCY|B|WEIGHTHOLIDAYS|EUR|ACCRUALRULE|B|LASTFIXEDDATE|2010-09-10 00:00:00.000|KNOCKEDOUTDATE||ACCRUEDSOFAR|91|UPBARRIER|1.52|LOWBARRIER|1.38|SHIFTEDUPBARRIER||SHIFTEDLOWBARRIER||BARRIERSTARTDATE|2009-09-28 00:00:00.000|BARRIERENDDATE|2010-09-28 00:00:00.000|SHIFTEDBARRIERSTARTDATE||SHIFTEDBARRIERENDDATE||FORWARDSETTINGSTYLE||FORWARDSETTINGDATE||FORWARDREFERENCEDATE||OPTIMISESETTINGLEVELSYN||ZONECUT||MODELTYPE||NUMTIMESTEPS||USEMINIMUMDENSITYYN||NUMPATHS||SEED||MCGREEKSMETHOD||MCWEDGEWIDTH||FIXINGDATE|2009-09-29 00:00:00.000|FIXINGWEIGHT|1|FIXINGVALUE|1.4549|FIXINGDATE|2009-09-30 00:00:00.000|FIXINGWEIGHT|1|FIXINGVALUE|1.4643|FIXINGDATE|2009-10-01 00:00:00.000|FIXINGWEIGHT|1|FIXINGVALUE|1.4539|FIXINGDATE|2009-10-02 00:00:00.000|FIXINGWEIGHT|1|FIXINGVALUE|1.4537|FIXINGDATE|2009-10-05 00:00:00.000|FIXINGWEIGHT|1|FIXINGVALUE|1.4616|FIXINGDATE|2009-10-06 00:00:00.000|FIXINGWEIGHT|1|FIXINGVALUE|1.4722|FIXINGDATE|2009-10-07 00:00:00.000|FIXINGWEIGHT|1|FIXINGVALUE|1.4694|FIXINGDATE|2009-10-08 00:00:00.000|FIXINGWEIGHT|1|FIXINGVALUE|1.4763|FIXINGDATE|2009-10-09 00:00:00.000|FIXINGWEIGHT|1|FIXINGVALUE|1.475|FIXINGDATE|2009-10-12 00:00:00.000|FIXINGWEIGHT|1|FIXINGVALUE|1.4765|FIXINGDATE|2009-10-13 00:00:00.000|FIXINGWEIGHT|1|FIXINGVALUE|1.4864|FIXINGDATE|2009-10-14 00:00:00.000|FIXINGWEIGHT|1|FIXINGVALUE|1.4881|FIXINGDATE|2009-10-15 00:00:00.000|FIXINGWEIGHT|1|FIXINGVALUE|1.4864|FIXINGDATE|2009-10-16 00:00:00.000|FIXINGWEIGHT|1|FIXINGVALUE|1.4869|FIXINGDATE|2009-10-19 00:00:00.000|FIXINGWEIGHT|1|FIXINGVALUE|1.4918|FIXINGDATE|2009-10-20 00:00:00.000|FIXINGWEIGHT|1|FIXINGVALUE|1.4971|FIXINGDATE|2009-10-21 00:00:00.000|FIXINGWEIGHT|1|FIXINGVALUE|1.4921|FIXINGDATE|2009-10-22 00:00:00.000|FIXINGWEIGHT|1|FIXINGVALUE|1.5|FIXINGDATE|2009-10-23 00:00:00.000|FIXINGWEIGHT|1|FIXINGVALUE|1.502|FIXINGDATE|2009-10-26 00:00:00.000|FIXINGWEIGHT|1|FIXINGVALUE|1.5019|FIXINGDATE|2009-10-27 00:00:00.000|FIXINGWEIGHT|1|FIXINGVALUE|1.4874|FIXINGDATE|2009-10-28 00:00:00.000|FIXINGWEIGHT|1|FIXINGVALUE|1.4785|FIXINGDATE|2009-10-29 00:00:00.000|FIXINGWEIGHT|1|FIXINGVALUE|1.4788|FIXINGDATE|2009-10-30 00:00:00.000|FIXINGWEIGHT|1|FIXINGVALUE|1.48|FIXINGDATE|2009-11-02 00:00:00.000|FIXINGWEIGHT|1|FIXINGVALUE|1.4772|FIXINGDATE|2009-11-03 00:00:00.000|FIXINGWEIGHT|1|FIXINGVALUE|1.4658|FIXINGDATE|2009-11-04 00:00:00.000|FIXINGWEIGHT|1|FIXINGVALUE|1.4761|FIXINGDATE|2009-11-05 00:00:00.000|FIXINGWEIGHT|1|FIXINGVALUE|1.4867|FIXINGDATE|2009-11-06 00:00:00.000|FIXINGWEIGHT|1|FIXINGVALUE|1.4862|FIXINGDATE|2009-11-09 00:00:00.000|FIXINGWEIGHT|1|FIXINGVALUE|1.4984|FIXINGDATE|2009-11-10 00:00:00.000|FIXINGWEIGHT|1|FIXINGVALUE|1.4966|FIXINGDATE|2009-11-11 00:00:00.000|FIXINGWEIGHT|1|FIXINGVALUE|1.5037|FIXINGDATE|2009-11-12 00:00:00.000|FIXINGWEIGHT|1|FIXINGVALUE|1.4922|FIXINGDATE|2009-11-13 00:00:00.000|FIXINGWEIGHT|1|FIXINGVALUE|1.4868|FIXINGDATE|2009-11-16 00:00:00.000|FIXINGWEIGHT|1|FIXINGVALUE|1.4965|FIXINGDATE|2009-11-17 00:00:00.000|FIXINGWEIGHT|1|FIXINGVALUE|1.4875|FIXINGDATE|2009-11-18 00:00:00.000|FIXINGWEIGHT|1|FIXINGVALUE|1.4957|FIXINGDATE|2009-11-19 00:00:00.000|FIXINGWEIGHT|1|FIXINGVALUE|1.4863|FIXINGDATE|2009-11-20 00:00:00.000|FIXINGWEIGHT|1|FIXINGVALUE|1.4815|FIXINGDATE|2009-11-23 00:00:00.000|FIXINGWEIGHT|1|FIXINGVALUE|1.4968|FIXINGDATE|2009-11-24 00:00:00.000|FIXINGWEIGHT|1|FIXINGVALUE|1.4969|FIXINGDATE|2009-11-25 00:00:00.000|FIXINGWEIGHT|1|FIXINGVALUE|1.5083|FIXINGDATE|2009-11-26 00:00:00.000|FIXINGWEIGHT|1|FIXINGVALUE|1.5071|FIXINGDATE|2009-11-27 00:00:00.000|FIXINGWEIGHT|1|FIXINGVALUE|1.4918|FIXINGDATE|2009-11-30 00:00:00.000|FIXINGWEIGHT|1|FIXINGVALUE|1.5023|FIXINGDATE|2009-12-01 00:00:00.000|FIXINGWEIGHT|1|FIXINGVALUE|1.5074|FIXINGDATE|2009-12-02 00:00:00.000|FIXINGWEIGHT|1|FIXINGVALUE|1.509|FIXINGDATE|2009-12-03 00:00:00.000|FIXINGWEIGHT|1|FIXINGVALUE|1.512|FIXINGDATE|2009-12-04 00:00:00.000|FIXINGWEIGHT|1|FIXINGVALUE|1.5068|FIXINGDATE|2009-12-07 00:00:00.000|FIXINGWEIGHT|1|FIXINGVALUE|1.4787|FIXINGDATE|2009-12-08 00:00:00.000|FIXINGWEIGHT|1|FIXINGVALUE|1.4774|FIXINGDATE|2009-12-09 00:00:00.000|FIXINGWEIGHT|1|FIXINGVALUE|1.4768|FIXINGDATE|2009-12-10 00:00:00.000|FIXINGWEIGHT|1|FIXINGVALUE|1.473|FIXINGDATE|2009-12-11 00:00:00.000|FIXINGWEIGHT|1|FIXINGVALUE|1.4757|FIXINGDATE|2009-12-14 00:00:00.000|FIXINGWEIGHT|1|FIXINGVALUE|1.4647|FIXINGDATE|2009-12-15 00:00:00.000|FIXINGWEIGHT|1|FIXINGVALUE|1.4541|FIXINGDATE|2009-12-16 00:00:00.000|FIXINGWEIGHT|1|FIXINGVALUE|1.456|FIXINGDATE|2009-12-17 00:00:00.000|FIXINGWEIGHT|1|FIXINGVALUE|1.4343|FIXINGDATE|2009-12-18 00:00:00.000|FIXINGWEIGHT|1|FIXINGVALUE|1.4337|FIXINGDATE|2009-12-21 00:00:00.000|FIXINGWEIGHT|1|FIXINGVALUE|1.4368|FIXINGDATE|2009-12-22 00:00:00.000|FIXINGWEIGHT|1|FIXINGVALUE|1.4279|FIXINGDATE|2009-12-23 00:00:00.000|FIXINGWEIGHT|1|FIXINGVALUE|1.4276|FIXINGDATE|2009-12-24 00:00:00.000|FIXINGWEIGHT|1|FIXINGVALUE|1.4398|FIXINGDATE|2009-12-28 00:00:00.000|FIXINGWEIGHT|1|FIXINGVALUE|1.4405|FIXINGDATE|2009-12-29 00:00:00.000|FIXINGWEIGHT|1|FIXINGVALUE|1.4433|FIXINGDATE|2009-12-30 00:00:00.000|FIXINGWEIGHT|1|FIXINGVALUE|1.4338|FIXINGDATE|2009-12-31 00:00:00.000|FIXINGWEIGHT|1|FIXINGVALUE|1.4406|FIXINGDATE|2010-01-04 00:00:00.000|FIXINGWEIGHT|1|FIXINGVALUE|1.4389|FIXINGDATE|2010-01-05 00:00:00.000|FIXINGWEIGHT|1|FIXINGVALUE|1.4442|FIXINGDATE|2010-01-06 00:00:00.000|FIXINGWEIGHT|1|FIXINGVALUE|1.435|FIXINGDATE|2010-01-07 00:00:00.000|FIXINGWEIGHT|1|FIXINGVALUE|1.4304|FIXINGDATE|2010-01-08 00:00:00.000|FIXINGWEIGHT|1|FIXINGVALUE|1.4273|FIXINGDATE|2010-01-11 00:00:00.000|FIXINGWEIGHT|1|FIXINGVALUE|1.4528|FIXINGDATE|2010-01-12 00:00:00.000|FIXINGWEIGHT|1|FIXINGVALUE|1.4481|FIXINGDATE|2010-01-13 00:00:00.000|FIXINGWEIGHT|1|FIXINGVALUE|1.4563|FIXINGDATE|2010-01-14 00:00:00.000|FIXINGWEIGHT|1|FIXINGVALUE|1.4486|FIXINGDATE|2010-01-15 00:00:00.000|FIXINGWEIGHT|1|FIXINGVALUE|1.4374|FIXINGDATE|2010-01-18 00:00:00.000|FIXINGWEIGHT|1|FIXINGVALUE|1.4369|FIXINGDATE|2010-01-19 00:00:00.000|FIXINGWEIGHT|1|FIXINGVALUE|1.4279|FIXINGDATE|2010-01-20 00:00:00.000|FIXINGWEIGHT|1|FIXINGVALUE|1.4132|FIXINGDATE|2010-01-21 00:00:00.000|FIXINGWEIGHT|1|FIXINGVALUE|1.4064|FIXINGDATE|2010-01-22 00:00:00.000|FIXINGWEIGHT|1|FIXINGVALUE|1.4135|FIXINGDATE|2010-01-25 00:00:00.000|FIXINGWEIGHT|1|FIXINGVALUE|1.4151|FIXINGDATE|2010-01-26 00:00:00.000|FIXINGWEIGHT|1|FIXINGVALUE|1.4085|FIXINGDATE|2010-01-27 00:00:00.000|FIXINGWEIGHT|1|FIXINGVALUE|1.4072|FIXINGDATE|2010-01-28 00:00:00.000|FIXINGWEIGHT|1|FIXINGVALUE|1.3999|FIXINGDATE|2010-01-29 00:00:00.000|FIXINGWEIGHT|1|FIXINGVALUE|1.3966|FIXINGDATE|2010-02-01 00:00:00.000|FIXINGWEIGHT|1|FIXINGVALUE|1.3913|FIXINGDATE|2010-02-02 00:00:00.000|FIXINGWEIGHT|1|FIXINGVALUE|1.3937|FIXINGDATE|2010-02-03 00:00:00.000|FIXINGWEIGHT|1|FIXINGVALUE|1.3984|FIXINGDATE|2010-02-04 00:00:00.000|FIXINGWEIGHT|1|FIXINGVALUE|1.3847|FIXINGDATE|2010-02-05 00:00:00.000|FIXINGWEIGHT|1|FIXINGVALUE|1.3691|FIXINGDATE|2010-02-08 00:00:00.000|FIXINGWEIGHT|1|FIXINGVALUE|1.3675|FIXINGDATE|2010-02-09 00:00:00.000|FIXINGWEIGHT|1|FIXINGVALUE|1.376|FIXINGDATE|2010-02-10 00:00:00.000|FIXINGWEIGHT|1|FIXINGVALUE|1.374|FIXINGDATE|2010-02-11 00:00:00.000|FIXINGWEIGHT|1|FIXINGVALUE|1.3718|FIXINGDATE|2010-02-12 00:00:00.000|FIXINGWEIGHT|1|FIXINGVALUE|1.3572|FIXINGDATE|2010-02-15 00:00:00.000|FIXINGWEIGHT|1|FIXINGVALUE|1.3607|FIXINGDATE|2010-02-16 00:00:00.000|FIXINGWEIGHT|1|FIXINGVALUE|1.3649|FIXINGDATE|2010-02-17 00:00:00.000|FIXINGWEIGHT|1|FIXINGVALUE|1.3726|FIXINGDATE|2010-02-18 00:00:00.000|FIXINGWEIGHT|1|FIXINGVALUE|1.3567|FIXINGDATE|2010-02-19 00:00:00.000|FIXINGWEIGHT|1|FIXINGVALUE|1.3519|FIXINGDATE|2010-02-22 00:00:00.000|FIXINGWEIGHT|1|FIXINGVALUE|1.3626|FIXINGDATE|2010-02-23 00:00:00.000|FIXINGWEIGHT|1|FIXINGVALUE|1.3577|FIXINGDATE|2010-02-24 00:00:00.000|FIXINGWEIGHT|1|FIXINGVALUE|1.3547|FIXINGDATE|2010-02-25 00:00:00.000|FIXINGWEIGHT|1|FIXINGVALUE|1.3489|FIXINGDATE|2010-02-26 00:00:00.000|FIXINGWEIGHT|1|FIXINGVALUE|1.357|FIXINGDATE|2010-03-01 00:00:00.000|FIXINGWEIGHT|1|FIXINGVALUE|1.3525|FIXINGDATE|2010-03-02 00:00:00.000|FIXINGWEIGHT|1|FIXINGVALUE|1.3548|FIXINGDATE|2010-03-03 00:00:00.000|FIXINGWEIGHT|1|FIXINGVALUE|1.3641|FIXINGDATE|2010-03-04 00:00:00.000|FIXINGWEIGHT|1|FIXINGVALUE|1.3668|FIXINGDATE|2010-03-05 00:00:00.000|FIXINGWEIGHT|1|FIXINGVALUE|1.3582|FIXINGDATE|2010-03-08 00:00:00.000|FIXINGWEIGHT|1|FIXINGVALUE|1.3662|FIXINGDATE|2010-03-09 00:00:00.000|FIXINGWEIGHT|1|FIXINGVALUE|1.3557|FIXINGDATE|2010-03-10 00:00:00.000|FIXINGWEIGHT|1|FIXINGVALUE|1.361|FIXINGDATE|2010-03-11 00:00:00.000|FIXINGWEIGHT|1|FIXINGVALUE|1.3657|FIXINGDATE|2010-03-12 00:00:00.000|FIXINGWEIGHT|1|FIXINGVALUE|1.3765|FIXINGDATE|2010-03-15 00:00:00.000|FIXINGWEIGHT|1|FIXINGVALUE|1.3705|FIXINGDATE|2010-03-16 00:00:00.000|FIXINGWEIGHT|1|FIXINGVALUE|1.3723|FIXINGDATE|2010-03-17 00:00:00.000|FIXINGWEIGHT|1|FIXINGVALUE|1.3756|FIXINGDATE|2010-03-18 00:00:00.000|FIXINGWEIGHT|1|FIXINGVALUE|1.366|FIXINGDATE|2010-03-19 00:00:00.000|FIXINGWEIGHT|1|FIXINGVALUE|1.3548|FIXINGDATE|2010-03-22 00:00:00.000|FIXINGWEIGHT|1|FIXINGVALUE|1.3471|FIXINGDATE|2010-03-23 00:00:00.000|FIXINGWEIGHT|1|FIXINGVALUE|1.3519|FIXINGDATE|2010-03-24 00:00:00.000|FIXINGWEIGHT|1|FIXINGVALUE|1.3338|FIXINGDATE|2010-03-25 00:00:00.000|FIXINGWEIGHT|1|FIXINGVALUE|1.3356|FIXINGDATE|2010-03-26 00:00:00.000|FIXINGWEIGHT|1|FIXINGVALUE|1.3353|FIXINGDATE|2010-03-29 00:00:00.000|FIXINGWEIGHT|1|FIXINGVALUE|1.3471|FIXINGDATE|2010-03-30 00:00:00.000|FIXINGWEIGHT|1|FIXINGVALUE|1.3482|FIXINGDATE|2010-03-31 00:00:00.000|FIXINGWEIGHT|1|FIXINGVALUE|1.3479|FIXINGDATE|2010-04-01 00:00:00.000|FIXINGWEIGHT|1|FIXINGVALUE|1.3468|FIXINGDATE|2010-04-06 00:00:00.000|FIXINGWEIGHT|1|FIXINGVALUE|1.3396|FIXINGDATE|2010-04-07 00:00:00.000|FIXINGWEIGHT|1|FIXINGVALUE|1.334|FIXINGDATE|2010-04-08 00:00:00.000|FIXINGWEIGHT|1|FIXINGVALUE|1.3296|FIXINGDATE|2010-04-09 00:00:00.000|FIXINGWEIGHT|1|FIXINGVALUE|1.3384|FIXINGDATE|2010-04-12 00:00:00.000|FIXINGWEIGHT|1|FIXINGVALUE|1.3585|FIXINGDATE|2010-04-13 00:00:00.000|FIXINGWEIGHT|1|FIXINGVALUE|1.3583|FIXINGDATE|2010-04-14 00:00:00.000|FIXINGWEIGHT|1|FIXINGVALUE|1.3615|FIXINGDATE|2010-04-15 00:00:00.000|FIXINGWEIGHT|1|FIXINGVALUE|1.3544|FIXINGDATE|2010-04-16 00:00:00.000|FIXINGWEIGHT|1|FIXINGVALUE|1.3535|FIXINGDATE|2010-04-19 00:00:00.000|FIXINGWEIGHT|1|FIXINGVALUE|1.3432|FIXINGDATE|2010-04-20 00:00:00.000|FIXINGWEIGHT|1|FIXINGVALUE|1.3486|FIXINGDATE|2010-04-21 00:00:00.000|FIXINGWEIGHT|1|FIXINGVALUE|1.3373|FIXINGDATE|2010-04-22 00:00:00.000|FIXINGWEIGHT|1|FIXINGVALUE|1.3339|FIXINGDATE|2010-04-23 00:00:00.000|FIXINGWEIGHT|1|FIXINGVALUE|1.3311|FIXINGDATE|2010-04-26 00:00:00.000|FIXINGWEIGHT|1|FIXINGVALUE|1.3321|FIXINGDATE|2010-04-27 00:00:00.000|FIXINGWEIGHT|1|FIXINGVALUE|1.329|FIXINGDATE|2010-04-28 00:00:00.000|FIXINGWEIGHT|1|FIXINGVALUE|1.3245|FIXINGDATE|2010-04-29 00:00:00.000|FIXINGWEIGHT|1|FIXINGVALUE|1.3256|FIXINGDATE|2010-04-30 00:00:00.000|FIXINGWEIGHT|1|FIXINGVALUE|1.3315|FIXINGDATE|2010-05-03 00:00:00.000|FIXINGWEIGHT|1|FIXINGVALUE|1.3238|FIXINGDATE|2010-05-04 00:00:00.000|FIXINGWEIGHT|1|FIXINGVALUE|1.3089|FIXINGDATE|2010-05-05 00:00:00.000|FIXINGWEIGHT|1|FIXINGVALUE|1.2924|FIXINGDATE|2010-05-06 00:00:00.000|FIXINGWEIGHT|1|FIXINGVALUE|1.2727|FIXINGDATE|2010-05-07 00:00:00.000|FIXINGWEIGHT|1|FIXINGVALUE|1.2746|FIXINGDATE|2010-05-10 00:00:00.000|FIXINGWEIGHT|1|FIXINGVALUE|1.2969|FIXINGDATE|2010-05-11 00:00:00.000|FIXINGWEIGHT|1|FIXINGVALUE|1.2698|FIXINGDATE|2010-05-12 00:00:00.000|FIXINGWEIGHT|1|FIXINGVALUE|1.2686|FIXINGDATE|2010-05-13 00:00:00.000|FIXINGWEIGHT|1|FIXINGVALUE|1.2587|FIXINGDATE|2010-05-14 00:00:00.000|FIXINGWEIGHT|1|FIXINGVALUE|1.2492|FIXINGDATE|2010-05-17 00:00:00.000|FIXINGWEIGHT|1|FIXINGVALUE|1.2349|FIXINGDATE|2010-05-18 00:00:00.000|FIXINGWEIGHT|1|FIXINGVALUE|1.2428|FIXINGDATE|2010-05-19 00:00:00.000|FIXINGWEIGHT|1|FIXINGVALUE|1.227|FIXINGDATE|2010-05-20 00:00:00.000|FIXINGWEIGHT|1|FIXINGVALUE|1.2334|FIXINGDATE|2010-05-21 00:00:00.000|FIXINGWEIGHT|1|FIXINGVALUE|1.2497|FIXINGDATE|2010-05-24 00:00:00.000|FIXINGWEIGHT|1|FIXINGVALUE|1.236|FIXINGDATE|2010-05-25 00:00:00.000|FIXINGWEIGHT|1|FIXINGVALUE|1.2223|FIXINGDATE|2010-05-26 00:00:00.000|FIXINGWEIGHT|1|FIXINGVALUE|1.2309|FIXINGDATE|2010-05-27 00:00:00.000|FIXINGWEIGHT|1|FIXINGVALUE|1.2255|FIXINGDATE|2010-05-28 00:00:00.000|FIXINGWEIGHT|1|FIXINGVALUE|1.2384|FIXINGDATE|2010-05-31 00:00:00.000|FIXINGWEIGHT|1|FIXINGVALUE|1.2307|FIXINGDATE|2010-06-01 00:00:00.000|FIXINGWEIGHT|1|FIXINGVALUE|1.2155|FIXINGDATE|2010-06-02 00:00:00.000|FIXINGWEIGHT|1|FIXINGVALUE|1.2218|FIXINGDATE|2010-06-03 00:00:00.000|FIXINGWEIGHT|1|FIXINGVALUE|1.2268|FIXINGDATE|2010-06-04 00:00:00.000|FIXINGWEIGHT|1|FIXINGVALUE|1.206|FIXINGDATE|2010-06-07 00:00:00.000|FIXINGWEIGHT|1|FIXINGVALUE|1.1959|FIXINGDATE|2010-06-08 00:00:00.000|FIXINGWEIGHT|1|FIXINGVALUE|1.1942|FIXINGDATE|2010-06-09 00:00:00.000|FIXINGWEIGHT|1|FIXINGVALUE|1.201|FIXINGDATE|2010-06-10 00:00:00.000|FIXINGWEIGHT|1|FIXINGVALUE|1.2045|FIXINGDATE|2010-06-11 00:00:00.000|FIXINGWEIGHT|1|FIXINGVALUE|1.2127|FIXINGDATE|2010-06-14 00:00:00.000|FIXINGWEIGHT|1|FIXINGVALUE|1.2249|FIXINGDATE|2010-06-15 00:00:00.000|FIXINGWEIGHT|1|FIXINGVALUE|1.2258|FIXINGDATE|2010-06-16 00:00:00.000|FIXINGWEIGHT|1|FIXINGVALUE|1.2277|FIXINGDATE|2010-06-17 00:00:00.000|FIXINGWEIGHT|1|FIXINGVALUE|1.2363|FIXINGDATE|2010-06-18 00:00:00.000|FIXINGWEIGHT|1|FIXINGVALUE|1.2372|FIXINGDATE|2010-06-21 00:00:00.000|FIXINGWEIGHT|1|FIXINGVALUE|1.2391|FIXINGDATE|2010-06-22 00:00:00.000|FIXINGWEIGHT|1|FIXINGVALUE|1.2258|FIXINGDATE|2010-06-23 00:00:00.000|FIXINGWEIGHT|1|FIXINGVALUE|1.2271|FIXINGDATE|2010-06-24 00:00:00.000|FIXINGWEIGHT|1|FIXINGVALUE|1.2262|FIXINGDATE|2010-06-25 00:00:00.000|FIXINGWEIGHT|1|FIXINGVALUE|1.2294|FIXINGDATE|2010-06-28 00:00:00.000|FIXINGWEIGHT|1|FIXINGVALUE|1.2339|FIXINGDATE|2010-06-29 00:00:00.000|FIXINGWEIGHT|1|FIXINGVALUE|1.2198|FIXINGDATE|2010-06-30 00:00:00.000|FIXINGWEIGHT|1|FIXINGVALUE|1.2271|FIXINGDATE|2010-07-01 00:00:00.000|FIXINGWEIGHT|1|FIXINGVALUE|1.2328|FIXINGDATE|2010-07-02 00:00:00.000|FIXINGWEIGHT|1|FIXINGVALUE|1.2548|FIXINGDATE|2010-07-05 00:00:00.000|FIXINGWEIGHT|1|FIXINGVALUE|1.2531|FIXINGDATE|2010-07-06 00:00:00.000|FIXINGWEIGHT|1|FIXINGVALUE|1.2579|FIXINGDATE|2010-07-07 00:00:00.000|FIXINGWEIGHT|1|FIXINGVALUE|1.2567|FIXINGDATE|2010-07-08 00:00:00.000|FIXINGWEIGHT|1|FIXINGVALUE|1.266|FIXINGDATE|2010-07-09 00:00:00.000|FIXINGWEIGHT|1|FIXINGVALUE|1.2637|FIXINGDATE|2010-07-12 00:00:00.000|FIXINGWEIGHT|1|FIXINGVALUE|1.2572|FIXINGDATE|2010-07-13 00:00:00.000|FIXINGWEIGHT|1|FIXINGVALUE|1.2569|FIXINGDATE|2010-07-14 00:00:00.000|FIXINGWEIGHT|1|FIXINGVALUE|1.2703|FIXINGDATE|2010-07-15 00:00:00.000|FIXINGWEIGHT|1|FIXINGVALUE|1.2828|FIXINGDATE|2010-07-16 00:00:00.000|FIXINGWEIGHT|1|FIXINGVALUE|1.3|FIXINGDATE|2010-07-19 00:00:00.000|FIXINGWEIGHT|1|FIXINGVALUE|1.2957|FIXINGDATE|2010-07-20 00:00:00.000|FIXINGWEIGHT|1|FIXINGVALUE|1.2844|FIXINGDATE|2010-07-21 00:00:00.000|FIXINGWEIGHT|1|FIXINGVALUE|1.2817|FIXINGDATE|2010-07-22 00:00:00.000|FIXINGWEIGHT|1|FIXINGVALUE|1.285|FIXINGDATE|2010-07-23 00:00:00.000|FIXINGWEIGHT|1|FIXINGVALUE|1.2897|FIXINGDATE|2010-07-26 00:00:00.000|FIXINGWEIGHT|1|FIXINGVALUE|1.2931|FIXINGDATE|2010-07-27 00:00:00.000|FIXINGWEIGHT|1|FIXINGVALUE|1.3033|FIXINGDATE|2010-07-28 00:00:00.000|FIXINGWEIGHT|1|FIXINGVALUE|1.2992|FIXINGDATE|2010-07-29 00:00:00.000|FIXINGWEIGHT|1|FIXINGVALUE|1.3069|FIXINGDATE|2010-07-30 00:00:00.000|FIXINGWEIGHT|1|FIXINGVALUE|1.3028|FIXINGDATE|2010-08-02 00:00:00.000|FIXINGWEIGHT|1|FIXINGVALUE|1.3073|FIXINGDATE|2010-08-03 00:00:00.000|FIXINGWEIGHT|1|FIXINGVALUE|1.3221|FIXINGDATE|2010-08-04 00:00:00.000|FIXINGWEIGHT|1|FIXINGVALUE|1.3206|FIXINGDATE|2010-08-05 00:00:00.000|FIXINGWEIGHT|1|FIXINGVALUE|1.3184|FIXINGDATE|2010-08-06 00:00:00.000|FIXINGWEIGHT|1|FIXINGVALUE|1.3176|FIXINGDATE|2010-08-09 00:00:00.000|FIXINGWEIGHT|1|FIXINGVALUE|1.3253|FIXINGDATE|2010-08-10 00:00:00.000|FIXINGWEIGHT|1|FIXINGVALUE|1.3133|FIXINGDATE|2010-08-11 00:00:00.000|FIXINGWEIGHT|1|FIXINGVALUE|1.3016|FIXINGDATE|2010-08-12 00:00:00.000|FIXINGWEIGHT|1|FIXINGVALUE|1.279|FIXINGDATE|2010-08-13 00:00:00.000|FIXINGWEIGHT|1|FIXINGVALUE|1.2799|FIXINGDATE|2010-08-16 00:00:00.000|FIXINGWEIGHT|1|FIXINGVALUE|1.282|FIXINGDATE|2010-08-17 00:00:00.000|FIXINGWEIGHT|1|FIXINGVALUE|1.286|FIXINGDATE|2010-08-18 00:00:00.000|FIXINGWEIGHT|1|FIXINGVALUE|1.288|FIXINGDATE|2010-08-19 00:00:00.000|FIXINGWEIGHT|1|FIXINGVALUE|1.2836|FIXINGDATE|2010-08-20 00:00:00.000|FIXINGWEIGHT|1|FIXINGVALUE|1.2711|FIXINGDATE|2010-08-23 00:00:00.000|FIXINGWEIGHT|1|FIXINGVALUE|1.2704|FIXINGDATE|2010-08-24 00:00:00.000|FIXINGWEIGHT|1|FIXINGVALUE|1.2611|FIXINGDATE|2010-08-25 00:00:00.000|FIXINGWEIGHT|1|FIXINGVALUE|1.2613|FIXINGDATE|2010-08-26 00:00:00.000|FIXINGWEIGHT|1|FIXINGVALUE|1.2693|FIXINGDATE|2010-08-27 00:00:00.000|FIXINGWEIGHT|1|FIXINGVALUE|1.2713|FIXINGDATE|2010-08-30 00:00:00.000|FIXINGWEIGHT|1|FIXINGVALUE|1.27|FIXINGDATE|2010-08-31 00:00:00.000|FIXINGWEIGHT|1|FIXINGVALUE|1.268|FIXINGDATE|2010-09-01 00:00:00.000|FIXINGWEIGHT|1|FIXINGVALUE|1.28|FIXINGDATE|2010-09-02 00:00:00.000|FIXINGWEIGHT|1|FIXINGVALUE|1.2818|FIXINGDATE|2010-09-03 00:00:00.000|FIXINGWEIGHT|1|FIXINGVALUE|1.2834|FIXINGDATE|2010-09-06 00:00:00.000|FIXINGWEIGHT|1|FIXINGVALUE|1.2874|FIXINGDATE|2010-09-07 00:00:00.000|FIXINGWEIGHT|1|FIXINGVALUE|1.2744|FIXINGDATE|2010-09-08 00:00:00.000|FIXINGWEIGHT|1|FIXINGVALUE|1.2697|FIXINGDATE|2010-09-09 00:00:00.000|FIXINGWEIGHT|1|FIXINGVALUE|1.2715|FIXINGDATE|2010-09-10 00:00:00.000|FIXINGWEIGHT|1|FIXINGVALUE|1.2725|FIXINGDATE|2010-09-13 00:00:00.000|FIXINGWEIGHT|1|FIXINGVALUE||FIXINGDATE|2010-09-14 00:00:00.000|FIXINGWEIGHT|1|FIXINGVALUE||FIXINGDATE|2010-09-15 00:00:00.000|FIXINGWEIGHT|1|FIXINGVALUE||FIXINGDATE|2010-09-16 00:00:00.000|FIXINGWEIGHT|1|FIXINGVALUE||FIXINGDATE|2010-09-17 00:00:00.000|FIXINGWEIGHT|1|FIXINGVALUE||FIXINGDATE|2010-09-20 00:00:00.000|FIXINGWEIGHT|1|FIXINGVALUE||FIXINGDATE|2010-09-21 00:00:00.000|FIXINGWEIGHT|1|FIXINGVALUE||FIXINGDATE|2010-09-22 00:00:00.000|FIXINGWEIGHT|1|FIXINGVALUE||FIXINGDATE|2010-09-23 00:00:00.000|FIXINGWEIGHT|1|FIXINGVALUE||FIXINGDATE|2010-09-24 00:00:00.000|FIXINGWEIGHT|1|FIXINGVALUE||FIXINGDATE|2010-09-27 00:00:00.000|FIXINGWEIGHT|1|FIXINGVALUE||FIXINGDATE|2010-09-28 00:00:00.000|FIXINGWEIGHT|1|FIXINGVALUE||FIXINGSCHEDULELENGTH|257|BOOK_CPTY_CDRMNEMONIC|DTCH L  4LM|PROFIT_CENTRE|FGO0|BOOKBRANCHPARENT|Global|HIGH_LEVEL_CPTY_CDRMNEMONIC|GSCH LUX|HIGH_LEVEL_BOOK_CPTY_CDRM|DTCH L|BOOK_CPYT_SRC_SYSTEM|RMS|SUBBRANCH|LDN|CPTY_CDRMNEMONIC|GSCH LUX|AMI_CODE|0840|BOOK_CPTY|EURGEN|PUBLICATIONTIME|2010-09-24 15:56:35.395|DBLEGALENTITY|London|ISLIVEYN|Y</Text>
</Message>
