<?xml version="1.0" encoding="UTF-8"?>
<Message>
    <SystemInfo>
        <JMSDestination>Topic[exodus.pipe.demo]</JMSDestination>
        <JMSReplyTo/>
        <JMSDeliveryMode>2</JMSDeliveryMode>
        <JMSRedelivered>false</JMSRedelivered>
        <JMSCorrelationID>null</JMSCorrelationID>
        <JMSType>null</JMSType>
        <JMSTimestamp>1285343941473</JMSTimestamp>
        <JMSExpiration>0</JMSExpiration>
        <JMSPriority>4</JMSPriority>
    </SystemInfo>
    <ApplicationInfo>
        <SYSTEMID>179663787</SYSTEMID>
        <TRADEGROUP>FXFADEROPTION</TRADEGROUP>
        <VERSION>444</VERSION>
        <COUNTERPARTY>DBOB</COUNTERPARTY>
        <MESSAGE_TYPE>RMS_TRADE</MESSAGE_TYPE>
        <TRADETYPE>FxResurrectingFaderOpt</TRADETYPE>
        <BOOK>EURGEN</BOOK>
        <ACTION>Fixed</ACTION>
        <STATUS>Open</STATUS>
    </ApplicationInfo>
    <Text>SYSTEMID|179663787|TRADETYPE|FxResurrectingFaderOpt|TRADEID|103374865A|SOURCESYSTEM|RMS|BOOK|EURGEN|BLOTTER||COUNTERPARTY|DBOB|COUNTERPARTYSOURCESYSTEM|RMS|COUNTERPARTYNAME|DEUTSCHE BANK AG|DBICOUNTERPARTYID||CUSTOMER|WIHA/FHN|CUSTOMERSOURCESYSTEM|RMS|STATUS|Open|PREMIUMCURRENCY||PREMIUMAMOUNT||PREMIUMDATE||PREMIUMHASPAIDYN||UNWINDRATE||UNWINDPREMIUMCURRENCY||UNWINDPREMIUMAMOUNT||UNWINDPREMIUMDATE||MARGINPAYMENTCURRENCY||MARGINPAYMENTAMOUNT||PRODUCTID|174131160|PRODUCTVERSION|2|PRODUCTLEGID||STRUCTUREID|103374865|ASSETLOCATION||TRADEDATE|2008-12-17 00:00:00.000|LASTUPDATED|2010-09-07 19:42:24.000|ACTION|Fixed|ACTIONEFFECTIVEDATE|2010-09-07 00:00:00.000|SOURCESYSTEMBOOK|EURGEN|SOURCESYSTEMPROFITCENTRE||SALESPERSON|HUNDHX|TRADER||ENTEREDBY|AHMEIMR|FUNDSPLITID||FUNDSPLITVERSION||STRUCTURENAME||MARKUPAMT||MARKUPCCY||MARKUPLOCATION||ATRISKAMT||ATRISKCCY||ATRISKLOCATION||ATRISKINDICATOR||REASON||NOTES|074300/baur|BROKER||BROKERAMT||BROKERCCY||LINKSYSTEMID||LINKTYPE||SOURCESYSTEMID|179663787|DATECREATED|2008-12-17 16:14:59.000|CONFIRMAS||VERSION|444|CANCELSSOURCESYSTEMID||CANCELLEDBYSOURCESYSTEMID||CANCELLINGHALFSOURCESYSTEMID||CORRECTSSOURCESYSTEMID||CORRECTEDBYSOURCESYSTEMID||CLOSESSOURCESYSTEMID||CLOSEDBYSOURCESYSTEMID||EXERCISEDINTOSOURCESYSTEMID||EXERCISEDFROMSOURCESYSTEMID||LATESTVERSIONYN|N|CLOSINGDATE||LEGALENTITY|London|DEALCAPTURESYSTEM|FXPricer(Sales)|DEALCAPTURESYSTEMID|179663787|BOOKINGLOCATION|London|PRODUCTTYPE||PRODUCTINSTANCE||BACKOFFICESYSTEM||BACKOFFICESYSTEMID||VERSIONVALIDUNTILDATE|2010-09-08 19:40:33.000|TRADEEXTRADETAILID|0|TRADEEXTRADETAILVERSION|0|TRADECLASSIFICATION|2|DEALCAPTURESALESUSER|FXPRICERSALES_HUNDHX|FUNDSPLITALLOCATIONID||FUNDSPLITALLOCATIONLEGID||TEARUPID||ELECTEDCONFIRMATIONSYSTEM|///|ELECTEDCONFIRMATIONRULEID|74|PREVIOUSCONFIRMATIONSYSTEM|///|ELECTEDSETTLEMENTSYSTEM|///|ELECTEDSETTLEMENTRULEID|74|PREVIOUSSETTLEMENTSYSTEM|///|BACKOFFICEPROCESSING|Standard|CALCULATIONAGENT|DB|CLOSEDBY_PRODUCTID|174131160|CLOSES_PRODUCTID|174131160|LINK_PRODUCTID|174131160|PRODUCTTYPEID|RESLEVFWD|BACKOFFICEENDDATE||BACKOFFICEEVENT||BACKOFFICEBRANCHACCEPTED||BACKOFFICEBRANCHEVENT||TRADETABLE|FXFADEROPTION|USERENTEREDTRADEDATE||UNDERCURRENCY|EUR|ACCCURRENCY|USD|NOTIONAL|-1195219.123506|ACCNOTIONAL|1500000|DOMINANTNOTIONAL|AccNotional|STRIKE|1.255|CP|C|EXPIRYDATE|2011-12-28 00:00:00.000|SHIFTEDEXPIRYDATE||SETTLEMENTDATE|2011-12-30 00:00:00.000|FIXINGREFERENCE|OPTREF|ACCRUALBASIS||PAYCURRENCY||QUANTOLEVEL||NONDELIVERABLEYN||NONDELIVERABLEFIXINGDATE||ACCRUALSTARTDATE|2008-12-17 00:00:00.000|ACCRUALENDDATE|2011-12-28 00:00:00.000|FIXINGHOLIDAYS|EUR|LOOKFREQUENCY|B|WEIGHTHOLIDAYS|EUR|ACCRUALRULE|B|LASTFIXEDDATE|2010-09-07 00:00:00.000|KNOCKEDOUTDATE||ACCRUEDSOFAR|38|UPBARRIER|1.255|LOWBARRIER|0.01|SHIFTEDUPBARRIER||SHIFTEDLOWBARRIER||BARRIERSTARTDATE|2008-12-17 00:00:00.000|BARRIERENDDATE|2011-12-28 00:00:00.000|SHIFTEDBARRIERSTARTDATE||SHIFTEDBARRIERENDDATE||EXTINGUISHEDDATE||KOUPBARRIER||KOLOWBARRIER||SHIFTEDKOUPBARRIER||SHIFTEDKOLOWBARRIER||KOBARRIERSTARTDATE||KOBARRIERENDDATE||ZONECUT||MODELTYPE||NUMTIMESTEPS||NUMSPOTSTEPS||NUMSTDDEVS||NUMPATHS||SEED||MINNOTIONALLEVERAGE||MAXNOTIONALLEVERAGE||REFERENCESPOT|1.4118|REFERENCEFORWARDPOINTS|-0.021047145212|REFERENCEVOLATILITY|18.869878328071|REFERENCEDEPORATE|1.768184474315|REFERENCEDEPOCURRENCY|USD|REFERENCEDELTA|0.05152216848708|REFERENCEDELTACURRENCY|EUR|FIXINGDATE|2008-12-18 00:00:00.000|FIXINGWEIGHT|1|FIXINGVALUE|1.4614|FIXINGDATE|2008-12-19 00:00:00.000|FIXINGWEIGHT|1|FIXINGVALUE|1.3965|FIXINGDATE|2008-12-22 00:00:00.000|FIXINGWEIGHT|1|FIXINGVALUE|1.3978|FIXINGDATE|2008-12-23 00:00:00.000|FIXINGWEIGHT|1|FIXINGVALUE|1.3992|FIXINGDATE|2008-12-24 00:00:00.000|FIXINGWEIGHT|1|FIXINGVALUE|1.4012|FIXINGDATE|2008-12-29 00:00:00.000|FIXINGWEIGHT|1|FIXINGVALUE|1.4346|FIXINGDATE|2008-12-30 00:00:00.000|FIXINGWEIGHT|1|FIXINGVALUE|1.4168|FIXINGDATE|2008-12-31 00:00:00.000|FIXINGWEIGHT|1|FIXINGVALUE|1.3989|FIXINGDATE|2009-01-02 00:00:00.000|FIXINGWEIGHT|1|FIXINGVALUE|1.3941|FIXINGDATE|2009-01-05 00:00:00.000|FIXINGWEIGHT|1|FIXINGVALUE|1.365|FIXINGDATE|2009-01-06 00:00:00.000|FIXINGWEIGHT|1|FIXINGVALUE|1.3339|FIXINGDATE|2009-01-07 00:00:00.000|FIXINGWEIGHT|1|FIXINGVALUE|1.3618|FIXINGDATE|2009-01-08 00:00:00.000|FIXINGWEIGHT|1|FIXINGVALUE|1.3566|FIXINGDATE|2009-01-09 00:00:00.000|FIXINGWEIGHT|1|FIXINGVALUE|1.3717|FIXINGDATE|2009-01-12 00:00:00.000|FIXINGWEIGHT|1|FIXINGVALUE|1.3408|FIXINGDATE|2009-01-13 00:00:00.000|FIXINGWEIGHT|1|FIXINGVALUE|1.3301|FIXINGDATE|2009-01-14 00:00:00.000|FIXINGWEIGHT|1|FIXINGVALUE|1.3223|FIXINGDATE|2009-01-15 00:00:00.000|FIXINGWEIGHT|1|FIXINGVALUE|1.3179|FIXINGDATE|2009-01-16 00:00:00.000|FIXINGWEIGHT|1|FIXINGVALUE|1.3287|FIXINGDATE|2009-01-19 00:00:00.000|FIXINGWEIGHT|1|FIXINGVALUE|1.3241|FIXINGDATE|2009-01-20 00:00:00.000|FIXINGWEIGHT|1|FIXINGVALUE|1.2958|FIXINGDATE|2009-01-21 00:00:00.000|FIXINGWEIGHT|1|FIXINGVALUE|1.2928|FIXINGDATE|2009-01-22 00:00:00.000|FIXINGWEIGHT|1|FIXINGVALUE|1.299|FIXINGDATE|2009-01-23 00:00:00.000|FIXINGWEIGHT|1|FIXINGVALUE|1.2801|FIXINGDATE|2009-01-26 00:00:00.000|FIXINGWEIGHT|1|FIXINGVALUE|1.2957|FIXINGDATE|2009-01-27 00:00:00.000|FIXINGWEIGHT|1|FIXINGVALUE|1.3185|FIXINGDATE|2009-01-28 00:00:00.000|FIXINGWEIGHT|1|FIXINGVALUE|1.3272|FIXINGDATE|2009-01-29 00:00:00.000|FIXINGWEIGHT|1|FIXINGVALUE|1.3127|FIXINGDATE|2009-01-30 00:00:00.000|FIXINGWEIGHT|1|FIXINGVALUE|1.2818|FIXINGDATE|2009-02-02 00:00:00.000|FIXINGWEIGHT|1|FIXINGVALUE|1.2793|FIXINGDATE|2009-02-03 00:00:00.000|FIXINGWEIGHT|1|FIXINGVALUE|1.2864|FIXINGDATE|2009-02-04 00:00:00.000|FIXINGWEIGHT|1|FIXINGVALUE|1.286|FIXINGDATE|2009-02-05 00:00:00.000|FIXINGWEIGHT|1|FIXINGVALUE|1.2863|FIXINGDATE|2009-02-06 00:00:00.000|FIXINGWEIGHT|1|FIXINGVALUE|1.2791|FIXINGDATE|2009-02-09 00:00:00.000|FIXINGWEIGHT|1|FIXINGVALUE|1.2955|FIXINGDATE|2009-02-10 00:00:00.000|FIXINGWEIGHT|1|FIXINGVALUE|1.2969|FIXINGDATE|2009-02-11 00:00:00.000|FIXINGWEIGHT|1|FIXINGVALUE|1.2936|FIXINGDATE|2009-02-12 00:00:00.000|FIXINGWEIGHT|1|FIXINGVALUE|1.2825|FIXINGDATE|2009-02-13 00:00:00.000|FIXINGWEIGHT|1|FIXINGVALUE|1.2857|FIXINGDATE|2009-02-16 00:00:00.000|FIXINGWEIGHT|1|FIXINGVALUE|1.2757|FIXINGDATE|2009-02-17 00:00:00.000|FIXINGWEIGHT|1|FIXINGVALUE|1.2621|FIXINGDATE|2009-02-18 00:00:00.000|FIXINGWEIGHT|1|FIXINGVALUE|1.2604|FIXINGDATE|2009-02-19 00:00:00.000|FIXINGWEIGHT|1|FIXINGVALUE|1.2669|FIXINGDATE|2009-02-20 00:00:00.000|FIXINGWEIGHT|1|FIXINGVALUE|1.2631|FIXINGDATE|2009-02-23 00:00:00.000|FIXINGWEIGHT|1|FIXINGVALUE|1.2834|FIXINGDATE|2009-02-24 00:00:00.000|FIXINGWEIGHT|1|FIXINGVALUE|1.2785|FIXINGDATE|2009-02-25 00:00:00.000|FIXINGWEIGHT|1|FIXINGVALUE|1.2775|FIXINGDATE|2009-02-26 00:00:00.000|FIXINGWEIGHT|1|FIXINGVALUE|1.2779|FIXINGDATE|2009-02-27 00:00:00.000|FIXINGWEIGHT|1|FIXINGVALUE|1.2649|FIXINGDATE|2009-03-02 00:00:00.000|FIXINGWEIGHT|1|FIXINGVALUE|1.2605|FIXINGDATE|2009-03-03 00:00:00.000|FIXINGWEIGHT|1|FIXINGVALUE|1.2595|FIXINGDATE|2009-03-04 00:00:00.000|FIXINGWEIGHT|1|FIXINGVALUE|1.2524|FIXINGDATE|2009-03-05 00:00:00.000|FIXINGWEIGHT|1|FIXINGVALUE|1.2553|FIXINGDATE|2009-03-06 00:00:00.000|FIXINGWEIGHT|1|FIXINGVALUE|1.2677|FIXINGDATE|2009-03-09 00:00:00.000|FIXINGWEIGHT|1|FIXINGVALUE|1.2583|FIXINGDATE|2009-03-10 00:00:00.000|FIXINGWEIGHT|1|FIXINGVALUE|1.2713|FIXINGDATE|2009-03-11 00:00:00.000|FIXINGWEIGHT|1|FIXINGVALUE|1.2768|FIXINGDATE|2009-03-12 00:00:00.000|FIXINGWEIGHT|1|FIXINGVALUE|1.2804|FIXINGDATE|2009-03-13 00:00:00.000|FIXINGWEIGHT|1|FIXINGVALUE|1.2877|FIXINGDATE|2009-03-16 00:00:00.000|FIXINGWEIGHT|1|FIXINGVALUE|1.303|FIXINGDATE|2009-03-17 00:00:00.000|FIXINGWEIGHT|1|FIXINGVALUE|1.2982|FIXINGDATE|2009-03-18 00:00:00.000|FIXINGWEIGHT|1|FIXINGVALUE|1.3028|FIXINGDATE|2009-03-19 00:00:00.000|FIXINGWEIGHT|1|FIXINGVALUE|1.3613|FIXINGDATE|2009-03-20 00:00:00.000|FIXINGWEIGHT|1|FIXINGVALUE|1.3563|FIXINGDATE|2009-03-23 00:00:00.000|FIXINGWEIGHT|1|FIXINGVALUE|1.3625|FIXINGDATE|2009-03-24 00:00:00.000|FIXINGWEIGHT|1|FIXINGVALUE|1.3523|FIXINGDATE|2009-03-25 00:00:00.000|FIXINGWEIGHT|1|FIXINGVALUE|1.3505|FIXINGDATE|2009-03-26 00:00:00.000|FIXINGWEIGHT|1|FIXINGVALUE|1.3605|FIXINGDATE|2009-03-27 00:00:00.000|FIXINGWEIGHT|1|FIXINGVALUE|1.3309|FIXINGDATE|2009-03-30 00:00:00.000|FIXINGWEIGHT|1|FIXINGVALUE|1.3168|FIXINGDATE|2009-03-31 00:00:00.000|FIXINGWEIGHT|1|FIXINGVALUE|1.3331|FIXINGDATE|2009-04-01 00:00:00.000|FIXINGWEIGHT|1|FIXINGVALUE|1.3259|FIXINGDATE|2009-04-02 00:00:00.000|FIXINGWEIGHT|1|FIXINGVALUE|1.3364|FIXINGDATE|2009-04-03 00:00:00.000|FIXINGWEIGHT|1|FIXINGVALUE|1.3432|FIXINGDATE|2009-04-06 00:00:00.000|FIXINGWEIGHT|1|FIXINGVALUE|1.3525|FIXINGDATE|2009-04-07 00:00:00.000|FIXINGWEIGHT|1|FIXINGVALUE|1.3238|FIXINGDATE|2009-04-08 00:00:00.000|FIXINGWEIGHT|1|FIXINGVALUE|1.325|FIXINGDATE|2009-04-09 00:00:00.000|FIXINGWEIGHT|1|FIXINGVALUE|1.3275|FIXINGDATE|2009-04-14 00:00:00.000|FIXINGWEIGHT|1|FIXINGVALUE|1.3284|FIXINGDATE|2009-04-15 00:00:00.000|FIXINGWEIGHT|1|FIXINGVALUE|1.3269|FIXINGDATE|2009-04-16 00:00:00.000|FIXINGWEIGHT|1|FIXINGVALUE|1.3158|FIXINGDATE|2009-04-17 00:00:00.000|FIXINGWEIGHT|1|FIXINGVALUE|1.307|FIXINGDATE|2009-04-20 00:00:00.000|FIXINGWEIGHT|1|FIXINGVALUE|1.2961|FIXINGDATE|2009-04-21 00:00:00.000|FIXINGWEIGHT|1|FIXINGVALUE|1.2939|FIXINGDATE|2009-04-22 00:00:00.000|FIXINGWEIGHT|1|FIXINGVALUE|1.2942|FIXINGDATE|2009-04-23 00:00:00.000|FIXINGWEIGHT|1|FIXINGVALUE|1.3044|FIXINGDATE|2009-04-24 00:00:00.000|FIXINGWEIGHT|1|FIXINGVALUE|1.3244|FIXINGDATE|2009-04-27 00:00:00.000|FIXINGWEIGHT|1|FIXINGVALUE|1.3133|FIXINGDATE|2009-04-28 00:00:00.000|FIXINGWEIGHT|1|FIXINGVALUE|1.3001|FIXINGDATE|2009-04-29 00:00:00.000|FIXINGWEIGHT|1|FIXINGVALUE|1.3247|FIXINGDATE|2009-04-30 00:00:00.000|FIXINGWEIGHT|1|FIXINGVALUE|1.3277|FIXINGDATE|2009-05-04 00:00:00.000|FIXINGWEIGHT|1|FIXINGVALUE|1.325|FIXINGDATE|2009-05-05 00:00:00.000|FIXINGWEIGHT|1|FIXINGVALUE|1.3387|FIXINGDATE|2009-05-06 00:00:00.000|FIXINGWEIGHT|1|FIXINGVALUE|1.3311|FIXINGDATE|2009-05-07 00:00:00.000|FIXINGWEIGHT|1|FIXINGVALUE|1.3322|FIXINGDATE|2009-05-08 00:00:00.000|FIXINGWEIGHT|1|FIXINGVALUE|1.3401|FIXINGDATE|2009-05-11 00:00:00.000|FIXINGWEIGHT|1|FIXINGVALUE|1.3589|FIXINGDATE|2009-05-12 00:00:00.000|FIXINGWEIGHT|1|FIXINGVALUE|1.3637|FIXINGDATE|2009-05-13 00:00:00.000|FIXINGWEIGHT|1|FIXINGVALUE|1.3653|FIXINGDATE|2009-05-14 00:00:00.000|FIXINGWEIGHT|1|FIXINGVALUE|1.3562|FIXINGDATE|2009-05-15 00:00:00.000|FIXINGWEIGHT|1|FIXINGVALUE|1.3546|FIXINGDATE|2009-05-18 00:00:00.000|FIXINGWEIGHT|1|FIXINGVALUE|1.347|FIXINGDATE|2009-05-19 00:00:00.000|FIXINGWEIGHT|1|FIXINGVALUE|1.3632|FIXINGDATE|2009-05-20 00:00:00.000|FIXINGWEIGHT|1|FIXINGVALUE|1.3666|FIXINGDATE|2009-05-21 00:00:00.000|FIXINGWEIGHT|1|FIXINGVALUE|1.3788|FIXINGDATE|2009-05-22 00:00:00.000|FIXINGWEIGHT|1|FIXINGVALUE|1.3977|FIXINGDATE|2009-05-25 00:00:00.000|FIXINGWEIGHT|1|FIXINGVALUE|1.3984|FIXINGDATE|2009-05-26 00:00:00.000|FIXINGWEIGHT|1|FIXINGVALUE|1.3865|FIXINGDATE|2009-05-27 00:00:00.000|FIXINGWEIGHT|1|FIXINGVALUE|1.395|FIXINGDATE|2009-05-28 00:00:00.000|FIXINGWEIGHT|1|FIXINGVALUE|1.3883|FIXINGDATE|2009-05-29 00:00:00.000|FIXINGWEIGHT|1|FIXINGVALUE|1.4097|FIXINGDATE|2009-06-01 00:00:00.000|FIXINGWEIGHT|1|FIXINGVALUE|1.4232|FIXINGDATE|2009-06-02 00:00:00.000|FIXINGWEIGHT|1|FIXINGVALUE|1.4226|FIXINGDATE|2009-06-03 00:00:00.000|FIXINGWEIGHT|1|FIXINGVALUE|1.4238|FIXINGDATE|2009-06-04 00:00:00.000|FIXINGWEIGHT|1|FIXINGVALUE|1.4164|FIXINGDATE|2009-06-05 00:00:00.000|FIXINGWEIGHT|1|FIXINGVALUE|1.4173|FIXINGDATE|2009-06-08 00:00:00.000|FIXINGWEIGHT|1|FIXINGVALUE|1.3829|FIXINGDATE|2009-06-09 00:00:00.000|FIXINGWEIGHT|1|FIXINGVALUE|1.3878|FIXINGDATE|2009-06-10 00:00:00.000|FIXINGWEIGHT|1|FIXINGVALUE|1.4078|FIXINGDATE|2009-06-11 00:00:00.000|FIXINGWEIGHT|1|FIXINGVALUE|1.4005|FIXINGDATE|2009-06-12 00:00:00.000|FIXINGWEIGHT|1|FIXINGVALUE|1.4034|FIXINGDATE|2009-06-15 00:00:00.000|FIXINGWEIGHT|1|FIXINGVALUE|1.3858|FIXINGDATE|2009-06-16 00:00:00.000|FIXINGWEIGHT|1|FIXINGVALUE|1.3873|FIXINGDATE|2009-06-17 00:00:00.000|FIXINGWEIGHT|1|FIXINGVALUE|1.3849|FIXINGDATE|2009-06-18 00:00:00.000|FIXINGWEIGHT|1|FIXINGVALUE|1.3924|FIXINGDATE|2009-06-19 00:00:00.000|FIXINGWEIGHT|1|FIXINGVALUE|1.3931|FIXINGDATE|2009-06-22 00:00:00.000|FIXINGWEIGHT|1|FIXINGVALUE|1.3841|FIXINGDATE|2009-06-23 00:00:00.000|FIXINGWEIGHT|1|FIXINGVALUE|1.3964|FIXINGDATE|2009-06-24 00:00:00.000|FIXINGWEIGHT|1|FIXINGVALUE|1.4069|FIXINGDATE|2009-06-25 00:00:00.000|FIXINGWEIGHT|1|FIXINGVALUE|1.393|FIXINGDATE|2009-06-26 00:00:00.000|FIXINGWEIGHT|1|FIXINGVALUE|1.4078|FIXINGDATE|2009-06-29 00:00:00.000|FIXINGWEIGHT|1|FIXINGVALUE|1.4045|FIXINGDATE|2009-06-30 00:00:00.000|FIXINGWEIGHT|1|FIXINGVALUE|1.4123|FIXINGDATE|2009-07-01 00:00:00.000|FIXINGWEIGHT|1|FIXINGVALUE|1.4062|FIXINGDATE|2009-07-02 00:00:00.000|FIXINGWEIGHT|1|FIXINGVALUE|1.4069|FIXINGDATE|2009-07-03 00:00:00.000|FIXINGWEIGHT|1|FIXINGVALUE|1.3991|FIXINGDATE|2009-07-06 00:00:00.000|FIXINGWEIGHT|1|FIXINGVALUE|1.3883|FIXINGDATE|2009-07-07 00:00:00.000|FIXINGWEIGHT|1|FIXINGVALUE|1.4006|FIXINGDATE|2009-07-08 00:00:00.000|FIXINGWEIGHT|1|FIXINGVALUE|1.392|FIXINGDATE|2009-07-09 00:00:00.000|FIXINGWEIGHT|1|FIXINGVALUE|1.3961|FIXINGDATE|2009-07-10 00:00:00.000|FIXINGWEIGHT|1|FIXINGVALUE|1.3896|FIXINGDATE|2009-07-13 00:00:00.000|FIXINGWEIGHT|1|FIXINGVALUE|1.3979|FIXINGDATE|2009-07-14 00:00:00.000|FIXINGWEIGHT|1|FIXINGVALUE|1.3979|FIXINGDATE|2009-07-15 00:00:00.000|FIXINGWEIGHT|1|FIXINGVALUE|1.4073|FIXINGDATE|2009-07-16 00:00:00.000|FIXINGWEIGHT|1|FIXINGVALUE|1.411|FIXINGDATE|2009-07-17 00:00:00.000|FIXINGWEIGHT|1|FIXINGVALUE|1.4085|FIXINGDATE|2009-07-20 00:00:00.000|FIXINGWEIGHT|1|FIXINGVALUE|1.4215|FIXINGDATE|2009-07-21 00:00:00.000|FIXINGWEIGHT|1|FIXINGVALUE|1.4212|FIXINGDATE|2009-07-22 00:00:00.000|FIXINGWEIGHT|1|FIXINGVALUE|1.4188|FIXINGDATE|2009-07-23 00:00:00.000|FIXINGWEIGHT|1|FIXINGVALUE|1.4206|FIXINGDATE|2009-07-24 00:00:00.000|FIXINGWEIGHT|1|FIXINGVALUE|1.4236|FIXINGDATE|2009-07-27 00:00:00.000|FIXINGWEIGHT|1|FIXINGVALUE|1.4274|FIXINGDATE|2009-07-28 00:00:00.000|FIXINGWEIGHT|1|FIXINGVALUE|1.4266|FIXINGDATE|2009-07-29 00:00:00.000|FIXINGWEIGHT|1|FIXINGVALUE|1.4136|FIXINGDATE|2009-07-30 00:00:00.000|FIXINGWEIGHT|1|FIXINGVALUE|1.4063|FIXINGDATE|2009-07-31 00:00:00.000|FIXINGWEIGHT|1|FIXINGVALUE|1.4128|FIXINGDATE|2009-08-03 00:00:00.000|FIXINGWEIGHT|1|FIXINGVALUE|1.4287|FIXINGDATE|2009-08-04 00:00:00.000|FIXINGWEIGHT|1|FIXINGVALUE|1.4385|FIXINGDATE|2009-08-05 00:00:00.000|FIXINGWEIGHT|1|FIXINGVALUE|1.4395|FIXINGDATE|2009-08-06 00:00:00.000|FIXINGWEIGHT|1|FIXINGVALUE|1.4377|FIXINGDATE|2009-08-07 00:00:00.000|FIXINGWEIGHT|1|FIXINGVALUE|1.4361|FIXINGDATE|2009-08-10 00:00:00.000|FIXINGWEIGHT|1|FIXINGVALUE|1.42|FIXINGDATE|2009-08-11 00:00:00.000|FIXINGWEIGHT|1|FIXINGVALUE|1.4167|FIXINGDATE|2009-08-12 00:00:00.000|FIXINGWEIGHT|1|FIXINGVALUE|1.4159|FIXINGDATE|2009-08-13 00:00:00.000|FIXINGWEIGHT|1|FIXINGVALUE|1.4264|FIXINGDATE|2009-08-14 00:00:00.000|FIXINGWEIGHT|1|FIXINGVALUE|1.4271|FIXINGDATE|2009-08-17 00:00:00.000|FIXINGWEIGHT|1|FIXINGVALUE|1.4056|FIXINGDATE|2009-08-18 00:00:00.000|FIXINGWEIGHT|1|FIXINGVALUE|1.4117|FIXINGDATE|2009-08-19 00:00:00.000|FIXINGWEIGHT|1|FIXINGVALUE|1.41|FIXINGDATE|2009-08-20 00:00:00.000|FIXINGWEIGHT|1|FIXINGVALUE|1.422|FIXINGDATE|2009-08-21 00:00:00.000|FIXINGWEIGHT|1|FIXINGVALUE|1.4324|FIXINGDATE|2009-08-24 00:00:00.000|FIXINGWEIGHT|1|FIXINGVALUE|1.4306|FIXINGDATE|2009-08-25 00:00:00.000|FIXINGWEIGHT|1|FIXINGVALUE|1.4285|FIXINGDATE|2009-08-26 00:00:00.000|FIXINGWEIGHT|1|FIXINGVALUE|1.4296|FIXINGDATE|2009-08-27 00:00:00.000|FIXINGWEIGHT|1|FIXINGVALUE|1.4253|FIXINGDATE|2009-08-28 00:00:00.000|FIXINGWEIGHT|1|FIXINGVALUE|1.4355|FIXINGDATE|2009-08-31 00:00:00.000|FIXINGWEIGHT|1|FIXINGVALUE|1.428|FIXINGDATE|2009-09-01 00:00:00.000|FIXINGWEIGHT|1|FIXINGVALUE|1.4288|FIXINGDATE|2009-09-02 00:00:00.000|FIXINGWEIGHT|1|FIXINGVALUE|1.4225|FIXINGDATE|2009-09-03 00:00:00.000|FIXINGWEIGHT|1|FIXINGVALUE|1.4304|FIXINGDATE|2009-09-04 00:00:00.000|FIXINGWEIGHT|1|FIXINGVALUE|1.4263|FIXINGDATE|2009-09-07 00:00:00.000|FIXINGWEIGHT|1|FIXINGVALUE|1.4344|FIXINGDATE|2009-09-08 00:00:00.000|FIXINGWEIGHT|1|FIXINGVALUE|1.4475|FIXINGDATE|2009-09-09 00:00:00.000|FIXINGWEIGHT|1|FIXINGVALUE|1.4498|FIXINGDATE|2009-09-10 00:00:00.000|FIXINGWEIGHT|1|FIXINGVALUE|1.4535|FIXINGDATE|2009-09-11 00:00:00.000|FIXINGWEIGHT|1|FIXINGVALUE|1.4603|FIXINGDATE|2009-09-14 00:00:00.000|FIXINGWEIGHT|1|FIXINGVALUE|1.4564|FIXINGDATE|2009-09-15 00:00:00.000|FIXINGWEIGHT|1|FIXINGVALUE|1.4609|FIXINGDATE|2009-09-16 00:00:00.000|FIXINGWEIGHT|1|FIXINGVALUE|1.468|FIXINGDATE|2009-09-17 00:00:00.000|FIXINGWEIGHT|1|FIXINGVALUE|1.4728|FIXINGDATE|2009-09-18 00:00:00.000|FIXINGWEIGHT|1|FIXINGVALUE|1.4707|FIXINGDATE|2009-09-21 00:00:00.000|FIXINGWEIGHT|1|FIXINGVALUE|1.4655|FIXINGDATE|2009-09-22 00:00:00.000|FIXINGWEIGHT|1|FIXINGVALUE|1.4796|FIXINGDATE|2009-09-23 00:00:00.000|FIXINGWEIGHT|1|FIXINGVALUE|1.4778|FIXINGDATE|2009-09-24 00:00:00.000|FIXINGWEIGHT|1|FIXINGVALUE|1.4768|FIXINGDATE|2009-09-25 00:00:00.000|FIXINGWEIGHT|1|FIXINGVALUE|1.4689|FIXINGDATE|2009-09-28 00:00:00.000|FIXINGWEIGHT|1|FIXINGVALUE|1.4625|FIXINGDATE|2009-09-29 00:00:00.000|FIXINGWEIGHT|1|FIXINGVALUE|1.4559|FIXINGDATE|2009-09-30 00:00:00.000|FIXINGWEIGHT|1|FIXINGVALUE|1.4667|FIXINGDATE|2009-10-01 00:00:00.000|FIXINGWEIGHT|1|FIXINGVALUE|1.4552|FIXINGDATE|2009-10-02 00:00:00.000|FIXINGWEIGHT|1|FIXINGVALUE|1.4539|FIXINGDATE|2009-10-05 00:00:00.000|FIXINGWEIGHT|1|FIXINGVALUE|1.4632|FIXINGDATE|2009-10-06 00:00:00.000|FIXINGWEIGHT|1|FIXINGVALUE|1.4723|FIXINGDATE|2009-10-07 00:00:00.000|FIXINGWEIGHT|1|FIXINGVALUE|1.4695|FIXINGDATE|2009-10-08 00:00:00.000|FIXINGWEIGHT|1|FIXINGVALUE|1.4764|FIXINGDATE|2009-10-09 00:00:00.000|FIXINGWEIGHT|1|FIXINGVALUE|1.4743|FIXINGDATE|2009-10-12 00:00:00.000|FIXINGWEIGHT|1|FIXINGVALUE|1.4768|FIXINGDATE|2009-10-13 00:00:00.000|FIXINGWEIGHT|1|FIXINGVALUE|1.4829|FIXINGDATE|2009-10-14 00:00:00.000|FIXINGWEIGHT|1|FIXINGVALUE|1.4905|FIXINGDATE|2009-10-15 00:00:00.000|FIXINGWEIGHT|1|FIXINGVALUE|1.4915|FIXINGDATE|2009-10-16 00:00:00.000|FIXINGWEIGHT|1|FIXINGVALUE|1.4905|FIXINGDATE|2009-10-19 00:00:00.000|FIXINGWEIGHT|1|FIXINGVALUE|1.4929|FIXINGDATE|2009-10-20 00:00:00.000|FIXINGWEIGHT|1|FIXINGVALUE|1.4969|FIXINGDATE|2009-10-21 00:00:00.000|FIXINGWEIGHT|1|FIXINGVALUE|1.4935|FIXINGDATE|2009-10-22 00:00:00.000|FIXINGWEIGHT|1|FIXINGVALUE|1.4969|FIXINGDATE|2009-10-23 00:00:00.000|FIXINGWEIGHT|1|FIXINGVALUE|1.5037|FIXINGDATE|2009-10-26 00:00:00.000|FIXINGWEIGHT|1|FIXINGVALUE|1.5024|FIXINGDATE|2009-10-27 00:00:00.000|FIXINGWEIGHT|1|FIXINGVALUE|1.4873|FIXINGDATE|2009-10-28 00:00:00.000|FIXINGWEIGHT|1|FIXINGVALUE|1.4778|FIXINGDATE|2009-10-29 00:00:00.000|FIXINGWEIGHT|1|FIXINGVALUE|1.4726|FIXINGDATE|2009-10-30 00:00:00.000|FIXINGWEIGHT|1|FIXINGVALUE|1.48|FIXINGDATE|2009-11-02 00:00:00.000|FIXINGWEIGHT|1|FIXINGVALUE|1.4786|FIXINGDATE|2009-11-03 00:00:00.000|FIXINGWEIGHT|1|FIXINGVALUE|1.463|FIXINGDATE|2009-11-04 00:00:00.000|FIXINGWEIGHT|1|FIXINGVALUE|1.4765|FIXINGDATE|2009-11-05 00:00:00.000|FIXINGWEIGHT|1|FIXINGVALUE|1.4841|FIXINGDATE|2009-11-06 00:00:00.000|FIXINGWEIGHT|1|FIXINGVALUE|1.4866|FIXINGDATE|2009-11-09 00:00:00.000|FIXINGWEIGHT|1|FIXINGVALUE|1.4941|FIXINGDATE|2009-11-10 00:00:00.000|FIXINGWEIGHT|1|FIXINGVALUE|1.4991|FIXINGDATE|2009-11-11 00:00:00.000|FIXINGWEIGHT|1|FIXINGVALUE|1.5032|FIXINGDATE|2009-11-12 00:00:00.000|FIXINGWEIGHT|1|FIXINGVALUE|1.4942|FIXINGDATE|2009-11-13 00:00:00.000|FIXINGWEIGHT|1|FIXINGVALUE|1.4887|FIXINGDATE|2009-11-16 00:00:00.000|FIXINGWEIGHT|1|FIXINGVALUE|1.496|FIXINGDATE|2009-11-17 00:00:00.000|FIXINGWEIGHT|1|FIXINGVALUE|1.4903|FIXINGDATE|2009-11-18 00:00:00.000|FIXINGWEIGHT|1|FIXINGVALUE|1.4956|FIXINGDATE|2009-11-19 00:00:00.000|FIXINGWEIGHT|1|FIXINGVALUE|1.4854|FIXINGDATE|2009-11-20 00:00:00.000|FIXINGWEIGHT|1|FIXINGVALUE|1.486|FIXINGDATE|2009-11-23 00:00:00.000|FIXINGWEIGHT|1|FIXINGVALUE|1.4964|FIXINGDATE|2009-11-24 00:00:00.000|FIXINGWEIGHT|1|FIXINGVALUE|1.4942|FIXINGDATE|2009-11-25 00:00:00.000|FIXINGWEIGHT|1|FIXINGVALUE|1.5066|FIXINGDATE|2009-11-26 00:00:00.000|FIXINGWEIGHT|1|FIXINGVALUE|1.5069|FIXINGDATE|2009-11-27 00:00:00.000|FIXINGWEIGHT|1|FIXINGVALUE|1.49|FIXINGDATE|2009-11-30 00:00:00.000|FIXINGWEIGHT|1|FIXINGVALUE|1.5031|FIXINGDATE|2009-12-01 00:00:00.000|FIXINGWEIGHT|1|FIXINGVALUE|1.5063|FIXINGDATE|2009-12-02 00:00:00.000|FIXINGWEIGHT|1|FIXINGVALUE|1.5088|FIXINGDATE|2009-12-03 00:00:00.000|FIXINGWEIGHT|1|FIXINGVALUE|1.512|FIXINGDATE|2009-12-04 00:00:00.000|FIXINGWEIGHT|1|FIXINGVALUE|1.506|FIXINGDATE|2009-12-07 00:00:00.000|FIXINGWEIGHT|1|FIXINGVALUE|1.4792|FIXINGDATE|2009-12-08 00:00:00.000|FIXINGWEIGHT|1|FIXINGVALUE|1.4789|FIXINGDATE|2009-12-09 00:00:00.000|FIXINGWEIGHT|1|FIXINGVALUE|1.4747|FIXINGDATE|2009-12-10 00:00:00.000|FIXINGWEIGHT|1|FIXINGVALUE|1.4734|FIXINGDATE|2009-12-11 00:00:00.000|FIXINGWEIGHT|1|FIXINGVALUE|1.4764|FIXINGDATE|2009-12-14 00:00:00.000|FIXINGWEIGHT|1|FIXINGVALUE|1.4627|FIXINGDATE|2009-12-15 00:00:00.000|FIXINGWEIGHT|1|FIXINGVALUE|1.455|FIXINGDATE|2009-12-16 00:00:00.000|FIXINGWEIGHT|1|FIXINGVALUE|1.4566|FIXINGDATE|2009-12-17 00:00:00.000|FIXINGWEIGHT|1|FIXINGVALUE|1.4354|FIXINGDATE|2009-12-18 00:00:00.000|FIXINGWEIGHT|1|FIXINGVALUE|1.4354|FIXINGDATE|2009-12-21 00:00:00.000|FIXINGWEIGHT|1|FIXINGVALUE|1.4345|FIXINGDATE|2009-12-22 00:00:00.000|FIXINGWEIGHT|1|FIXINGVALUE|1.4282|FIXINGDATE|2009-12-23 00:00:00.000|FIXINGWEIGHT|1|FIXINGVALUE|1.4248|FIXINGDATE|2009-12-24 00:00:00.000|FIXINGWEIGHT|1|FIXINGVALUE|1.4407|FIXINGDATE|2009-12-28 00:00:00.000|FIXINGWEIGHT|1|FIXINGVALUE|1.4407|FIXINGDATE|2009-12-29 00:00:00.000|FIXINGWEIGHT|1|FIXINGVALUE|1.444|FIXINGDATE|2009-12-30 00:00:00.000|FIXINGWEIGHT|1|FIXINGVALUE|1.433|FIXINGDATE|2009-12-31 00:00:00.000|FIXINGWEIGHT|1|FIXINGVALUE|1.4325|FIXINGDATE|2010-01-04 00:00:00.000|FIXINGWEIGHT|1|FIXINGVALUE|1.4395|FIXINGDATE|2010-01-05 00:00:00.000|FIXINGWEIGHT|1|FIXINGVALUE|1.4417|FIXINGDATE|2010-01-06 00:00:00.000|FIXINGWEIGHT|1|FIXINGVALUE|1.4351|FIXINGDATE|2010-01-07 00:00:00.000|FIXINGWEIGHT|1|FIXINGVALUE|1.4332|FIXINGDATE|2010-01-08 00:00:00.000|FIXINGWEIGHT|1|FIXINGVALUE|1.4295|FIXINGDATE|2010-01-11 00:00:00.000|FIXINGWEIGHT|1|FIXINGVALUE|1.4532|FIXINGDATE|2010-01-12 00:00:00.000|FIXINGWEIGHT|1|FIXINGVALUE|1.4476|FIXINGDATE|2010-01-13 00:00:00.000|FIXINGWEIGHT|1|FIXINGVALUE|1.4543|FIXINGDATE|2010-01-14 00:00:00.000|FIXINGWEIGHT|1|FIXINGVALUE|1.4493|FIXINGDATE|2010-01-15 00:00:00.000|FIXINGWEIGHT|1|FIXINGVALUE|1.439|FIXINGDATE|2010-01-18 00:00:00.000|FIXINGWEIGHT|1|FIXINGVALUE|1.4376|FIXINGDATE|2010-01-19 00:00:00.000|FIXINGWEIGHT|1|FIXINGVALUE|1.4301|FIXINGDATE|2010-01-20 00:00:00.000|FIXINGWEIGHT|1|FIXINGVALUE|1.4197|FIXINGDATE|2010-01-21 00:00:00.000|FIXINGWEIGHT|1|FIXINGVALUE|1.4065|FIXINGDATE|2010-01-22 00:00:00.000|FIXINGWEIGHT|1|FIXINGVALUE|1.4115|FIXINGDATE|2010-01-25 00:00:00.000|FIXINGWEIGHT|1|FIXINGVALUE|1.4176|FIXINGDATE|2010-01-26 00:00:00.000|FIXINGWEIGHT|1|FIXINGVALUE|1.4077|FIXINGDATE|2010-01-27 00:00:00.000|FIXINGWEIGHT|1|FIXINGVALUE|1.4081|FIXINGDATE|2010-01-28 00:00:00.000|FIXINGWEIGHT|1|FIXINGVALUE|1.3994|FIXINGDATE|2010-01-29 00:00:00.000|FIXINGWEIGHT|1|FIXINGVALUE|1.3965|FIXINGDATE|2010-02-01 00:00:00.000|FIXINGWEIGHT|1|FIXINGVALUE|1.39|FIXINGDATE|2010-02-02 00:00:00.000|FIXINGWEIGHT|1|FIXINGVALUE|1.393|FIXINGDATE|2010-02-03 00:00:00.000|FIXINGWEIGHT|1|FIXINGVALUE|1.401|FIXINGDATE|2010-02-04 00:00:00.000|FIXINGWEIGHT|1|FIXINGVALUE|1.3843|FIXINGDATE|2010-02-05 00:00:00.000|FIXINGWEIGHT|1|FIXINGVALUE|1.3754|FIXINGDATE|2010-02-08 00:00:00.000|FIXINGWEIGHT|1|FIXINGVALUE|1.3656|FIXINGDATE|2010-02-09 00:00:00.000|FIXINGWEIGHT|1|FIXINGVALUE|1.3714|FIXINGDATE|2010-02-10 00:00:00.000|FIXINGWEIGHT|1|FIXINGVALUE|1.3783|FIXINGDATE|2010-02-11 00:00:00.000|FIXINGWEIGHT|1|FIXINGVALUE|1.3734|FIXINGDATE|2010-02-12 00:00:00.000|FIXINGWEIGHT|1|FIXINGVALUE|1.3551|FIXINGDATE|2010-02-15 00:00:00.000|FIXINGWEIGHT|1|FIXINGVALUE|1.3631|FIXINGDATE|2010-02-16 00:00:00.000|FIXINGWEIGHT|1|FIXINGVALUE|1.3649|FIXINGDATE|2010-02-17 00:00:00.000|FIXINGWEIGHT|1|FIXINGVALUE|1.3733|FIXINGDATE|2010-02-18 00:00:00.000|FIXINGWEIGHT|1|FIXINGVALUE|1.3564|FIXINGDATE|2010-02-19 00:00:00.000|FIXINGWEIGHT|1|FIXINGVALUE|1.3494|FIXINGDATE|2010-02-22 00:00:00.000|FIXINGWEIGHT|1|FIXINGVALUE|1.3594|FIXINGDATE|2010-02-23 00:00:00.000|FIXINGWEIGHT|1|FIXINGVALUE|1.3558|FIXINGDATE|2010-02-24 00:00:00.000|FIXINGWEIGHT|1|FIXINGVALUE|1.3557|FIXINGDATE|2010-02-25 00:00:00.000|FIXINGWEIGHT|1|FIXINGVALUE|1.3496|FIXINGDATE|2010-02-26 00:00:00.000|FIXINGWEIGHT|1|FIXINGVALUE|1.3585|FIXINGDATE|2010-03-01 00:00:00.000|FIXINGWEIGHT|1|FIXINGVALUE|1.3546|FIXINGDATE|2010-03-02 00:00:00.000|FIXINGWEIGHT|1|FIXINGVALUE|1.3536|FIXINGDATE|2010-03-03 00:00:00.000|FIXINGWEIGHT|1|FIXINGVALUE|1.3649|FIXINGDATE|2010-03-04 00:00:00.000|FIXINGWEIGHT|1|FIXINGVALUE|1.3677|FIXINGDATE|2010-03-05 00:00:00.000|FIXINGWEIGHT|1|FIXINGVALUE|1.358|FIXINGDATE|2010-03-08 00:00:00.000|FIXINGWEIGHT|1|FIXINGVALUE|1.3649|FIXINGDATE|2010-03-09 00:00:00.000|FIXINGWEIGHT|1|FIXINGVALUE|1.3558|FIXINGDATE|2010-03-10 00:00:00.000|FIXINGWEIGHT|1|FIXINGVALUE|1.3612|FIXINGDATE|2010-03-11 00:00:00.000|FIXINGWEIGHT|1|FIXINGVALUE|1.3649|FIXINGDATE|2010-03-12 00:00:00.000|FIXINGWEIGHT|1|FIXINGVALUE|1.3774|FIXINGDATE|2010-03-15 00:00:00.000|FIXINGWEIGHT|1|FIXINGVALUE|1.3725|FIXINGDATE|2010-03-16 00:00:00.000|FIXINGWEIGHT|1|FIXINGVALUE|1.3717|FIXINGDATE|2010-03-17 00:00:00.000|FIXINGWEIGHT|1|FIXINGVALUE|1.3777|FIXINGDATE|2010-03-18 00:00:00.000|FIXINGWEIGHT|1|FIXINGVALUE|1.3674|FIXINGDATE|2010-03-19 00:00:00.000|FIXINGWEIGHT|1|FIXINGVALUE|1.3561|FIXINGDATE|2010-03-22 00:00:00.000|FIXINGWEIGHT|1|FIXINGVALUE|1.3501|FIXINGDATE|2010-03-23 00:00:00.000|FIXINGWEIGHT|1|FIXINGVALUE|1.3481|FIXINGDATE|2010-03-24 00:00:00.000|FIXINGWEIGHT|1|FIXINGVALUE|1.335|FIXINGDATE|2010-03-25 00:00:00.000|FIXINGWEIGHT|1|FIXINGVALUE|1.3362|FIXINGDATE|2010-03-26 00:00:00.000|FIXINGWEIGHT|1|FIXINGVALUE|1.3384|FIXINGDATE|2010-03-29 00:00:00.000|FIXINGWEIGHT|1|FIXINGVALUE|1.3473|FIXINGDATE|2010-03-30 00:00:00.000|FIXINGWEIGHT|1|FIXINGVALUE|1.3479|FIXINGDATE|2010-03-31 00:00:00.000|FIXINGWEIGHT|1|FIXINGVALUE|1.3475|FIXINGDATE|2010-04-01 00:00:00.000|FIXINGWEIGHT|1|FIXINGVALUE|1.3496|FIXINGDATE|2010-04-06 00:00:00.000|FIXINGWEIGHT|1|FIXINGVALUE|1.3413|FIXINGDATE|2010-04-07 00:00:00.000|FIXINGWEIGHT|1|FIXINGVALUE|1.3353|FIXINGDATE|2010-04-08 00:00:00.000|FIXINGWEIGHT|1|FIXINGVALUE|1.3312|FIXINGDATE|2010-04-09 00:00:00.000|FIXINGWEIGHT|1|FIXINGVALUE|1.3404|FIXINGDATE|2010-04-12 00:00:00.000|FIXINGWEIGHT|1|FIXINGVALUE|1.3598|FIXINGDATE|2010-04-13 00:00:00.000|FIXINGWEIGHT|1|FIXINGVALUE|1.3596|FIXINGDATE|2010-04-14 00:00:00.000|FIXINGWEIGHT|1|FIXINGVALUE|1.3604|FIXINGDATE|2010-04-15 00:00:00.000|FIXINGWEIGHT|1|FIXINGVALUE|1.3535|FIXINGDATE|2010-04-16 00:00:00.000|FIXINGWEIGHT|1|FIXINGVALUE|1.3525|FIXINGDATE|2010-04-19 00:00:00.000|FIXINGWEIGHT|1|FIXINGVALUE|1.3436|FIXINGDATE|2010-04-20 00:00:00.000|FIXINGWEIGHT|1|FIXINGVALUE|1.3507|FIXINGDATE|2010-04-21 00:00:00.000|FIXINGWEIGHT|1|FIXINGVALUE|1.3386|FIXINGDATE|2010-04-22 00:00:00.000|FIXINGWEIGHT|1|FIXINGVALUE|1.3335|FIXINGDATE|2010-04-23 00:00:00.000|FIXINGWEIGHT|1|FIXINGVALUE|1.3309|FIXINGDATE|2010-04-26 00:00:00.000|FIXINGWEIGHT|1|FIXINGVALUE|1.3322|FIXINGDATE|2010-04-27 00:00:00.000|FIXINGWEIGHT|1|FIXINGVALUE|1.3308|FIXINGDATE|2010-04-28 00:00:00.000|FIXINGWEIGHT|1|FIXINGVALUE|1.3202|FIXINGDATE|2010-04-29 00:00:00.000|FIXINGWEIGHT|1|FIXINGVALUE|1.3229|FIXINGDATE|2010-04-30 00:00:00.000|FIXINGWEIGHT|1|FIXINGVALUE|1.3287|FIXINGDATE|2010-05-03 00:00:00.000|FIXINGWEIGHT|1|FIXINGVALUE|1.3256|FIXINGDATE|2010-05-04 00:00:00.000|FIXINGWEIGHT|1|FIXINGVALUE|1.3119|FIXINGDATE|2010-05-05 00:00:00.000|FIXINGWEIGHT|1|FIXINGVALUE|1.3005|FIXINGDATE|2010-05-06 00:00:00.000|FIXINGWEIGHT|1|FIXINGVALUE|1.2781|FIXINGDATE|2010-05-07 00:00:00.000|FIXINGWEIGHT|1|FIXINGVALUE|1.2788|FIXINGDATE|2010-05-10 00:00:00.000|FIXINGWEIGHT|1|FIXINGVALUE|1.2987|FIXINGDATE|2010-05-11 00:00:00.000|FIXINGWEIGHT|1|FIXINGVALUE|1.2678|FIXINGDATE|2010-05-12 00:00:00.000|FIXINGWEIGHT|1|FIXINGVALUE|1.2658|FIXINGDATE|2010-05-13 00:00:00.000|FIXINGWEIGHT|1|FIXINGVALUE|1.2604|FIXINGDATE|2010-05-14 00:00:00.000|FIXINGWEIGHT|1|FIXINGVALUE|1.2508|FIXINGDATE|2010-05-17 00:00:00.000|FIXINGWEIGHT|1|FIXINGVALUE|1.231|FIXINGDATE|2010-05-18 00:00:00.000|FIXINGWEIGHT|1|FIXINGVALUE|1.2405|FIXINGDATE|2010-05-19 00:00:00.000|FIXINGWEIGHT|1|FIXINGVALUE|1.2185|FIXINGDATE|2010-05-20 00:00:00.000|FIXINGWEIGHT|1|FIXINGVALUE|1.2335|FIXINGDATE|2010-05-21 00:00:00.000|FIXINGWEIGHT|1|FIXINGVALUE|1.2512|FIXINGDATE|2010-05-24 00:00:00.000|FIXINGWEIGHT|1|FIXINGVALUE|1.2388|FIXINGDATE|2010-05-25 00:00:00.000|FIXINGWEIGHT|1|FIXINGVALUE|1.2203|FIXINGDATE|2010-05-26 00:00:00.000|FIXINGWEIGHT|1|FIXINGVALUE|1.2315|FIXINGDATE|2010-05-27 00:00:00.000|FIXINGWEIGHT|1|FIXINGVALUE|1.2297|FIXINGDATE|2010-05-28 00:00:00.000|FIXINGWEIGHT|1|FIXINGVALUE|1.2407|FIXINGDATE|2010-05-31 00:00:00.000|FIXINGWEIGHT|1|FIXINGVALUE|1.229|FIXINGDATE|2010-06-01 00:00:00.000|FIXINGWEIGHT|1|FIXINGVALUE|1.2136|FIXINGDATE|2010-06-02 00:00:00.000|FIXINGWEIGHT|1|FIXINGVALUE|1.2232|FIXINGDATE|2010-06-03 00:00:00.000|FIXINGWEIGHT|1|FIXINGVALUE|1.2245|FIXINGDATE|2010-06-04 00:00:00.000|FIXINGWEIGHT|1|FIXINGVALUE|1.2159|FIXINGDATE|2010-06-07 00:00:00.000|FIXINGWEIGHT|1|FIXINGVALUE|1.1973|FIXINGDATE|2010-06-08 00:00:00.000|FIXINGWEIGHT|1|FIXINGVALUE|1.1916|FIXINGDATE|2010-06-09 00:00:00.000|FIXINGWEIGHT|1|FIXINGVALUE|1.1952|FIXINGDATE|2010-06-10 00:00:00.000|FIXINGWEIGHT|1|FIXINGVALUE|1.2047|FIXINGDATE|2010-06-11 00:00:00.000|FIXINGWEIGHT|1|FIXINGVALUE|1.2097|FIXINGDATE|2010-06-14 00:00:00.000|FIXINGWEIGHT|1|FIXINGVALUE|1.2241|FIXINGDATE|2010-06-15 00:00:00.000|FIXINGWEIGHT|1|FIXINGVALUE|1.225|FIXINGDATE|2010-06-16 00:00:00.000|FIXINGWEIGHT|1|FIXINGVALUE|1.2287|FIXINGDATE|2010-06-17 00:00:00.000|FIXINGWEIGHT|1|FIXINGVALUE|1.2345|FIXINGDATE|2010-06-18 00:00:00.000|FIXINGWEIGHT|1|FIXINGVALUE|1.2371|FIXINGDATE|2010-06-21 00:00:00.000|FIXINGWEIGHT|1|FIXINGVALUE|1.238|FIXINGDATE|2010-06-22 00:00:00.000|FIXINGWEIGHT|1|FIXINGVALUE|1.2259|FIXINGDATE|2010-06-23 00:00:00.000|FIXINGWEIGHT|1|FIXINGVALUE|1.2276|FIXINGDATE|2010-06-24 00:00:00.000|FIXINGWEIGHT|1|FIXINGVALUE|1.2282|FIXINGDATE|2010-06-25 00:00:00.000|FIXINGWEIGHT|1|FIXINGVALUE|1.228|FIXINGDATE|2010-06-28 00:00:00.000|FIXINGWEIGHT|1|FIXINGVALUE|1.2335|FIXINGDATE|2010-06-29 00:00:00.000|FIXINGWEIGHT|1|FIXINGVALUE|1.2236|FIXINGDATE|2010-06-30 00:00:00.000|FIXINGWEIGHT|1|FIXINGVALUE|1.2286|FIXINGDATE|2010-07-01 00:00:00.000|FIXINGWEIGHT|1|FIXINGVALUE|1.2333|FIXINGDATE|2010-07-02 00:00:00.000|FIXINGWEIGHT|1|FIXINGVALUE|1.2513|FIXINGDATE|2010-07-05 00:00:00.000|FIXINGWEIGHT|1|FIXINGVALUE|1.253|FIXINGDATE|2010-07-06 00:00:00.000|FIXINGWEIGHT|1|FIXINGVALUE|1.2576|FIXINGDATE|2010-07-07 00:00:00.000|FIXINGWEIGHT|1|FIXINGVALUE|1.2594|FIXINGDATE|2010-07-08 00:00:00.000|FIXINGWEIGHT|1|FIXINGVALUE|1.2648|FIXINGDATE|2010-07-09 00:00:00.000|FIXINGWEIGHT|1|FIXINGVALUE|1.2662|FIXINGDATE|2010-07-12 00:00:00.000|FIXINGWEIGHT|1|FIXINGVALUE|1.2597|FIXINGDATE|2010-07-13 00:00:00.000|FIXINGWEIGHT|1|FIXINGVALUE|1.2568|FIXINGDATE|2010-07-14 00:00:00.000|FIXINGWEIGHT|1|FIXINGVALUE|1.2712|FIXINGDATE|2010-07-15 00:00:00.000|FIXINGWEIGHT|1|FIXINGVALUE|1.2812|FIXINGDATE|2010-07-16 00:00:00.000|FIXINGWEIGHT|1|FIXINGVALUE|1.2953|FIXINGDATE|2010-07-19 00:00:00.000|FIXINGWEIGHT|1|FIXINGVALUE|1.2951|FIXINGDATE|2010-07-20 00:00:00.000|FIXINGWEIGHT|1|FIXINGVALUE|1.2894|FIXINGDATE|2010-07-21 00:00:00.000|FIXINGWEIGHT|1|FIXINGVALUE|1.28|FIXINGDATE|2010-07-22 00:00:00.000|FIXINGWEIGHT|1|FIXINGVALUE|1.2858|FIXINGDATE|2010-07-23 00:00:00.000|FIXINGWEIGHT|1|FIXINGVALUE|1.2934|FIXINGDATE|2010-07-26 00:00:00.000|FIXINGWEIGHT|1|FIXINGVALUE|1.2903|FIXINGDATE|2010-07-27 00:00:00.000|FIXINGWEIGHT|1|FIXINGVALUE|1.2962|FIXINGDATE|2010-07-28 00:00:00.000|FIXINGWEIGHT|1|FIXINGVALUE|1.2986|FIXINGDATE|2010-07-29 00:00:00.000|FIXINGWEIGHT|1|FIXINGVALUE|1.308|FIXINGDATE|2010-07-30 00:00:00.000|FIXINGWEIGHT|1|FIXINGVALUE|1.2998|FIXINGDATE|2010-08-02 00:00:00.000|FIXINGWEIGHT|1|FIXINGVALUE|1.3071|FIXINGDATE|2010-08-03 00:00:00.000|FIXINGWEIGHT|1|FIXINGVALUE|1.3242|FIXINGDATE|2010-08-04 00:00:00.000|FIXINGWEIGHT|1|FIXINGVALUE|1.3216|FIXINGDATE|2010-08-05 00:00:00.000|FIXINGWEIGHT|1|FIXINGVALUE|1.3215|FIXINGDATE|2010-08-06 00:00:00.000|FIXINGWEIGHT|1|FIXINGVALUE|1.3161|FIXINGDATE|2010-08-09 00:00:00.000|FIXINGWEIGHT|1|FIXINGVALUE|1.3259|FIXINGDATE|2010-08-10 00:00:00.000|FIXINGWEIGHT|1|FIXINGVALUE|1.316|FIXINGDATE|2010-08-11 00:00:00.000|FIXINGWEIGHT|1|FIXINGVALUE|1.3001|FIXINGDATE|2010-08-12 00:00:00.000|FIXINGWEIGHT|1|FIXINGVALUE|1.2817|FIXINGDATE|2010-08-13 00:00:00.000|FIXINGWEIGHT|1|FIXINGVALUE|1.2798|FIXINGDATE|2010-08-16 00:00:00.000|FIXINGWEIGHT|1|FIXINGVALUE|1.2803|FIXINGDATE|2010-08-17 00:00:00.000|FIXINGWEIGHT|1|FIXINGVALUE|1.2863|FIXINGDATE|2010-08-18 00:00:00.000|FIXINGWEIGHT|1|FIXINGVALUE|1.2875|FIXINGDATE|2010-08-19 00:00:00.000|FIXINGWEIGHT|1|FIXINGVALUE|1.2831|FIXINGDATE|2010-08-20 00:00:00.000|FIXINGWEIGHT|1|FIXINGVALUE|1.269|FIXINGDATE|2010-08-23 00:00:00.000|FIXINGWEIGHT|1|FIXINGVALUE|1.2704|FIXINGDATE|2010-08-24 00:00:00.000|FIXINGWEIGHT|1|FIXINGVALUE|1.2609|FIXINGDATE|2010-08-25 00:00:00.000|FIXINGWEIGHT|1|FIXINGVALUE|1.2642|FIXINGDATE|2010-08-26 00:00:00.000|FIXINGWEIGHT|1|FIXINGVALUE|1.2707|FIXINGDATE|2010-08-27 00:00:00.000|FIXINGWEIGHT|1|FIXINGVALUE|1.2715|FIXINGDATE|2010-08-30 00:00:00.000|FIXINGWEIGHT|1|FIXINGVALUE|1.2701|FIXINGDATE|2010-08-31 00:00:00.000|FIXINGWEIGHT|1|FIXINGVALUE|1.2688|FIXINGDATE|2010-09-01 00:00:00.000|FIXINGWEIGHT|1|FIXINGVALUE|1.2802|FIXINGDATE|2010-09-02 00:00:00.000|FIXINGWEIGHT|1|FIXINGVALUE|1.2819|FIXINGDATE|2010-09-03 00:00:00.000|FIXINGWEIGHT|1|FIXINGVALUE|1.2844|FIXINGDATE|2010-09-06 00:00:00.000|FIXINGWEIGHT|1|FIXINGVALUE|1.2873|FIXINGDATE|2010-09-07 00:00:00.000|FIXINGWEIGHT|1|FIXINGVALUE|1.2752|FIXINGDATE|2010-09-08 00:00:00.000|FIXINGWEIGHT|1|FIXINGVALUE||FIXINGDATE|2010-09-09 00:00:00.000|FIXINGWEIGHT|1|FIXINGVALUE||FIXINGDATE|2010-09-10 00:00:00.000|FIXINGWEIGHT|1|FIXINGVALUE||FIXINGDATE|2010-09-13 00:00:00.000|FIXINGWEIGHT|1|FIXINGVALUE||FIXINGDATE|2010-09-14 00:00:00.000|FIXINGWEIGHT|1|FIXINGVALUE||FIXINGDATE|2010-09-15 00:00:00.000|FIXINGWEIGHT|1|FIXINGVALUE||FIXINGDATE|2010-09-16 00:00:00.000|FIXINGWEIGHT|1|FIXINGVALUE||FIXINGDATE|2010-09-17 00:00:00.000|FIXINGWEIGHT|1|FIXINGVALUE||FIXINGDATE|2010-09-20 00:00:00.000|FIXINGWEIGHT|1|FIXINGVALUE||FIXINGDATE|2010-09-21 00:00:00.000|FIXINGWEIGHT|1|FIXINGVALUE||FIXINGDATE|2010-09-22 00:00:00.000|FIXINGWEIGHT|1|FIXINGVALUE||FIXINGDATE|2010-09-23 00:00:00.000|FIXINGWEIGHT|1|FIXINGVALUE||FIXINGDATE|2010-09-24 00:00:00.000|FIXINGWEIGHT|1|FIXINGVALUE||FIXINGDATE|2010-09-27 00:00:00.000|FIXINGWEIGHT|1|FIXINGVALUE||FIXINGDATE|2010-09-28 00:00:00.000|FIXINGWEIGHT|1|FIXINGVALUE||FIXINGDATE|2010-09-29 00:00:00.000|FIXINGWEIGHT|1|FIXINGVALUE||FIXINGDATE|2010-09-30 00:00:00.000|FIXINGWEIGHT|1|FIXINGVALUE||FIXINGDATE|2010-10-01 00:00:00.000|FIXINGWEIGHT|1|FIXINGVALUE||FIXINGDATE|2010-10-04 00:00:00.000|FIXINGWEIGHT|1|FIXINGVALUE||FIXINGDATE|2010-10-05 00:00:00.000|FIXINGWEIGHT|1|FIXINGVALUE||FIXINGDATE|2010-10-06 00:00:00.000|FIXINGWEIGHT|1|FIXINGVALUE||FIXINGDATE|2010-10-07 00:00:00.000|FIXINGWEIGHT|1|FIXINGVALUE||FIXINGDATE|2010-10-08 00:00:00.000|FIXINGWEIGHT|1|FIXINGVALUE||FIXINGDATE|2010-10-11 00:00:00.000|FIXINGWEIGHT|1|FIXINGVALUE||FIXINGDATE|2010-10-12 00:00:00.000|FIXINGWEIGHT|1|FIXINGVALUE||FIXINGDATE|2010-10-13 00:00:00.000|FIXINGWEIGHT|1|FIXINGVALUE||FIXINGDATE|2010-10-14 00:00:00.000|FIXINGWEIGHT|1|FIXINGVALUE||FIXINGDATE|2010-10-15 00:00:00.000|FIXINGWEIGHT|1|FIXINGVALUE||FIXINGDATE|2010-10-18 00:00:00.000|FIXINGWEIGHT|1|FIXINGVALUE||FIXINGDATE|2010-10-19 00:00:00.000|FIXINGWEIGHT|1|FIXINGVALUE||FIXINGDATE|2010-10-20 00:00:00.000|FIXINGWEIGHT|1|FIXINGVALUE||FIXINGDATE|2010-10-21 00:00:00.000|FIXINGWEIGHT|1|FIXINGVALUE||FIXINGDATE|2010-10-22 00:00:00.000|FIXINGWEIGHT|1|FIXINGVALUE||FIXINGDATE|2010-10-25 00:00:00.000|FIXINGWEIGHT|1|FIXINGVALUE||FIXINGDATE|2010-10-26 00:00:00.000|FIXINGWEIGHT|1|FIXINGVALUE||FIXINGDATE|2010-10-27 00:00:00.000|FIXINGWEIGHT|1|FIXINGVALUE||FIXINGDATE|2010-10-28 00:00:00.000|FIXINGWEIGHT|1|FIXINGVALUE||FIXINGDATE|2010-10-29 00:00:00.000|FIXINGWEIGHT|1|FIXINGVALUE||FIXINGDATE|2010-11-01 00:00:00.000|FIXINGWEIGHT|1|FIXINGVALUE||FIXINGDATE|2010-11-02 00:00:00.000|FIXINGWEIGHT|1|FIXINGVALUE||FIXINGDATE|2010-11-03 00:00:00.000|FIXINGWEIGHT|1|FIXINGVALUE||FIXINGDATE|2010-11-04 00:00:00.000|FIXINGWEIGHT|1|FIXINGVALUE||FIXINGDATE|2010-11-05 00:00:00.000|FIXINGWEIGHT|1|FIXINGVALUE||FIXINGDATE|2010-11-08 00:00:00.000|FIXINGWEIGHT|1|FIXINGVALUE||FIXINGDATE|2010-11-09 00:00:00.000|FIXINGWEIGHT|1|FIXINGVALUE||FIXINGDATE|2010-11-10 00:00:00.000|FIXINGWEIGHT|1|FIXINGVALUE||FIXINGDATE|2010-11-11 00:00:00.000|FIXINGWEIGHT|1|FIXINGVALUE||FIXINGDATE|2010-11-12 00:00:00.000|FIXINGWEIGHT|1|FIXINGVALUE||FIXINGDATE|2010-11-15 00:00:00.000|FIXINGWEIGHT|1|FIXINGVALUE||FIXINGDATE|2010-11-16 00:00:00.000|FIXINGWEIGHT|1|FIXINGVALUE||FIXINGDATE|2010-11-17 00:00:00.000|FIXINGWEIGHT|1|FIXINGVALUE||FIXINGDATE|2010-11-18 00:00:00.000|FIXINGWEIGHT|1|FIXINGVALUE||FIXINGDATE|2010-11-19 00:00:00.000|FIXINGWEIGHT|1|FIXINGVALUE||FIXINGDATE|2010-11-22 00:00:00.000|FIXINGWEIGHT|1|FIXINGVALUE||FIXINGDATE|2010-11-23 00:00:00.000|FIXINGWEIGHT|1|FIXINGVALUE||FIXINGDATE|2010-11-24 00:00:00.000|FIXINGWEIGHT|1|FIXINGVALUE||FIXINGDATE|2010-11-25 00:00:00.000|FIXINGWEIGHT|1|FIXINGVALUE||FIXINGDATE|2010-11-26 00:00:00.000|FIXINGWEIGHT|1|FIXINGVALUE||FIXINGDATE|2010-11-29 00:00:00.000|FIXINGWEIGHT|1|FIXINGVALUE||FIXINGDATE|2010-11-30 00:00:00.000|FIXINGWEIGHT|1|FIXINGVALUE||FIXINGDATE|2010-12-01 00:00:00.000|FIXINGWEIGHT|1|FIXINGVALUE||FIXINGDATE|2010-12-02 00:00:00.000|FIXINGWEIGHT|1|FIXINGVALUE||FIXINGDATE|2010-12-03 00:00:00.000|FIXINGWEIGHT|1|FIXINGVALUE||FIXINGDATE|2010-12-06 00:00:00.000|FIXINGWEIGHT|1|FIXINGVALUE||FIXINGDATE|2010-12-07 00:00:00.000|FIXINGWEIGHT|1|FIXINGVALUE||FIXINGDATE|2010-12-08 00:00:00.000|FIXINGWEIGHT|1|FIXINGVALUE||FIXINGDATE|2010-12-09 00:00:00.000|FIXINGWEIGHT|1|FIXINGVALUE||FIXINGDATE|2010-12-10 00:00:00.000|FIXINGWEIGHT|1|FIXINGVALUE||FIXINGDATE|2010-12-13 00:00:00.000|FIXINGWEIGHT|1|FIXINGVALUE||FIXINGDATE|2010-12-14 00:00:00.000|FIXINGWEIGHT|1|FIXINGVALUE||FIXINGDATE|2010-12-15 00:00:00.000|FIXINGWEIGHT|1|FIXINGVALUE||FIXINGDATE|2010-12-16 00:00:00.000|FIXINGWEIGHT|1|FIXINGVALUE||FIXINGDATE|2010-12-17 00:00:00.000|FIXINGWEIGHT|1|FIXINGVALUE||FIXINGDATE|2010-12-20 00:00:00.000|FIXINGWEIGHT|1|FIXINGVALUE||FIXINGDATE|2010-12-21 00:00:00.000|FIXINGWEIGHT|1|FIXINGVALUE||FIXINGDATE|2010-12-22 00:00:00.000|FIXINGWEIGHT|1|FIXINGVALUE||FIXINGDATE|2010-12-23 00:00:00.000|FIXINGWEIGHT|1|FIXINGVALUE||FIXINGDATE|2010-12-24 00:00:00.000|FIXINGWEIGHT|1|FIXINGVALUE||FIXINGDATE|2010-12-27 00:00:00.000|FIXINGWEIGHT|1|FIXINGVALUE||FIXINGDATE|2010-12-28 00:00:00.000|FIXINGWEIGHT|1|FIXINGVALUE||FIXINGDATE|2010-12-29 00:00:00.000|FIXINGWEIGHT|1|FIXINGVALUE||FIXINGDATE|2010-12-30 00:00:00.000|FIXINGWEIGHT|1|FIXINGVALUE||FIXINGDATE|2010-12-31 00:00:00.000|FIXINGWEIGHT|1|FIXINGVALUE||FIXINGDATE|2011-01-03 00:00:00.000|FIXINGWEIGHT|1|FIXINGVALUE||FIXINGDATE|2011-01-04 00:00:00.000|FIXINGWEIGHT|1|FIXINGVALUE||FIXINGDATE|2011-01-05 00:00:00.000|FIXINGWEIGHT|1|FIXINGVALUE||FIXINGDATE|2011-01-06 00:00:00.000|FIXINGWEIGHT|1|FIXINGVALUE||FIXINGDATE|2011-01-07 00:00:00.000|FIXINGWEIGHT|1|FIXINGVALUE||FIXINGDATE|2011-01-10 00:00:00.000|FIXINGWEIGHT|1|FIXINGVALUE||FIXINGDATE|2011-01-11 00:00:00.000|FIXINGWEIGHT|1|FIXINGVALUE||FIXINGDATE|2011-01-12 00:00:00.000|FIXINGWEIGHT|1|FIXINGVALUE||FIXINGDATE|2011-01-13 00:00:00.000|FIXINGWEIGHT|1|FIXINGVALUE||FIXINGDATE|2011-01-14 00:00:00.000|FIXINGWEIGHT|1|FIXINGVALUE||FIXINGDATE|2011-01-17 00:00:00.000|FIXINGWEIGHT|1|FIXINGVALUE||FIXINGDATE|2011-01-18 00:00:00.000|FIXINGWEIGHT|1|FIXINGVALUE||FIXINGDATE|2011-01-19 00:00:00.000|FIXINGWEIGHT|1|FIXINGVALUE||FIXINGDATE|2011-01-20 00:00:00.000|FIXINGWEIGHT|1|FIXINGVALUE||FIXINGDATE|2011-01-21 00:00:00.000|FIXINGWEIGHT|1|FIXINGVALUE||FIXINGDATE|2011-01-24 00:00:00.000|FIXINGWEIGHT|1|FIXINGVALUE||FIXINGDATE|2011-01-25 00:00:00.000|FIXINGWEIGHT|1|FIXINGVALUE||FIXINGDATE|2011-01-26 00:00:00.000|FIXINGWEIGHT|1|FIXINGVALUE||FIXINGDATE|2011-01-27 00:00:00.000|FIXINGWEIGHT|1|FIXINGVALUE||FIXINGDATE|2011-01-28 00:00:00.000|FIXINGWEIGHT|1|FIXINGVALUE||FIXINGDATE|2011-01-31 00:00:00.000|FIXINGWEIGHT|1|FIXINGVALUE||FIXINGDATE|2011-02-01 00:00:00.000|FIXINGWEIGHT|1|FIXINGVALUE||FIXINGDATE|2011-02-02 00:00:00.000|FIXINGWEIGHT|1|FIXINGVALUE||FIXINGDATE|2011-02-03 00:00:00.000|FIXINGWEIGHT|1|FIXINGVALUE||FIXINGDATE|2011-02-04 00:00:00.000|FIXINGWEIGHT|1|FIXINGVALUE||FIXINGDATE|2011-02-07 00:00:00.000|FIXINGWEIGHT|1|FIXINGVALUE||FIXINGDATE|2011-02-08 00:00:00.000|FIXINGWEIGHT|1|FIXINGVALUE||FIXINGDATE|2011-02-09 00:00:00.000|FIXINGWEIGHT|1|FIXINGVALUE||FIXINGDATE|2011-02-10 00:00:00.000|FIXINGWEIGHT|1|FIXINGVALUE||FIXINGDATE|2011-02-11 00:00:00.000|FIXINGWEIGHT|1|FIXINGVALUE||FIXINGDATE|2011-02-14 00:00:00.000|FIXINGWEIGHT|1|FIXINGVALUE||FIXINGDATE|2011-02-15 00:00:00.000|FIXINGWEIGHT|1|FIXINGVALUE||FIXINGDATE|2011-02-16 00:00:00.000|FIXINGWEIGHT|1|FIXINGVALUE||FIXINGDATE|2011-02-17 00:00:00.000|FIXINGWEIGHT|1|FIXINGVALUE||FIXINGDATE|2011-02-18 00:00:00.000|FIXINGWEIGHT|1|FIXINGVALUE||FIXINGDATE|2011-02-21 00:00:00.000|FIXINGWEIGHT|1|FIXINGVALUE||FIXINGDATE|2011-02-22 00:00:00.000|FIXINGWEIGHT|1|FIXINGVALUE||FIXINGDATE|2011-02-23 00:00:00.000|FIXINGWEIGHT|1|FIXINGVALUE||FIXINGDATE|2011-02-24 00:00:00.000|FIXINGWEIGHT|1|FIXINGVALUE||FIXINGDATE|2011-02-25 00:00:00.000|FIXINGWEIGHT|1|FIXINGVALUE||FIXINGDATE|2011-02-28 00:00:00.000|FIXINGWEIGHT|1|FIXINGVALUE||FIXINGDATE|2011-03-01 00:00:00.000|FIXINGWEIGHT|1|FIXINGVALUE||FIXINGDATE|2011-03-02 00:00:00.000|FIXINGWEIGHT|1|FIXINGVALUE||FIXINGDATE|2011-03-03 00:00:00.000|FIXINGWEIGHT|1|FIXINGVALUE||FIXINGDATE|2011-03-04 00:00:00.000|FIXINGWEIGHT|1|FIXINGVALUE||FIXINGDATE|2011-03-07 00:00:00.000|FIXINGWEIGHT|1|FIXINGVALUE||FIXINGDATE|2011-03-08 00:00:00.000|FIXINGWEIGHT|1|FIXINGVALUE||FIXINGDATE|2011-03-09 00:00:00.000|FIXINGWEIGHT|1|FIXINGVALUE||FIXINGDATE|2011-03-10 00:00:00.000|FIXINGWEIGHT|1|FIXINGVALUE||FIXINGDATE|2011-03-11 00:00:00.000|FIXINGWEIGHT|1|FIXINGVALUE||FIXINGDATE|2011-03-14 00:00:00.000|FIXINGWEIGHT|1|FIXINGVALUE||FIXINGDATE|2011-03-15 00:00:00.000|FIXINGWEIGHT|1|FIXINGVALUE||FIXINGDATE|2011-03-16 00:00:00.000|FIXINGWEIGHT|1|FIXINGVALUE||FIXINGDATE|2011-03-17 00:00:00.000|FIXINGWEIGHT|1|FIXINGVALUE||FIXINGDATE|2011-03-18 00:00:00.000|FIXINGWEIGHT|1|FIXINGVALUE||FIXINGDATE|2011-03-21 00:00:00.000|FIXINGWEIGHT|1|FIXINGVALUE||FIXINGDATE|2011-03-22 00:00:00.000|FIXINGWEIGHT|1|FIXINGVALUE||FIXINGDATE|2011-03-23 00:00:00.000|FIXINGWEIGHT|1|FIXINGVALUE||FIXINGDATE|2011-03-24 00:00:00.000|FIXINGWEIGHT|1|FIXINGVALUE||FIXINGDATE|2011-03-25 00:00:00.000|FIXINGWEIGHT|1|FIXINGVALUE||FIXINGDATE|2011-03-28 00:00:00.000|FIXINGWEIGHT|1|FIXINGVALUE||FIXINGDATE|2011-03-29 00:00:00.000|FIXINGWEIGHT|1|FIXINGVALUE||FIXINGDATE|2011-03-30 00:00:00.000|FIXINGWEIGHT|1|FIXINGVALUE||FIXINGDATE|2011-03-31 00:00:00.000|FIXINGWEIGHT|1|FIXINGVALUE||FIXINGDATE|2011-04-01 00:00:00.000|FIXINGWEIGHT|1|FIXINGVALUE||FIXINGDATE|2011-04-04 00:00:00.000|FIXINGWEIGHT|1|FIXINGVALUE||FIXINGDATE|2011-04-05 00:00:00.000|FIXINGWEIGHT|1|FIXINGVALUE||FIXINGDATE|2011-04-06 00:00:00.000|FIXINGWEIGHT|1|FIXINGVALUE||FIXINGDATE|2011-04-07 00:00:00.000|FIXINGWEIGHT|1|FIXINGVALUE||FIXINGDATE|2011-04-08 00:00:00.000|FIXINGWEIGHT|1|FIXINGVALUE||FIXINGDATE|2011-04-11 00:00:00.000|FIXINGWEIGHT|1|FIXINGVALUE||FIXINGDATE|2011-04-12 00:00:00.000|FIXINGWEIGHT|1|FIXINGVALUE||FIXINGDATE|2011-04-13 00:00:00.000|FIXINGWEIGHT|1|FIXINGVALUE||FIXINGDATE|2011-04-14 00:00:00.000|FIXINGWEIGHT|1|FIXINGVALUE||FIXINGDATE|2011-04-15 00:00:00.000|FIXINGWEIGHT|1|FIXINGVALUE||FIXINGDATE|2011-04-18 00:00:00.000|FIXINGWEIGHT|1|FIXINGVALUE||FIXINGDATE|2011-04-19 00:00:00.000|FIXINGWEIGHT|1|FIXINGVALUE||FIXINGDATE|2011-04-20 00:00:00.000|FIXINGWEIGHT|1|FIXINGVALUE||FIXINGDATE|2011-04-21 00:00:00.000|FIXINGWEIGHT|1|FIXINGVALUE||FIXINGDATE|2011-04-26 00:00:00.000|FIXINGWEIGHT|1|FIXINGVALUE||FIXINGDATE|2011-04-27 00:00:00.000|FIXINGWEIGHT|1|FIXINGVALUE||FIXINGDATE|2011-04-28 00:00:00.000|FIXINGWEIGHT|1|FIXINGVALUE||FIXINGDATE|2011-04-29 00:00:00.000|FIXINGWEIGHT|1|FIXINGVALUE||FIXINGDATE|2011-05-02 00:00:00.000|FIXINGWEIGHT|1|FIXINGVALUE||FIXINGDATE|2011-05-03 00:00:00.000|FIXINGWEIGHT|1|FIXINGVALUE||FIXINGDATE|2011-05-04 00:00:00.000|FIXINGWEIGHT|1|FIXINGVALUE||FIXINGDATE|2011-05-05 00:00:00.000|FIXINGWEIGHT|1|FIXINGVALUE||FIXINGDATE|2011-05-06 00:00:00.000|FIXINGWEIGHT|1|FIXINGVALUE||FIXINGDATE|2011-05-09 00:00:00.000|FIXINGWEIGHT|1|FIXINGVALUE||FIXINGDATE|2011-05-10 00:00:00.000|FIXINGWEIGHT|1|FIXINGVALUE||FIXINGDATE|2011-05-11 00:00:00.000|FIXINGWEIGHT|1|FIXINGVALUE||FIXINGDATE|2011-05-12 00:00:00.000|FIXINGWEIGHT|1|FIXINGVALUE||FIXINGDATE|2011-05-13 00:00:00.000|FIXINGWEIGHT|1|FIXINGVALUE||FIXINGDATE|2011-05-16 00:00:00.000|FIXINGWEIGHT|1|FIXINGVALUE||FIXINGDATE|2011-05-17 00:00:00.000|FIXINGWEIGHT|1|FIXINGVALUE||FIXINGDATE|2011-05-18 00:00:00.000|FIXINGWEIGHT|1|FIXINGVALUE||FIXINGDATE|2011-05-19 00:00:00.000|FIXINGWEIGHT|1|FIXINGVALUE||FIXINGDATE|2011-05-20 00:00:00.000|FIXINGWEIGHT|1|FIXINGVALUE||FIXINGDATE|2011-05-23 00:00:00.000|FIXINGWEIGHT|1|FIXINGVALUE||FIXINGDATE|2011-05-24 00:00:00.000|FIXINGWEIGHT|1|FIXINGVALUE||FIXINGDATE|2011-05-25 00:00:00.000|FIXINGWEIGHT|1|FIXINGVALUE||FIXINGDATE|2011-05-26 00:00:00.000|FIXINGWEIGHT|1|FIXINGVALUE||FIXINGDATE|2011-05-27 00:00:00.000|FIXINGWEIGHT|1|FIXINGVALUE||FIXINGDATE|2011-05-30 00:00:00.000|FIXINGWEIGHT|1|FIXINGVALUE||FIXINGDATE|2011-05-31 00:00:00.000|FIXINGWEIGHT|1|FIXINGVALUE||FIXINGDATE|2011-06-01 00:00:00.000|FIXINGWEIGHT|1|FIXINGVALUE||FIXINGDATE|2011-06-02 00:00:00.000|FIXINGWEIGHT|1|FIXINGVALUE||FIXINGDATE|2011-06-03 00:00:00.000|FIXINGWEIGHT|1|FIXINGVALUE||FIXINGDATE|2011-06-06 00:00:00.000|FIXINGWEIGHT|1|FIXINGVALUE||FIXINGDATE|2011-06-07 00:00:00.000|FIXINGWEIGHT|1|FIXINGVALUE||FIXINGDATE|2011-06-08 00:00:00.000|FIXINGWEIGHT|1|FIXINGVALUE||FIXINGDATE|2011-06-09 00:00:00.000|FIXINGWEIGHT|1|FIXINGVALUE||FIXINGDATE|2011-06-10 00:00:00.000|FIXINGWEIGHT|1|FIXINGVALUE||FIXINGDATE|2011-06-13 00:00:00.000|FIXINGWEIGHT|1|FIXINGVALUE||FIXINGDATE|2011-06-14 00:00:00.000|FIXINGWEIGHT|1|FIXINGVALUE||FIXINGDATE|2011-06-15 00:00:00.000|FIXINGWEIGHT|1|FIXINGVALUE||FIXINGDATE|2011-06-16 00:00:00.000|FIXINGWEIGHT|1|FIXINGVALUE||FIXINGDATE|2011-06-17 00:00:00.000|FIXINGWEIGHT|1|FIXINGVALUE||FIXINGDATE|2011-06-20 00:00:00.000|FIXINGWEIGHT|1|FIXINGVALUE||FIXINGDATE|2011-06-21 00:00:00.000|FIXINGWEIGHT|1|FIXINGVALUE||FIXINGDATE|2011-06-22 00:00:00.000|FIXINGWEIGHT|1|FIXINGVALUE||FIXINGDATE|2011-06-23 00:00:00.000|FIXINGWEIGHT|1|FIXINGVALUE||FIXINGDATE|2011-06-24 00:00:00.000|FIXINGWEIGHT|1|FIXINGVALUE||FIXINGDATE|2011-06-27 00:00:00.000|FIXINGWEIGHT|1|FIXINGVALUE||FIXINGDATE|2011-06-28 00:00:00.000|FIXINGWEIGHT|1|FIXINGVALUE||FIXINGDATE|2011-06-29 00:00:00.000|FIXINGWEIGHT|1|FIXINGVALUE||FIXINGDATE|2011-06-30 00:00:00.000|FIXINGWEIGHT|1|FIXINGVALUE||FIXINGDATE|2011-07-01 00:00:00.000|FIXINGWEIGHT|1|FIXINGVALUE||FIXINGDATE|2011-07-04 00:00:00.000|FIXINGWEIGHT|1|FIXINGVALUE||FIXINGDATE|2011-07-05 00:00:00.000|FIXINGWEIGHT|1|FIXINGVALUE||FIXINGDATE|2011-07-06 00:00:00.000|FIXINGWEIGHT|1|FIXINGVALUE||FIXINGDATE|2011-07-07 00:00:00.000|FIXINGWEIGHT|1|FIXINGVALUE||FIXINGDATE|2011-07-08 00:00:00.000|FIXINGWEIGHT|1|FIXINGVALUE||FIXINGDATE|2011-07-11 00:00:00.000|FIXINGWEIGHT|1|FIXINGVALUE||FIXINGDATE|2011-07-12 00:00:00.000|FIXINGWEIGHT|1|FIXINGVALUE||FIXINGDATE|2011-07-13 00:00:00.000|FIXINGWEIGHT|1|FIXINGVALUE||FIXINGDATE|2011-07-14 00:00:00.000|FIXINGWEIGHT|1|FIXINGVALUE||FIXINGDATE|2011-07-15 00:00:00.000|FIXINGWEIGHT|1|FIXINGVALUE||FIXINGDATE|2011-07-18 00:00:00.000|FIXINGWEIGHT|1|FIXINGVALUE||FIXINGDATE|2011-07-19 00:00:00.000|FIXINGWEIGHT|1|FIXINGVALUE||FIXINGDATE|2011-07-20 00:00:00.000|FIXINGWEIGHT|1|FIXINGVALUE||FIXINGDATE|2011-07-21 00:00:00.000|FIXINGWEIGHT|1|FIXINGVALUE||FIXINGDATE|2011-07-22 00:00:00.000|FIXINGWEIGHT|1|FIXINGVALUE||FIXINGDATE|2011-07-25 00:00:00.000|FIXINGWEIGHT|1|FIXINGVALUE||FIXINGDATE|2011-07-26 00:00:00.000|FIXINGWEIGHT|1|FIXINGVALUE||FIXINGDATE|2011-07-27 00:00:00.000|FIXINGWEIGHT|1|FIXINGVALUE||FIXINGDATE|2011-07-28 00:00:00.000|FIXINGWEIGHT|1|FIXINGVALUE||FIXINGDATE|2011-07-29 00:00:00.000|FIXINGWEIGHT|1|FIXINGVALUE||FIXINGDATE|2011-08-01 00:00:00.000|FIXINGWEIGHT|1|FIXINGVALUE||FIXINGDATE|2011-08-02 00:00:00.000|FIXINGWEIGHT|1|FIXINGVALUE||FIXINGDATE|2011-08-03 00:00:00.000|FIXINGWEIGHT|1|FIXINGVALUE||FIXINGDATE|2011-08-04 00:00:00.000|FIXINGWEIGHT|1|FIXINGVALUE||FIXINGDATE|2011-08-05 00:00:00.000|FIXINGWEIGHT|1|FIXINGVALUE||FIXINGDATE|2011-08-08 00:00:00.000|FIXINGWEIGHT|1|FIXINGVALUE||FIXINGDATE|2011-08-09 00:00:00.000|FIXINGWEIGHT|1|FIXINGVALUE||FIXINGDATE|2011-08-10 00:00:00.000|FIXINGWEIGHT|1|FIXINGVALUE||FIXINGDATE|2011-08-11 00:00:00.000|FIXINGWEIGHT|1|FIXINGVALUE||FIXINGDATE|2011-08-12 00:00:00.000|FIXINGWEIGHT|1|FIXINGVALUE||FIXINGDATE|2011-08-15 00:00:00.000|FIXINGWEIGHT|1|FIXINGVALUE||FIXINGDATE|2011-08-16 00:00:00.000|FIXINGWEIGHT|1|FIXINGVALUE||FIXINGDATE|2011-08-17 00:00:00.000|FIXINGWEIGHT|1|FIXINGVALUE||FIXINGDATE|2011-08-18 00:00:00.000|FIXINGWEIGHT|1|FIXINGVALUE||FIXINGDATE|2011-08-19 00:00:00.000|FIXINGWEIGHT|1|FIXINGVALUE||FIXINGDATE|2011-08-22 00:00:00.000|FIXINGWEIGHT|1|FIXINGVALUE||FIXINGDATE|2011-08-23 00:00:00.000|FIXINGWEIGHT|1|FIXINGVALUE||FIXINGDATE|2011-08-24 00:00:00.000|FIXINGWEIGHT|1|FIXINGVALUE||FIXINGDATE|2011-08-25 00:00:00.000|FIXINGWEIGHT|1|FIXINGVALUE||FIXINGDATE|2011-08-26 00:00:00.000|FIXINGWEIGHT|1|FIXINGVALUE||FIXINGDATE|2011-08-29 00:00:00.000|FIXINGWEIGHT|1|FIXINGVALUE||FIXINGDATE|2011-08-30 00:00:00.000|FIXINGWEIGHT|1|FIXINGVALUE||FIXINGDATE|2011-08-31 00:00:00.000|FIXINGWEIGHT|1|FIXINGVALUE||FIXINGDATE|2011-09-01 00:00:00.000|FIXINGWEIGHT|1|FIXINGVALUE||FIXINGDATE|2011-09-02 00:00:00.000|FIXINGWEIGHT|1|FIXINGVALUE||FIXINGDATE|2011-09-05 00:00:00.000|FIXINGWEIGHT|1|FIXINGVALUE||FIXINGDATE|2011-09-06 00:00:00.000|FIXINGWEIGHT|1|FIXINGVALUE||FIXINGDATE|2011-09-07 00:00:00.000|FIXINGWEIGHT|1|FIXINGVALUE||FIXINGDATE|2011-09-08 00:00:00.000|FIXINGWEIGHT|1|FIXINGVALUE||FIXINGDATE|2011-09-09 00:00:00.000|FIXINGWEIGHT|1|FIXINGVALUE||FIXINGDATE|2011-09-12 00:00:00.000|FIXINGWEIGHT|1|FIXINGVALUE||FIXINGDATE|2011-09-13 00:00:00.000|FIXINGWEIGHT|1|FIXINGVALUE||FIXINGDATE|2011-09-14 00:00:00.000|FIXINGWEIGHT|1|FIXINGVALUE||FIXINGDATE|2011-09-15 00:00:00.000|FIXINGWEIGHT|1|FIXINGVALUE||FIXINGDATE|2011-09-16 00:00:00.000|FIXINGWEIGHT|1|FIXINGVALUE||FIXINGDATE|2011-09-19 00:00:00.000|FIXINGWEIGHT|1|FIXINGVALUE||FIXINGDATE|2011-09-20 00:00:00.000|FIXINGWEIGHT|1|FIXINGVALUE||FIXINGDATE|2011-09-21 00:00:00.000|FIXINGWEIGHT|1|FIXINGVALUE||FIXINGDATE|2011-09-22 00:00:00.000|FIXINGWEIGHT|1|FIXINGVALUE||FIXINGDATE|2011-09-23 00:00:00.000|FIXINGWEIGHT|1|FIXINGVALUE||FIXINGDATE|2011-09-26 00:00:00.000|FIXINGWEIGHT|1|FIXINGVALUE||FIXINGDATE|2011-09-27 00:00:00.000|FIXINGWEIGHT|1|FIXINGVALUE||FIXINGDATE|2011-09-28 00:00:00.000|FIXINGWEIGHT|1|FIXINGVALUE||FIXINGDATE|2011-09-29 00:00:00.000|FIXINGWEIGHT|1|FIXINGVALUE||FIXINGDATE|2011-09-30 00:00:00.000|FIXINGWEIGHT|1|FIXINGVALUE||FIXINGDATE|2011-10-03 00:00:00.000|FIXINGWEIGHT|1|FIXINGVALUE||FIXINGDATE|2011-10-04 00:00:00.000|FIXINGWEIGHT|1|FIXINGVALUE||FIXINGDATE|2011-10-05 00:00:00.000|FIXINGWEIGHT|1|FIXINGVALUE||FIXINGDATE|2011-10-06 00:00:00.000|FIXINGWEIGHT|1|FIXINGVALUE||FIXINGDATE|2011-10-07 00:00:00.000|FIXINGWEIGHT|1|FIXINGVALUE||FIXINGDATE|2011-10-10 00:00:00.000|FIXINGWEIGHT|1|FIXINGVALUE||FIXINGDATE|2011-10-11 00:00:00.000|FIXINGWEIGHT|1|FIXINGVALUE||FIXINGDATE|2011-10-12 00:00:00.000|FIXINGWEIGHT|1|FIXINGVALUE||FIXINGDATE|2011-10-13 00:00:00.000|FIXINGWEIGHT|1|FIXINGVALUE||FIXINGDATE|2011-10-14 00:00:00.000|FIXINGWEIGHT|1|FIXINGVALUE||FIXINGDATE|2011-10-17 00:00:00.000|FIXINGWEIGHT|1|FIXINGVALUE||FIXINGDATE|2011-10-18 00:00:00.000|FIXINGWEIGHT|1|FIXINGVALUE||FIXINGDATE|2011-10-19 00:00:00.000|FIXINGWEIGHT|1|FIXINGVALUE||FIXINGDATE|2011-10-20 00:00:00.000|FIXINGWEIGHT|1|FIXINGVALUE||FIXINGDATE|2011-10-21 00:00:00.000|FIXINGWEIGHT|1|FIXINGVALUE||FIXINGDATE|2011-10-24 00:00:00.000|FIXINGWEIGHT|1|FIXINGVALUE||FIXINGDATE|2011-10-25 00:00:00.000|FIXINGWEIGHT|1|FIXINGVALUE||FIXINGDATE|2011-10-26 00:00:00.000|FIXINGWEIGHT|1|FIXINGVALUE||FIXINGDATE|2011-10-27 00:00:00.000|FIXINGWEIGHT|1|FIXINGVALUE||FIXINGDATE|2011-10-28 00:00:00.000|FIXINGWEIGHT|1|FIXINGVALUE||FIXINGDATE|2011-10-31 00:00:00.000|FIXINGWEIGHT|1|FIXINGVALUE||FIXINGDATE|2011-11-01 00:00:00.000|FIXINGWEIGHT|1|FIXINGVALUE||FIXINGDATE|2011-11-02 00:00:00.000|FIXINGWEIGHT|1|FIXINGVALUE||FIXINGDATE|2011-11-03 00:00:00.000|FIXINGWEIGHT|1|FIXINGVALUE||FIXINGDATE|2011-11-04 00:00:00.000|FIXINGWEIGHT|1|FIXINGVALUE||FIXINGDATE|2011-11-07 00:00:00.000|FIXINGWEIGHT|1|FIXINGVALUE||FIXINGDATE|2011-11-08 00:00:00.000|FIXINGWEIGHT|1|FIXINGVALUE||FIXINGDATE|2011-11-09 00:00:00.000|FIXINGWEIGHT|1|FIXINGVALUE||FIXINGDATE|2011-11-10 00:00:00.000|FIXINGWEIGHT|1|FIXINGVALUE||FIXINGDATE|2011-11-11 00:00:00.000|FIXINGWEIGHT|1|FIXINGVALUE||FIXINGDATE|2011-11-14 00:00:00.000|FIXINGWEIGHT|1|FIXINGVALUE||FIXINGDATE|2011-11-15 00:00:00.000|FIXINGWEIGHT|1|FIXINGVALUE||FIXINGDATE|2011-11-16 00:00:00.000|FIXINGWEIGHT|1|FIXINGVALUE||FIXINGDATE|2011-11-17 00:00:00.000|FIXINGWEIGHT|1|FIXINGVALUE||FIXINGDATE|2011-11-18 00:00:00.000|FIXINGWEIGHT|1|FIXINGVALUE||FIXINGDATE|2011-11-21 00:00:00.000|FIXINGWEIGHT|1|FIXINGVALUE||FIXINGDATE|2011-11-22 00:00:00.000|FIXINGWEIGHT|1|FIXINGVALUE||FIXINGDATE|2011-11-23 00:00:00.000|FIXINGWEIGHT|1|FIXINGVALUE||FIXINGDATE|2011-11-24 00:00:00.000|FIXINGWEIGHT|1|FIXINGVALUE||FIXINGDATE|2011-11-25 00:00:00.000|FIXINGWEIGHT|1|FIXINGVALUE||FIXINGDATE|2011-11-28 00:00:00.000|FIXINGWEIGHT|1|FIXINGVALUE||FIXINGDATE|2011-11-29 00:00:00.000|FIXINGWEIGHT|1|FIXINGVALUE||FIXINGDATE|2011-11-30 00:00:00.000|FIXINGWEIGHT|1|FIXINGVALUE||FIXINGDATE|2011-12-01 00:00:00.000|FIXINGWEIGHT|1|FIXINGVALUE||FIXINGDATE|2011-12-02 00:00:00.000|FIXINGWEIGHT|1|FIXINGVALUE||FIXINGDATE|2011-12-05 00:00:00.000|FIXINGWEIGHT|1|FIXINGVALUE||FIXINGDATE|2011-12-06 00:00:00.000|FIXINGWEIGHT|1|FIXINGVALUE||FIXINGDATE|2011-12-07 00:00:00.000|FIXINGWEIGHT|1|FIXINGVALUE||FIXINGDATE|2011-12-08 00:00:00.000|FIXINGWEIGHT|1|FIXINGVALUE||FIXINGDATE|2011-12-09 00:00:00.000|FIXINGWEIGHT|1|FIXINGVALUE||FIXINGDATE|2011-12-12 00:00:00.000|FIXINGWEIGHT|1|FIXINGVALUE||FIXINGDATE|2011-12-13 00:00:00.000|FIXINGWEIGHT|1|FIXINGVALUE||FIXINGDATE|2011-12-14 00:00:00.000|FIXINGWEIGHT|1|FIXINGVALUE||FIXINGDATE|2011-12-15 00:00:00.000|FIXINGWEIGHT|1|FIXINGVALUE||FIXINGDATE|2011-12-16 00:00:00.000|FIXINGWEIGHT|1|FIXINGVALUE||FIXINGDATE|2011-12-19 00:00:00.000|FIXINGWEIGHT|1|FIXINGVALUE||FIXINGDATE|2011-12-20 00:00:00.000|FIXINGWEIGHT|1|FIXINGVALUE||FIXINGDATE|2011-12-21 00:00:00.000|FIXINGWEIGHT|1|FIXINGVALUE||FIXINGDATE|2011-12-22 00:00:00.000|FIXINGWEIGHT|1|FIXINGVALUE||FIXINGDATE|2011-12-23 00:00:00.000|FIXINGWEIGHT|1|FIXINGVALUE||FIXINGDATE|2011-12-27 00:00:00.000|FIXINGWEIGHT|1|FIXINGVALUE||FIXINGDATE|2011-12-28 00:00:00.000|FIXINGWEIGHT|1|FIXINGVALUE||FIXINGSCHEDULELENGTH|777|BOOK_CPTY_CDRMNEMONIC|DTCH L  4LM|PROFIT_CENTRE|FGO0|BOOKBRANCHPARENT|Global|HIGH_LEVEL_CPTY_CDRMNEMONIC|DTCH F  MM|HIGH_LEVEL_BOOK_CPTY_CDRM|DTCH L|BOOK_CPYT_SRC_SYSTEM|RMS|SUBBRANCH|LDN|CPTY_CDRMNEMONIC|DTCH F  MM|AMI_CODE|0840|BOOK_CPTY|EURGEN|PUBLICATIONTIME|2010-09-24 15:59:01.439|DBLEGALENTITY|London|ISLIVEYN|Y</Text>
</Message>
