<?xml version="1.0" encoding="UTF-8"?>
<Message>
    <SystemInfo>
        <JMSDestination>Topic[exodus.pipe.demo]</JMSDestination>
        <JMSReplyTo/>
        <JMSDeliveryMode>2</JMSDeliveryMode>
        <JMSRedelivered>false</JMSRedelivered>
        <JMSCorrelationID>null</JMSCorrelationID>
        <JMSType>null</JMSType>
        <JMSTimestamp>1285343838437</JMSTimestamp>
        <JMSExpiration>0</JMSExpiration>
        <JMSPriority>4</JMSPriority>
    </SystemInfo>
    <ApplicationInfo>
        <SYSTEMID>174850460</SYSTEMID>
        <TRADEGROUP>FXSWAP</TRADEGROUP>
        <VERSION>3</VERSION>
        <COUNTERPARTY>0318121</COUNTERPARTY>
        <MESSAGE_TYPE>RMS_TRADE</MESSAGE_TYPE>
        <TRADETYPE>FxSwap</TRADETYPE>
        <BOOK>LNFAUUS</BOOK>
        <ACTION>Roll</ACTION>
        <STATUS>Open</STATUS>
    </ApplicationInfo>
    <Text>SYSTEMID|174850460|TRADETYPE|FxSwap|TRADEID|100355884A|SOURCESYSTEM|RMS|BOOK|LNFAUUS|BLOTTER||COUNTERPARTY|0318121|COUNTERPARTYSOURCESYSTEM|DBI|COUNTERPARTYNAME|BGL BNP PARIBAS|DBICOUNTERPARTYID||CUSTOMER|0318121|CUSTOMERSOURCESYSTEM|DBI|STATUS|Open|UNDERCURRENCY|AUD|ACCCURRENCY|USD|NEARNOTIONAL|5000000|NEARACCNOTIONAL|-3147950|DOMINANTNEARNOTIONAL|NearNotional|NEARSETTLEMENTDATE|2008-11-24 00:00:00.000|NEARSTRIKE|0.62959|NEARHASPAIDYN|Y|ASSETLOCATION||FARNOTIONAL|-5000000|FARACCNOTIONAL|3056850|DOMINANTFARNOTIONAL|FarNotional|FARSETTLEMENTDATE|2010-08-24 00:00:00.000|FARSTRIKE|0.61137|TRADERRATE|0.61137|FARHASPAIDYN|Y|FARPIPS|-182.2|FORWARDRATE||SCALINGFACTOR|10000|MODELTYPE||UNWINDRATE||UNWINDPREMIUMCURRENCY||UNWINDPREMIUMAMOUNT||UNWINDPREMIUMDATE||MARGINPAYMENTCURRENCY||MARGINPAYMENTAMOUNT||PRODUCTID|169359540|PRODUCTVERSION|1|PRODUCTLEGID||STRUCTUREID|100355884|TRADEDATE|2008-11-20 00:00:00.000|LASTUPDATED|2010-08-25 00:01:45.000|ACTION|Roll|ACTIONEFFECTIVEDATE|2010-08-25 00:01:45.000|SOURCESYSTEMBOOK|LNFAUUS|SOURCESYSTEMPROFITCENTRE||SALESPERSON|BILLAND|TRADER|VOSADAM|ENTEREDBY|RMS_OWNER|FUNDSPLITID||FUNDSPLITVERSION||STRUCTURENAME||MARKUPAMT||MARKUPCCY||MARKUPLOCATION||ATRISKAMT||ATRISKCCY||ATRISKLOCATION||ATRISKINDICATOR|TwoWay|REASON||NOTES||BROKER|FXPL|BROKERAMT||BROKERCCY||LINKSYSTEMID||LINKTYPE||SOURCESYSTEMID|44833622-1|DATECREATED|2008-11-20 19:16:23.000|CONFIRMAS||VERSION|3|CANCELSSOURCESYSTEMID||CANCELLEDBYSOURCESYSTEMID||CANCELLINGHALFSOURCESYSTEMID||CORRECTSSOURCESYSTEMID||CORRECTEDBYSOURCESYSTEMID||CLOSESSOURCESYSTEMID||CLOSEDBYSOURCESYSTEMID||EXERCISEDINTOSOURCESYSTEMID||EXERCISEDFROMSOURCESYSTEMID||LATESTVERSIONYN|N|CLOSINGDATE||LEGALENTITY|London|DEALCAPTURESYSTEM|TradeBus|DEALCAPTURESYSTEMID|FXP6044833622-1|BOOKINGLOCATION|London|PRODUCTTYPE||PRODUCTINSTANCE||BACKOFFICESYSTEM||BACKOFFICESYSTEMID||VERSIONVALIDUNTILDATE|2010-08-25 00:09:28.000|TRADEEXTRADETAILID|35493674|TRADEEXTRADETAILVERSION|1|TRADECLASSIFICATION|2|DEALCAPTURESALESUSER|RMS_BILLAND|FUNDSPLITALLOCATIONID||FUNDSPLITALLOCATIONLEGID||GENERATERISKSWEEPTRADEYN||RISKSWEEPTRADETYPE||RISKSWEEPSTRIKE||RISKSWEEPSETTLEMENTDATE||RISKSWEEPBOOK||RISKSWEEPUNDERCURRENCY||RISKSWEEPACCCURRENCY||RISKSWEEPLINKMASTERSYSTEMID||SPOTPRICINGLOCATION||FORWARDPRICINGLOCATION||SETTLEMENTLEGALENTITYLOCATION||LOCALLEGALENTITYSETTLEMENTYN|N|RISKHOLDINGBOOK||RISKHOLDINGLINKMASTERSYSTEMID||GENERATEBACKTOBACKTRADEYN||CHILDNEARPIPS||CHILDFARPIPS||CHILDFARMARGIN||RISKSWEEPCLIENTSTRIKE||INTERNALGROUPID||ORIGINALFARSETTLEMENTDATE||TEARUPID||ELECTEDCONFIRMATIONSYSTEM|PCA|ELECTEDCONFIRMATIONRULEID|2|PREVIOUSCONFIRMATIONSYSTEM|PCA|ELECTEDSETTLEMENTSYSTEM|PCA|ELECTEDSETTLEMENTRULEID|2|PREVIOUSSETTLEMENTSYSTEM|PCA|BACKOFFICEPROCESSING||CALCULATIONAGENT|DB|CLOSEDBY_PRODUCTID|169359540|CLOSES_PRODUCTID|169359540|LINK_PRODUCTID|169359540|PRODUCTTYPEID|FXFWD|PREMIUMAMOUNT||PREMIUMDATE||PREMIUMHASPAIDYN||BACKOFFICEACCEPTED||BACKOFFICEENDDATE||BACKOFFICEEVENT||BACKOFFICEBRANCHACCEPTED||BACKOFFICEBRANCHEVENT||TRADETABLE|FXSWAP|USERENTEREDTRADEDATE||EXTRADETAILCLIENTTRADERID|ALAIN.STEPHANY|CLIENTTRADERID|ALAIN.STEPHANY|EXTRADETAILCLIENTTRADERNAME|Alain Stephany|CLIENTTRADERNAME|Alain Stephany|BOOK_CPTY_CDRMNEMONIC|DTCH L  O19|PROFIT_CENTRE|FXD0|BOOKBRANCHPARENT|Forward|HIGH_LEVEL_CPTY_CDRMNEMONIC|GENLULUX|HIGH_LEVEL_BOOK_CPTY_CDRM|DTCH L|BOOK_CPYT_SRC_SYSTEM|RMS|SUBBRANCH|LDN|CPTY_CDRMNEMONIC|GENLULUX|AMI_CODE|0840|BOOK_CPTY|LNFAUUS|PUBLICATIONTIME|2010-09-24 15:57:18.436|DBLEGALENTITY|London|ISLIVEYN|Y</Text>
</Message>
