<?xml version="1.0" encoding="UTF-8"?>
<Message>
    <SystemInfo>
        <JMSDestination>Topic[exodus.pipe.demo]</JMSDestination>
        <JMSReplyTo/>
        <JMSDeliveryMode>2</JMSDeliveryMode>
        <JMSRedelivered>false</JMSRedelivered>
        <JMSCorrelationID>null</JMSCorrelationID>
        <JMSType>null</JMSType>
        <JMSTimestamp>1285344058270</JMSTimestamp>
        <JMSExpiration>0</JMSExpiration>
        <JMSPriority>4</JMSPriority>
    </SystemInfo>
    <ApplicationInfo>
        <SYSTEMID>66418052</SYSTEMID>
        <TRADEGROUP>EXOTIC</TRADEGROUP>
        <VERSION>2</VERSION>
        <COUNTERPARTY>DBOB</COUNTERPARTY>
        <MESSAGE_TYPE>RMS_TRADE</MESSAGE_TYPE>
        <TRADETYPE>FxThreeFactorDiscreteDNT</TRADETYPE>
        <BOOK>EXOT</BOOK>
        <ACTION>New</ACTION>
        <STATUS>Open</STATUS>
    </ApplicationInfo>
    <Text>SYSTEMID|66418052|TRADETYPE|FxThreeFactorDiscreteDNT|TRADEID|30150106AJ|SOURCESYSTEM|RMS|BOOK|EXOT|BLOTTER||COUNTERPARTY|DBOB|COUNTERPARTYSOURCESYSTEM|RMS|COUNTERPARTYNAME|DEUTSCHE BANK AG|DBICOUNTERPARTYID||CUSTOMER|SPIT/HDBG|CUSTOMERSOURCESYSTEM|RMS|STATUS|Open|SHOWINRMSYN|Y|SECTION|TradeDetails|ORDERFIELD|22|PRICINGSITE|Option|PARAMETERTEXT||PARAMETERNUMBER||PARAMETERDATE||PRODUCTID|48547996|PRODUCTVERSION|54|PRODUCTLEGID||STRUCTUREID|30150106|TRADEDATE|2006-12-20 00:00:00.000|LASTUPDATED|2006-12-21 00:51:25.000|ACTION|New|ACTIONEFFECTIVEDATE|2006-12-21 00:51:24.000|SOURCESYSTEMBOOK|EXOT|SOURCESYSTEMPROFITCENTRE||SALESPERSON|KOREMA|TRADER||ENTEREDBY|SALTJON|FUNDSPLITID||FUNDSPLITVERSION||STRUCTURENAME||MARKUPAMT|20000|MARKUPCCY|EUR|MARKUPLOCATION|Branch|ATRISKAMT|60000|ATRISKCCY|EUR|ATRISKLOCATION|Branch|ATRISKINDICATOR||REASON||ASSETLOCATION||NOTES|Period 5 (on restructure) - 5.8%|BROKER||BROKERAMT||BROKERCCY||LINKSYSTEMID||LINKTYPE||SOURCESYSTEMID|66418052|DATECREATED|2006-12-21 00:34:57.000|CONFIRMAS||VERSION|2|CANCELSSOURCESYSTEMID||CANCELLEDBYSOURCESYSTEMID||CANCELLINGHALFSOURCESYSTEMID||CORRECTSSOURCESYSTEMID||CORRECTEDBYSOURCESYSTEMID||CLOSESSOURCESYSTEMID||CLOSEDBYSOURCESYSTEMID||EXERCISEDINTOSOURCESYSTEMID||EXERCISEDFROMSOURCESYSTEMID||LATESTVERSIONYN|N|CLOSINGDATE||LEGALENTITY|London|DEALCAPTURESYSTEM|RMS|DEALCAPTURESYSTEMID|66418052|BOOKINGLOCATION|London|PRODUCTTYPE||PRODUCTINSTANCE||BACKOFFICESYSTEM||BACKOFFICESYSTEMID||VERSIONVALIDUNTILDATE|2009-12-05 00:28:12.000|TRADEEXTRADETAILID|0|TRADEEXTRADETAILVERSION|0|TRADECLASSIFICATION|1|DEALCAPTURESALESUSER|_SALTJON|FUNDSPLITALLOCATIONID||FUNDSPLITALLOCATIONLEGID||TEARUPID||ELECTEDCONFIRMATIONSYSTEM||ELECTEDCONFIRMATIONRULEID||PREVIOUSCONFIRMATIONSYSTEM||ELECTEDSETTLEMENTSYSTEM||ELECTEDSETTLEMENTRULEID||PREVIOUSSETTLEMENTSYSTEM||BACKOFFICEPROCESSING|Manual|CALCULATIONAGENT|DB|CLOSEDBY_PRODUCTID|48547996|CLOSES_PRODUCTID|48547996|LINK_PRODUCTID|48547996|PRODUCTTYPEID|TRICURRANGBONSWP|PREMIUMHASPAIDYN||UNWINDRATE||BACKOFFICEACCEPTED|A|BACKOFFICEENDDATE||BACKOFFICEEVENT||BACKOFFICEBRANCHACCEPTED||BACKOFFICEBRANCHEVENT||TRADETABLE|EXOTIC|USERENTEREDTRADEDATE||UNDERCURRENCY1|EUR|ACCCURRENCY1|USD|UPBARRIER1|1.5|LOWBARRIER1|1.1|UNDERCURRENCY2|EUR|ACCCURRENCY2|CHF|UPBARRIER2|1.67|LOWBARRIER2|1.45|UNDERCURRENCY3|GBP|ACCCURRENCY3|USD|UPBARRIER3|9999|LOWBARRIER3|0.0001|SETTLEMENTDATE|2011-06-16 00:00:00.000|NOTIONAL|-411638.89|PAYCURRENCY|EUR|NUMPATHS|25000|FIXINGREFERENCE|ECB37|FIRSTFIXINGDATE|2010-06-16 00:00:00.000|LASTFIXINGDATE|2011-06-14 00:00:00.000|FIXINGMODE|B|FIXINGHOLIDAYS|EUR|LASTFIXEDDATE||FIXINGSCHEDULE|&lt;EMPTY&gt;|BOOK_CPTY_CDRMNEMONIC|DTCH L  B32|PROFIT_CENTRE|FGO0|BOOKBRANCHPARENT|Global|HIGH_LEVEL_CPTY_CDRMNEMONIC|DTCH F  MM|HIGH_LEVEL_BOOK_CPTY_CDRM|DTCH L|BOOK_CPYT_SRC_SYSTEM|RMS|SUBBRANCH|LDN|CPTY_CDRMNEMONIC|DTCH F  MM|AMI_CODE|0840|BOOK_CPTY|EXTO|PUBLICATIONTIME|2010-09-24 16:00:58.269|DBLEGALENTITY|London|ISLIVEYN|Y</Text>
</Message>
