<?xml version="1.0" encoding="UTF-8"?>
<Message>
    <SystemInfo>
        <JMSDestination>Topic[exodus.pipe.demo]</JMSDestination>
        <JMSReplyTo/>
        <JMSDeliveryMode>2</JMSDeliveryMode>
        <JMSRedelivered>false</JMSRedelivered>
        <JMSCorrelationID>null</JMSCorrelationID>
        <JMSType>null</JMSType>
        <JMSTimestamp>1285344066188</JMSTimestamp>
        <JMSExpiration>0</JMSExpiration>
        <JMSPriority>4</JMSPriority>
    </SystemInfo>
    <ApplicationInfo>
        <SYSTEMID>304644308</SYSTEMID>
        <TRADEGROUP>FXTWOBAROPTION</TRADEGROUP>
        <VERSION>5</VERSION>
        <COUNTERPARTY>TRHI</COUNTERPARTY>
        <MESSAGE_TYPE>RMS_TRADE</MESSAGE_TYPE>
        <TRADETYPE>FxTwoBarOneTouchOpt</TRADETYPE>
        <BOOK>ANZEUR</BOOK>
        <ACTION>KnockedOut</ACTION>
        <STATUS>KnockedOut</STATUS>
    </ApplicationInfo>
    <Text>SYSTEMID|304644308|TRADETYPE|FxTwoBarOneTouchOpt|TRADEID|172836199B|SOURCESYSTEM|RMS|BOOK|ANZEUR|BLOTTER||COUNTERPARTY|TRHI|COUNTERPARTYSOURCESYSTEM|RMS|COUNTERPARTYNAME|THAMES RIVER CAPITAL LLP AC TRADITIONAL FUNDS PLC THAMES RIVER HIGH INCOME FUND|DBICOUNTERPARTYID||CUSTOMER|TRHI|CUSTOMERSOURCESYSTEM|RMS|STATUS|KnockedOut|UNDERCURRENCY|EUR|ACCCURRENCY|AUD|NOTIONAL|1000000|ACCNOTIONAL||DOMINANTNOTIONAL||STRIKE||SHIFTEDSTRIKE||CP||EXPIRYDATE|2010-09-14 00:00:00.000|SHIFTEDEXPIRYDATE||SETTLEMENTDATE|2010-09-16 00:00:00.000|FIXINGREFERENCE|SPOT|UPBARRIER|1.505|LOWBARRIER|1.39|SHIFTEDUPBARRIER||SHIFTEDLOWBARRIER||PAYCURRENCY|EUR|QUANTOLEVEL|1|NONDELIVERABLEYN||NONDELIVERABLEFIXINGDATE||BARRIERSTARTDATE||BARRIERENDDATE||SHIFTEDBARRIERSTARTDATE||SHIFTEDBARRIERENDDATE||UPBARKNOCKINYN||UPBARKNOCKOUTREBATE||UPBARINTRINSICREBATEYN||LOWBARKNOCKINYN||LOWBARKNOCKOUTREBATE||LOWBARINTRINSICREBATEYN||KOBARRIERDIRECTION||KNOCKINREBATE||POSTPONEREBATEYN|Y|FIXINGDATE||UPFIXING||LOWFIXING||FIXING||LASTFIXEDDATE||KNOCKEDOUTDATE||FORWARDSETTINGSTYLE||FORWARDSETTINGDATE||FORWARDREFERENCEDATE||OPTIMISESETTINGLEVELSYN||PREMIUMCURRENCY|EUR|PREMIUMAMOUNT|-520000|PREMIUMDATE|2010-08-16 00:00:00.000|PREMIUMHASPAIDYN|Y|UNWINDRATE||UNWINDPREMIUMCURRENCY||UNWINDPREMIUMAMOUNT||UNWINDPREMIUMDATE||MARGINPAYMENTCURRENCY||MARGINPAYMENTAMOUNT||ZONECUT|NY|MODELTYPE||NUMTIMESTEPS||USEMINIMUMDENSITYYN||PRODUCTID|296851953|PRODUCTVERSION|3|PRODUCTLEGID||STRUCTUREID|172836199|REFERENCESPOT|1.4346|REFERENCEFORWARDPOINTS|0.0051325354|REFERENCEVOLATILITY|12.1|REFERENCEDEPORATE|4.6675303|REFERENCEDEPOCURRENCY|AUD|REFERENCEDELTA|-4.45860175595752|REFERENCEDELTACURRENCY|EUR|ASSETLOCATION||TRADEDATE|2010-08-12 00:00:00.000|LASTUPDATED|2010-09-14 18:44:42.000|ACTION|KnockedOut|ACTIONEFFECTIVEDATE|2010-09-14 00:00:00.000|SOURCESYSTEMBOOK|ANZEUR|SOURCESYSTEMPROFITCENTRE||SALESPERSON|PATRPTO|TRADER||ENTEREDBY|SEWEROB|FUNDSPLITID|124984|FUNDSPLITVERSION|2|STRUCTURENAME||MARKUPAMT|1|MARKUPCCY|EUR|MARKUPLOCATION|London|ATRISKAMT|20000|ATRISKCCY|EUR|ATRISKLOCATION|London|ATRISKINDICATOR||REASON||NOTES||BROKER||BROKERAMT||BROKERCCY||LINKSYSTEMID||LINKTYPE||SOURCESYSTEMID|304644308|DATECREATED|2010-08-13 00:53:13.000|CONFIRMAS||VERSION|5|CANCELSSOURCESYSTEMID||CANCELLEDBYSOURCESYSTEMID||CANCELLINGHALFSOURCESYSTEMID||CORRECTSSOURCESYSTEMID||CORRECTEDBYSOURCESYSTEMID||CLOSESSOURCESYSTEMID||CLOSEDBYSOURCESYSTEMID||EXERCISEDINTOSOURCESYSTEMID||EXERCISEDFROMSOURCESYSTEMID||LATESTVERSIONYN|Y|CLOSINGDATE||LEGALENTITY|London|DEALCAPTURESYSTEM|FXPricer(Sales)|DEALCAPTURESYSTEMID|304644308|BOOKINGLOCATION|London|PRODUCTTYPE||PRODUCTINSTANCE||BACKOFFICESYSTEM||BACKOFFICESYSTEMID||VERSIONVALIDUNTILDATE||TRADEEXTRADETAILID|0|TRADEEXTRADETAILVERSION|0|TRADECLASSIFICATION|2|DEALCAPTURESALESUSER|FXPRICERSALES_MIRFRI|FUNDSPLITALLOCATIONID||FUNDSPLITALLOCATIONLEGID||TEARUPID||ELECTEDCONFIRMATIONSYSTEM|///|ELECTEDCONFIRMATIONRULEID|83|PREVIOUSCONFIRMATIONSYSTEM|///|ELECTEDSETTLEMENTSYSTEM|///|ELECTEDSETTLEMENTRULEID|83|PREVIOUSSETTLEMENTSYSTEM|///|BACKOFFICEPROCESSING|Standard|CALCULATIONAGENT|DB|CLOSEDBY_PRODUCTID|296851953|CLOSES_PRODUCTID|296851953|LINK_PRODUCTID|296851953|PRODUCTTYPEID|DOT|BACKOFFICEENDDATE||BACKOFFICEEVENT|Y|BACKOFFICEBRANCHACCEPTED||BACKOFFICEBRANCHEVENT||TRADETABLE|FXTWOBAROPTION|USERENTEREDTRADEDATE||FUNDSPLITLATESTVERSIONYN|Y|FUNDSPLITLASTUPDATED|2010-09-14 18:44:39.000|FUNDSPLITENTEREDBY|SEWEROB|COUNTERPARTYID|TRHI|PERCENTAGENOTIONAL|70|PERCENTAGEPREMIUM|70|PERCENTAGEUNWINDPREMIUM|100|PERCENTAGEMARGIN|100|IGNORE_COUNTERPARTYID|TRHI|IGNORE_FUNDSPLITID|124984|IGNORE_FUNDSPLITSYSTEMID|304644305|IGNORE_FUNDSPLITVERSION|2|FUNDSPLITID|124984|FUNDSPLITVERSION|2|FUNDSPLITLASTUPDATED|2010-09-14 18:44:39.000|FUNDSPLITENTEREDBY|SEWEROB|COUNTERPARTYID|GLOBALCR|PERCENTAGENOTIONAL|20|PERCENTAGEPREMIUM|20|PERCENTAGEUNWINDPREMIUM|0|PERCENTAGEMARGIN|0|IGNORE_COUNTERPARTYID|GLOBALCR|IGNORE_FUNDSPLITID|124984|IGNORE_FUNDSPLITSYSTEMID|304644306|IGNORE_FUNDSPLITVERSION|2|FUNDSPLITID||FUNDSPLITVERSION||FUNDSPLITLASTUPDATED|2010-09-14 18:44:39.000|FUNDSPLITENTEREDBY|SEWEROB|COUNTERPARTYID|CREDSELECT|PERCENTAGENOTIONAL|10|PERCENTAGEPREMIUM|10|PERCENTAGEUNWINDPREMIUM|0|PERCENTAGEMARGIN|0|IGNORE_COUNTERPARTYID|CREDSELECT|IGNORE_FUNDSPLITID|124984|IGNORE_FUNDSPLITSYSTEMID|304644307|IGNORE_FUNDSPLITVERSION|2|FUNDSPLITID||FUNDSPLITVERSION||FUNDSPLIT|FUNDSPLIT|FUNDSPLIT|304644305|FUNDSPLIT|2|FUNDSPLIT|SEWEROB|FUNDSPLIT|TRHI|FUNDSPLIT|70|FUNDSPLIT|70|FUNDSPLIT|100|FUNDSPLIT|FUNDSPLIT|FUNDSPLIT|304644306|FUNDSPLIT|2|FUNDSPLIT|SEWEROB|FUNDSPLIT|GLOBALCR|FUNDSPLIT|20|FUNDSPLIT|20|FUNDSPLIT|0|FUNDSPLIT|FUNDSPLIT|FUNDSPLIT|304644307|FUNDSPLIT|2|FUNDSPLIT|SEWEROB|FUNDSPLIT|CREDSELECT|FUNDSPLIT|10|FUNDSPLIT|10|FUNDSPLIT|0|BOOK_CPTY_CDRMNEMONIC|DTCH L  L4N|PROFIT_CENTRE|FGO0|BOOKBRANCHPARENT|Global|HIGH_LEVEL_CPTY_CDRMNEMONIC|THRIVL  013|HIGH_LEVEL_BOOK_CPTY_CDRM|DTCH L|BOOK_CPYT_SRC_SYSTEM|RMS|SUBBRANCH|LDN|CPTY_CDRMNEMONIC|THRIVL  013|AMI_CODE|0840|BOOK_CPTY|ANZEUR1|PUBLICATIONTIME|2010-09-24 16:01:06.186|DBLEGALENTITY|London|ISLIVEYN|N</Text>
</Message>
