<?xml version="1.0" encoding="UTF-8"?>
<Message>
    <SystemInfo>
        <JMSDestination>Topic[exodus.pipe.demo]</JMSDestination>
        <JMSReplyTo/>
        <JMSDeliveryMode>2</JMSDeliveryMode>
        <JMSRedelivered>false</JMSRedelivered>
        <JMSCorrelationID>null</JMSCorrelationID>
        <JMSType>null</JMSType>
        <JMSTimestamp>1285344093255</JMSTimestamp>
        <JMSExpiration>0</JMSExpiration>
        <JMSPriority>4</JMSPriority>
    </SystemInfo>
    <ApplicationInfo>
        <SYSTEMID>192223343</SYSTEMID>
        <TRADEGROUP>FXTWOBAROPTION</TRADEGROUP>
        <VERSION>2</VERSION>
        <COUNTERPARTY>GSOP</COUNTERPARTY>
        <MESSAGE_TYPE>RMS_TRADE</MESSAGE_TYPE>
        <TRADETYPE>FxTwoBarWindowDigitalOpt</TRADETYPE>
        <BOOK>LDNRATESFXBM</BOOK>
        <ACTION>Economic</ACTION>
        <STATUS>Open</STATUS>
    </ApplicationInfo>
    <Text>SYSTEMID|192223343|TRADETYPE|FxTwoBarWindowDigitalOpt|TRADEID|111111938L|SOURCESYSTEM|RMS|BOOK|LDNRATESFXBM|BLOTTER||COUNTERPARTY|GSOP|COUNTERPARTYSOURCESYSTEM|RMS|COUNTERPARTYNAME|J ARON AND CO|DBICOUNTERPARTYID||CUSTOMER|GSOP|CUSTOMERSOURCESYSTEM|RMS|STATUS|Open|UNDERCURRENCY|USD|ACCCURRENCY|SGO|NOTIONAL|1000000|ACCNOTIONAL||DOMINANTNOTIONAL||STRIKE|1.6|SHIFTEDSTRIKE||CP|C|EXPIRYDATE|2009-12-08 00:00:00.000|SHIFTEDEXPIRYDATE||SETTLEMENTDATE|2009-12-10 00:00:00.000|FIXINGREFERENCE|SPOT|UPBARRIER|1.57|LOWBARRIER|0.001|SHIFTEDUPBARRIER||SHIFTEDLOWBARRIER||PAYCURRENCY|USD|QUANTOLEVEL|1|NONDELIVERABLEYN||NONDELIVERABLEFIXINGDATE||BARRIERSTARTDATE|2009-03-06 00:00:00.000|BARRIERENDDATE|2009-04-08 00:00:00.000|SHIFTEDBARRIERSTARTDATE||SHIFTEDBARRIERENDDATE||UPBARKNOCKINYN||UPBARKNOCKOUTREBATE||UPBARINTRINSICREBATEYN||LOWBARKNOCKINYN||LOWBARKNOCKOUTREBATE||LOWBARINTRINSICREBATEYN||KOBARRIERDIRECTION||KNOCKINREBATE||POSTPONEREBATEYN||FIXINGDATE||UPFIXING||LOWFIXING||FIXING||LASTFIXEDDATE||KNOCKEDOUTDATE||FORWARDSETTINGSTYLE||FORWARDSETTINGDATE||FORWARDREFERENCEDATE||OPTIMISESETTINGLEVELSYN||PREMIUMCURRENCY|USD|PREMIUMAMOUNT|-146100|PREMIUMDATE|2009-03-10 00:00:00.000|PREMIUMHASPAIDYN|N|UNWINDRATE||UNWINDPREMIUMCURRENCY||UNWINDPREMIUMAMOUNT||UNWINDPREMIUMDATE||MARGINPAYMENTCURRENCY||MARGINPAYMENTAMOUNT||ZONECUT|TK|MODELTYPE||NUMTIMESTEPS||USEMINIMUMDENSITYYN||PRODUCTID|186639194|PRODUCTVERSION|2|PRODUCTLEGID||STRUCTUREID|111111938|REFERENCESPOT||REFERENCEFORWARDPOINTS||REFERENCEVOLATILITY||REFERENCEDEPORATE||REFERENCEDEPOCURRENCY||REFERENCEDELTA||REFERENCEDELTACURRENCY||ASSETLOCATION||TRADEDATE|2009-03-06 00:00:00.000|LASTUPDATED|2009-03-10 22:19:30.000|ACTION|Economic|ACTIONEFFECTIVEDATE|2009-03-10 00:00:00.000|SOURCESYSTEMBOOK|LDNRATESFXBM|SOURCESYSTEMPROFITCENTRE||SALESPERSON||TRADER||ENTEREDBY|DHANRI|FUNDSPLITID||FUNDSPLITVERSION||STRUCTURENAME||MARKUPAMT||MARKUPCCY||MARKUPLOCATION||ATRISKAMT||ATRISKCCY||ATRISKLOCATION||ATRISKINDICATOR||REASON||NOTES||BROKER||BROKERAMT||BROKERCCY||LINKSYSTEMID||LINKTYPE||SOURCESYSTEMID|192223343|DATECREATED|2009-03-09 23:42:24.000|CONFIRMAS||VERSION|2|CANCELSSOURCESYSTEMID||CANCELLEDBYSOURCESYSTEMID||CANCELLINGHALFSOURCESYSTEMID||CORRECTSSOURCESYSTEMID||CORRECTEDBYSOURCESYSTEMID||CLOSESSOURCESYSTEMID||CLOSEDBYSOURCESYSTEMID||EXERCISEDINTOSOURCESYSTEMID||EXERCISEDFROMSOURCESYSTEMID||LATESTVERSIONYN|N|CLOSINGDATE||LEGALENTITY|London|DEALCAPTURESYSTEM|RMS|DEALCAPTURESYSTEMID|192223343|BOOKINGLOCATION|London|PRODUCTTYPE||PRODUCTINSTANCE||BACKOFFICESYSTEM||BACKOFFICESYSTEMID||VERSIONVALIDUNTILDATE|2009-03-11 00:03:41.000|TRADEEXTRADETAILID|0|TRADEEXTRADETAILVERSION|0|TRADECLASSIFICATION|1|DEALCAPTURESALESUSER|RMS_DHANRI|FUNDSPLITALLOCATIONID||FUNDSPLITALLOCATIONLEGID||TEARUPID||ELECTEDCONFIRMATIONSYSTEM|///|ELECTEDCONFIRMATIONRULEID|83|PREVIOUSCONFIRMATIONSYSTEM|///|ELECTEDSETTLEMENTSYSTEM|///|ELECTEDSETTLEMENTRULEID|83|PREVIOUSSETTLEMENTSYSTEM|///|BACKOFFICEPROCESSING|Standard|CALCULATIONAGENT|Counterparty|CLOSEDBY_PRODUCTID|186639194|CLOSES_PRODUCTID|186639194|LINK_PRODUCTID|186639194|PRODUCTTYPEID|1DIGEWKO|BACKOFFICEENDDATE||BACKOFFICEEVENT||BACKOFFICEBRANCHACCEPTED||BACKOFFICEBRANCHEVENT||TRADETABLE|FXTWOBAROPTION|USERENTEREDTRADEDATE||BOOK_CPTY_CDRMNEMONIC|DTCH L  21R|PROFIT_CENTRE|KRF0|BOOKBRANCHPARENT|Global Markets|HIGH_LEVEL_CPTY_CDRMNEMONIC|ARON N|HIGH_LEVEL_BOOK_CPTY_CDRM|DTCH L|BOOK_CPYT_SRC_SYSTEM|RMS|SUBBRANCH|LDN|CPTY_CDRMNEMONIC|ARON N|AMI_CODE|0840|BOOK_CPTY|LDNRATESFXBM|PUBLICATIONTIME|2010-09-24 16:01:33.253|DBLEGALENTITY|London|ISLIVEYN|Y</Text>
</Message>
