<?xml version="1.0" encoding="UTF-8"?>
<Message>
    <SystemInfo>
        <JMSDestination>Topic[exodus.pipe.demo]</JMSDestination>
        <JMSReplyTo/>
        <JMSDeliveryMode>2</JMSDeliveryMode>
        <JMSRedelivered>false</JMSRedelivered>
        <JMSCorrelationID>null</JMSCorrelationID>
        <JMSType>null</JMSType>
        <JMSTimestamp>1285343827729</JMSTimestamp>
        <JMSExpiration>0</JMSExpiration>
        <JMSPriority>4</JMSPriority>
    </SystemInfo>
    <ApplicationInfo>
        <SYSTEMID>215327414</SYSTEMID>
        <TRADEGROUP>FXTWOBAROPTION</TRADEGROUP>
        <VERSION>317</VERSION>
        <COUNTERPARTY>RAFFEIE</COUNTERPARTY>
        <MESSAGE_TYPE>RMS_TRADE</MESSAGE_TYPE>
        <TRADETYPE>FxTwoBarNoTouchOpt</TRADETYPE>
        <BOOK>CCRTBARR01</BOOK>
        <ACTION>Fixed</ACTION>
        <STATUS>Open</STATUS>
    </ApplicationInfo>
    <Text>SYSTEMID|215327414|TRADETYPE|FxTwoBarNoTouchOpt|TRADEID|124677681C|SOURCESYSTEM|RMS|BOOK|CCRTBARR01|BLOTTER||COUNTERPARTY|RAFFEIE|COUNTERPARTYSOURCESYSTEM|RMS|COUNTERPARTYNAME|RAIFFEISEN CENTROBANK AG|DBICOUNTERPARTYID||CUSTOMER|RAFFEIE|CUSTOMERSOURCESYSTEM|RMS|STATUS|Open|UNDERCURRENCY|XAU|ACCCURRENCY|USD|NOTIONAL|-110000|ACCNOTIONAL||DOMINANTNOTIONAL||STRIKE||SHIFTEDSTRIKE||CP||EXPIRYDATE|2011-09-20 00:00:00.000|SHIFTEDEXPIRYDATE||SETTLEMENTDATE|2011-09-22 00:00:00.000|FIXINGREFERENCE|PM/MANG|UPBARRIER|1.2|LOWBARRIER|0.8|SHIFTEDUPBARRIER|1.225|SHIFTEDLOWBARRIER|0.775|PAYCURRENCY|EUR|QUANTOLEVEL|1|NONDELIVERABLEYN||NONDELIVERABLEFIXINGDATE||BARRIERSTARTDATE||BARRIERENDDATE||SHIFTEDBARRIERSTARTDATE||SHIFTEDBARRIERENDDATE||UPBARKNOCKINYN||UPBARKNOCKOUTREBATE||UPBARINTRINSICREBATEYN||LOWBARKNOCKINYN||LOWBARKNOCKOUTREBATE||LOWBARINTRINSICREBATEYN||KOBARRIERDIRECTION||KNOCKINREBATE||POSTPONEREBATEYN||FIXINGDATE||UPFIXING|1261|LOWFIXING|932.75|FIXING|1235|LASTFIXEDDATE|2010-08-30 00:00:00.000|KNOCKEDOUTDATE||FORWARDSETTINGSTYLE|S|FORWARDSETTINGDATE|2010-09-20 00:00:00.000|FORWARDREFERENCEDATE||OPTIMISESETTINGLEVELSYN||PREMIUMCURRENCY||PREMIUMAMOUNT||PREMIUMDATE||PREMIUMHASPAIDYN||UNWINDRATE||UNWINDPREMIUMCURRENCY||UNWINDPREMIUMAMOUNT||UNWINDPREMIUMDATE||MARGINPAYMENTCURRENCY||MARGINPAYMENTAMOUNT||ZONECUT|NY09:30|MODELTYPE||NUMTIMESTEPS||USEMINIMUMDENSITYYN||PRODUCTID|260930880|PRODUCTVERSION|3|PRODUCTLEGID||STRUCTUREID|124677681|REFERENCESPOT||REFERENCEFORWARDPOINTS||REFERENCEVOLATILITY||REFERENCEDEPORATE||REFERENCEDEPOCURRENCY||REFERENCEDELTA||REFERENCEDELTACURRENCY||ASSETLOCATION|LDN|TRADEDATE|2009-08-11 00:00:00.000|LASTUPDATED|2010-08-30 22:39:45.000|ACTION|Fixed|ACTIONEFFECTIVEDATE|2010-08-30 00:00:00.000|SOURCESYSTEMBOOK|CCRTBARR01|SOURCESYSTEMPROFITCENTRE||SALESPERSON||TRADER||ENTEREDBY|AHMEIMR|FUNDSPLITID||FUNDSPLITVERSION||STRUCTURENAME||MARKUPAMT||MARKUPCCY||MARKUPLOCATION||ATRISKAMT||ATRISKCCY||ATRISKLOCATION||ATRISKINDICATOR||REASON||NOTES||BROKER||BROKERAMT||BROKERCCY||LINKSYSTEMID||LINKTYPE||SOURCESYSTEMID|215327414|DATECREATED|2009-08-11 18:34:37.000|CONFIRMAS||VERSION|317|CANCELSSOURCESYSTEMID||CANCELLEDBYSOURCESYSTEMID||CANCELLINGHALFSOURCESYSTEMID||CORRECTSSOURCESYSTEMID||CORRECTEDBYSOURCESYSTEMID||CLOSESSOURCESYSTEMID||CLOSEDBYSOURCESYSTEMID||EXERCISEDINTOSOURCESYSTEMID||EXERCISEDFROMSOURCESYSTEMID||LATESTVERSIONYN|N|CLOSINGDATE||LEGALENTITY|London|DEALCAPTURESYSTEM|RMS|DEALCAPTURESYSTEMID|215327414|BOOKINGLOCATION|London|PRODUCTTYPE||PRODUCTINSTANCE||BACKOFFICESYSTEM||BACKOFFICESYSTEMID||VERSIONVALIDUNTILDATE|2010-08-31 22:23:19.000|TRADEEXTRADETAILID|0|TRADEEXTRADETAILVERSION|0|TRADECLASSIFICATION|1|DEALCAPTURESALESUSER|_DALMPAU|FUNDSPLITALLOCATIONID||FUNDSPLITALLOCATIONLEGID||TEARUPID||ELECTEDCONFIRMATIONSYSTEM|///|ELECTEDCONFIRMATIONRULEID|83|PREVIOUSCONFIRMATIONSYSTEM|///|ELECTEDSETTLEMENTSYSTEM|///|ELECTEDSETTLEMENTRULEID|83|PREVIOUSSETTLEMENTSYSTEM|///|BACKOFFICEPROCESSING|Manual|CALCULATIONAGENT|DB|CLOSEDBY_PRODUCTID|260930880|CLOSES_PRODUCTID|260930880|LINK_PRODUCTID|260930880|PRODUCTTYPEID|DIGAMER|BACKOFFICEENDDATE||BACKOFFICEEVENT||BACKOFFICEBRANCHACCEPTED||BACKOFFICEBRANCHEVENT||TRADETABLE|FXTWOBAROPTION|USERENTEREDTRADEDATE||BOOK_CPTY_CDRMNEMONIC|DTCH L  5XX|PROFIT_CENTRE|HYB0|BOOKBRANCHPARENT|Commodities|HIGH_LEVEL_CPTY_CDRMNEMONIC|RAICEVIE|HIGH_LEVEL_BOOK_CPTY_CDRM|DTCH L|BOOK_CPYT_SRC_SYSTEM|RMS|SUBBRANCH|LDN|CPTY_CDRMNEMONIC|RAICEVIE|AMI_CODE|0840|BOOK_CPTY|CCRTBARR01|PUBLICATIONTIME|2010-09-24 15:57:07.727|DBLEGALENTITY|London|ISLIVEYN|Y</Text>
</Message>
