<?xml version="1.0" encoding="UTF-8"?>
<Message>
    <SystemInfo>
        <JMSDestination>Topic[exodus.pipe.demo]</JMSDestination>
        <JMSReplyTo/>
        <JMSDeliveryMode>2</JMSDeliveryMode>
        <JMSRedelivered>false</JMSRedelivered>
        <JMSCorrelationID>null</JMSCorrelationID>
        <JMSType>null</JMSType>
        <JMSTimestamp>1285343786798</JMSTimestamp>
        <JMSExpiration>0</JMSExpiration>
        <JMSPriority>4</JMSPriority>
    </SystemInfo>
    <ApplicationInfo>
        <SYSTEMID>270193012</SYSTEMID>
        <TRADEGROUP>FXTWOBAROPTION</TRADEGROUP>
        <VERSION>5</VERSION>
        <COUNTERPARTY>ICMS</COUNTERPARTY>
        <MESSAGE_TYPE>RMS_TRADE</MESSAGE_TYPE>
        <TRADETYPE>FxTwoBarWindowNoTouchOpt</TRADETYPE>
        <BOOK>ONSINGCROSS</BOOK>
        <ACTION>KnockedOut</ACTION>
        <STATUS>PendingKnocked</STATUS>
    </ApplicationInfo>
    <Text>SYSTEMID|270193012|TRADETYPE|FxTwoBarWindowNoTouchOpt|TRADEID|154238978M|SOURCESYSTEM|RMS|BOOK|ONSINGCROSS|BLOTTER||COUNTERPARTY|ICMS|COUNTERPARTYSOURCESYSTEM|RMS|COUNTERPARTYNAME|DEUTSCHE BANK AG (SINGAPORE) AC REF ICM TRADING|DBICOUNTERPARTYID||CUSTOMER|SIN-ENDH|CUSTOMERSOURCESYSTEM|RMS|STATUS|PendingKnocked|UNDERCURRENCY|CHF|ACCCURRENCY|SGD|NOTIONAL|-2500|ACCNOTIONAL||DOMINANTNOTIONAL||STRIKE||SHIFTEDSTRIKE||CP||EXPIRYDATE|2010-09-15 00:00:00.000|SHIFTEDEXPIRYDATE||SETTLEMENTDATE|2010-09-17 00:00:00.000|FIXINGREFERENCE|SPOT|UPBARRIER|1.3415|LOWBARRIER|1.255|SHIFTEDUPBARRIER||SHIFTEDLOWBARRIER||PAYCURRENCY|SGD|QUANTOLEVEL||NONDELIVERABLEYN||NONDELIVERABLEFIXINGDATE||BARRIERSTARTDATE|2010-08-18 00:00:00.000|BARRIERENDDATE|2010-09-15 00:00:00.000|SHIFTEDBARRIERSTARTDATE||SHIFTEDBARRIERENDDATE||UPBARKNOCKINYN||UPBARKNOCKOUTREBATE||UPBARINTRINSICREBATEYN||LOWBARKNOCKINYN||LOWBARKNOCKOUTREBATE||LOWBARINTRINSICREBATEYN||KOBARRIERDIRECTION||KNOCKINREBATE||POSTPONEREBATEYN||FIXINGDATE||UPFIXING||LOWFIXING||FIXING||LASTFIXEDDATE||KNOCKEDOUTDATE|2010-09-15 00:00:00.000|FORWARDSETTINGSTYLE||FORWARDSETTINGDATE||FORWARDREFERENCEDATE||OPTIMISESETTINGLEVELSYN||PREMIUMCURRENCY||PREMIUMAMOUNT||PREMIUMDATE||PREMIUMHASPAIDYN||UNWINDRATE||UNWINDPREMIUMCURRENCY||UNWINDPREMIUMAMOUNT||UNWINDPREMIUMDATE||MARGINPAYMENTCURRENCY||MARGINPAYMENTAMOUNT||ZONECUT|IR|MODELTYPE||NUMTIMESTEPS||USEMINIMUMDENSITYYN||PRODUCTID|263182790|PRODUCTVERSION|21|PRODUCTLEGID||STRUCTUREID|154238978|REFERENCESPOT|1.278|REFERENCEFORWARDPOINTS|0.001670826648|REFERENCEVOLATILITY|8.164337948198|REFERENCEDEPORATE|0.278428211393|REFERENCEDEPOCURRENCY|SGD|REFERENCEDELTA|-1.24928582049033|REFERENCEDELTACURRENCY|CHF|ASSETLOCATION||TRADEDATE|2010-04-22 00:00:00.000|LASTUPDATED|2010-09-15 08:28:15.000|ACTION|KnockedOut|ACTIONEFFECTIVEDATE|2010-09-15 00:00:00.000|SOURCESYSTEMBOOK|ONSINGCROSS|SOURCESYSTEMPROFITCENTRE||SALESPERSON|YAPANDY|TRADER||ENTEREDBY|QINSI|FUNDSPLITID||FUNDSPLITVERSION||STRUCTURENAME||MARKUPAMT||MARKUPCCY||MARKUPLOCATION||ATRISKAMT||ATRISKCCY||ATRISKLOCATION||ATRISKINDICATOR||REASON||NOTES||BROKER||BROKERAMT||BROKERCCY||LINKSYSTEMID||LINKTYPE||SOURCESYSTEMID|270193012|DATECREATED|2010-04-22 18:38:30.000|CONFIRMAS||VERSION|5|CANCELSSOURCESYSTEMID||CANCELLEDBYSOURCESYSTEMID||CANCELLINGHALFSOURCESYSTEMID||CORRECTSSOURCESYSTEMID||CORRECTEDBYSOURCESYSTEMID||CLOSESSOURCESYSTEMID||CLOSEDBYSOURCESYSTEMID||EXERCISEDINTOSOURCESYSTEMID||EXERCISEDFROMSOURCESYSTEMID||LATESTVERSIONYN|Y|CLOSINGDATE||LEGALENTITY|Singapore|DEALCAPTURESYSTEM|FXPricer(Sales)|DEALCAPTURESYSTEMID|270193012|BOOKINGLOCATION|Singapore|PRODUCTTYPE||PRODUCTINSTANCE||BACKOFFICESYSTEM||BACKOFFICESYSTEMID||VERSIONVALIDUNTILDATE||TRADEEXTRADETAILID|0|TRADEEXTRADETAILVERSION|0|TRADECLASSIFICATION|2|DEALCAPTURESALESUSER|FXPRICERSALES_YAPANDY|FUNDSPLITALLOCATIONID||FUNDSPLITALLOCATIONLEGID||TEARUPID||ELECTEDCONFIRMATIONSYSTEM|///|ELECTEDCONFIRMATIONRULEID|83|PREVIOUSCONFIRMATIONSYSTEM|///|ELECTEDSETTLEMENTSYSTEM|///|ELECTEDSETTLEMENTRULEID|83|PREVIOUSSETTLEMENTSYSTEM|///|BACKOFFICEPROCESSING|Manual|CALCULATIONAGENT|DB|CLOSEDBY_PRODUCTID|263182790|CLOSES_PRODUCTID|263182790|LINK_PRODUCTID|263182790|PRODUCTTYPEID|RANGEBF|BACKOFFICEENDDATE||BACKOFFICEEVENT||BACKOFFICEBRANCHACCEPTED|Y|BACKOFFICEBRANCHEVENT||TRADETABLE|FXTWOBAROPTION|USERENTEREDTRADEDATE||BOOK_CPTY_CDRMNEMONIC|DTCH L  8WN|PROFIT_CENTRE|FGO0|BOOKBRANCHPARENT|Global|HIGH_LEVEL_CPTY_CDRMNEMONIC|DTCH SG 218|HIGH_LEVEL_BOOK_CPTY_CDRM|DTCH L|BOOK_CPYT_SRC_SYSTEM|RMS|SUBBRANCH|LDN|CPTY_CDRMNEMONIC|DTCH SG 218|AMI_CODE|0840|BOOK_CPTY|ONSINGCROSS|PUBLICATIONTIME|2010-09-24 15:56:26.797|DBLEGALENTITY|Singapore|ISLIVEYN|N</Text>
</Message>
