<?xml version="1.0" encoding="UTF-8"?>
<Message>
    <SystemInfo>
        <JMSDestination>Topic[exodus.pipe.demo]</JMSDestination>
        <JMSReplyTo/>
        <JMSDeliveryMode>2</JMSDeliveryMode>
        <JMSRedelivered>false</JMSRedelivered>
        <JMSCorrelationID>null</JMSCorrelationID>
        <JMSType>null</JMSType>
        <JMSTimestamp>1285344145323</JMSTimestamp>
        <JMSExpiration>0</JMSExpiration>
        <JMSPriority>4</JMSPriority>
    </SystemInfo>
    <ApplicationInfo>
        <SYSTEMID>310522396</SYSTEMID>
        <TRADEGROUP>FXTWOBAROPTION</TRADEGROUP>
        <VERSION>3</VERSION>
        <COUNTERPARTY>BIIT</COUNTERPARTY>
        <MESSAGE_TYPE>RMS_TRADE</MESSAGE_TYPE>
        <TRADETYPE>FxTwoBarOneTouchKOOpt</TRADETYPE>
        <BOOK>GBPX</BOOK>
        <ACTION>Roll</ACTION>
        <STATUS>Open</STATUS>
    </ApplicationInfo>
    <Text>SYSTEMID|310522396|TRADETYPE|FxTwoBarOneTouchKOOpt|TRADEID|175696047A|SOURCESYSTEM|RMS|BOOK|GBPX|BLOTTER||COUNTERPARTY|BIIT|COUNTERPARTYSOURCESYSTEM|RMS|COUNTERPARTYNAME|BANCA INTERMOBILARE DI INVESTMENTE GESTONI|DBICOUNTERPARTYID||CUSTOMER|BIIT|CUSTOMERSOURCESYSTEM|RMS|STATUS|Open|UNDERCURRENCY|GBP|ACCCURRENCY|CHF|NOTIONAL|700000|ACCNOTIONAL||DOMINANTNOTIONAL||STRIKE||SHIFTEDSTRIKE||CP||EXPIRYDATE|2010-11-05 00:00:00.000|SHIFTEDEXPIRYDATE||SETTLEMENTDATE|2010-11-09 00:00:00.000|FIXINGREFERENCE|SPOT|UPBARRIER|1.602|LOWBARRIER|1.505|SHIFTEDUPBARRIER||SHIFTEDLOWBARRIER||PAYCURRENCY|GBP|QUANTOLEVEL|1|NONDELIVERABLEYN||NONDELIVERABLEFIXINGDATE||BARRIERSTARTDATE||BARRIERENDDATE||SHIFTEDBARRIERSTARTDATE||SHIFTEDBARRIERENDDATE||UPBARKNOCKINYN||UPBARKNOCKOUTREBATE||UPBARINTRINSICREBATEYN||LOWBARKNOCKINYN||LOWBARKNOCKOUTREBATE||LOWBARINTRINSICREBATEYN||KOBARRIERDIRECTION|L|KNOCKINREBATE||POSTPONEREBATEYN|Y|FIXINGDATE||UPFIXING||LOWFIXING||FIXING||LASTFIXEDDATE||KNOCKEDOUTDATE||FORWARDSETTINGSTYLE||FORWARDSETTINGDATE||FORWARDREFERENCEDATE||OPTIMISESETTINGLEVELSYN||PREMIUMCURRENCY|GBP|PREMIUMAMOUNT|-274750|PREMIUMDATE|2010-09-09 00:00:00.000|PREMIUMHASPAIDYN|Y|UNWINDRATE||UNWINDPREMIUMCURRENCY||UNWINDPREMIUMAMOUNT||UNWINDPREMIUMDATE||MARGINPAYMENTCURRENCY||MARGINPAYMENTAMOUNT||ZONECUT|NY|MODELTYPE||NUMTIMESTEPS||USEMINIMUMDENSITYYN||PRODUCTID|302345698|PRODUCTVERSION|2|PRODUCTLEGID|1|STRUCTUREID|175696047|REFERENCESPOT|1.55|REFERENCEFORWARDPOINTS|-0.0015100675|REFERENCEVOLATILITY|12.0711|REFERENCEDEPORATE|-0.02023546|REFERENCEDEPOCURRENCY|CHF|REFERENCEDELTA|15.8583527374266|REFERENCEDELTACURRENCY|GBP|ASSETLOCATION||TRADEDATE|2010-09-07 00:00:00.000|LASTUPDATED|2010-09-10 00:03:05.000|ACTION|Roll|ACTIONEFFECTIVEDATE|2010-09-10 00:03:05.000|SOURCESYSTEMBOOK|GBPX|SOURCESYSTEMPROFITCENTRE||SALESPERSON|POLLGIA|TRADER||ENTEREDBY|BOWNAND|FUNDSPLITID||FUNDSPLITVERSION||STRUCTURENAME||MARKUPAMT||MARKUPCCY||MARKUPLOCATION||ATRISKAMT|19580|ATRISKCCY|EUR|ATRISKLOCATION|London|ATRISKINDICATOR||REASON||NOTES||BROKER||BROKERAMT||BROKERCCY||LINKSYSTEMID||LINKTYPE||SOURCESYSTEMID|310522396|DATECREATED|2010-09-08 00:32:44.000|CONFIRMAS||VERSION|3|CANCELSSOURCESYSTEMID||CANCELLEDBYSOURCESYSTEMID||CANCELLINGHALFSOURCESYSTEMID||CORRECTSSOURCESYSTEMID||CORRECTEDBYSOURCESYSTEMID||CLOSESSOURCESYSTEMID||CLOSEDBYSOURCESYSTEMID||EXERCISEDINTOSOURCESYSTEMID||EXERCISEDFROMSOURCESYSTEMID||LATESTVERSIONYN|Y|CLOSINGDATE||LEGALENTITY|London|DEALCAPTURESYSTEM|FXPricer(Sales)|DEALCAPTURESYSTEMID|310522396|BOOKINGLOCATION|London|PRODUCTTYPE||PRODUCTINSTANCE||BACKOFFICESYSTEM||BACKOFFICESYSTEMID||VERSIONVALIDUNTILDATE||TRADEEXTRADETAILID|0|TRADEEXTRADETAILVERSION|0|TRADECLASSIFICATION|2|DEALCAPTURESALESUSER|FXPRICERSALES_POLLGIA|FUNDSPLITALLOCATIONID||FUNDSPLITALLOCATIONLEGID||TEARUPID||ELECTEDCONFIRMATIONSYSTEM|///|ELECTEDCONFIRMATIONRULEID|83|PREVIOUSCONFIRMATIONSYSTEM|///|ELECTEDSETTLEMENTSYSTEM|///|ELECTEDSETTLEMENTRULEID|83|PREVIOUSSETTLEMENTSYSTEM|///|BACKOFFICEPROCESSING|Standard|CALCULATIONAGENT|DB|CLOSEDBY_PRODUCTID|302345698|CLOSES_PRODUCTID|302345698|LINK_PRODUCTID|302345698|PRODUCTTYPEID|KNOOT|BACKOFFICEENDDATE||BACKOFFICEEVENT||BACKOFFICEBRANCHACCEPTED||BACKOFFICEBRANCHEVENT||TRADETABLE|FXTWOBAROPTION|USERENTEREDTRADEDATE||BOOK_CPTY_CDRMNEMONIC|DTCH L  K55|PROFIT_CENTRE|FGO0|BOOKBRANCHPARENT|Global|HIGH_LEVEL_CPTY_CDRMNEMONIC|IIGESTUR|HIGH_LEVEL_BOOK_CPTY_CDRM|DTCH L|BOOK_CPYT_SRC_SYSTEM|RMS|SUBBRANCH|LDN|CPTY_CDRMNEMONIC|IIGESTUR|AMI_CODE|0840|BOOK_CPTY|GBPX|PUBLICATIONTIME|2010-09-24 16:02:25.321|DBLEGALENTITY|London|ISLIVEYN|Y</Text>
</Message>
