<?xml version="1.0" encoding="UTF-8"?>
<Message>
    <SystemInfo>
        <JMSDestination>Topic[exodus.pipe.demo]</JMSDestination>
        <JMSReplyTo/>
        <JMSDeliveryMode>2</JMSDeliveryMode>
        <JMSRedelivered>false</JMSRedelivered>
        <JMSCorrelationID>null</JMSCorrelationID>
        <JMSType>null</JMSType>
        <JMSTimestamp>1285344096982</JMSTimestamp>
        <JMSExpiration>0</JMSExpiration>
        <JMSPriority>4</JMSPriority>
    </SystemInfo>
    <ApplicationInfo>
        <SYSTEMID>294685228</SYSTEMID>
        <TRADEGROUP>FXTWOBAROPTION</TRADEGROUP>
        <VERSION>2</VERSION>
        <COUNTERPARTY>////</COUNTERPARTY>
        <MESSAGE_TYPE>RMS_TRADE</MESSAGE_TYPE>
        <TRADETYPE>FxTwoBarDigitalOpt</TRADETYPE>
        <BOOK>GMYR</BOOK>
        <ACTION>Re-opened</ACTION>
        <STATUS>Open</STATUS>
    </ApplicationInfo>
    <Text>SYSTEMID|294685228|TRADETYPE|FxTwoBarDigitalOpt|TRADEID|167888369A|SOURCESYSTEM|RMS|BOOK|GMYR|BLOTTER||COUNTERPARTY|////|COUNTERPARTYSOURCESYSTEM|RMS|COUNTERPARTYNAME|DEUTSCHE BANK AG LONDON AC ABBREVIATION  NOT  KNOWN|DBICOUNTERPARTYID||CUSTOMER|////|CUSTOMERSOURCESYSTEM|RMS|STATUS|Open|UNDERCURRENCY|USD|ACCCURRENCY|MYO|NOTIONAL|-2000000|ACCNOTIONAL||DOMINANTNOTIONAL||STRIKE|3.24|SHIFTEDSTRIKE||CP|C|EXPIRYDATE|2010-08-04 00:00:00.000|SHIFTEDEXPIRYDATE||SETTLEMENTDATE|2010-08-06 00:00:00.000|FIXINGREFERENCE|SPOT|UPBARRIER|3.402|LOWBARRIER|3.155|SHIFTEDUPBARRIER||SHIFTEDLOWBARRIER||PAYCURRENCY||QUANTOLEVEL||NONDELIVERABLEYN||NONDELIVERABLEFIXINGDATE||BARRIERSTARTDATE||BARRIERENDDATE||SHIFTEDBARRIERSTARTDATE||SHIFTEDBARRIERENDDATE||UPBARKNOCKINYN||UPBARKNOCKOUTREBATE||UPBARINTRINSICREBATEYN||LOWBARKNOCKINYN||LOWBARKNOCKOUTREBATE||LOWBARINTRINSICREBATEYN||KOBARRIERDIRECTION||KNOCKINREBATE||POSTPONEREBATEYN||FIXINGDATE||UPFIXING||LOWFIXING||FIXING||LASTFIXEDDATE||KNOCKEDOUTDATE||FORWARDSETTINGSTYLE||FORWARDSETTINGDATE||FORWARDREFERENCEDATE||OPTIMISESETTINGLEVELSYN||PREMIUMCURRENCY|USD|PREMIUMAMOUNT|400000|PREMIUMDATE|2010-07-07 00:00:00.000|PREMIUMHASPAIDYN|N|UNWINDRATE||UNWINDPREMIUMCURRENCY||UNWINDPREMIUMAMOUNT||UNWINDPREMIUMDATE||MARGINPAYMENTCURRENCY||MARGINPAYMENTAMOUNT||ZONECUT|KL|MODELTYPE||NUMTIMESTEPS||USEMINIMUMDENSITYYN||PRODUCTID|286877303|PRODUCTVERSION|1|PRODUCTLEGID||STRUCTUREID|167888369|REFERENCESPOT||REFERENCEFORWARDPOINTS||REFERENCEVOLATILITY||REFERENCEDEPORATE||REFERENCEDEPOCURRENCY||REFERENCEDELTA||REFERENCEDELTACURRENCY||ASSETLOCATION||TRADEDATE|2010-07-05 00:00:00.000|LASTUPDATED|2010-07-05 17:17:52.000|ACTION|Re-opened|ACTIONEFFECTIVEDATE|2010-07-05 00:00:00.000|SOURCESYSTEMBOOK|GMYR|SOURCESYSTEMPROFITCENTRE||SALESPERSON||TRADER||ENTEREDBY|HWEEGAN|FUNDSPLITID||FUNDSPLITVERSION||STRUCTURENAME||MARKUPAMT||MARKUPCCY||MARKUPLOCATION||ATRISKAMT||ATRISKCCY||ATRISKLOCATION||ATRISKINDICATOR||REASON||NOTES||BROKER||BROKERAMT||BROKERCCY||LINKSYSTEMID||LINKTYPE||SOURCESYSTEMID|294685228|DATECREATED|2010-07-05 17:17:01.000|CONFIRMAS||VERSION|2|CANCELSSOURCESYSTEMID||CANCELLEDBYSOURCESYSTEMID||CANCELLINGHALFSOURCESYSTEMID||CORRECTSSOURCESYSTEMID||CORRECTEDBYSOURCESYSTEMID||CLOSESSOURCESYSTEMID||CLOSEDBYSOURCESYSTEMID||EXERCISEDINTOSOURCESYSTEMID||EXERCISEDFROMSOURCESYSTEMID||LATESTVERSIONYN|N|CLOSINGDATE||LEGALENTITY|London|DEALCAPTURESYSTEM|RMS|DEALCAPTURESYSTEMID|294685228|BOOKINGLOCATION|London|PRODUCTTYPE||PRODUCTINSTANCE||BACKOFFICESYSTEM||BACKOFFICESYSTEMID||VERSIONVALIDUNTILDATE|2010-07-05 17:26:02.000|TRADEEXTRADETAILID|0|TRADEEXTRADETAILVERSION|0|TRADECLASSIFICATION|1|DEALCAPTURESALESUSER|RMS_HWEEGAN|FUNDSPLITALLOCATIONID||FUNDSPLITALLOCATIONLEGID||TEARUPID||ELECTEDCONFIRMATIONSYSTEM|///|ELECTEDCONFIRMATIONRULEID|83|PREVIOUSCONFIRMATIONSYSTEM|///|ELECTEDSETTLEMENTSYSTEM|///|ELECTEDSETTLEMENTRULEID|83|PREVIOUSSETTLEMENTSYSTEM|///|BACKOFFICEPROCESSING|Standard|CALCULATIONAGENT|DB|CLOSEDBY_PRODUCTID|286877303|CLOSES_PRODUCTID|286877303|LINK_PRODUCTID|286877303|PRODUCTTYPEID|////|BACKOFFICEENDDATE||BACKOFFICEEVENT||BACKOFFICEBRANCHACCEPTED||BACKOFFICEBRANCHEVENT||TRADETABLE|FXTWOBAROPTION|USERENTEREDTRADEDATE||BOOK_CPTY_CDRMNEMONIC|DTCH L  M02|PROFIT_CENTRE|FGO0|BOOKBRANCHPARENT|Global|HIGH_LEVEL_CPTY_CDRMNEMONIC|DTCH L  ABB|HIGH_LEVEL_BOOK_CPTY_CDRM|DTCH L|BOOK_CPYT_SRC_SYSTEM|RMS|SUBBRANCH|LDN|CPTY_CDRMNEMONIC|DTCH L  ABB|AMI_CODE|0840|BOOK_CPTY|GMYR|PUBLICATIONTIME|2010-09-24 16:01:36.981|DBLEGALENTITY|London|ISLIVEYN|Y</Text>
</Message>
