<?xml version="1.0" encoding="UTF-8"?>
<Message>
    <SystemInfo>
        <JMSDestination>Topic[exodus.pipe.demo]</JMSDestination>
        <JMSReplyTo/>
        <JMSDeliveryMode>2</JMSDeliveryMode>
        <JMSRedelivered>false</JMSRedelivered>
        <JMSCorrelationID>null</JMSCorrelationID>
        <JMSType>null</JMSType>
        <JMSTimestamp>1285344004027</JMSTimestamp>
        <JMSExpiration>0</JMSExpiration>
        <JMSPriority>4</JMSPriority>
    </SystemInfo>
    <ApplicationInfo>
        <SYSTEMID>304983181</SYSTEMID>
        <TRADEGROUP>FXTWOBAROPTION</TRADEGROUP>
        <VERSION>19</VERSION>
        <COUNTERPARTY>NWIJPLN</COUNTERPARTY>
        <MESSAGE_TYPE>RMS_TRADE</MESSAGE_TYPE>
        <TRADETYPE>FxTwoBarWindowEuroOpt</TRADETYPE>
        <BOOK>LLPB</BOOK>
        <ACTION>Fixed</ACTION>
        <STATUS>Open</STATUS>
    </ApplicationInfo>
    <Text>SYSTEMID|304983181|TRADETYPE|FxTwoBarWindowEuroOpt|TRADEID|173001988A|SOURCESYSTEM|RMS|BOOK|LLPB|BLOTTER||COUNTERPARTY|NWIJPLN|COUNTERPARTYSOURCESYSTEM|RMS|COUNTERPARTYNAME|JPMORGAN CHASE BANK NA AC NWI PBR|DBICOUNTERPARTYID||CUSTOMER|NWIJPLN|CUSTOMERSOURCESYSTEM|RMS|STATUS|Open|UNDERCURRENCY|USD|ACCCURRENCY|KRO|NOTIONAL|25000000|ACCNOTIONAL|-29375000000|DOMINANTNOTIONAL|Notional|STRIKE|1175|SHIFTEDSTRIKE||CP|P|EXPIRYDATE|2010-11-15 00:00:00.000|SHIFTEDEXPIRYDATE||SETTLEMENTDATE|2010-11-17 00:00:00.000|FIXINGREFERENCE|KFTC18|UPBARRIER|1220|LOWBARRIER|1160|SHIFTEDUPBARRIER||SHIFTEDLOWBARRIER||PAYCURRENCY||QUANTOLEVEL||NONDELIVERABLEYN|Y|NONDELIVERABLEFIXINGDATE|2010-11-15 00:00:00.000|BARRIERSTARTDATE|2010-08-13 00:00:00.000|BARRIERENDDATE|2010-09-15 00:00:00.000|SHIFTEDBARRIERSTARTDATE||SHIFTEDBARRIERENDDATE||UPBARKNOCKINYN||UPBARKNOCKOUTREBATE||UPBARINTRINSICREBATEYN||LOWBARKNOCKINYN||LOWBARKNOCKOUTREBATE||LOWBARINTRINSICREBATEYN||KOBARRIERDIRECTION||KNOCKINREBATE||POSTPONEREBATEYN||FIXINGDATE||UPFIXING|1195.4|LOWFIXING|1173.3|FIXING|1194.4|LASTFIXEDDATE|2010-08-26 00:00:00.000|KNOCKEDOUTDATE||FORWARDSETTINGSTYLE||FORWARDSETTINGDATE||FORWARDREFERENCEDATE||OPTIMISESETTINGLEVELSYN||PREMIUMCURRENCY|USD|PREMIUMAMOUNT|-75000|PREMIUMDATE|2010-08-17 00:00:00.000|PREMIUMHASPAIDYN|Y|UNWINDRATE||UNWINDPREMIUMCURRENCY||UNWINDPREMIUMAMOUNT||UNWINDPREMIUMDATE||MARGINPAYMENTCURRENCY||MARGINPAYMENTAMOUNT||ZONECUT|KR|MODELTYPE||NUMTIMESTEPS||USEMINIMUMDENSITYYN||PRODUCTID|296943379|PRODUCTVERSION|2|PRODUCTLEGID||STRUCTUREID|173001988|REFERENCESPOT||REFERENCEFORWARDPOINTS||REFERENCEVOLATILITY||REFERENCEDEPORATE||REFERENCEDEPOCURRENCY||REFERENCEDELTA||REFERENCEDELTACURRENCY||ASSETLOCATION||TRADEDATE|2010-08-13 00:00:00.000|LASTUPDATED|2010-08-26 14:30:01.000|ACTION|Fixed|ACTIONEFFECTIVEDATE|2010-08-26 00:00:00.000|SOURCESYSTEMBOOK|LLPB|SOURCESYSTEMPROFITCENTRE||SALESPERSON||TRADER||ENTEREDBY|LIMYOUY|FUNDSPLITID||FUNDSPLITVERSION||STRUCTURENAME||MARKUPAMT||MARKUPCCY||MARKUPLOCATION||ATRISKAMT||ATRISKCCY||ATRISKLOCATION||ATRISKINDICATOR||REASON||NOTES|kftc18.email from dhavals at 1:39am and email from Iyer at 12:38pm - barrier valid in Onshore Korea trading hours only|BROKER|PBI|BROKERAMT||BROKERCCY||LINKSYSTEMID||LINKTYPE||SOURCESYSTEMID|304983181|DATECREATED|2010-08-14 02:01:07.000|CONFIRMAS||VERSION|19|CANCELSSOURCESYSTEMID||CANCELLEDBYSOURCESYSTEMID||CANCELLINGHALFSOURCESYSTEMID||CORRECTSSOURCESYSTEMID||CORRECTEDBYSOURCESYSTEMID||CLOSESSOURCESYSTEMID||CLOSEDBYSOURCESYSTEMID||EXERCISEDINTOSOURCESYSTEMID||EXERCISEDFROMSOURCESYSTEMID||LATESTVERSIONYN|N|CLOSINGDATE||LEGALENTITY|London|DEALCAPTURESYSTEM|RMS|DEALCAPTURESYSTEMID|304983181|BOOKINGLOCATION|London|PRODUCTTYPE||PRODUCTINSTANCE||BACKOFFICESYSTEM||BACKOFFICESYSTEMID||VERSIONVALIDUNTILDATE|2010-08-27 14:32:00.000|TRADEEXTRADETAILID|0|TRADEEXTRADETAILVERSION|0|TRADECLASSIFICATION|1|DEALCAPTURESALESUSER|RMS_YANYNAZ|FUNDSPLITALLOCATIONID||FUNDSPLITALLOCATIONLEGID||TEARUPID||ELECTEDCONFIRMATIONSYSTEM|///|ELECTEDCONFIRMATIONRULEID|83|PREVIOUSCONFIRMATIONSYSTEM|///|ELECTEDSETTLEMENTSYSTEM|///|ELECTEDSETTLEMENTRULEID|83|PREVIOUSSETTLEMENTSYSTEM|///|BACKOFFICEPROCESSING|Standard|CALCULATIONAGENT|Counterparty|CLOSEDBY_PRODUCTID|296943379|CLOSES_PRODUCTID|296943379|LINK_PRODUCTID|296943379|PRODUCTTYPEID|WDKO|BACKOFFICEENDDATE||BACKOFFICEEVENT||BACKOFFICEBRANCHACCEPTED||BACKOFFICEBRANCHEVENT||TRADETABLE|FXTWOBAROPTION|USERENTEREDTRADEDATE||BOOK_CPTY_CDRMNEMONIC|DTCH L  R10|PROFIT_CENTRE|FXO0|BOOKBRANCHPARENT|Prime Brokerage|HIGH_LEVEL_CPTY_CDRMNEMONIC|JPCBAL  309|HIGH_LEVEL_BOOK_CPTY_CDRM|DTCH L|BOOK_CPYT_SRC_SYSTEM|RMS|SUBBRANCH|NYC|CPTY_CDRMNEMONIC|JPCBAL  309|AMI_CODE|0840|BOOK_CPTY|LLPB|PUBLICATIONTIME|2010-09-24 16:00:04.026|DBLEGALENTITY|London|ISLIVEYN|Y</Text>
</Message>
