<?xml version="1.0" encoding="UTF-8"?>
<Message>
    <SystemInfo>
        <JMSDestination>Topic[exodus.pipe.demo]</JMSDestination>
        <JMSReplyTo/>
        <JMSDeliveryMode>2</JMSDeliveryMode>
        <JMSRedelivered>false</JMSRedelivered>
        <JMSCorrelationID>null</JMSCorrelationID>
        <JMSType>null</JMSType>
        <JMSTimestamp>1285343792375</JMSTimestamp>
        <JMSExpiration>0</JMSExpiration>
        <JMSPriority>4</JMSPriority>
    </SystemInfo>
    <ApplicationInfo>
        <SYSTEMID>66418054</SYSTEMID>
        <TRADEGROUP>FXTWOBAROPTION</TRADEGROUP>
        <VERSION>2</VERSION>
        <COUNTERPARTY>EXOT2</COUNTERPARTY>
        <MESSAGE_TYPE>RMS_TRADE</MESSAGE_TYPE>
        <TRADETYPE>FxTwoBarWindowOneTouchOpt</TRADETYPE>
        <BOOK>EXOT</BOOK>
        <ACTION>New</ACTION>
        <STATUS>Open</STATUS>
    </ApplicationInfo>
    <Text>SYSTEMID|66418054|TRADETYPE|FxTwoBarWindowOneTouchOpt|TRADEID|30150106AK|SOURCESYSTEM|RMS|BOOK|EXOT|BLOTTER||COUNTERPARTY|EXOT2|COUNTERPARTYSOURCESYSTEM|RMS|COUNTERPARTYNAME|ANALYTIC INTENSIVE TRADES-SRIDEV RAMASWAMY|DBICOUNTERPARTYID||CUSTOMER|EXOT2|CUSTOMERSOURCESYSTEM|RMS|STATUS|Open|UNDERCURRENCY|EUR|ACCCURRENCY|USD|NOTIONAL|1|ACCNOTIONAL||DOMINANTNOTIONAL||STRIKE||SHIFTEDSTRIKE||CP||EXPIRYDATE|2011-06-14 00:00:00.000|SHIFTEDEXPIRYDATE||SETTLEMENTDATE|2011-06-16 00:00:00.000|FIXINGREFERENCE|SPOT|UPBARRIER|1.5|LOWBARRIER|1.1|SHIFTEDUPBARRIER||SHIFTEDLOWBARRIER||PAYCURRENCY|EUR|QUANTOLEVEL|1|NONDELIVERABLEYN||NONDELIVERABLEFIXINGDATE||BARRIERSTARTDATE|2010-06-16 00:00:00.000|BARRIERENDDATE|2011-06-14 00:00:00.000|SHIFTEDBARRIERSTARTDATE||SHIFTEDBARRIERENDDATE||UPBARKNOCKINYN||UPBARKNOCKOUTREBATE||UPBARINTRINSICREBATEYN||LOWBARKNOCKINYN||LOWBARKNOCKOUTREBATE||LOWBARINTRINSICREBATEYN||KOBARRIERDIRECTION||KNOCKINREBATE||POSTPONEREBATEYN|Y|FIXINGDATE||UPFIXING||LOWFIXING||FIXING||LASTFIXEDDATE||KNOCKEDOUTDATE||FORWARDSETTINGSTYLE||FORWARDSETTINGDATE||FORWARDREFERENCEDATE||OPTIMISESETTINGLEVELSYN||PREMIUMCURRENCY||PREMIUMAMOUNT||PREMIUMDATE||PREMIUMHASPAIDYN||UNWINDRATE||UNWINDPREMIUMCURRENCY||UNWINDPREMIUMAMOUNT||UNWINDPREMIUMDATE||MARGINPAYMENTCURRENCY||MARGINPAYMENTAMOUNT||ZONECUT|NY|MODELTYPE||NUMTIMESTEPS||USEMINIMUMDENSITYYN||PRODUCTID|61173193|PRODUCTVERSION|2|PRODUCTLEGID||STRUCTUREID|30150106|REFERENCESPOT||REFERENCEFORWARDPOINTS||REFERENCEVOLATILITY||REFERENCEDEPORATE||REFERENCEDEPOCURRENCY||REFERENCEDELTA||REFERENCEDELTACURRENCY||ASSETLOCATION||TRADEDATE|2006-06-14 00:00:00.000|LASTUPDATED|2006-12-21 00:51:25.000|ACTION|New|ACTIONEFFECTIVEDATE|2006-12-21 00:51:25.000|SOURCESYSTEMBOOK|EXOT|SOURCESYSTEMPROFITCENTRE||SALESPERSON||TRADER||ENTEREDBY|SALTJON|FUNDSPLITID||FUNDSPLITVERSION||STRUCTURENAME||MARKUPAMT||MARKUPCCY||MARKUPLOCATION||ATRISKAMT||ATRISKCCY||ATRISKLOCATION||ATRISKINDICATOR||REASON||NOTES|Period 5 - monitor|BROKER||BROKERAMT||BROKERCCY||LINKSYSTEMID|66418056|LINKTYPE|BackToBackMaster|SOURCESYSTEMID|66418054|DATECREATED|2006-12-21 00:34:59.000|CONFIRMAS||VERSION|2|CANCELSSOURCESYSTEMID||CANCELLEDBYSOURCESYSTEMID||CANCELLINGHALFSOURCESYSTEMID||CORRECTSSOURCESYSTEMID||CORRECTEDBYSOURCESYSTEMID||CLOSESSOURCESYSTEMID||CLOSEDBYSOURCESYSTEMID||EXERCISEDINTOSOURCESYSTEMID||EXERCISEDFROMSOURCESYSTEMID||LATESTVERSIONYN|N|CLOSINGDATE||LEGALENTITY|London|DEALCAPTURESYSTEM|RMS|DEALCAPTURESYSTEMID|66418054|BOOKINGLOCATION|London|PRODUCTTYPE||PRODUCTINSTANCE||BACKOFFICESYSTEM||BACKOFFICESYSTEMID||VERSIONVALIDUNTILDATE|2010-06-18 00:20:08.000|TRADEEXTRADETAILID|0|TRADEEXTRADETAILVERSION|0|TRADECLASSIFICATION|1|DEALCAPTURESALESUSER|_SALTJON|FUNDSPLITALLOCATIONID||FUNDSPLITALLOCATIONLEGID||TEARUPID||ELECTEDCONFIRMATIONSYSTEM||ELECTEDCONFIRMATIONRULEID||PREVIOUSCONFIRMATIONSYSTEM||ELECTEDSETTLEMENTSYSTEM||ELECTEDSETTLEMENTRULEID||PREVIOUSSETTLEMENTSYSTEM||BACKOFFICEPROCESSING|Manual|CALCULATIONAGENT|DB|CLOSEDBY_PRODUCTID|61173193|CLOSES_PRODUCTID|61173193|LINK_PRODUCTID|61173193|PRODUCTTYPEID|INTERNAL|BACKOFFICEENDDATE||BACKOFFICEEVENT||BACKOFFICEBRANCHACCEPTED||BACKOFFICEBRANCHEVENT||TRADETABLE|FXTWOBAROPTION|USERENTEREDTRADEDATE||BOOK_CPTY_CDRMNEMONIC|DTCH L  B32|PROFIT_CENTRE|FGO0|BOOKBRANCHPARENT|Global|HIGH_LEVEL_CPTY_CDRMNEMONIC|DTCH L|HIGH_LEVEL_BOOK_CPTY_CDRM|DTCH L|BOOK_CPYT_SRC_SYSTEM|RMS|SUBBRANCH|LDN|CPTY_CDRMNEMONIC|DTCH L  U18|AMI_CODE|0840|BOOK_CPTY|EXTO|PUBLICATIONTIME|2010-09-24 15:56:32.374|DBLEGALENTITY|London|ISLIVEYN|Y</Text>
</Message>
