<?xml version="1.0" encoding="UTF-8"?>
<Message>
    <SystemInfo>
        <JMSDestination>Topic[exodus.pipe.demo]</JMSDestination>
        <JMSReplyTo/>
        <JMSDeliveryMode>2</JMSDeliveryMode>
        <JMSRedelivered>false</JMSRedelivered>
        <JMSCorrelationID>null</JMSCorrelationID>
        <JMSType>null</JMSType>
        <JMSTimestamp>1285344090460</JMSTimestamp>
        <JMSExpiration>0</JMSExpiration>
        <JMSPriority>4</JMSPriority>
    </SystemInfo>
    <ApplicationInfo>
        <SYSTEMID>200836670</SYSTEMID>
        <TRADEGROUP>FXVOLSWAP</TRADEGROUP>
        <VERSION>338</VERSION>
        <COUNTERPARTY>GSOP</COUNTERPARTY>
        <MESSAGE_TYPE>RMS_TRADE</MESSAGE_TYPE>
        <TRADETYPE>FxVarSwap</TRADETYPE>
        <BOOK>PMLNOGOGV</BOOK>
        <ACTION>Fixed</ACTION>
        <STATUS>Open</STATUS>
    </ApplicationInfo>
    <Text>SYSTEMID|200836670|TRADETYPE|FxVarSwap|TRADEID|112346910E|SOURCESYSTEM|RMS|BOOK|PMLNOGOGV|BLOTTER||COUNTERPARTY|GSOP|COUNTERPARTYSOURCESYSTEM|RMS|COUNTERPARTYNAME|J ARON AND CO|DBICOUNTERPARTYID||CUSTOMER|GSOP|CUSTOMERSOURCESYSTEM|RMS|STATUS|Open|UNDERCURRENCY|XAU|UNDERCURRENCY1||UNDERCURRENCY2||ACCCURRENCY|USD|NOTIONAL|-62500000|STRIKE|0.4|EXPIRYDATE|2010-09-20 00:00:00.000|SETTLEMENTDATE|2010-09-22 00:00:00.000|PAYCURRENCY|USD|QUANTOLEVEL||FIXINGREFERENCE|PM/MANG|FIRSTFIXINGDATE|2008-10-15 00:00:00.000|LASTFIXINGDATE|2010-09-20 00:00:00.000|LASTFIXEDDATE|2010-08-27 00:00:00.000|LASTFIXING|1235|FIXINGMODE||MEANLEVERAGE||RUNNINGMEAN|0.00080582383420945123383340663954256720433|RUNNINGVARIANCE|0.00021139402248590334787150892281532722862|ANNUALISATIONFACTOR|252|FIXINGHOLIDAYS|XAU|FIXINGHOLIDAY1|XAU|FIXINGHOLIDAY2||VARIANCEQUOTATIONTYPE||PREMIUMCURRENCY||PREMIUMAMOUNT||PREMIUMDATE||PREMIUMHASPAIDYN||UNWINDRATE||UNWINDPREMIUMCURRENCY||UNWINDPREMIUMAMOUNT||UNWINDPREMIUMDATE||MARGINPAYMENTCURRENCY|USD|MARGINPAYMENTAMOUNT|0|MODELTYPE||NUMPATHS||SEED||PRODUCTID|195110078|PRODUCTVERSION|3|PRODUCTLEGID||STRUCTUREID|112346910|REFERENCESPOT||REFERENCEFORWARDPOINTS||REFERENCEVOLATILITY||REFERENCEDEPORATE||REFERENCEDEPOCURRENCY||REFERENCEDELTA||REFERENCEDELTACURRENCY||ASSETLOCATION|LDN|TRADEDATE|2009-05-01 00:00:00.000|LASTUPDATED|2010-08-27 22:20:21.000|ACTION|Fixed|ACTIONEFFECTIVEDATE|2010-08-27 00:00:00.000|SOURCESYSTEMBOOK|PMLNOGOGV|SOURCESYSTEMPROFITCENTRE||SALESPERSON|BERGDANN|TRADER||ENTEREDBY|AHMEIMR|FUNDSPLITID||FUNDSPLITVERSION||STRUCTURENAME||MARKUPAMT||MARKUPCCY||MARKUPLOCATION||ATRISKAMT||ATRISKCCY||ATRISKLOCATION||ATRISKINDICATOR|AtBest|REASON||NOTES|novated from MOORE..|BROKER|RMSS|BROKERAMT||BROKERCCY||LINKSYSTEMID||LINKTYPE||SOURCESYSTEMID|200836670|DATECREATED|2009-05-02 01:36:51.000|CONFIRMAS||VERSION|338|CANCELSSOURCESYSTEMID||CANCELLEDBYSOURCESYSTEMID||CANCELLINGHALFSOURCESYSTEMID||CORRECTSSOURCESYSTEMID||CORRECTEDBYSOURCESYSTEMID||CLOSESSOURCESYSTEMID||CLOSEDBYSOURCESYSTEMID||EXERCISEDINTOSOURCESYSTEMID||EXERCISEDFROMSOURCESYSTEMID||LATESTVERSIONYN|N|CLOSINGDATE||LEGALENTITY|London|DEALCAPTURESYSTEM|RMS|DEALCAPTURESYSTEMID|200836670|BOOKINGLOCATION|London|PRODUCTTYPE||PRODUCTINSTANCE||BACKOFFICESYSTEM||BACKOFFICESYSTEMID||VERSIONVALIDUNTILDATE|2010-08-31 22:14:31.000|TRADEEXTRADETAILID|0|TRADEEXTRADETAILVERSION|0|TRADECLASSIFICATION|1|DEALCAPTURESALESUSER|RMSSALES_BERGDANN|FUNDSPLITALLOCATIONID||FUNDSPLITALLOCATIONLEGID||TEARUPID||ELECTEDCONFIRMATIONSYSTEM|///|ELECTEDCONFIRMATIONRULEID|84|PREVIOUSCONFIRMATIONSYSTEM|///|ELECTEDSETTLEMENTSYSTEM|///|ELECTEDSETTLEMENTRULEID|84|PREVIOUSSETTLEMENTSYSTEM|///|BACKOFFICEPROCESSING|Manual|CALCULATIONAGENT|DB|CLOSEDBY_PRODUCTID|195110078|CLOSES_PRODUCTID|195110078|LINK_PRODUCTID|195110078|PRODUCTTYPEID|FXVOLSWAP|BACKOFFICEENDDATE||BACKOFFICEEVENT||BACKOFFICEBRANCHACCEPTED||BACKOFFICEBRANCHEVENT||TRADETABLE|FXVOLSWAP|USERENTEREDTRADEDATE||FIXINGDATE|2008-10-15 00:00:00.000|FIXINGVALUE|847|FIXINGVALUE1||FIXINGVALUE2||FIXINGDATE|2008-10-16 00:00:00.000|FIXINGVALUE|802.5|FIXINGVALUE1||FIXINGVALUE2||FIXINGDATE|2008-10-17 00:00:00.000|FIXINGVALUE|784.5|FIXINGVALUE1||FIXINGVALUE2||FIXINGDATE|2008-10-20 00:00:00.000|FIXINGVALUE|795|FIXINGVALUE1||FIXINGVALUE2||FIXINGDATE|2008-10-21 00:00:00.000|FIXINGVALUE|772|FIXINGVALUE1||FIXINGVALUE2||FIXINGDATE|2008-10-22 00:00:00.000|FIXINGVALUE|744|FIXINGVALUE1||FIXINGVALUE2||FIXINGDATE|2008-10-23 00:00:00.000|FIXINGVALUE|720|FIXINGVALUE1||FIXINGVALUE2||FIXINGDATE|2008-10-24 00:00:00.000|FIXINGVALUE|712.5|FIXINGVALUE1||FIXINGVALUE2||FIXINGDATE|2008-10-27 00:00:00.000|FIXINGVALUE|730.5|FIXINGVALUE1||FIXINGVALUE2||FIXINGDATE|2008-10-28 00:00:00.000|FIXINGVALUE|730.5|FIXINGVALUE1||FIXINGVALUE2||FIXINGDATE|2008-10-29 00:00:00.000|FIXINGVALUE|764|FIXINGVALUE1||FIXINGVALUE2||FIXINGDATE|2008-10-30 00:00:00.000|FIXINGVALUE|755.25|FIXINGVALUE1||FIXINGVALUE2||FIXINGDATE|2008-10-31 00:00:00.000|FIXINGVALUE|730.75|FIXINGVALUE1||FIXINGVALUE2||FIXINGDATE|2008-11-03 00:00:00.000|FIXINGVALUE|729.5|FIXINGVALUE1||FIXINGVALUE2||FIXINGDATE|2008-11-04 00:00:00.000|FIXINGVALUE|741.25|FIXINGVALUE1||FIXINGVALUE2||FIXINGDATE|2008-11-05 00:00:00.000|FIXINGVALUE|753.75|FIXINGVALUE1||FIXINGVALUE2||FIXINGDATE|2008-11-06 00:00:00.000|FIXINGVALUE|754.5|FIXINGVALUE1||FIXINGVALUE2||FIXINGDATE|2008-11-07 00:00:00.000|FIXINGVALUE|735.25|FIXINGVALUE1||FIXINGVALUE2||FIXINGDATE|2008-11-10 00:00:00.000|FIXINGVALUE|753|FIXINGVALUE1||FIXINGVALUE2||FIXINGDATE|2008-11-11 00:00:00.000|FIXINGVALUE|733.75|FIXINGVALUE1||FIXINGVALUE2||FIXINGDATE|2008-11-12 00:00:00.000|FIXINGVALUE|724.75|FIXINGVALUE1||FIXINGVALUE2||FIXINGDATE|2008-11-13 00:00:00.000|FIXINGVALUE|713.5|FIXINGVALUE1||FIXINGVALUE2||FIXINGDATE|2008-11-14 00:00:00.000|FIXINGVALUE|747.5|FIXINGVALUE1||FIXINGVALUE2||FIXINGDATE|2008-11-17 00:00:00.000|FIXINGVALUE|734|FIXINGVALUE1||FIXINGVALUE2||FIXINGDATE|2008-11-18 00:00:00.000|FIXINGVALUE|738|FIXINGVALUE1||FIXINGVALUE2||FIXINGDATE|2008-11-19 00:00:00.000|FIXINGVALUE|762|FIXINGVALUE1||FIXINGVALUE2||FIXINGDATE|2008-11-20 00:00:00.000|FIXINGVALUE|738|FIXINGVALUE1||FIXINGVALUE2||FIXINGDATE|2008-11-21 00:00:00.000|FIXINGVALUE|774.5|FIXINGVALUE1||FIXINGVALUE2||FIXINGDATE|2008-11-24 00:00:00.000|FIXINGVALUE|822.5|FIXINGVALUE1||FIXINGVALUE2||FIXINGDATE|2008-11-25 00:00:00.000|FIXINGVALUE|820.5|FIXINGVALUE1||FIXINGVALUE2||FIXINGDATE|2008-11-26 00:00:00.000|FIXINGVALUE|812.5|FIXINGVALUE1||FIXINGVALUE2||FIXINGDATE|2008-11-27 00:00:00.000|FIXINGVALUE|814|FIXINGVALUE1||FIXINGVALUE2||FIXINGDATE|2008-11-28 00:00:00.000|FIXINGVALUE|814.5|FIXINGVALUE1||FIXINGVALUE2||FIXINGDATE|2008-12-01 00:00:00.000|FIXINGVALUE|778|FIXINGVALUE1||FIXINGVALUE2||FIXINGDATE|2008-12-02 00:00:00.000|FIXINGVALUE|780|FIXINGVALUE1||FIXINGVALUE2||FIXINGDATE|2008-12-03 00:00:00.000|FIXINGVALUE|766.25|FIXINGVALUE1||FIXINGVALUE2||FIXINGDATE|2008-12-04 00:00:00.000|FIXINGVALUE|773.25|FIXINGVALUE1||FIXINGVALUE2||FIXINGDATE|2008-12-05 00:00:00.000|FIXINGVALUE|749|FIXINGVALUE1||FIXINGVALUE2||FIXINGDATE|2008-12-08 00:00:00.000|FIXINGVALUE|767.25|FIXINGVALUE1||FIXINGVALUE2||FIXINGDATE|2008-12-09 00:00:00.000|FIXINGVALUE|767.75|FIXINGVALUE1||FIXINGVALUE2||FIXINGDATE|2008-12-10 00:00:00.000|FIXINGVALUE|802.25|FIXINGVALUE1||FIXINGVALUE2||FIXINGDATE|2008-12-11 00:00:00.000|FIXINGVALUE|827.75|FIXINGVALUE1||FIXINGVALUE2||FIXINGDATE|2008-12-12 00:00:00.000|FIXINGVALUE|826.5|FIXINGVALUE1||FIXINGVALUE2||FIXINGDATE|2008-12-15 00:00:00.000|FIXINGVALUE|826|FIXINGVALUE1||FIXINGVALUE2||FIXINGDATE|2008-12-16 00:00:00.000|FIXINGVALUE|838.25|FIXINGVALUE1||FIXINGVALUE2||FIXINGDATE|2008-12-17 00:00:00.000|FIXINGVALUE|870|FIXINGVALUE1||FIXINGVALUE2||FIXINGDATE|2008-12-18 00:00:00.000|FIXINGVALUE|855.25|FIXINGVALUE1||FIXINGVALUE2||FIXINGDATE|2008-12-19 00:00:00.000|FIXINGVALUE|835.75|FIXINGVALUE1||FIXINGVALUE2||FIXINGDATE|2008-12-22 00:00:00.000|FIXINGVALUE|849|FIXINGVALUE1||FIXINGVALUE2||FIXINGDATE|2008-12-23 00:00:00.000|FIXINGVALUE|843.5|FIXINGVALUE1||FIXINGVALUE2||FIXINGDATE|2008-12-29 00:00:00.000|FIXINGVALUE|880.25|FIXINGVALUE1||FIXINGVALUE2||FIXINGDATE|2008-12-30 00:00:00.000|FIXINGVALUE|869.75|FIXINGVALUE1||FIXINGVALUE2||FIXINGDATE|2009-01-02 00:00:00.000|FIXINGVALUE|874.5|FIXINGVALUE1||FIXINGVALUE2||FIXINGDATE|2009-01-05 00:00:00.000|FIXINGVALUE|853.5|FIXINGVALUE1||FIXINGVALUE2||FIXINGDATE|2009-01-06 00:00:00.000|FIXINGVALUE|848.25|FIXINGVALUE1||FIXINGVALUE2||FIXINGDATE|2009-01-07 00:00:00.000|FIXINGVALUE|848.5|FIXINGVALUE1||FIXINGVALUE2||FIXINGDATE|2009-01-08 00:00:00.000|FIXINGVALUE|855.75|FIXINGVALUE1||FIXINGVALUE2||FIXINGDATE|2009-01-09 00:00:00.000|FIXINGVALUE|847.25|FIXINGVALUE1||FIXINGVALUE2||FIXINGDATE|2009-01-12 00:00:00.000|FIXINGVALUE|827|FIXINGVALUE1||FIXINGVALUE2||FIXINGDATE|2009-01-13 00:00:00.000|FIXINGVALUE|826.5|FIXINGVALUE1||FIXINGVALUE2||FIXINGDATE|2009-01-14 00:00:00.000|FIXINGVALUE|821.5|FIXINGVALUE1||FIXINGVALUE2||FIXINGDATE|2009-01-15 00:00:00.000|FIXINGVALUE|810|FIXINGVALUE1||FIXINGVALUE2||FIXINGDATE|2009-01-16 00:00:00.000|FIXINGVALUE|833.75|FIXINGVALUE1||FIXINGVALUE2||FIXINGDATE|2009-01-19 00:00:00.000|FIXINGVALUE|833|FIXINGVALUE1||FIXINGVALUE2||FIXINGDATE|2009-01-20 00:00:00.000|FIXINGVALUE|853.25|FIXINGVALUE1||FIXINGVALUE2||FIXINGDATE|2009-01-21 00:00:00.000|FIXINGVALUE|849.25|FIXINGVALUE1||FIXINGVALUE2||FIXINGDATE|2009-01-22 00:00:00.000|FIXINGVALUE|860|FIXINGVALUE1||FIXINGVALUE2||FIXINGDATE|2009-01-23 00:00:00.000|FIXINGVALUE|875.75|FIXINGVALUE1||FIXINGVALUE2||FIXINGDATE|2009-01-26 00:00:00.000|FIXINGVALUE|910.25|FIXINGVALUE1||FIXINGVALUE2||FIXINGDATE|2009-01-27 00:00:00.000|FIXINGVALUE|897.5|FIXINGVALUE1||FIXINGVALUE2||FIXINGDATE|2009-01-28 00:00:00.000|FIXINGVALUE|895.25|FIXINGVALUE1||FIXINGVALUE2||FIXINGDATE|2009-01-29 00:00:00.000|FIXINGVALUE|892.25|FIXINGVALUE1||FIXINGVALUE2||FIXINGDATE|2009-01-30 00:00:00.000|FIXINGVALUE|919.5|FIXINGVALUE1||FIXINGVALUE2||FIXINGDATE|2009-02-02 00:00:00.000|FIXINGVALUE|918.25|FIXINGVALUE1||FIXINGVALUE2||FIXINGDATE|2009-02-03 00:00:00.000|FIXINGVALUE|904.5|FIXINGVALUE1||FIXINGVALUE2||FIXINGDATE|2009-02-04 00:00:00.000|FIXINGVALUE|905|FIXINGVALUE1||FIXINGVALUE2||FIXINGDATE|2009-02-05 00:00:00.000|FIXINGVALUE|920|FIXINGVALUE1||FIXINGVALUE2||FIXINGDATE|2009-02-06 00:00:00.000|FIXINGVALUE|913|FIXINGVALUE1||FIXINGVALUE2||FIXINGDATE|2009-02-09 00:00:00.000|FIXINGVALUE|895|FIXINGVALUE1||FIXINGVALUE2||FIXINGDATE|2009-02-10 00:00:00.000|FIXINGVALUE|909.75|FIXINGVALUE1||FIXINGVALUE2||FIXINGDATE|2009-02-11 00:00:00.000|FIXINGVALUE|938|FIXINGVALUE1||FIXINGVALUE2||FIXINGDATE|2009-02-12 00:00:00.000|FIXINGVALUE|943.25|FIXINGVALUE1||FIXINGVALUE2||FIXINGDATE|2009-02-13 00:00:00.000|FIXINGVALUE|935.5|FIXINGVALUE1||FIXINGVALUE2||FIXINGDATE|2009-02-16 00:00:00.000|FIXINGVALUE|942.5|FIXINGVALUE1||FIXINGVALUE2||FIXINGDATE|2009-02-17 00:00:00.000|FIXINGVALUE|968|FIXINGVALUE1||FIXINGVALUE2||FIXINGDATE|2009-02-18 00:00:00.000|FIXINGVALUE|964|FIXINGVALUE1||FIXINGVALUE2||FIXINGDATE|2009-02-19 00:00:00.000|FIXINGVALUE|980.5|FIXINGVALUE1||FIXINGVALUE2||FIXINGDATE|2009-02-20 00:00:00.000|FIXINGVALUE|989|FIXINGVALUE1||FIXINGVALUE2||FIXINGDATE|2009-02-23 00:00:00.000|FIXINGVALUE|985.75|FIXINGVALUE1||FIXINGVALUE2||FIXINGDATE|2009-02-24 00:00:00.000|FIXINGVALUE|984.25|FIXINGVALUE1||FIXINGVALUE2||FIXINGDATE|2009-02-25 00:00:00.000|FIXINGVALUE|978.5|FIXINGVALUE1||FIXINGVALUE2||FIXINGDATE|2009-02-26 00:00:00.000|FIXINGVALUE|936.5|FIXINGVALUE1||FIXINGVALUE2||FIXINGDATE|2009-02-27 00:00:00.000|FIXINGVALUE|952|FIXINGVALUE1||FIXINGVALUE2||FIXINGDATE|2009-03-02 00:00:00.000|FIXINGVALUE|937.25|FIXINGVALUE1||FIXINGVALUE2||FIXINGDATE|2009-03-03 00:00:00.000|FIXINGVALUE|913.75|FIXINGVALUE1||FIXINGVALUE2||FIXINGDATE|2009-03-04 00:00:00.000|FIXINGVALUE|908.5|FIXINGVALUE1||FIXINGVALUE2||FIXINGDATE|2009-03-05 00:00:00.000|FIXINGVALUE|913|FIXINGVALUE1||FIXINGVALUE2||FIXINGDATE|2009-03-06 00:00:00.000|FIXINGVALUE|936|FIXINGVALUE1||FIXINGVALUE2||FIXINGDATE|2009-03-09 00:00:00.000|FIXINGVALUE|923.75|FIXINGVALUE1||FIXINGVALUE2||FIXINGDATE|2009-03-10 00:00:00.000|FIXINGVALUE|901.5|FIXINGVALUE1||FIXINGVALUE2||FIXINGDATE|2009-03-11 00:00:00.000|FIXINGVALUE|899.5|FIXINGVALUE1||FIXINGVALUE2||FIXINGDATE|2009-03-12 00:00:00.000|FIXINGVALUE|925.25|FIXINGVALUE1||FIXINGVALUE2||FIXINGDATE|2009-03-13 00:00:00.000|FIXINGVALUE|928|FIXINGVALUE1||FIXINGVALUE2||FIXINGDATE|2009-03-16 00:00:00.000|FIXINGVALUE|919.5|FIXINGVALUE1||FIXINGVALUE2||FIXINGDATE|2009-03-17 00:00:00.000|FIXINGVALUE|915.5|FIXINGVALUE1||FIXINGVALUE2||FIXINGDATE|2009-03-18 00:00:00.000|FIXINGVALUE|893.25|FIXINGVALUE1||FIXINGVALUE2||FIXINGDATE|2009-03-19 00:00:00.000|FIXINGVALUE|956.5|FIXINGVALUE1||FIXINGVALUE2||FIXINGDATE|2009-03-20 00:00:00.000|FIXINGVALUE|954|FIXINGVALUE1||FIXINGVALUE2||FIXINGDATE|2009-03-23 00:00:00.000|FIXINGVALUE|949.25|FIXINGVALUE1||FIXINGVALUE2||FIXINGDATE|2009-03-24 00:00:00.000|FIXINGVALUE|923.75|FIXINGVALUE1||FIXINGVALUE2||FIXINGDATE|2009-03-25 00:00:00.000|FIXINGVALUE|929|FIXINGVALUE1||FIXINGVALUE2||FIXINGDATE|2009-03-26 00:00:00.000|FIXINGVALUE|938.25|FIXINGVALUE1||FIXINGVALUE2||FIXINGDATE|2009-03-27 00:00:00.000|FIXINGVALUE|924|FIXINGVALUE1||FIXINGVALUE2||FIXINGDATE|2009-03-30 00:00:00.000|FIXINGVALUE|928|FIXINGVALUE1||FIXINGVALUE2||FIXINGDATE|2009-03-31 00:00:00.000|FIXINGVALUE|916.5|FIXINGVALUE1||FIXINGVALUE2||FIXINGDATE|2009-04-01 00:00:00.000|FIXINGVALUE|924.5|FIXINGVALUE1||FIXINGVALUE2||FIXINGDATE|2009-04-02 00:00:00.000|FIXINGVALUE|897.75|FIXINGVALUE1||FIXINGVALUE2||FIXINGDATE|2009-04-03 00:00:00.000|FIXINGVALUE|905|FIXINGVALUE1||FIXINGVALUE2||FIXINGDATE|2009-04-06 00:00:00.000|FIXINGVALUE|870.25|FIXINGVALUE1||FIXINGVALUE2||FIXINGDATE|2009-04-07 00:00:00.000|FIXINGVALUE|879.75|FIXINGVALUE1||FIXINGVALUE2||FIXINGDATE|2009-04-08 00:00:00.000|FIXINGVALUE|880|FIXINGVALUE1||FIXINGVALUE2||FIXINGDATE|2009-04-09 00:00:00.000|FIXINGVALUE|880.5|FIXINGVALUE1||FIXINGVALUE2||FIXINGDATE|2009-04-14 00:00:00.000|FIXINGVALUE|887.5|FIXINGVALUE1||FIXINGVALUE2||FIXINGDATE|2009-04-15 00:00:00.000|FIXINGVALUE|891|FIXINGVALUE1||FIXINGVALUE2||FIXINGDATE|2009-04-16 00:00:00.000|FIXINGVALUE|880.5|FIXINGVALUE1||FIXINGVALUE2||FIXINGDATE|2009-04-17 00:00:00.000|FIXINGVALUE|870.5|FIXINGVALUE1||FIXINGVALUE2||FIXINGDATE|2009-04-20 00:00:00.000|FIXINGVALUE|877|FIXINGVALUE1||FIXINGVALUE2||FIXINGDATE|2009-04-21 00:00:00.000|FIXINGVALUE|888.75|FIXINGVALUE1||FIXINGVALUE2||FIXINGDATE|2009-04-22 00:00:00.000|FIXINGVALUE|886|FIXINGVALUE1||FIXINGVALUE2||FIXINGDATE|2009-04-23 00:00:00.000|FIXINGVALUE|897.5|FIXINGVALUE1||FIXINGVALUE2||FIXINGDATE|2009-04-24 00:00:00.000|FIXINGVALUE|907.5|FIXINGVALUE1||FIXINGVALUE2||FIXINGDATE|2009-04-27 00:00:00.000|FIXINGVALUE|907.5|FIXINGVALUE1||FIXINGVALUE2||FIXINGDATE|2009-04-28 00:00:00.000|FIXINGVALUE|891|FIXINGVALUE1||FIXINGVALUE2||FIXINGDATE|2009-04-29 00:00:00.000|FIXINGVALUE|898.25|FIXINGVALUE1||FIXINGVALUE2||FIXINGDATE|2009-04-30 00:00:00.000|FIXINGVALUE|883.25|FIXINGVALUE1||FIXINGVALUE2||FIXINGDATE|2009-05-01 00:00:00.000|FIXINGVALUE|884.5|FIXINGVALUE1||FIXINGVALUE2||FIXINGDATE|2009-05-05 00:00:00.000|FIXINGVALUE|910|FIXINGVALUE1||FIXINGVALUE2||FIXINGDATE|2009-05-06 00:00:00.000|FIXINGVALUE|910|FIXINGVALUE1||FIXINGVALUE2||FIXINGDATE|2009-05-07 00:00:00.000|FIXINGVALUE|912.25|FIXINGVALUE1||FIXINGVALUE2||FIXINGDATE|2009-05-08 00:00:00.000|FIXINGVALUE|907|FIXINGVALUE1||FIXINGVALUE2||FIXINGDATE|2009-05-11 00:00:00.000|FIXINGVALUE|913|FIXINGVALUE1||FIXINGVALUE2||FIXINGDATE|2009-05-12 00:00:00.000|FIXINGVALUE|917|FIXINGVALUE1||FIXINGVALUE2||FIXINGDATE|2009-05-13 00:00:00.000|FIXINGVALUE|924|FIXINGVALUE1||FIXINGVALUE2||FIXINGDATE|2009-05-14 00:00:00.000|FIXINGVALUE|925.25|FIXINGVALUE1||FIXINGVALUE2||FIXINGDATE|2009-05-15 00:00:00.000|FIXINGVALUE|929.5|FIXINGVALUE1||FIXINGVALUE2||FIXINGDATE|2009-05-18 00:00:00.000|FIXINGVALUE|921|FIXINGVALUE1||FIXINGVALUE2||FIXINGDATE|2009-05-19 00:00:00.000|FIXINGVALUE|924.75|FIXINGVALUE1||FIXINGVALUE2||FIXINGDATE|2009-05-20 00:00:00.000|FIXINGVALUE|939.5|FIXINGVALUE1||FIXINGVALUE2||FIXINGDATE|2009-05-21 00:00:00.000|FIXINGVALUE|937.5|FIXINGVALUE1||FIXINGVALUE2||FIXINGDATE|2009-05-22 00:00:00.000|FIXINGVALUE|959.75|FIXINGVALUE1||FIXINGVALUE2||FIXINGDATE|2009-05-26 00:00:00.000|FIXINGVALUE|945|FIXINGVALUE1||FIXINGVALUE2||FIXINGDATE|2009-05-27 00:00:00.000|FIXINGVALUE|951|FIXINGVALUE1||FIXINGVALUE2||FIXINGDATE|2009-05-28 00:00:00.000|FIXINGVALUE|957.75|FIXINGVALUE1||FIXINGVALUE2||FIXINGDATE|2009-05-29 00:00:00.000|FIXINGVALUE|975.5|FIXINGVALUE1||FIXINGVALUE2||FIXINGDATE|2009-06-01 00:00:00.000|FIXINGVALUE|981.75|FIXINGVALUE1||FIXINGVALUE2||FIXINGDATE|2009-06-02 00:00:00.000|FIXINGVALUE|980|FIXINGVALUE1||FIXINGVALUE2||FIXINGDATE|2009-06-03 00:00:00.000|FIXINGVALUE|976.75|FIXINGVALUE1||FIXINGVALUE2||FIXINGDATE|2009-06-04 00:00:00.000|FIXINGVALUE|970.75|FIXINGVALUE1||FIXINGVALUE2||FIXINGDATE|2009-06-05 00:00:00.000|FIXINGVALUE|962|FIXINGVALUE1||FIXINGVALUE2||FIXINGDATE|2009-06-08 00:00:00.000|FIXINGVALUE|943.75|FIXINGVALUE1||FIXINGVALUE2||FIXINGDATE|2009-06-09 00:00:00.000|FIXINGVALUE|956|FIXINGVALUE1||FIXINGVALUE2||FIXINGDATE|2009-06-10 00:00:00.000|FIXINGVALUE|953.75|FIXINGVALUE1||FIXINGVALUE2||FIXINGDATE|2009-06-11 00:00:00.000|FIXINGVALUE|947.5|FIXINGVALUE1||FIXINGVALUE2||FIXINGDATE|2009-06-12 00:00:00.000|FIXINGVALUE|937.25|FIXINGVALUE1||FIXINGVALUE2||FIXINGDATE|2009-06-15 00:00:00.000|FIXINGVALUE|932.25|FIXINGVALUE1||FIXINGVALUE2||FIXINGDATE|2009-06-16 00:00:00.000|FIXINGVALUE|934|FIXINGVALUE1||FIXINGVALUE2||FIXINGDATE|2009-06-17 00:00:00.000|FIXINGVALUE|930.5|FIXINGVALUE1||FIXINGVALUE2||FIXINGDATE|2009-06-18 00:00:00.000|FIXINGVALUE|940.5|FIXINGVALUE1||FIXINGVALUE2||FIXINGDATE|2009-06-19 00:00:00.000|FIXINGVALUE|935.25|FIXINGVALUE1||FIXINGVALUE2||FIXINGDATE|2009-06-22 00:00:00.000|FIXINGVALUE|919.25|FIXINGVALUE1||FIXINGVALUE2||FIXINGDATE|2009-06-23 00:00:00.000|FIXINGVALUE|920.75|FIXINGVALUE1||FIXINGVALUE2||FIXINGDATE|2009-06-24 00:00:00.000|FIXINGVALUE|933.5|FIXINGVALUE1||FIXINGVALUE2||FIXINGDATE|2009-06-25 00:00:00.000|FIXINGVALUE|937.25|FIXINGVALUE1||FIXINGVALUE2||FIXINGDATE|2009-06-26 00:00:00.000|FIXINGVALUE|942|FIXINGVALUE1||FIXINGVALUE2||FIXINGDATE|2009-06-29 00:00:00.000|FIXINGVALUE|935.5|FIXINGVALUE1||FIXINGVALUE2||FIXINGDATE|2009-06-30 00:00:00.000|FIXINGVALUE|934.5|FIXINGVALUE1||FIXINGVALUE2||FIXINGDATE|2009-07-01 00:00:00.000|FIXINGVALUE|938.25|FIXINGVALUE1||FIXINGVALUE2||FIXINGDATE|2009-07-02 00:00:00.000|FIXINGVALUE|929.5|FIXINGVALUE1||FIXINGVALUE2||FIXINGDATE|2009-07-03 00:00:00.000|FIXINGVALUE|932.5|FIXINGVALUE1||FIXINGVALUE2||FIXINGDATE|2009-07-06 00:00:00.000|FIXINGVALUE|924.5|FIXINGVALUE1||FIXINGVALUE2||FIXINGDATE|2009-07-07 00:00:00.000|FIXINGVALUE|924|FIXINGVALUE1||FIXINGVALUE2||FIXINGDATE|2009-07-08 00:00:00.000|FIXINGVALUE|918|FIXINGVALUE1||FIXINGVALUE2||FIXINGDATE|2009-07-09 00:00:00.000|FIXINGVALUE|911.75|FIXINGVALUE1||FIXINGVALUE2||FIXINGDATE|2009-07-10 00:00:00.000|FIXINGVALUE|913|FIXINGVALUE1||FIXINGVALUE2||FIXINGDATE|2009-07-13 00:00:00.000|FIXINGVALUE|908.5|FIXINGVALUE1||FIXINGVALUE2||FIXINGDATE|2009-07-14 00:00:00.000|FIXINGVALUE|924.75|FIXINGVALUE1||FIXINGVALUE2||FIXINGDATE|2009-07-15 00:00:00.000|FIXINGVALUE|938|FIXINGVALUE1||FIXINGVALUE2||FIXINGDATE|2009-07-16 00:00:00.000|FIXINGVALUE|935|FIXINGVALUE1||FIXINGVALUE2||FIXINGDATE|2009-07-17 00:00:00.000|FIXINGVALUE|937.5|FIXINGVALUE1||FIXINGVALUE2||FIXINGDATE|2009-07-20 00:00:00.000|FIXINGVALUE|952.75|FIXINGVALUE1||FIXINGVALUE2||FIXINGDATE|2009-07-21 00:00:00.000|FIXINGVALUE|947.75|FIXINGVALUE1||FIXINGVALUE2||FIXINGDATE|2009-07-22 00:00:00.000|FIXINGVALUE|948.25|FIXINGVALUE1||FIXINGVALUE2||FIXINGDATE|2009-07-23 00:00:00.000|FIXINGVALUE|950|FIXINGVALUE1||FIXINGVALUE2||FIXINGDATE|2009-07-24 00:00:00.000|FIXINGVALUE|951.5|FIXINGVALUE1||FIXINGVALUE2||FIXINGDATE|2009-07-27 00:00:00.000|FIXINGVALUE|955|FIXINGVALUE1||FIXINGVALUE2||FIXINGDATE|2009-07-28 00:00:00.000|FIXINGVALUE|944.25|FIXINGVALUE1||FIXINGVALUE2||FIXINGDATE|2009-07-29 00:00:00.000|FIXINGVALUE|931|FIXINGVALUE1||FIXINGVALUE2||FIXINGDATE|2009-07-30 00:00:00.000|FIXINGVALUE|932.5|FIXINGVALUE1||FIXINGVALUE2||FIXINGDATE|2009-07-31 00:00:00.000|FIXINGVALUE|939|FIXINGVALUE1||FIXINGVALUE2||FIXINGDATE|2009-08-03 00:00:00.000|FIXINGVALUE|959.75|FIXINGVALUE1||FIXINGVALUE2||FIXINGDATE|2009-08-04 00:00:00.000|FIXINGVALUE|960.5|FIXINGVALUE1||FIXINGVALUE2||FIXINGDATE|2009-08-05 00:00:00.000|FIXINGVALUE|960.5|FIXINGVALUE1||FIXINGVALUE2||FIXINGDATE|2009-08-06 00:00:00.000|FIXINGVALUE|964|FIXINGVALUE1||FIXINGVALUE2||FIXINGDATE|2009-08-07 00:00:00.000|FIXINGVALUE|956|FIXINGVALUE1||FIXINGVALUE2||FIXINGDATE|2009-08-10 00:00:00.000|FIXINGVALUE|945|FIXINGVALUE1||FIXINGVALUE2||FIXINGDATE|2009-08-11 00:00:00.000|FIXINGVALUE|942.75|FIXINGVALUE1||FIXINGVALUE2||FIXINGDATE|2009-08-12 00:00:00.000|FIXINGVALUE|947.25|FIXINGVALUE1||FIXINGVALUE2||FIXINGDATE|2009-08-13 00:00:00.000|FIXINGVALUE|953.5|FIXINGVALUE1||FIXINGVALUE2||FIXINGDATE|2009-08-14 00:00:00.000|FIXINGVALUE|953.5|FIXINGVALUE1||FIXINGVALUE2||FIXINGDATE|2009-08-17 00:00:00.000|FIXINGVALUE|932.75|FIXINGVALUE1||FIXINGVALUE2||FIXINGDATE|2009-08-18 00:00:00.000|FIXINGVALUE|935|FIXINGVALUE1||FIXINGVALUE2||FIXINGDATE|2009-08-19 00:00:00.000|FIXINGVALUE|943|FIXINGVALUE1||FIXINGVALUE2||FIXINGDATE|2009-08-20 00:00:00.000|FIXINGVALUE|940.5|FIXINGVALUE1||FIXINGVALUE2||FIXINGDATE|2009-08-21 00:00:00.000|FIXINGVALUE|952.5|FIXINGVALUE1||FIXINGVALUE2||FIXINGDATE|2009-08-24 00:00:00.000|FIXINGVALUE|951.5|FIXINGVALUE1||FIXINGVALUE2||FIXINGDATE|2009-08-25 00:00:00.000|FIXINGVALUE|950.5|FIXINGVALUE1||FIXINGVALUE2||FIXINGDATE|2009-08-26 00:00:00.000|FIXINGVALUE|940.5|FIXINGVALUE1||FIXINGVALUE2||FIXINGDATE|2009-08-27 00:00:00.000|FIXINGVALUE|943|FIXINGVALUE1||FIXINGVALUE2||FIXINGDATE|2009-08-28 00:00:00.000|FIXINGVALUE|955.5|FIXINGVALUE1||FIXINGVALUE2||FIXINGDATE|2009-09-01 00:00:00.000|FIXINGVALUE|955|FIXINGVALUE1||FIXINGVALUE2||FIXINGDATE|2009-09-02 00:00:00.000|FIXINGVALUE|964.75|FIXINGVALUE1||FIXINGVALUE2||FIXINGDATE|2009-09-03 00:00:00.000|FIXINGVALUE|983|FIXINGVALUE1||FIXINGVALUE2||FIXINGDATE|2009-09-04 00:00:00.000|FIXINGVALUE|989|FIXINGVALUE1||FIXINGVALUE2||FIXINGDATE|2009-09-07 00:00:00.000|FIXINGVALUE|993|FIXINGVALUE1||FIXINGVALUE2||FIXINGDATE|2009-09-08 00:00:00.000|FIXINGVALUE|1000.75|FIXINGVALUE1||FIXINGVALUE2||FIXINGDATE|2009-09-09 00:00:00.000|FIXINGVALUE|999.5|FIXINGVALUE1||FIXINGVALUE2||FIXINGDATE|2009-09-10 00:00:00.000|FIXINGVALUE|990.75|FIXINGVALUE1||FIXINGVALUE2||FIXINGDATE|2009-09-11 00:00:00.000|FIXINGVALUE|1008.25|FIXINGVALUE1||FIXINGVALUE2||FIXINGDATE|2009-09-14 00:00:00.000|FIXINGVALUE|999.25|FIXINGVALUE1||FIXINGVALUE2||FIXINGDATE|2009-09-15 00:00:00.000|FIXINGVALUE|996|FIXINGVALUE1||FIXINGVALUE2||FIXINGDATE|2009-09-16 00:00:00.000|FIXINGVALUE|1015.75|FIXINGVALUE1||FIXINGVALUE2||FIXINGDATE|2009-09-17 00:00:00.000|FIXINGVALUE|1018.5|FIXINGVALUE1||FIXINGVALUE2||FIXINGDATE|2009-09-18 00:00:00.000|FIXINGVALUE|1012|FIXINGVALUE1||FIXINGVALUE2||FIXINGDATE|2009-09-21 00:00:00.000|FIXINGVALUE|997|FIXINGVALUE1||FIXINGVALUE2||FIXINGDATE|2009-09-22 00:00:00.000|FIXINGVALUE|1014|FIXINGVALUE1||FIXINGVALUE2||FIXINGDATE|2009-09-23 00:00:00.000|FIXINGVALUE|1010.25|FIXINGVALUE1||FIXINGVALUE2||FIXINGDATE|2009-09-24 00:00:00.000|FIXINGVALUE|1009.75|FIXINGVALUE1||FIXINGVALUE2||FIXINGDATE|2009-09-25 00:00:00.000|FIXINGVALUE|991.5|FIXINGVALUE1||FIXINGVALUE2||FIXINGDATE|2009-09-28 00:00:00.000|FIXINGVALUE|991.75|FIXINGVALUE1||FIXINGVALUE2||FIXINGDATE|2009-09-29 00:00:00.000|FIXINGVALUE|989.5|FIXINGVALUE1||FIXINGVALUE2||FIXINGDATE|2009-09-30 00:00:00.000|FIXINGVALUE|995.75|FIXINGVALUE1||FIXINGVALUE2||FIXINGDATE|2009-10-01 00:00:00.000|FIXINGVALUE|1004.75|FIXINGVALUE1||FIXINGVALUE2||FIXINGDATE|2009-10-02 00:00:00.000|FIXINGVALUE|1003.5|FIXINGVALUE1||FIXINGVALUE2||FIXINGDATE|2009-10-05 00:00:00.000|FIXINGVALUE|1005.5|FIXINGVALUE1||FIXINGVALUE2||FIXINGDATE|2009-10-06 00:00:00.000|FIXINGVALUE|1038.75|FIXINGVALUE1||FIXINGVALUE2||FIXINGDATE|2009-10-07 00:00:00.000|FIXINGVALUE|1040.25|FIXINGVALUE1||FIXINGVALUE2||FIXINGDATE|2009-10-08 00:00:00.000|FIXINGVALUE|1045|FIXINGVALUE1||FIXINGVALUE2||FIXINGDATE|2009-10-09 00:00:00.000|FIXINGVALUE|1051.5|FIXINGVALUE1||FIXINGVALUE2||FIXINGDATE|2009-10-12 00:00:00.000|FIXINGVALUE|1058.75|FIXINGVALUE1||FIXINGVALUE2||FIXINGDATE|2009-10-13 00:00:00.000|FIXINGVALUE|1057.5|FIXINGVALUE1||FIXINGVALUE2||FIXINGDATE|2009-10-14 00:00:00.000|FIXINGVALUE|1059.5|FIXINGVALUE1||FIXINGVALUE2||FIXINGDATE|2009-10-15 00:00:00.000|FIXINGVALUE|1053.5|FIXINGVALUE1||FIXINGVALUE2||FIXINGDATE|2009-10-16 00:00:00.000|FIXINGVALUE|1047.5|FIXINGVALUE1||FIXINGVALUE2||FIXINGDATE|2009-10-19 00:00:00.000|FIXINGVALUE|1050.5|FIXINGVALUE1||FIXINGVALUE2||FIXINGDATE|2009-10-20 00:00:00.000|FIXINGVALUE|1061.75|FIXINGVALUE1||FIXINGVALUE2||FIXINGDATE|2009-10-21 00:00:00.000|FIXINGVALUE|1053.75|FIXINGVALUE1||FIXINGVALUE2||FIXINGDATE|2009-10-22 00:00:00.000|FIXINGVALUE|1053|FIXINGVALUE1||FIXINGVALUE2||FIXINGDATE|2009-10-23 00:00:00.000|FIXINGVALUE|1061.75|FIXINGVALUE1||FIXINGVALUE2||FIXINGDATE|2009-10-26 00:00:00.000|FIXINGVALUE|1054|FIXINGVALUE1||FIXINGVALUE2||FIXINGDATE|2009-10-27 00:00:00.000|FIXINGVALUE|1036.5|FIXINGVALUE1||FIXINGVALUE2||FIXINGDATE|2009-10-28 00:00:00.000|FIXINGVALUE|1031.75|FIXINGVALUE1||FIXINGVALUE2||FIXINGDATE|2009-10-29 00:00:00.000|FIXINGVALUE|1040.5|FIXINGVALUE1||FIXINGVALUE2||FIXINGDATE|2009-10-30 00:00:00.000|FIXINGVALUE|1040|FIXINGVALUE1||FIXINGVALUE2||FIXINGDATE|2009-11-02 00:00:00.000|FIXINGVALUE|1062|FIXINGVALUE1||FIXINGVALUE2||FIXINGDATE|2009-11-03 00:00:00.000|FIXINGVALUE|1061|FIXINGVALUE1||FIXINGVALUE2||FIXINGDATE|2009-11-04 00:00:00.000|FIXINGVALUE|1090|FIXINGVALUE1||FIXINGVALUE2||FIXINGDATE|2009-11-05 00:00:00.000|FIXINGVALUE|1089|FIXINGVALUE1||FIXINGVALUE2||FIXINGDATE|2009-11-06 00:00:00.000|FIXINGVALUE|1096.75|FIXINGVALUE1||FIXINGVALUE2||FIXINGDATE|2009-11-09 00:00:00.000|FIXINGVALUE|1106.75|FIXINGVALUE1||FIXINGVALUE2||FIXINGDATE|2009-11-10 00:00:00.000|FIXINGVALUE|1101.5|FIXINGVALUE1||FIXINGVALUE2||FIXINGDATE|2009-11-11 00:00:00.000|FIXINGVALUE|1115.25|FIXINGVALUE1||FIXINGVALUE2||FIXINGDATE|2009-11-12 00:00:00.000|FIXINGVALUE|1114.75|FIXINGVALUE1||FIXINGVALUE2||FIXINGDATE|2009-11-13 00:00:00.000|FIXINGVALUE|1104|FIXINGVALUE1||FIXINGVALUE2||FIXINGDATE|2009-11-16 00:00:00.000|FIXINGVALUE|1130|FIXINGVALUE1||FIXINGVALUE2||FIXINGDATE|2009-11-17 00:00:00.000|FIXINGVALUE|1134.75|FIXINGVALUE1||FIXINGVALUE2||FIXINGDATE|2009-11-18 00:00:00.000|FIXINGVALUE|1149|FIXINGVALUE1||FIXINGVALUE2||FIXINGDATE|2009-11-19 00:00:00.000|FIXINGVALUE|1135.5|FIXINGVALUE1||FIXINGVALUE2||FIXINGDATE|2009-11-20 00:00:00.000|FIXINGVALUE|1140|FIXINGVALUE1||FIXINGVALUE2||FIXINGDATE|2009-11-23 00:00:00.000|FIXINGVALUE|1169.5|FIXINGVALUE1||FIXINGVALUE2||FIXINGDATE|2009-11-24 00:00:00.000|FIXINGVALUE|1163.25|FIXINGVALUE1||FIXINGVALUE2||FIXINGDATE|2009-11-25 00:00:00.000|FIXINGVALUE|1179.75|FIXINGVALUE1||FIXINGVALUE2||FIXINGDATE|2009-11-26 00:00:00.000|FIXINGVALUE|1182.75|FIXINGVALUE1||FIXINGVALUE2||FIXINGDATE|2009-11-27 00:00:00.000|FIXINGVALUE|1166.5|FIXINGVALUE1||FIXINGVALUE2||FIXINGDATE|2009-11-30 00:00:00.000|FIXINGVALUE|1175.75|FIXINGVALUE1||FIXINGVALUE2||FIXINGDATE|2009-12-01 00:00:00.000|FIXINGVALUE|1192.5|FIXINGVALUE1||FIXINGVALUE2||FIXINGDATE|2009-12-02 00:00:00.000|FIXINGVALUE|1212.5|FIXINGVALUE1||FIXINGVALUE2||FIXINGDATE|2009-12-03 00:00:00.000|FIXINGVALUE|1208.75|FIXINGVALUE1||FIXINGVALUE2||FIXINGDATE|2009-12-04 00:00:00.000|FIXINGVALUE|1190.25|FIXINGVALUE1||FIXINGVALUE2||FIXINGDATE|2009-12-07 00:00:00.000|FIXINGVALUE|1142.5|FIXINGVALUE1||FIXINGVALUE2||FIXINGDATE|2009-12-08 00:00:00.000|FIXINGVALUE|1146.75|FIXINGVALUE1||FIXINGVALUE2||FIXINGDATE|2009-12-09 00:00:00.000|FIXINGVALUE|1141|FIXINGVALUE1||FIXINGVALUE2||FIXINGDATE|2009-12-10 00:00:00.000|FIXINGVALUE|1128.5|FIXINGVALUE1||FIXINGVALUE2||FIXINGDATE|2009-12-11 00:00:00.000|FIXINGVALUE|1124|FIXINGVALUE1||FIXINGVALUE2||FIXINGDATE|2009-12-14 00:00:00.000|FIXINGVALUE|1123.75|FIXINGVALUE1||FIXINGVALUE2||FIXINGDATE|2009-12-15 00:00:00.000|FIXINGVALUE|1122|FIXINGVALUE1||FIXINGVALUE2||FIXINGDATE|2009-12-16 00:00:00.000|FIXINGVALUE|1137.5|FIXINGVALUE1||FIXINGVALUE2||FIXINGDATE|2009-12-17 00:00:00.000|FIXINGVALUE|1117|FIXINGVALUE1||FIXINGVALUE2||FIXINGDATE|2009-12-18 00:00:00.000|FIXINGVALUE|1104.5|FIXINGVALUE1||FIXINGVALUE2||FIXINGDATE|2009-12-21 00:00:00.000|FIXINGVALUE|1105.5|FIXINGVALUE1||FIXINGVALUE2||FIXINGDATE|2009-12-22 00:00:00.000|FIXINGVALUE|1084|FIXINGVALUE1||FIXINGVALUE2||FIXINGDATE|2009-12-23 00:00:00.000|FIXINGVALUE|1085.25|FIXINGVALUE1||FIXINGVALUE2||FIXINGDATE|2009-12-29 00:00:00.000|FIXINGVALUE|1106|FIXINGVALUE1||FIXINGVALUE2||FIXINGDATE|2009-12-30 00:00:00.000|FIXINGVALUE|1087.5|FIXINGVALUE1||FIXINGVALUE2||FIXINGDATE|2010-01-04 00:00:00.000|FIXINGVALUE|1121.5|FIXINGVALUE1||FIXINGVALUE2||FIXINGDATE|2010-01-05 00:00:00.000|FIXINGVALUE|1123.25|FIXINGVALUE1||FIXINGVALUE2||FIXINGDATE|2010-01-06 00:00:00.000|FIXINGVALUE|1130|FIXINGVALUE1||FIXINGVALUE2||FIXINGDATE|2010-01-07 00:00:00.000|FIXINGVALUE|1130.25|FIXINGVALUE1||FIXINGVALUE2||FIXINGDATE|2010-01-08 00:00:00.000|FIXINGVALUE|1126.75|FIXINGVALUE1||FIXINGVALUE2||FIXINGDATE|2010-01-11 00:00:00.000|FIXINGVALUE|1153|FIXINGVALUE1||FIXINGVALUE2||FIXINGDATE|2010-01-12 00:00:00.000|FIXINGVALUE|1151.25|FIXINGVALUE1||FIXINGVALUE2||FIXINGDATE|2010-01-13 00:00:00.000|FIXINGVALUE|1127.25|FIXINGVALUE1||FIXINGVALUE2||FIXINGDATE|2010-01-14 00:00:00.000|FIXINGVALUE|1138.25|FIXINGVALUE1||FIXINGVALUE2||FIXINGDATE|2010-01-15 00:00:00.000|FIXINGVALUE|1128|FIXINGVALUE1||FIXINGVALUE2||FIXINGDATE|2010-01-18 00:00:00.000|FIXINGVALUE|1134.5|FIXINGVALUE1||FIXINGVALUE2||FIXINGDATE|2010-01-19 00:00:00.000|FIXINGVALUE|1133|FIXINGVALUE1||FIXINGVALUE2||FIXINGDATE|2010-01-20 00:00:00.000|FIXINGVALUE|1120.25|FIXINGVALUE1||FIXINGVALUE2||FIXINGDATE|2010-01-21 00:00:00.000|FIXINGVALUE|1108.25|FIXINGVALUE1||FIXINGVALUE2||FIXINGDATE|2010-01-22 00:00:00.000|FIXINGVALUE|1084|FIXINGVALUE1||FIXINGVALUE2||FIXINGDATE|2010-01-25 00:00:00.000|FIXINGVALUE|1095.25|FIXINGVALUE1||FIXINGVALUE2||FIXINGDATE|2010-01-26 00:00:00.000|FIXINGVALUE|1093.25|FIXINGVALUE1||FIXINGVALUE2||FIXINGDATE|2010-01-27 00:00:00.000|FIXINGVALUE|1094.75|FIXINGVALUE1||FIXINGVALUE2||FIXINGDATE|2010-01-28 00:00:00.000|FIXINGVALUE|1088|FIXINGVALUE1||FIXINGVALUE2||FIXINGDATE|2010-01-29 00:00:00.000|FIXINGVALUE|1078.5|FIXINGVALUE1||FIXINGVALUE2||FIXINGDATE|2010-02-01 00:00:00.000|FIXINGVALUE|1086.5|FIXINGVALUE1||FIXINGVALUE2||FIXINGDATE|2010-02-02 00:00:00.000|FIXINGVALUE|1111|FIXINGVALUE1||FIXINGVALUE2||FIXINGDATE|2010-02-03 00:00:00.000|FIXINGVALUE|1115.25|FIXINGVALUE1||FIXINGVALUE2||FIXINGDATE|2010-02-04 00:00:00.000|FIXINGVALUE|1083.25|FIXINGVALUE1||FIXINGVALUE2||FIXINGDATE|2010-02-05 00:00:00.000|FIXINGVALUE|1058|FIXINGVALUE1||FIXINGVALUE2||FIXINGDATE|2010-02-08 00:00:00.000|FIXINGVALUE|1064|FIXINGVALUE1||FIXINGVALUE2||FIXINGDATE|2010-02-09 00:00:00.000|FIXINGVALUE|1071.25|FIXINGVALUE1||FIXINGVALUE2||FIXINGDATE|2010-02-10 00:00:00.000|FIXINGVALUE|1069.5|FIXINGVALUE1||FIXINGVALUE2||FIXINGDATE|2010-02-11 00:00:00.000|FIXINGVALUE|1076.25|FIXINGVALUE1||FIXINGVALUE2||FIXINGDATE|2010-02-12 00:00:00.000|FIXINGVALUE|1082|FIXINGVALUE1||FIXINGVALUE2||FIXINGDATE|2010-02-15 00:00:00.000|FIXINGVALUE|1098.25|FIXINGVALUE1||FIXINGVALUE2||FIXINGDATE|2010-02-16 00:00:00.000|FIXINGVALUE|1115.25|FIXINGVALUE1||FIXINGVALUE2||FIXINGDATE|2010-02-17 00:00:00.000|FIXINGVALUE|1119|FIXINGVALUE1||FIXINGVALUE2||FIXINGDATE|2010-02-18 00:00:00.000|FIXINGVALUE|1118|FIXINGVALUE1||FIXINGVALUE2||FIXINGDATE|2010-02-19 00:00:00.000|FIXINGVALUE|1112.75|FIXINGVALUE1||FIXINGVALUE2||FIXINGDATE|2010-02-22 00:00:00.000|FIXINGVALUE|1115.25|FIXINGVALUE1||FIXINGVALUE2||FIXINGDATE|2010-02-23 00:00:00.000|FIXINGVALUE|1107|FIXINGVALUE1||FIXINGVALUE2||FIXINGDATE|2010-02-24 00:00:00.000|FIXINGVALUE|1103|FIXINGVALUE1||FIXINGVALUE2||FIXINGDATE|2010-02-25 00:00:00.000|FIXINGVALUE|1094.5|FIXINGVALUE1||FIXINGVALUE2||FIXINGDATE|2010-02-26 00:00:00.000|FIXINGVALUE|1108.25|FIXINGVALUE1||FIXINGVALUE2||FIXINGDATE|2010-03-01 00:00:00.000|FIXINGVALUE|1114|FIXINGVALUE1||FIXINGVALUE2||FIXINGDATE|2010-03-02 00:00:00.000|FIXINGVALUE|1126.5|FIXINGVALUE1||FIXINGVALUE2||FIXINGDATE|2010-03-03 00:00:00.000|FIXINGVALUE|1136.5|FIXINGVALUE1||FIXINGVALUE2||FIXINGDATE|2010-03-04 00:00:00.000|FIXINGVALUE|1134.5|FIXINGVALUE1||FIXINGVALUE2||FIXINGDATE|2010-03-05 00:00:00.000|FIXINGVALUE|1135|FIXINGVALUE1||FIXINGVALUE2||FIXINGDATE|2010-03-08 00:00:00.000|FIXINGVALUE|1125.75|FIXINGVALUE1||FIXINGVALUE2||FIXINGDATE|2010-03-09 00:00:00.000|FIXINGVALUE|1115.75|FIXINGVALUE1||FIXINGVALUE2||FIXINGDATE|2010-03-10 00:00:00.000|FIXINGVALUE|1120.5|FIXINGVALUE1||FIXINGVALUE2||FIXINGDATE|2010-03-11 00:00:00.000|FIXINGVALUE|1104|FIXINGVALUE1||FIXINGVALUE2||FIXINGDATE|2010-03-12 00:00:00.000|FIXINGVALUE|1106.25|FIXINGVALUE1||FIXINGVALUE2||FIXINGDATE|2010-03-15 00:00:00.000|FIXINGVALUE|1104.25|FIXINGVALUE1||FIXINGVALUE2||FIXINGDATE|2010-03-16 00:00:00.000|FIXINGVALUE|1124.75|FIXINGVALUE1||FIXINGVALUE2||FIXINGDATE|2010-03-17 00:00:00.000|FIXINGVALUE|1121.75|FIXINGVALUE1||FIXINGVALUE2||FIXINGDATE|2010-03-18 00:00:00.000|FIXINGVALUE|1122.75|FIXINGVALUE1||FIXINGVALUE2||FIXINGDATE|2010-03-19 00:00:00.000|FIXINGVALUE|1105.5|FIXINGVALUE1||FIXINGVALUE2||FIXINGDATE|2010-03-22 00:00:00.000|FIXINGVALUE|1097.25|FIXINGVALUE1||FIXINGVALUE2||FIXINGDATE|2010-03-23 00:00:00.000|FIXINGVALUE|1101.5|FIXINGVALUE1||FIXINGVALUE2||FIXINGDATE|2010-03-24 00:00:00.000|FIXINGVALUE|1090.75|FIXINGVALUE1||FIXINGVALUE2||FIXINGDATE|2010-03-25 00:00:00.000|FIXINGVALUE|1093|FIXINGVALUE1||FIXINGVALUE2||FIXINGDATE|2010-03-26 00:00:00.000|FIXINGVALUE|1096.5|FIXINGVALUE1||FIXINGVALUE2||FIXINGDATE|2010-03-29 00:00:00.000|FIXINGVALUE|1107.5|FIXINGVALUE1||FIXINGVALUE2||FIXINGDATE|2010-03-30 00:00:00.000|FIXINGVALUE|1107|FIXINGVALUE1||FIXINGVALUE2||FIXINGDATE|2010-03-31 00:00:00.000|FIXINGVALUE|1115.5|FIXINGVALUE1||FIXINGVALUE2||FIXINGDATE|2010-04-01 00:00:00.000|FIXINGVALUE|1123.5|FIXINGVALUE1||FIXINGVALUE2||FIXINGDATE|2010-04-06 00:00:00.000|FIXINGVALUE|1132.75|FIXINGVALUE1||FIXINGVALUE2||FIXINGDATE|2010-04-07 00:00:00.000|FIXINGVALUE|1142|FIXINGVALUE1||FIXINGVALUE2||FIXINGDATE|2010-04-08 00:00:00.000|FIXINGVALUE|1148|FIXINGVALUE1||FIXINGVALUE2||FIXINGDATE|2010-04-09 00:00:00.000|FIXINGVALUE|1152.5|FIXINGVALUE1||FIXINGVALUE2||FIXINGDATE|2010-04-12 00:00:00.000|FIXINGVALUE|1158.75|FIXINGVALUE1||FIXINGVALUE2||FIXINGDATE|2010-04-13 00:00:00.000|FIXINGVALUE|1148.25|FIXINGVALUE1||FIXINGVALUE2||FIXINGDATE|2010-04-14 00:00:00.000|FIXINGVALUE|1153.75|FIXINGVALUE1||FIXINGVALUE2||FIXINGDATE|2010-04-15 00:00:00.000|FIXINGVALUE|1154.5|FIXINGVALUE1||FIXINGVALUE2||FIXINGDATE|2010-04-16 00:00:00.000|FIXINGVALUE|1151.5|FIXINGVALUE1||FIXINGVALUE2||FIXINGDATE|2010-04-19 00:00:00.000|FIXINGVALUE|1136.25|FIXINGVALUE1||FIXINGVALUE2||FIXINGDATE|2010-04-20 00:00:00.000|FIXINGVALUE|1144.75|FIXINGVALUE1||FIXINGVALUE2||FIXINGDATE|2010-04-21 00:00:00.000|FIXINGVALUE|1143|FIXINGVALUE1||FIXINGVALUE2||FIXINGDATE|2010-04-22 00:00:00.000|FIXINGVALUE|1133.75|FIXINGVALUE1||FIXINGVALUE2||FIXINGDATE|2010-04-23 00:00:00.000|FIXINGVALUE|1139.5|FIXINGVALUE1||FIXINGVALUE2||FIXINGDATE|2010-04-26 00:00:00.000|FIXINGVALUE|1154.5|FIXINGVALUE1||FIXINGVALUE2||FIXINGDATE|2010-04-27 00:00:00.000|FIXINGVALUE|1149.5|FIXINGVALUE1||FIXINGVALUE2||FIXINGDATE|2010-04-28 00:00:00.000|FIXINGVALUE|1161|FIXINGVALUE1||FIXINGVALUE2||FIXINGDATE|2010-04-29 00:00:00.000|FIXINGVALUE|1166.75|FIXINGVALUE1||FIXINGVALUE2||FIXINGDATE|2010-04-30 00:00:00.000|FIXINGVALUE|1179.25|FIXINGVALUE1||FIXINGVALUE2||FIXINGDATE|2010-05-04 00:00:00.000|FIXINGVALUE|1185|FIXINGVALUE1||FIXINGVALUE2||FIXINGDATE|2010-05-05 00:00:00.000|FIXINGVALUE|1165|FIXINGVALUE1||FIXINGVALUE2||FIXINGDATE|2010-05-06 00:00:00.000|FIXINGVALUE|1185.25|FIXINGVALUE1||FIXINGVALUE2||FIXINGDATE|2010-05-07 00:00:00.000|FIXINGVALUE|1202.25|FIXINGVALUE1||FIXINGVALUE2||FIXINGDATE|2010-05-10 00:00:00.000|FIXINGVALUE|1196.5|FIXINGVALUE1||FIXINGVALUE2||FIXINGDATE|2010-05-11 00:00:00.000|FIXINGVALUE|1222.5|FIXINGVALUE1||FIXINGVALUE2||FIXINGDATE|2010-05-12 00:00:00.000|FIXINGVALUE|1237.5|FIXINGVALUE1||FIXINGVALUE2||FIXINGDATE|2010-05-13 00:00:00.000|FIXINGVALUE|1237.5|FIXINGVALUE1||FIXINGVALUE2||FIXINGDATE|2010-05-14 00:00:00.000|FIXINGVALUE|1236.5|FIXINGVALUE1||FIXINGVALUE2||FIXINGDATE|2010-05-17 00:00:00.000|FIXINGVALUE|1236|FIXINGVALUE1||FIXINGVALUE2||FIXINGDATE|2010-05-18 00:00:00.000|FIXINGVALUE|1216.75|FIXINGVALUE1||FIXINGVALUE2||FIXINGDATE|2010-05-19 00:00:00.000|FIXINGVALUE|1195|FIXINGVALUE1||FIXINGVALUE2||FIXINGDATE|2010-05-20 00:00:00.000|FIXINGVALUE|1192|FIXINGVALUE1||FIXINGVALUE2||FIXINGDATE|2010-05-21 00:00:00.000|FIXINGVALUE|1179.75|FIXINGVALUE1||FIXINGVALUE2||FIXINGDATE|2010-05-24 00:00:00.000|FIXINGVALUE|1187|FIXINGVALUE1||FIXINGVALUE2||FIXINGDATE|2010-05-25 00:00:00.000|FIXINGVALUE|1198.25|FIXINGVALUE1||FIXINGVALUE2||FIXINGDATE|2010-05-26 00:00:00.000|FIXINGVALUE|1212|FIXINGVALUE1||FIXINGVALUE2||FIXINGDATE|2010-05-27 00:00:00.000|FIXINGVALUE|1211|FIXINGVALUE1||FIXINGVALUE2||FIXINGDATE|2010-05-28 00:00:00.000|FIXINGVALUE|1207.5|FIXINGVALUE1||FIXINGVALUE2||FIXINGDATE|2010-06-01 00:00:00.000|FIXINGVALUE|1227.75|FIXINGVALUE1||FIXINGVALUE2||FIXINGDATE|2010-06-02 00:00:00.000|FIXINGVALUE|1215|FIXINGVALUE1||FIXINGVALUE2||FIXINGDATE|2010-06-03 00:00:00.000|FIXINGVALUE|1215|FIXINGVALUE1||FIXINGVALUE2||FIXINGDATE|2010-06-04 00:00:00.000|FIXINGVALUE|1203.5|FIXINGVALUE1||FIXINGVALUE2||FIXINGDATE|2010-06-07 00:00:00.000|FIXINGVALUE|1215|FIXINGVALUE1||FIXINGVALUE2||FIXINGDATE|2010-06-08 00:00:00.000|FIXINGVALUE|1246|FIXINGVALUE1||FIXINGVALUE2||FIXINGDATE|2010-06-09 00:00:00.000|FIXINGVALUE|1233.5|FIXINGVALUE1||FIXINGVALUE2||FIXINGDATE|2010-06-10 00:00:00.000|FIXINGVALUE|1217.5|FIXINGVALUE1||FIXINGVALUE2||FIXINGDATE|2010-06-11 00:00:00.000|FIXINGVALUE|1220|FIXINGVALUE1||FIXINGVALUE2||FIXINGDATE|2010-06-14 00:00:00.000|FIXINGVALUE|1223.75|FIXINGVALUE1||FIXINGVALUE2||FIXINGDATE|2010-06-15 00:00:00.000|FIXINGVALUE|1225|FIXINGVALUE1||FIXINGVALUE2||FIXINGDATE|2010-06-16 00:00:00.000|FIXINGVALUE|1234.5|FIXINGVALUE1||FIXINGVALUE2||FIXINGDATE|2010-06-17 00:00:00.000|FIXINGVALUE|1245|FIXINGVALUE1||FIXINGVALUE2||FIXINGDATE|2010-06-18 00:00:00.000|FIXINGVALUE|1256|FIXINGVALUE1||FIXINGVALUE2||FIXINGDATE|2010-06-21 00:00:00.000|FIXINGVALUE|1254.5|FIXINGVALUE1||FIXINGVALUE2||FIXINGDATE|2010-06-22 00:00:00.000|FIXINGVALUE|1236|FIXINGVALUE1||FIXINGVALUE2||FIXINGDATE|2010-06-23 00:00:00.000|FIXINGVALUE|1226.5|FIXINGVALUE1||FIXINGVALUE2||FIXINGDATE|2010-06-24 00:00:00.000|FIXINGVALUE|1236.25|FIXINGVALUE1||FIXINGVALUE2||FIXINGDATE|2010-06-25 00:00:00.000|FIXINGVALUE|1254|FIXINGVALUE1||FIXINGVALUE2||FIXINGDATE|2010-06-28 00:00:00.000|FIXINGVALUE|1261|FIXINGVALUE1||FIXINGVALUE2||FIXINGDATE|2010-06-29 00:00:00.000|FIXINGVALUE|1234.5|FIXINGVALUE1||FIXINGVALUE2||FIXINGDATE|2010-06-30 00:00:00.000|FIXINGVALUE|1244|FIXINGVALUE1||FIXINGVALUE2||FIXINGDATE|2010-07-01 00:00:00.000|FIXINGVALUE|1234|FIXINGVALUE1||FIXINGVALUE2||FIXINGDATE|2010-07-02 00:00:00.000|FIXINGVALUE|1201.5|FIXINGVALUE1||FIXINGVALUE2||FIXINGDATE|2010-07-05 00:00:00.000|FIXINGVALUE|1208|FIXINGVALUE1||FIXINGVALUE2||FIXINGDATE|2010-07-06 00:00:00.000|FIXINGVALUE|1195|FIXINGVALUE1||FIXINGVALUE2||FIXINGDATE|2010-07-07 00:00:00.000|FIXINGVALUE|1193.25|FIXINGVALUE1||FIXINGVALUE2||FIXINGDATE|2010-07-08 00:00:00.000|FIXINGVALUE|1193.5|FIXINGVALUE1||FIXINGVALUE2||FIXINGDATE|2010-07-09 00:00:00.000|FIXINGVALUE|1208.75|FIXINGVALUE1||FIXINGVALUE2||FIXINGDATE|2010-07-12 00:00:00.000|FIXINGVALUE|1205.5|FIXINGVALUE1||FIXINGVALUE2||FIXINGDATE|2010-07-13 00:00:00.000|FIXINGVALUE|1216|FIXINGVALUE1||FIXINGVALUE2||FIXINGDATE|2010-07-14 00:00:00.000|FIXINGVALUE|1207|FIXINGVALUE1||FIXINGVALUE2||FIXINGDATE|2010-07-15 00:00:00.000|FIXINGVALUE|1208|FIXINGVALUE1||FIXINGVALUE2||FIXINGDATE|2010-07-16 00:00:00.000|FIXINGVALUE|1189.25|FIXINGVALUE1||FIXINGVALUE2||FIXINGDATE|2010-07-19 00:00:00.000|FIXINGVALUE|1181|FIXINGVALUE1||FIXINGVALUE2||FIXINGDATE|2010-07-20 00:00:00.000|FIXINGVALUE|1183|FIXINGVALUE1||FIXINGVALUE2||FIXINGDATE|2010-07-21 00:00:00.000|FIXINGVALUE|1191.5|FIXINGVALUE1||FIXINGVALUE2||FIXINGDATE|2010-07-22 00:00:00.000|FIXINGVALUE|1199.5|FIXINGVALUE1||FIXINGVALUE2||FIXINGDATE|2010-07-23 00:00:00.000|FIXINGVALUE|1190.5|FIXINGVALUE1||FIXINGVALUE2||FIXINGDATE|2010-07-26 00:00:00.000|FIXINGVALUE|1183.5|FIXINGVALUE1||FIXINGVALUE2||FIXINGDATE|2010-07-27 00:00:00.000|FIXINGVALUE|1168|FIXINGVALUE1||FIXINGVALUE2||FIXINGDATE|2010-07-28 00:00:00.000|FIXINGVALUE|1157|FIXINGVALUE1||FIXINGVALUE2||FIXINGDATE|2010-07-29 00:00:00.000|FIXINGVALUE|1162.5|FIXINGVALUE1||FIXINGVALUE2||FIXINGDATE|2010-07-30 00:00:00.000|FIXINGVALUE|1169|FIXINGVALUE1||FIXINGVALUE2||FIXINGDATE|2010-08-02 00:00:00.000|FIXINGVALUE|1188.5|FIXINGVALUE1||FIXINGVALUE2||FIXINGDATE|2010-08-03 00:00:00.000|FIXINGVALUE|1187.5|FIXINGVALUE1||FIXINGVALUE2||FIXINGDATE|2010-08-04 00:00:00.000|FIXINGVALUE|1199.5|FIXINGVALUE1||FIXINGVALUE2||FIXINGDATE|2010-08-05 00:00:00.000|FIXINGVALUE|1192.5|FIXINGVALUE1||FIXINGVALUE2||FIXINGDATE|2010-08-06 00:00:00.000|FIXINGVALUE|1207.75|FIXINGVALUE1||FIXINGVALUE2||FIXINGDATE|2010-08-09 00:00:00.000|FIXINGVALUE|1203|FIXINGVALUE1||FIXINGVALUE2||FIXINGDATE|2010-08-10 00:00:00.000|FIXINGVALUE|1192.5|FIXINGVALUE1||FIXINGVALUE2||FIXINGDATE|2010-08-11 00:00:00.000|FIXINGVALUE|1205.5|FIXINGVALUE1||FIXINGVALUE2||FIXINGDATE|2010-08-12 00:00:00.000|FIXINGVALUE|1213|FIXINGVALUE1||FIXINGVALUE2||FIXINGDATE|2010-08-13 00:00:00.000|FIXINGVALUE|1214.25|FIXINGVALUE1||FIXINGVALUE2||FIXINGDATE|2010-08-16 00:00:00.000|FIXINGVALUE|1223.5|FIXINGVALUE1||FIXINGVALUE2||FIXINGDATE|2010-08-17 00:00:00.000|FIXINGVALUE|1226|FIXINGVALUE1||FIXINGVALUE2||FIXINGDATE|2010-08-18 00:00:00.000|FIXINGVALUE|1218|FIXINGVALUE1||FIXINGVALUE2||FIXINGDATE|2010-08-19 00:00:00.000|FIXINGVALUE|1233.5|FIXINGVALUE1||FIXINGVALUE2||FIXINGDATE|2010-08-20 00:00:00.000|FIXINGVALUE|1223.5|FIXINGVALUE1||FIXINGVALUE2||FIXINGDATE|2010-08-23 00:00:00.000|FIXINGVALUE|1226|FIXINGVALUE1||FIXINGVALUE2||FIXINGDATE|2010-08-24 00:00:00.000|FIXINGVALUE|1222|FIXINGVALUE1||FIXINGVALUE2||FIXINGDATE|2010-08-25 00:00:00.000|FIXINGVALUE|1237.5|FIXINGVALUE1||FIXINGVALUE2||FIXINGDATE|2010-08-26 00:00:00.000|FIXINGVALUE|1237|FIXINGVALUE1||FIXINGVALUE2||FIXINGDATE|2010-08-27 00:00:00.000|FIXINGVALUE|1235|FIXINGVALUE1||FIXINGVALUE2||FIXINGDATE|2010-08-31 00:00:00.000|FIXINGVALUE||FIXINGVALUE1||FIXINGVALUE2||FIXINGDATE|2010-09-01 00:00:00.000|FIXINGVALUE||FIXINGVALUE1||FIXINGVALUE2||FIXINGDATE|2010-09-02 00:00:00.000|FIXINGVALUE||FIXINGVALUE1||FIXINGVALUE2||FIXINGDATE|2010-09-03 00:00:00.000|FIXINGVALUE||FIXINGVALUE1||FIXINGVALUE2||FIXINGDATE|2010-09-06 00:00:00.000|FIXINGVALUE||FIXINGVALUE1||FIXINGVALUE2||FIXINGDATE|2010-09-07 00:00:00.000|FIXINGVALUE||FIXINGVALUE1||FIXINGVALUE2||FIXINGDATE|2010-09-08 00:00:00.000|FIXINGVALUE||FIXINGVALUE1||FIXINGVALUE2||FIXINGDATE|2010-09-09 00:00:00.000|FIXINGVALUE||FIXINGVALUE1||FIXINGVALUE2||FIXINGDATE|2010-09-10 00:00:00.000|FIXINGVALUE||FIXINGVALUE1||FIXINGVALUE2||FIXINGDATE|2010-09-13 00:00:00.000|FIXINGVALUE||FIXINGVALUE1||FIXINGVALUE2||FIXINGDATE|2010-09-14 00:00:00.000|FIXINGVALUE||FIXINGVALUE1||FIXINGVALUE2||FIXINGDATE|2010-09-15 00:00:00.000|FIXINGVALUE||FIXINGVALUE1||FIXINGVALUE2||FIXINGDATE|2010-09-16 00:00:00.000|FIXINGVALUE||FIXINGVALUE1||FIXINGVALUE2||FIXINGDATE|2010-09-17 00:00:00.000|FIXINGVALUE||FIXINGVALUE1||FIXINGVALUE2||FIXINGDATE|2010-09-20 00:00:00.000|FIXINGVALUE||FIXINGVALUE1||FIXINGVALUE2||BOOK_CPTY_CDRMNEMONIC|DTCH L  NI3|PROFIT_CENTRE|PML0|BOOKBRANCHPARENT|Commodities|HIGH_LEVEL_CPTY_CDRMNEMONIC|ARON N|HIGH_LEVEL_BOOK_CPTY_CDRM|DTCH N  CMD|BOOK_CPYT_SRC_SYSTEM|RMS|SUBBRANCH|SPX|CPTY_CDRMNEMONIC|ARON N|AMI_CODE|0840|BOOK_CPTY|PMLNOGOGV|PUBLICATIONTIME|2010-09-24 16:01:30.438|DBLEGALENTITY|London|ISLIVEYN|Y</Text>
</Message>
