<?xml version="1.0" encoding="UTF-8"?>
<Message>
    <SystemInfo>
        <JMSDestination>Topic[exodus.pipe.demo]</JMSDestination>
        <JMSReplyTo/>
        <JMSDeliveryMode>2</JMSDeliveryMode>
        <JMSRedelivered>false</JMSRedelivered>
        <JMSCorrelationID>null</JMSCorrelationID>
        <JMSType>null</JMSType>
        <JMSTimestamp>1285343878888</JMSTimestamp>
        <JMSExpiration>0</JMSExpiration>
        <JMSPriority>4</JMSPriority>
    </SystemInfo>
    <ApplicationInfo>
        <SYSTEMID>189878058</SYSTEMID>
        <TRADEGROUP>FXVOLSWAP</TRADEGROUP>
        <VERSION>39</VERSION>
        <COUNTERPARTY>MPGSI</COUNTERPARTY>
        <MESSAGE_TYPE>RMS_TRADE</MESSAGE_TYPE>
        <TRADETYPE>FxVolSwap</TRADETYPE>
        <BOOK>JPYLT</BOOK>
        <ACTION>Fixed</ACTION>
        <STATUS>Open</STATUS>
    </ApplicationInfo>
    <Text>SYSTEMID|189878058|TRADETYPE|FxVolSwap|TRADEID|109821017B|SOURCESYSTEM|RMS|BOOK|JPYLT|BLOTTER||COUNTERPARTY|MPGSI|COUNTERPARTYSOURCESYSTEM|RMS|COUNTERPARTYNAME|GOLDMAN SACHS INTERNATIONAL AC MAPLE LEAF MACRO VOLATILITY MASTER FUND PBR|DBICOUNTERPARTYID||CUSTOMER|MPGSI|CUSTOMERSOURCESYSTEM|RMS|STATUS|Open|UNDERCURRENCY|USD|UNDERCURRENCY1||UNDERCURRENCY2||ACCCURRENCY|JPY|NOTIONAL|-25000000|STRIKE|0.126|EXPIRYDATE|2015-07-30 00:00:00.000|SETTLEMENTDATE|2015-08-03 00:00:00.000|PAYCURRENCY|USD|QUANTOLEVEL|1|FIXINGREFERENCE|WMRSPOT11|FIRSTFIXINGDATE|2010-07-29 00:00:00.000|LASTFIXINGDATE|2015-07-30 00:00:00.000|LASTFIXEDDATE|2010-08-31 00:00:00.000|LASTFIXING|83.97|FIXINGMODE||MEANLEVERAGE||RUNNINGMEAN|-0.0015961780711012522893074510015334678791|RUNNINGVARIANCE|0.000044077274391831628602155260752609738142|ANNUALISATIONFACTOR|250|FIXINGHOLIDAYS|ECU,USD|FIXINGHOLIDAY1|ECU|FIXINGHOLIDAY2|USD|VARIANCEQUOTATIONTYPE|N-1|PREMIUMCURRENCY||PREMIUMAMOUNT||PREMIUMDATE||PREMIUMHASPAIDYN||UNWINDRATE||UNWINDPREMIUMCURRENCY||UNWINDPREMIUMAMOUNT||UNWINDPREMIUMDATE||MARGINPAYMENTCURRENCY|EUR|MARGINPAYMENTAMOUNT|150000|MODELTYPE||NUMPATHS||SEED||PRODUCTID|185652180|PRODUCTVERSION|4|PRODUCTLEGID||STRUCTUREID|109821017|REFERENCESPOT||REFERENCEFORWARDPOINTS||REFERENCEVOLATILITY||REFERENCEDEPORATE||REFERENCEDEPOCURRENCY||REFERENCEDELTA||REFERENCEDELTACURRENCY||ASSETLOCATION||TRADEDATE|2005-07-28 00:00:00.000|LASTUPDATED|2010-08-31 23:09:19.000|ACTION|Fixed|ACTIONEFFECTIVEDATE|2010-08-31 00:00:00.000|SOURCESYSTEMBOOK|JPYLT|SOURCESYSTEMPROFITCENTRE||SALESPERSON||TRADER||ENTEREDBY|MEDARIC|FUNDSPLITID||FUNDSPLITVERSION||STRUCTURENAME||MARKUPAMT||MARKUPCCY||MARKUPLOCATION||ATRISKAMT||ATRISKCCY||ATRISKLOCATION||ATRISKINDICATOR||REASON||NOTES|24TH DEC 2010 FIXING ADDED - GS will need to provide the fixing rms won't provide it on this day.|BROKER||BROKERAMT||BROKERCCY||LINKSYSTEMID||LINKTYPE||SOURCESYSTEMID|189878058|DATECREATED|2009-02-24 00:48:07.000|CONFIRMAS||VERSION|39|CANCELSSOURCESYSTEMID||CANCELLEDBYSOURCESYSTEMID||CANCELLINGHALFSOURCESYSTEMID||CORRECTSSOURCESYSTEMID||CORRECTEDBYSOURCESYSTEMID||CLOSESSOURCESYSTEMID||CLOSEDBYSOURCESYSTEMID||EXERCISEDINTOSOURCESYSTEMID||EXERCISEDFROMSOURCESYSTEMID||LATESTVERSIONYN|N|CLOSINGDATE||LEGALENTITY|London|DEALCAPTURESYSTEM|RMS|DEALCAPTURESYSTEMID|189878058|BOOKINGLOCATION|London|PRODUCTTYPE||PRODUCTINSTANCE||BACKOFFICESYSTEM||BACKOFFICESYSTEMID||VERSIONVALIDUNTILDATE|2010-09-01 23:10:22.000|TRADEEXTRADETAILID|0|TRADEEXTRADETAILVERSION|0|TRADECLASSIFICATION|1|DEALCAPTURESALESUSER|RMS_WALTDAN|FUNDSPLITALLOCATIONID||FUNDSPLITALLOCATIONLEGID||TEARUPID||ELECTEDCONFIRMATIONSYSTEM|///|ELECTEDCONFIRMATIONRULEID|84|PREVIOUSCONFIRMATIONSYSTEM|///|ELECTEDSETTLEMENTSYSTEM|///|ELECTEDSETTLEMENTRULEID|84|PREVIOUSSETTLEMENTSYSTEM|///|BACKOFFICEPROCESSING|Manual|CALCULATIONAGENT|DB|CLOSEDBY_PRODUCTID|185652180|CLOSES_PRODUCTID|185652180|LINK_PRODUCTID|185652180|PRODUCTTYPEID|VOLSWAP|BACKOFFICEENDDATE||BACKOFFICEEVENT||BACKOFFICEBRANCHACCEPTED||BACKOFFICEBRANCHEVENT||TRADETABLE|FXVOLSWAP|USERENTEREDTRADEDATE||FIXINGDATE|2010-07-29 00:00:00.000|FIXINGVALUE|87.11|FIXINGVALUE1||FIXINGVALUE2||FIXINGDATE|2010-07-30 00:00:00.000|FIXINGVALUE|86.66|FIXINGVALUE1||FIXINGVALUE2||FIXINGDATE|2010-08-02 00:00:00.000|FIXINGVALUE|86.46|FIXINGVALUE1||FIXINGVALUE2||FIXINGDATE|2010-08-03 00:00:00.000|FIXINGVALUE|85.83|FIXINGVALUE1||FIXINGVALUE2||FIXINGDATE|2010-08-04 00:00:00.000|FIXINGVALUE|86.305|FIXINGVALUE1||FIXINGVALUE2||FIXINGDATE|2010-08-05 00:00:00.000|FIXINGVALUE|85.89|FIXINGVALUE1||FIXINGVALUE2||FIXINGDATE|2010-08-06 00:00:00.000|FIXINGVALUE|85.12|FIXINGVALUE1||FIXINGVALUE2||FIXINGDATE|2010-08-09 00:00:00.000|FIXINGVALUE|85.765|FIXINGVALUE1||FIXINGVALUE2||FIXINGDATE|2010-08-10 00:00:00.000|FIXINGVALUE|85.835|FIXINGVALUE1||FIXINGVALUE2||FIXINGDATE|2010-08-11 00:00:00.000|FIXINGVALUE|85.28|FIXINGVALUE1||FIXINGVALUE2||FIXINGDATE|2010-08-12 00:00:00.000|FIXINGVALUE|85.945|FIXINGVALUE1||FIXINGVALUE2||FIXINGDATE|2010-08-13 00:00:00.000|FIXINGVALUE|86.35|FIXINGVALUE1||FIXINGVALUE2||FIXINGDATE|2010-08-16 00:00:00.000|FIXINGVALUE|85.35|FIXINGVALUE1||FIXINGVALUE2||FIXINGDATE|2010-08-17 00:00:00.000|FIXINGVALUE|85.57|FIXINGVALUE1||FIXINGVALUE2||FIXINGDATE|2010-08-18 00:00:00.000|FIXINGVALUE|85.35|FIXINGVALUE1||FIXINGVALUE2||FIXINGDATE|2010-08-19 00:00:00.000|FIXINGVALUE|85.05|FIXINGVALUE1||FIXINGVALUE2||FIXINGDATE|2010-08-20 00:00:00.000|FIXINGVALUE|85.74|FIXINGVALUE1||FIXINGVALUE2||FIXINGDATE|2010-08-23 00:00:00.000|FIXINGVALUE|85.19|FIXINGVALUE1||FIXINGVALUE2||FIXINGDATE|2010-08-24 00:00:00.000|FIXINGVALUE|83.995|FIXINGVALUE1||FIXINGVALUE2||FIXINGDATE|2010-08-25 00:00:00.000|FIXINGVALUE|84.61|FIXINGVALUE1||FIXINGVALUE2||FIXINGDATE|2010-08-26 00:00:00.000|FIXINGVALUE|84.63|FIXINGVALUE1||FIXINGVALUE2||FIXINGDATE|2010-08-27 00:00:00.000|FIXINGVALUE|84.98|FIXINGVALUE1||FIXINGVALUE2||FIXINGDATE|2010-08-30 00:00:00.000|FIXINGVALUE|84.715|FIXINGVALUE1||FIXINGVALUE2||FIXINGDATE|2010-08-31 00:00:00.000|FIXINGVALUE|83.97|FIXINGVALUE1||FIXINGVALUE2||FIXINGDATE|2010-09-01 00:00:00.000|FIXINGVALUE||FIXINGVALUE1||FIXINGVALUE2||FIXINGDATE|2010-09-02 00:00:00.000|FIXINGVALUE||FIXINGVALUE1||FIXINGVALUE2||FIXINGDATE|2010-09-03 00:00:00.000|FIXINGVALUE||FIXINGVALUE1||FIXINGVALUE2||FIXINGDATE|2010-09-07 00:00:00.000|FIXINGVALUE||FIXINGVALUE1||FIXINGVALUE2||FIXINGDATE|2010-09-08 00:00:00.000|FIXINGVALUE||FIXINGVALUE1||FIXINGVALUE2||FIXINGDATE|2010-09-09 00:00:00.000|FIXINGVALUE||FIXINGVALUE1||FIXINGVALUE2||FIXINGDATE|2010-09-10 00:00:00.000|FIXINGVALUE||FIXINGVALUE1||FIXINGVALUE2||FIXINGDATE|2010-09-13 00:00:00.000|FIXINGVALUE||FIXINGVALUE1||FIXINGVALUE2||FIXINGDATE|2010-09-14 00:00:00.000|FIXINGVALUE||FIXINGVALUE1||FIXINGVALUE2||FIXINGDATE|2010-09-15 00:00:00.000|FIXINGVALUE||FIXINGVALUE1||FIXINGVALUE2||FIXINGDATE|2010-09-16 00:00:00.000|FIXINGVALUE||FIXINGVALUE1||FIXINGVALUE2||FIXINGDATE|2010-09-17 00:00:00.000|FIXINGVALUE||FIXINGVALUE1||FIXINGVALUE2||FIXINGDATE|2010-09-20 00:00:00.000|FIXINGVALUE||FIXINGVALUE1||FIXINGVALUE2||FIXINGDATE|2010-09-21 00:00:00.000|FIXINGVALUE||FIXINGVALUE1||FIXINGVALUE2||FIXINGDATE|2010-09-22 00:00:00.000|FIXINGVALUE||FIXINGVALUE1||FIXINGVALUE2||FIXINGDATE|2010-09-23 00:00:00.000|FIXINGVALUE||FIXINGVALUE1||FIXINGVALUE2||FIXINGDATE|2010-09-24 00:00:00.000|FIXINGVALUE||FIXINGVALUE1||FIXINGVALUE2||FIXINGDATE|2010-09-27 00:00:00.000|FIXINGVALUE||FIXINGVALUE1||FIXINGVALUE2||FIXINGDATE|2010-09-28 00:00:00.000|FIXINGVALUE||FIXINGVALUE1||FIXINGVALUE2||FIXINGDATE|2010-09-29 00:00:00.000|FIXINGVALUE||FIXINGVALUE1||FIXINGVALUE2||FIXINGDATE|2010-09-30 00:00:00.000|FIXINGVALUE||FIXINGVALUE1||FIXINGVALUE2||FIXINGDATE|2010-10-01 00:00:00.000|FIXINGVALUE||FIXINGVALUE1||FIXINGVALUE2||FIXINGDATE|2010-10-04 00:00:00.000|FIXINGVALUE||FIXINGVALUE1||FIXINGVALUE2||FIXINGDATE|2010-10-05 00:00:00.000|FIXINGVALUE||FIXINGVALUE1||FIXINGVALUE2||FIXINGDATE|2010-10-06 00:00:00.000|FIXINGVALUE||FIXINGVALUE1||FIXINGVALUE2||FIXINGDATE|2010-10-07 00:00:00.000|FIXINGVALUE||FIXINGVALUE1||FIXINGVALUE2||FIXINGDATE|2010-10-08 00:00:00.000|FIXINGVALUE||FIXINGVALUE1||FIXINGVALUE2||FIXINGDATE|2010-10-12 00:00:00.000|FIXINGVALUE||FIXINGVALUE1||FIXINGVALUE2||FIXINGDATE|2010-10-13 00:00:00.000|FIXINGVALUE||FIXINGVALUE1||FIXINGVALUE2||FIXINGDATE|2010-10-14 00:00:00.000|FIXINGVALUE||FIXINGVALUE1||FIXINGVALUE2||FIXINGDATE|2010-10-15 00:00:00.000|FIXINGVALUE||FIXINGVALUE1||FIXINGVALUE2||FIXINGDATE|2010-10-18 00:00:00.000|FIXINGVALUE||FIXINGVALUE1||FIXINGVALUE2||FIXINGDATE|2010-10-19 00:00:00.000|FIXINGVALUE||FIXINGVALUE1||FIXINGVALUE2||FIXINGDATE|2010-10-20 00:00:00.000|FIXINGVALUE||FIXINGVALUE1||FIXINGVALUE2||FIXINGDATE|2010-10-21 00:00:00.000|FIXINGVALUE||FIXINGVALUE1||FIXINGVALUE2||FIXINGDATE|2010-10-22 00:00:00.000|FIXINGVALUE||FIXINGVALUE1||FIXINGVALUE2||FIXINGDATE|2010-10-25 00:00:00.000|FIXINGVALUE||FIXINGVALUE1||FIXINGVALUE2||FIXINGDATE|2010-10-26 00:00:00.000|FIXINGVALUE||FIXINGVALUE1||FIXINGVALUE2||FIXINGDATE|2010-10-27 00:00:00.000|FIXINGVALUE||FIXINGVALUE1||FIXINGVALUE2||FIXINGDATE|2010-10-28 00:00:00.000|FIXINGVALUE||FIXINGVALUE1||FIXINGVALUE2||FIXINGDATE|2010-10-29 00:00:00.000|FIXINGVALUE||FIXINGVALUE1||FIXINGVALUE2||FIXINGDATE|2010-11-01 00:00:00.000|FIXINGVALUE||FIXINGVALUE1||FIXINGVALUE2||FIXINGDATE|2010-11-02 00:00:00.000|FIXINGVALUE||FIXINGVALUE1||FIXINGVALUE2||FIXINGDATE|2010-11-03 00:00:00.000|FIXINGVALUE||FIXINGVALUE1||FIXINGVALUE2||FIXINGDATE|2010-11-04 00:00:00.000|FIXINGVALUE||FIXINGVALUE1||FIXINGVALUE2||FIXINGDATE|2010-11-05 00:00:00.000|FIXINGVALUE||FIXINGVALUE1||FIXINGVALUE2||FIXINGDATE|2010-11-08 00:00:00.000|FIXINGVALUE||FIXINGVALUE1||FIXINGVALUE2||FIXINGDATE|2010-11-09 00:00:00.000|FIXINGVALUE||FIXINGVALUE1||FIXINGVALUE2||FIXINGDATE|2010-11-10 00:00:00.000|FIXINGVALUE||FIXINGVALUE1||FIXINGVALUE2||FIXINGDATE|2010-11-12 00:00:00.000|FIXINGVALUE||FIXINGVALUE1||FIXINGVALUE2||FIXINGDATE|2010-11-15 00:00:00.000|FIXINGVALUE||FIXINGVALUE1||FIXINGVALUE2||FIXINGDATE|2010-11-16 00:00:00.000|FIXINGVALUE||FIXINGVALUE1||FIXINGVALUE2||FIXINGDATE|2010-11-17 00:00:00.000|FIXINGVALUE||FIXINGVALUE1||FIXINGVALUE2||FIXINGDATE|2010-11-18 00:00:00.000|FIXINGVALUE||FIXINGVALUE1||FIXINGVALUE2||FIXINGDATE|2010-11-19 00:00:00.000|FIXINGVALUE||FIXINGVALUE1||FIXINGVALUE2||FIXINGDATE|2010-11-22 00:00:00.000|FIXINGVALUE||FIXINGVALUE1||FIXINGVALUE2||FIXINGDATE|2010-11-23 00:00:00.000|FIXINGVALUE||FIXINGVALUE1||FIXINGVALUE2||FIXINGDATE|2010-11-24 00:00:00.000|FIXINGVALUE||FIXINGVALUE1||FIXINGVALUE2||FIXINGDATE|2010-11-26 00:00:00.000|FIXINGVALUE||FIXINGVALUE1||FIXINGVALUE2||FIXINGDATE|2010-11-29 00:00:00.000|FIXINGVALUE||FIXINGVALUE1||FIXINGVALUE2||FIXINGDATE|2010-11-30 00:00:00.000|FIXINGVALUE||FIXINGVALUE1||FIXINGVALUE2||FIXINGDATE|2010-12-01 00:00:00.000|FIXINGVALUE||FIXINGVALUE1||FIXINGVALUE2||FIXINGDATE|2010-12-02 00:00:00.000|FIXINGVALUE||FIXINGVALUE1||FIXINGVALUE2||FIXINGDATE|2010-12-03 00:00:00.000|FIXINGVALUE||FIXINGVALUE1||FIXINGVALUE2||FIXINGDATE|2010-12-06 00:00:00.000|FIXINGVALUE||FIXINGVALUE1||FIXINGVALUE2||FIXINGDATE|2010-12-07 00:00:00.000|FIXINGVALUE||FIXINGVALUE1||FIXINGVALUE2||FIXINGDATE|2010-12-08 00:00:00.000|FIXINGVALUE||FIXINGVALUE1||FIXINGVALUE2||FIXINGDATE|2010-12-09 00:00:00.000|FIXINGVALUE||FIXINGVALUE1||FIXINGVALUE2||FIXINGDATE|2010-12-10 00:00:00.000|FIXINGVALUE||FIXINGVALUE1||FIXINGVALUE2||FIXINGDATE|2010-12-13 00:00:00.000|FIXINGVALUE||FIXINGVALUE1||FIXINGVALUE2||FIXINGDATE|2010-12-14 00:00:00.000|FIXINGVALUE||FIXINGVALUE1||FIXINGVALUE2||FIXINGDATE|2010-12-15 00:00:00.000|FIXINGVALUE||FIXINGVALUE1||FIXINGVALUE2||FIXINGDATE|2010-12-16 00:00:00.000|FIXINGVALUE||FIXINGVALUE1||FIXINGVALUE2||FIXINGDATE|2010-12-17 00:00:00.000|FIXINGVALUE||FIXINGVALUE1||FIXINGVALUE2||FIXINGDATE|2010-12-20 00:00:00.000|FIXINGVALUE||FIXINGVALUE1||FIXINGVALUE2||FIXINGDATE|2010-12-21 00:00:00.000|FIXINGVALUE||FIXINGVALUE1||FIXINGVALUE2||FIXINGDATE|2010-12-22 00:00:00.000|FIXINGVALUE||FIXINGVALUE1||FIXINGVALUE2||FIXINGDATE|2010-12-23 00:00:00.000|FIXINGVALUE||FIXINGVALUE1||FIXINGVALUE2||FIXINGDATE|2010-12-24 00:00:00.000|FIXINGVALUE||FIXINGVALUE1||FIXINGVALUE2||FIXINGDATE|2010-12-27 00:00:00.000|FIXINGVALUE||FIXINGVALUE1||FIXINGVALUE2||FIXINGDATE|2010-12-28 00:00:00.000|FIXINGVALUE||FIXINGVALUE1||FIXINGVALUE2||FIXINGDATE|2010-12-29 00:00:00.000|FIXINGVALUE||FIXINGVALUE1||FIXINGVALUE2||FIXINGDATE|2010-12-30 00:00:00.000|FIXINGVALUE||FIXINGVALUE1||FIXINGVALUE2||FIXINGDATE|2010-12-31 00:00:00.000|FIXINGVALUE||FIXINGVALUE1||FIXINGVALUE2||FIXINGDATE|2011-01-03 00:00:00.000|FIXINGVALUE||FIXINGVALUE1||FIXINGVALUE2||FIXINGDATE|2011-01-04 00:00:00.000|FIXINGVALUE||FIXINGVALUE1||FIXINGVALUE2||FIXINGDATE|2011-01-05 00:00:00.000|FIXINGVALUE||FIXINGVALUE1||FIXINGVALUE2||FIXINGDATE|2011-01-06 00:00:00.000|FIXINGVALUE||FIXINGVALUE1||FIXINGVALUE2||FIXINGDATE|2011-01-07 00:00:00.000|FIXINGVALUE||FIXINGVALUE1||FIXINGVALUE2||FIXINGDATE|2011-01-10 00:00:00.000|FIXINGVALUE||FIXINGVALUE1||FIXINGVALUE2||FIXINGDATE|2011-01-11 00:00:00.000|FIXINGVALUE||FIXINGVALUE1||FIXINGVALUE2||FIXINGDATE|2011-01-12 00:00:00.000|FIXINGVALUE||FIXINGVALUE1||FIXINGVALUE2||FIXINGDATE|2011-01-13 00:00:00.000|FIXINGVALUE||FIXINGVALUE1||FIXINGVALUE2||FIXINGDATE|2011-01-14 00:00:00.000|FIXINGVALUE||FIXINGVALUE1||FIXINGVALUE2||FIXINGDATE|2011-01-18 00:00:00.000|FIXINGVALUE||FIXINGVALUE1||FIXINGVALUE2||FIXINGDATE|2011-01-19 00:00:00.000|FIXINGVALUE||FIXINGVALUE1||FIXINGVALUE2||FIXINGDATE|2011-01-20 00:00:00.000|FIXINGVALUE||FIXINGVALUE1||FIXINGVALUE2||FIXINGDATE|2011-01-21 00:00:00.000|FIXINGVALUE||FIXINGVALUE1||FIXINGVALUE2||FIXINGDATE|2011-01-24 00:00:00.000|FIXINGVALUE||FIXINGVALUE1||FIXINGVALUE2||FIXINGDATE|2011-01-25 00:00:00.000|FIXINGVALUE||FIXINGVALUE1||FIXINGVALUE2||FIXINGDATE|2011-01-26 00:00:00.000|FIXINGVALUE||FIXINGVALUE1||FIXINGVALUE2||FIXINGDATE|2011-01-27 00:00:00.000|FIXINGVALUE||FIXINGVALUE1||FIXINGVALUE2||FIXINGDATE|2011-01-28 00:00:00.000|FIXINGVALUE||FIXINGVALUE1||FIXINGVALUE2||FIXINGDATE|2011-01-31 00:00:00.000|FIXINGVALUE||FIXINGVALUE1||FIXINGVALUE2||FIXINGDATE|2011-02-01 00:00:00.000|FIXINGVALUE||FIXINGVALUE1||FIXINGVALUE2||FIXINGDATE|2011-02-02 00:00:00.000|FIXINGVALUE||FIXINGVALUE1||FIXINGVALUE2||FIXINGDATE|2011-02-03 00:00:00.000|FIXINGVALUE||FIXINGVALUE1||FIXINGVALUE2||FIXINGDATE|2011-02-04 00:00:00.000|FIXINGVALUE||FIXINGVALUE1||FIXINGVALUE2||FIXINGDATE|2011-02-07 00:00:00.000|FIXINGVALUE||FIXINGVALUE1||FIXINGVALUE2||FIXINGDATE|2011-02-08 00:00:00.000|FIXINGVALUE||FIXINGVALUE1||FIXINGVALUE2||FIXINGDATE|2011-02-09 00:00:00.000|FIXINGVALUE||FIXINGVALUE1||FIXINGVALUE2||FIXINGDATE|2011-02-10 00:00:00.000|FIXINGVALUE||FIXINGVALUE1||FIXINGVALUE2||FIXINGDATE|2011-02-11 00:00:00.000|FIXINGVALUE||FIXINGVALUE1||FIXINGVALUE2||FIXINGDATE|2011-02-14 00:00:00.000|FIXINGVALUE||FIXINGVALUE1||FIXINGVALUE2||FIXINGDATE|2011-02-15 00:00:00.000|FIXINGVALUE||FIXINGVALUE1||FIXINGVALUE2||FIXINGDATE|2011-02-16 00:00:00.000|FIXINGVALUE||FIXINGVALUE1||FIXINGVALUE2||FIXINGDATE|2011-02-17 00:00:00.000|FIXINGVALUE||FIXINGVALUE1||FIXINGVALUE2||FIXINGDATE|2011-02-18 00:00:00.000|FIXINGVALUE||FIXINGVALUE1||FIXINGVALUE2||FIXINGDATE|2011-02-22 00:00:00.000|FIXINGVALUE||FIXINGVALUE1||FIXINGVALUE2||FIXINGDATE|2011-02-23 00:00:00.000|FIXINGVALUE||FIXINGVALUE1||FIXINGVALUE2||FIXINGDATE|2011-02-24 00:00:00.000|FIXINGVALUE||FIXINGVALUE1||FIXINGVALUE2||FIXINGDATE|2011-02-25 00:00:00.000|FIXINGVALUE||FIXINGVALUE1||FIXINGVALUE2||FIXINGDATE|2011-02-28 00:00:00.000|FIXINGVALUE||FIXINGVALUE1||FIXINGVALUE2||FIXINGDATE|2011-03-01 00:00:00.000|FIXINGVALUE||FIXINGVALUE1||FIXINGVALUE2||FIXINGDATE|2011-03-02 00:00:00.000|FIXINGVALUE||FIXINGVALUE1||FIXINGVALUE2||FIXINGDATE|2011-03-03 00:00:00.000|FIXINGVALUE||FIXINGVALUE1||FIXINGVALUE2||FIXINGDATE|2011-03-04 00:00:00.000|FIXINGVALUE||FIXINGVALUE1||FIXINGVALUE2||FIXINGDATE|2011-03-07 00:00:00.000|FIXINGVALUE||FIXINGVALUE1||FIXINGVALUE2||FIXINGDATE|2011-03-08 00:00:00.000|FIXINGVALUE||FIXINGVALUE1||FIXINGVALUE2||FIXINGDATE|2011-03-09 00:00:00.000|FIXINGVALUE||FIXINGVALUE1||FIXINGVALUE2||FIXINGDATE|2011-03-10 00:00:00.000|FIXINGVALUE||FIXINGVALUE1||FIXINGVALUE2||FIXINGDATE|2011-03-11 00:00:00.000|FIXINGVALUE||FIXINGVALUE1||FIXINGVALUE2||FIXINGDATE|2011-03-14 00:00:00.000|FIXINGVALUE||FIXINGVALUE1||FIXINGVALUE2||FIXINGDATE|2011-03-15 00:00:00.000|FIXINGVALUE||FIXINGVALUE1||FIXINGVALUE2||FIXINGDATE|2011-03-16 00:00:00.000|FIXINGVALUE||FIXINGVALUE1||FIXINGVALUE2||FIXINGDATE|2011-03-17 00:00:00.000|FIXINGVALUE||FIXINGVALUE1||FIXINGVALUE2||FIXINGDATE|2011-03-18 00:00:00.000|FIXINGVALUE||FIXINGVALUE1||FIXINGVALUE2||FIXINGDATE|2011-03-21 00:00:00.000|FIXINGVALUE||FIXINGVALUE1||FIXINGVALUE2||FIXINGDATE|2011-03-22 00:00:00.000|FIXINGVALUE||FIXINGVALUE1||FIXINGVALUE2||FIXINGDATE|2011-03-23 00:00:00.000|FIXINGVALUE||FIXINGVALUE1||FIXINGVALUE2||FIXINGDATE|2011-03-24 00:00:00.000|FIXINGVALUE||FIXINGVALUE1||FIXINGVALUE2||FIXINGDATE|2011-03-25 00:00:00.000|FIXINGVALUE||FIXINGVALUE1||FIXINGVALUE2||FIXINGDATE|2011-03-28 00:00:00.000|FIXINGVALUE||FIXINGVALUE1||FIXINGVALUE2||FIXINGDATE|2011-03-29 00:00:00.000|FIXINGVALUE||FIXINGVALUE1||FIXINGVALUE2||FIXINGDATE|2011-03-30 00:00:00.000|FIXINGVALUE||FIXINGVALUE1||FIXINGVALUE2||FIXINGDATE|2011-03-31 00:00:00.000|FIXINGVALUE||FIXINGVALUE1||FIXINGVALUE2||FIXINGDATE|2011-04-01 00:00:00.000|FIXINGVALUE||FIXINGVALUE1||FIXINGVALUE2||FIXINGDATE|2011-04-04 00:00:00.000|FIXINGVALUE||FIXINGVALUE1||FIXINGVALUE2||FIXINGDATE|2011-04-05 00:00:00.000|FIXINGVALUE||FIXINGVALUE1||FIXINGVALUE2||FIXINGDATE|2011-04-06 00:00:00.000|FIXINGVALUE||FIXINGVALUE1||FIXINGVALUE2||FIXINGDATE|2011-04-07 00:00:00.000|FIXINGVALUE||FIXINGVALUE1||FIXINGVALUE2||FIXINGDATE|2011-04-08 00:00:00.000|FIXINGVALUE||FIXINGVALUE1||FIXINGVALUE2||FIXINGDATE|2011-04-11 00:00:00.000|FIXINGVALUE||FIXINGVALUE1||FIXINGVALUE2||FIXINGDATE|2011-04-12 00:00:00.000|FIXINGVALUE||FIXINGVALUE1||FIXINGVALUE2||FIXINGDATE|2011-04-13 00:00:00.000|FIXINGVALUE||FIXINGVALUE1||FIXINGVALUE2||FIXINGDATE|2011-04-14 00:00:00.000|FIXINGVALUE||FIXINGVALUE1||FIXINGVALUE2||FIXINGDATE|2011-04-15 00:00:00.000|FIXINGVALUE||FIXINGVALUE1||FIXINGVALUE2||FIXINGDATE|2011-04-18 00:00:00.000|FIXINGVALUE||FIXINGVALUE1||FIXINGVALUE2||FIXINGDATE|2011-04-19 00:00:00.000|FIXINGVALUE||FIXINGVALUE1||FIXINGVALUE2||FIXINGDATE|2011-04-20 00:00:00.000|FIXINGVALUE||FIXINGVALUE1||FIXINGVALUE2||FIXINGDATE|2011-04-21 00:00:00.000|FIXINGVALUE||FIXINGVALUE1||FIXINGVALUE2||FIXINGDATE|2011-04-25 00:00:00.000|FIXINGVALUE||FIXINGVALUE1||FIXINGVALUE2||FIXINGDATE|2011-04-26 00:00:00.000|FIXINGVALUE||FIXINGVALUE1||FIXINGVALUE2||FIXINGDATE|2011-04-27 00:00:00.000|FIXINGVALUE||FIXINGVALUE1||FIXINGVALUE2||FIXINGDATE|2011-04-28 00:00:00.000|FIXINGVALUE||FIXINGVALUE1||FIXINGVALUE2||FIXINGDATE|2011-04-29 00:00:00.000|FIXINGVALUE||FIXINGVALUE1||FIXINGVALUE2||FIXINGDATE|2011-05-02 00:00:00.000|FIXINGVALUE||FIXINGVALUE1||FIXINGVALUE2||FIXINGDATE|2011-05-03 00:00:00.000|FIXINGVALUE||FIXINGVALUE1||FIXINGVALUE2||FIXINGDATE|2011-05-04 00:00:00.000|FIXINGVALUE||FIXINGVALUE1||FIXINGVALUE2||FIXINGDATE|2011-05-05 00:00:00.000|FIXINGVALUE||FIXINGVALUE1||FIXINGVALUE2||FIXINGDATE|2011-05-06 00:00:00.000|FIXINGVALUE||FIXINGVALUE1||FIXINGVALUE2||FIXINGDATE|2011-05-09 00:00:00.000|FIXINGVALUE||FIXINGVALUE1||FIXINGVALUE2||FIXINGDATE|2011-05-10 00:00:00.000|FIXINGVALUE||FIXINGVALUE1||FIXINGVALUE2||FIXINGDATE|2011-05-11 00:00:00.000|FIXINGVALUE||FIXINGVALUE1||FIXINGVALUE2||FIXINGDATE|2011-05-12 00:00:00.000|FIXINGVALUE||FIXINGVALUE1||FIXINGVALUE2||FIXINGDATE|2011-05-13 00:00:00.000|FIXINGVALUE||FIXINGVALUE1||FIXINGVALUE2||FIXINGDATE|2011-05-16 00:00:00.000|FIXINGVALUE||FIXINGVALUE1||FIXINGVALUE2||FIXINGDATE|2011-05-17 00:00:00.000|FIXINGVALUE||FIXINGVALUE1||FIXINGVALUE2||FIXINGDATE|2011-05-18 00:00:00.000|FIXINGVALUE||FIXINGVALUE1||FIXINGVALUE2||FIXINGDATE|2011-05-19 00:00:00.000|FIXINGVALUE||FIXINGVALUE1||FIXINGVALUE2||FIXINGDATE|2011-05-20 00:00:00.000|FIXINGVALUE||FIXINGVALUE1||FIXINGVALUE2||FIXINGDATE|2011-05-23 00:00:00.000|FIXINGVALUE||FIXINGVALUE1||FIXINGVALUE2||FIXINGDATE|2011-05-24 00:00:00.000|FIXINGVALUE||FIXINGVALUE1||FIXINGVALUE2||FIXINGDATE|2011-05-25 00:00:00.000|FIXINGVALUE||FIXINGVALUE1||FIXINGVALUE2||FIXINGDATE|2011-05-26 00:00:00.000|FIXINGVALUE||FIXINGVALUE1||FIXINGVALUE2||FIXINGDATE|2011-05-27 00:00:00.000|FIXINGVALUE||FIXINGVALUE1||FIXINGVALUE2||FIXINGDATE|2011-05-31 00:00:00.000|FIXINGVALUE||FIXINGVALUE1||FIXINGVALUE2||FIXINGDATE|2011-06-01 00:00:00.000|FIXINGVALUE||FIXINGVALUE1||FIXINGVALUE2||FIXINGDATE|2011-06-02 00:00:00.000|FIXINGVALUE||FIXINGVALUE1||FIXINGVALUE2||FIXINGDATE|2011-06-03 00:00:00.000|FIXINGVALUE||FIXINGVALUE1||FIXINGVALUE2||FIXINGDATE|2011-06-06 00:00:00.000|FIXINGVALUE||FIXINGVALUE1||FIXINGVALUE2||FIXINGDATE|2011-06-07 00:00:00.000|FIXINGVALUE||FIXINGVALUE1||FIXINGVALUE2||FIXINGDATE|2011-06-08 00:00:00.000|FIXINGVALUE||FIXINGVALUE1||FIXINGVALUE2||FIXINGDATE|2011-06-09 00:00:00.000|FIXINGVALUE||FIXINGVALUE1||FIXINGVALUE2||FIXINGDATE|2011-06-10 00:00:00.000|FIXINGVALUE||FIXINGVALUE1||FIXINGVALUE2||FIXINGDATE|2011-06-13 00:00:00.000|FIXINGVALUE||FIXINGVALUE1||FIXINGVALUE2||FIXINGDATE|2011-06-14 00:00:00.000|FIXINGVALUE||FIXINGVALUE1||FIXINGVALUE2||FIXINGDATE|2011-06-15 00:00:00.000|FIXINGVALUE||FIXINGVALUE1||FIXINGVALUE2||FIXINGDATE|2011-06-16 00:00:00.000|FIXINGVALUE||FIXINGVALUE1||FIXINGVALUE2||FIXINGDATE|2011-06-17 00:00:00.000|FIXINGVALUE||FIXINGVALUE1||FIXINGVALUE2||FIXINGDATE|2011-06-20 00:00:00.000|FIXINGVALUE||FIXINGVALUE1||FIXINGVALUE2||FIXINGDATE|2011-06-21 00:00:00.000|FIXINGVALUE||FIXINGVALUE1||FIXINGVALUE2||FIXINGDATE|2011-06-22 00:00:00.000|FIXINGVALUE||FIXINGVALUE1||FIXINGVALUE2||FIXINGDATE|2011-06-23 00:00:00.000|FIXINGVALUE||FIXINGVALUE1||FIXINGVALUE2||FIXINGDATE|2011-06-24 00:00:00.000|FIXINGVALUE||FIXINGVALUE1||FIXINGVALUE2||FIXINGDATE|2011-06-27 00:00:00.000|FIXINGVALUE||FIXINGVALUE1||FIXINGVALUE2||FIXINGDATE|2011-06-28 00:00:00.000|FIXINGVALUE||FIXINGVALUE1||FIXINGVALUE2||FIXINGDATE|2011-06-29 00:00:00.000|FIXINGVALUE||FIXINGVALUE1||FIXINGVALUE2||FIXINGDATE|2011-06-30 00:00:00.000|FIXINGVALUE||FIXINGVALUE1||FIXINGVALUE2||FIXINGDATE|2011-07-01 00:00:00.000|FIXINGVALUE||FIXINGVALUE1||FIXINGVALUE2||FIXINGDATE|2011-07-05 00:00:00.000|FIXINGVALUE||FIXINGVALUE1||FIXINGVALUE2||FIXINGDATE|2011-07-06 00:00:00.000|FIXINGVALUE||FIXINGVALUE1||FIXINGVALUE2||FIXINGDATE|2011-07-07 00:00:00.000|FIXINGVALUE||FIXINGVALUE1||FIXINGVALUE2||FIXINGDATE|2011-07-08 00:00:00.000|FIXINGVALUE||FIXINGVALUE1||FIXINGVALUE2||FIXINGDATE|2011-07-11 00:00:00.000|FIXINGVALUE||FIXINGVALUE1||FIXINGVALUE2||FIXINGDATE|2011-07-12 00:00:00.000|FIXINGVALUE||FIXINGVALUE1||FIXINGVALUE2||FIXINGDATE|2011-07-13 00:00:00.000|FIXINGVALUE||FIXINGVALUE1||FIXINGVALUE2||FIXINGDATE|2011-07-14 00:00:00.000|FIXINGVALUE||FIXINGVALUE1||FIXINGVALUE2||FIXINGDATE|2011-07-15 00:00:00.000|FIXINGVALUE||FIXINGVALUE1||FIXINGVALUE2||FIXINGDATE|2011-07-18 00:00:00.000|FIXINGVALUE||FIXINGVALUE1||FIXINGVALUE2||FIXINGDATE|2011-07-19 00:00:00.000|FIXINGVALUE||FIXINGVALUE1||FIXINGVALUE2||FIXINGDATE|2011-07-20 00:00:00.000|FIXINGVALUE||FIXINGVALUE1||FIXINGVALUE2||FIXINGDATE|2011-07-21 00:00:00.000|FIXINGVALUE||FIXINGVALUE1||FIXINGVALUE2||FIXINGDATE|2011-07-22 00:00:00.000|FIXINGVALUE||FIXINGVALUE1||FIXINGVALUE2||FIXINGDATE|2011-07-25 00:00:00.000|FIXINGVALUE||FIXINGVALUE1||FIXINGVALUE2||FIXINGDATE|2011-07-26 00:00:00.000|FIXINGVALUE||FIXINGVALUE1||FIXINGVALUE2||FIXINGDATE|2011-07-27 00:00:00.000|FIXINGVALUE||FIXINGVALUE1||FIXINGVALUE2||FIXINGDATE|2011-07-28 00:00:00.000|FIXINGVALUE||FIXINGVALUE1||FIXINGVALUE2||FIXINGDATE|2011-07-29 00:00:00.000|FIXINGVALUE||FIXINGVALUE1||FIXINGVALUE2||FIXINGDATE|2011-08-01 00:00:00.000|FIXINGVALUE||FIXINGVALUE1||FIXINGVALUE2||FIXINGDATE|2011-08-02 00:00:00.000|FIXINGVALUE||FIXINGVALUE1||FIXINGVALUE2||FIXINGDATE|2011-08-03 00:00:00.000|FIXINGVALUE||FIXINGVALUE1||FIXINGVALUE2||FIXINGDATE|2011-08-04 00:00:00.000|FIXINGVALUE||FIXINGVALUE1||FIXINGVALUE2||FIXINGDATE|2011-08-05 00:00:00.000|FIXINGVALUE||FIXINGVALUE1||FIXINGVALUE2||FIXINGDATE|2011-08-08 00:00:00.000|FIXINGVALUE||FIXINGVALUE1||FIXINGVALUE2||FIXINGDATE|2011-08-09 00:00:00.000|FIXINGVALUE||FIXINGVALUE1||FIXINGVALUE2||FIXINGDATE|2011-08-10 00:00:00.000|FIXINGVALUE||FIXINGVALUE1||FIXINGVALUE2||FIXINGDATE|2011-08-11 00:00:00.000|FIXINGVALUE||FIXINGVALUE1||FIXINGVALUE2||FIXINGDATE|2011-08-12 00:00:00.000|FIXINGVALUE||FIXINGVALUE1||FIXINGVALUE2||FIXINGDATE|2011-08-15 00:00:00.000|FIXINGVALUE||FIXINGVALUE1||FIXINGVALUE2||FIXINGDATE|2011-08-16 00:00:00.000|FIXINGVALUE||FIXINGVALUE1||FIXINGVALUE2||FIXINGDATE|2011-08-17 00:00:00.000|FIXINGVALUE||FIXINGVALUE1||FIXINGVALUE2||FIXINGDATE|2011-08-18 00:00:00.000|FIXINGVALUE||FIXINGVALUE1||FIXINGVALUE2||FIXINGDATE|2011-08-19 00:00:00.000|FIXINGVALUE||FIXINGVALUE1||FIXINGVALUE2||FIXINGDATE|2011-08-22 00:00:00.000|FIXINGVALUE||FIXINGVALUE1||FIXINGVALUE2||FIXINGDATE|2011-08-23 00:00:00.000|FIXINGVALUE||FIXINGVALUE1||FIXINGVALUE2||FIXINGDATE|2011-08-24 00:00:00.000|FIXINGVALUE||FIXINGVALUE1||FIXINGVALUE2||FIXINGDATE|2011-08-25 00:00:00.000|FIXINGVALUE||FIXINGVALUE1||FIXINGVALUE2||FIXINGDATE|2011-08-26 00:00:00.000|FIXINGVALUE||FIXINGVALUE1||FIXINGVALUE2||FIXINGDATE|2011-08-29 00:00:00.000|FIXINGVALUE||FIXINGVALUE1||FIXINGVALUE2||FIXINGDATE|2011-08-30 00:00:00.000|FIXINGVALUE||FIXINGVALUE1||FIXINGVALUE2||FIXINGDATE|2011-08-31 00:00:00.000|FIXINGVALUE||FIXINGVALUE1||FIXINGVALUE2||FIXINGDATE|2011-09-01 00:00:00.000|FIXINGVALUE||FIXINGVALUE1||FIXINGVALUE2||FIXINGDATE|2011-09-02 00:00:00.000|FIXINGVALUE||FIXINGVALUE1||FIXINGVALUE2||FIXINGDATE|2011-09-06 00:00:00.000|FIXINGVALUE||FIXINGVALUE1||FIXINGVALUE2||FIXINGDATE|2011-09-07 00:00:00.000|FIXINGVALUE||FIXINGVALUE1||FIXINGVALUE2||FIXINGDATE|2011-09-08 00:00:00.000|FIXINGVALUE||FIXINGVALUE1||FIXINGVALUE2||FIXINGDATE|2011-09-09 00:00:00.000|FIXINGVALUE||FIXINGVALUE1||FIXINGVALUE2||FIXINGDATE|2011-09-12 00:00:00.000|FIXINGVALUE||FIXINGVALUE1||FIXINGVALUE2||FIXINGDATE|2011-09-13 00:00:00.000|FIXINGVALUE||FIXINGVALUE1||FIXINGVALUE2||FIXINGDATE|2011-09-14 00:00:00.000|FIXINGVALUE||FIXINGVALUE1||FIXINGVALUE2||FIXINGDATE|2011-09-15 00:00:00.000|FIXINGVALUE||FIXINGVALUE1||FIXINGVALUE2||FIXINGDATE|2011-09-16 00:00:00.000|FIXINGVALUE||FIXINGVALUE1||FIXINGVALUE2||FIXINGDATE|2011-09-19 00:00:00.000|FIXINGVALUE||FIXINGVALUE1||FIXINGVALUE2||FIXINGDATE|2011-09-20 00:00:00.000|FIXINGVALUE||FIXINGVALUE1||FIXINGVALUE2||FIXINGDATE|2011-09-21 00:00:00.000|FIXINGVALUE||FIXINGVALUE1||FIXINGVALUE2||FIXINGDATE|2011-09-22 00:00:00.000|FIXINGVALUE||FIXINGVALUE1||FIXINGVALUE2||FIXINGDATE|2011-09-23 00:00:00.000|FIXINGVALUE||FIXINGVALUE1||FIXINGVALUE2||FIXINGDATE|2011-09-26 00:00:00.000|FIXINGVALUE||FIXINGVALUE1||FIXINGVALUE2||FIXINGDATE|2011-09-27 00:00:00.000|FIXINGVALUE||FIXINGVALUE1||FIXINGVALUE2||FIXINGDATE|2011-09-28 00:00:00.000|FIXINGVALUE||FIXINGVALUE1||FIXINGVALUE2||FIXINGDATE|2011-09-29 00:00:00.000|FIXINGVALUE||FIXINGVALUE1||FIXINGVALUE2||FIXINGDATE|2011-09-30 00:00:00.000|FIXINGVALUE||FIXINGVALUE1||FIXINGVALUE2||FIXINGDATE|2011-10-03 00:00:00.000|FIXINGVALUE||FIXINGVALUE1||FIXINGVALUE2||FIXINGDATE|2011-10-04 00:00:00.000|FIXINGVALUE||FIXINGVALUE1||FIXINGVALUE2||FIXINGDATE|2011-10-05 00:00:00.000|FIXINGVALUE||FIXINGVALUE1||FIXINGVALUE2||FIXINGDATE|2011-10-06 00:00:00.000|FIXINGVALUE||FIXINGVALUE1||FIXINGVALUE2||FIXINGDATE|2011-10-07 00:00:00.000|FIXINGVALUE||FIXINGVALUE1||FIXINGVALUE2||FIXINGDATE|2011-10-11 00:00:00.000|FIXINGVALUE||FIXINGVALUE1||FIXINGVALUE2||FIXINGDATE|2011-10-12 00:00:00.000|FIXINGVALUE||FIXINGVALUE1||FIXINGVALUE2||FIXINGDATE|2011-10-13 00:00:00.000|FIXINGVALUE||FIXINGVALUE1||FIXINGVALUE2||FIXINGDATE|2011-10-14 00:00:00.000|FIXINGVALUE||FIXINGVALUE1||FIXINGVALUE2||FIXINGDATE|2011-10-17 00:00:00.000|FIXINGVALUE||FIXINGVALUE1||FIXINGVALUE2||FIXINGDATE|2011-10-18 00:00:00.000|FIXINGVALUE||FIXINGVALUE1||FIXINGVALUE2||FIXINGDATE|2011-10-19 00:00:00.000|FIXINGVALUE||FIXINGVALUE1||FIXINGVALUE2||FIXINGDATE|2011-10-20 00:00:00.000|FIXINGVALUE||FIXINGVALUE1||FIXINGVALUE2||FIXINGDATE|2011-10-21 00:00:00.000|FIXINGVALUE||FIXINGVALUE1||FIXINGVALUE2||FIXINGDATE|2011-10-24 00:00:00.000|FIXINGVALUE||FIXINGVALUE1||FIXINGVALUE2||FIXINGDATE|2011-10-25 00:00:00.000|FIXINGVALUE||FIXINGVALUE1||FIXINGVALUE2||FIXINGDATE|2011-10-26 00:00:00.000|FIXINGVALUE||FIXINGVALUE1||FIXINGVALUE2||FIXINGDATE|2011-10-27 00:00:00.000|FIXINGVALUE||FIXINGVALUE1||FIXINGVALUE2||FIXINGDATE|2011-10-28 00:00:00.000|FIXINGVALUE||FIXINGVALUE1||FIXINGVALUE2||FIXINGDATE|2011-10-31 00:00:00.000|FIXINGVALUE||FIXINGVALUE1||FIXINGVALUE2||FIXINGDATE|2011-11-01 00:00:00.000|FIXINGVALUE||FIXINGVALUE1||FIXINGVALUE2||FIXINGDATE|2011-11-02 00:00:00.000|FIXINGVALUE||FIXINGVALUE1||FIXINGVALUE2||FIXINGDATE|2011-11-03 00:00:00.000|FIXINGVALUE||FIXINGVALUE1||FIXINGVALUE2||FIXINGDATE|2011-11-04 00:00:00.000|FIXINGVALUE||FIXINGVALUE1||FIXINGVALUE2||FIXINGDATE|2011-11-07 00:00:00.000|FIXINGVALUE||FIXINGVALUE1||FIXINGVALUE2||FIXINGDATE|2011-11-08 00:00:00.000|FIXINGVALUE||FIXINGVALUE1||FIXINGVALUE2||FIXINGDATE|2011-11-09 00:00:00.000|FIXINGVALUE||FIXINGVALUE1||FIXINGVALUE2||FIXINGDATE|2011-11-10 00:00:00.000|FIXINGVALUE||FIXINGVALUE1||FIXINGVALUE2||FIXINGDATE|2011-11-14 00:00:00.000|FIXINGVALUE||FIXINGVALUE1||FIXINGVALUE2||FIXINGDATE|2011-11-15 00:00:00.000|FIXINGVALUE||FIXINGVALUE1||FIXINGVALUE2||FIXINGDATE|2011-11-16 00:00:00.000|FIXINGVALUE||FIXINGVALUE1||FIXINGVALUE2||FIXINGDATE|2011-11-17 00:00:00.000|FIXINGVALUE||FIXINGVALUE1||FIXINGVALUE2||FIXINGDATE|2011-11-18 00:00:00.000|FIXINGVALUE||FIXINGVALUE1||FIXINGVALUE2||FIXINGDATE|2011-11-21 00:00:00.000|FIXINGVALUE||FIXINGVALUE1||FIXINGVALUE2||FIXINGDATE|2011-11-22 00:00:00.000|FIXINGVALUE||FIXINGVALUE1||FIXINGVALUE2||FIXINGDATE|2011-11-23 00:00:00.000|FIXINGVALUE||FIXINGVALUE1||FIXINGVALUE2||FIXINGDATE|2011-11-25 00:00:00.000|FIXINGVALUE||FIXINGVALUE1||FIXINGVALUE2||FIXINGDATE|2011-11-28 00:00:00.000|FIXINGVALUE||FIXINGVALUE1||FIXINGVALUE2||FIXINGDATE|2011-11-29 00:00:00.000|FIXINGVALUE||FIXINGVALUE1||FIXINGVALUE2||FIXINGDATE|2011-11-30 00:00:00.000|FIXINGVALUE||FIXINGVALUE1||FIXINGVALUE2||FIXINGDATE|2011-12-01 00:00:00.000|FIXINGVALUE||FIXINGVALUE1||FIXINGVALUE2||FIXINGDATE|2011-12-02 00:00:00.000|FIXINGVALUE||FIXINGVALUE1||FIXINGVALUE2||FIXINGDATE|2011-12-05 00:00:00.000|FIXINGVALUE||FIXINGVALUE1||FIXINGVALUE2||FIXINGDATE|2011-12-06 00:00:00.000|FIXINGVALUE||FIXINGVALUE1||FIXINGVALUE2||FIXINGDATE|2011-12-07 00:00:00.000|FIXINGVALUE||FIXINGVALUE1||FIXINGVALUE2||FIXINGDATE|2011-12-08 00:00:00.000|FIXINGVALUE||FIXINGVALUE1||FIXINGVALUE2||FIXINGDATE|2011-12-09 00:00:00.000|FIXINGVALUE||FIXINGVALUE1||FIXINGVALUE2||FIXINGDATE|2011-12-12 00:00:00.000|FIXINGVALUE||FIXINGVALUE1||FIXINGVALUE2||FIXINGDATE|2011-12-13 00:00:00.000|FIXINGVALUE||FIXINGVALUE1||FIXINGVALUE2||FIXINGDATE|2011-12-14 00:00:00.000|FIXINGVALUE||FIXINGVALUE1||FIXINGVALUE2||FIXINGDATE|2011-12-15 00:00:00.000|FIXINGVALUE||FIXINGVALUE1||FIXINGVALUE2||FIXINGDATE|2011-12-16 00:00:00.000|FIXINGVALUE||FIXINGVALUE1||FIXINGVALUE2||FIXINGDATE|2011-12-19 00:00:00.000|FIXINGVALUE||FIXINGVALUE1||FIXINGVALUE2||FIXINGDATE|2011-12-20 00:00:00.000|FIXINGVALUE||FIXINGVALUE1||FIXINGVALUE2||FIXINGDATE|2011-12-21 00:00:00.000|FIXINGVALUE||FIXINGVALUE1||FIXINGVALUE2||FIXINGDATE|2011-12-22 00:00:00.000|FIXINGVALUE||FIXINGVALUE1||FIXINGVALUE2||FIXINGDATE|2011-12-23 00:00:00.000|FIXINGVALUE||FIXINGVALUE1||FIXINGVALUE2||FIXINGDATE|2011-12-27 00:00:00.000|FIXINGVALUE||FIXINGVALUE1||FIXINGVALUE2||FIXINGDATE|2011-12-28 00:00:00.000|FIXINGVALUE||FIXINGVALUE1||FIXINGVALUE2||FIXINGDATE|2011-12-29 00:00:00.000|FIXINGVALUE||FIXINGVALUE1||FIXINGVALUE2||FIXINGDATE|2011-12-30 00:00:00.000|FIXINGVALUE||FIXINGVALUE1||FIXINGVALUE2||FIXINGDATE|2012-01-03 00:00:00.000|FIXINGVALUE||FIXINGVALUE1||FIXINGVALUE2||FIXINGDATE|2012-01-04 00:00:00.000|FIXINGVALUE||FIXINGVALUE1||FIXINGVALUE2||FIXINGDATE|2012-01-05 00:00:00.000|FIXINGVALUE||FIXINGVALUE1||FIXINGVALUE2||FIXINGDATE|2012-01-06 00:00:00.000|FIXINGVALUE||FIXINGVALUE1||FIXINGVALUE2||FIXINGDATE|2012-01-09 00:00:00.000|FIXINGVALUE||FIXINGVALUE1||FIXINGVALUE2||FIXINGDATE|2012-01-10 00:00:00.000|FIXINGVALUE||FIXINGVALUE1||FIXINGVALUE2||FIXINGDATE|2012-01-11 00:00:00.000|FIXINGVALUE||FIXINGVALUE1||FIXINGVALUE2||FIXINGDATE|2012-01-12 00:00:00.000|FIXINGVALUE||FIXINGVALUE1||FIXINGVALUE2||FIXINGDATE|2012-01-13 00:00:00.000|FIXINGVALUE||FIXINGVALUE1||FIXINGVALUE2||FIXINGDATE|2012-01-17 00:00:00.000|FIXINGVALUE||FIXINGVALUE1||FIXINGVALUE2||FIXINGDATE|2012-01-18 00:00:00.000|FIXINGVALUE||FIXINGVALUE1||FIXINGVALUE2||FIXINGDATE|2012-01-19 00:00:00.000|FIXINGVALUE||FIXINGVALUE1||FIXINGVALUE2||FIXINGDATE|2012-01-20 00:00:00.000|FIXINGVALUE||FIXINGVALUE1||FIXINGVALUE2||FIXINGDATE|2012-01-23 00:00:00.000|FIXINGVALUE||FIXINGVALUE1||FIXINGVALUE2||FIXINGDATE|2012-01-24 00:00:00.000|FIXINGVALUE||FIXINGVALUE1||FIXINGVALUE2||FIXINGDATE|2012-01-25 00:00:00.000|FIXINGVALUE||FIXINGVALUE1||FIXINGVALUE2||FIXINGDATE|2012-01-26 00:00:00.000|FIXINGVALUE||FIXINGVALUE1||FIXINGVALUE2||FIXINGDATE|2012-01-27 00:00:00.000|FIXINGVALUE||FIXINGVALUE1||FIXINGVALUE2||FIXINGDATE|2012-01-30 00:00:00.000|FIXINGVALUE||FIXINGVALUE1||FIXINGVALUE2||FIXINGDATE|2012-01-31 00:00:00.000|FIXINGVALUE||FIXINGVALUE1||FIXINGVALUE2||FIXINGDATE|2012-02-01 00:00:00.000|FIXINGVALUE||FIXINGVALUE1||FIXINGVALUE2||FIXINGDATE|2012-02-02 00:00:00.000|FIXINGVALUE||FIXINGVALUE1||FIXINGVALUE2||FIXINGDATE|2012-02-03 00:00:00.000|FIXINGVALUE||FIXINGVALUE1||FIXINGVALUE2||FIXINGDATE|2012-02-06 00:00:00.000|FIXINGVALUE||FIXINGVALUE1||FIXINGVALUE2||FIXINGDATE|2012-02-07 00:00:00.000|FIXINGVALUE||FIXINGVALUE1||FIXINGVALUE2||FIXINGDATE|2012-02-08 00:00:00.000|FIXINGVALUE||FIXINGVALUE1||FIXINGVALUE2||FIXINGDATE|2012-02-09 00:00:00.000|FIXINGVALUE||FIXINGVALUE1||FIXINGVALUE2||FIXINGDATE|2012-02-10 00:00:00.000|FIXINGVALUE||FIXINGVALUE1||FIXINGVALUE2||FIXINGDATE|2012-02-13 00:00:00.000|FIXINGVALUE||FIXINGVALUE1||FIXINGVALUE2||FIXINGDATE|2012-02-14 00:00:00.000|FIXINGVALUE||FIXINGVALUE1||FIXINGVALUE2||FIXINGDATE|2012-02-15 00:00:00.000|FIXINGVALUE||FIXINGVALUE1||FIXINGVALUE2||FIXINGDATE|2012-02-16 00:00:00.000|FIXINGVALUE||FIXINGVALUE1||FIXINGVALUE2||FIXINGDATE|2012-02-17 00:00:00.000|FIXINGVALUE||FIXINGVALUE1||FIXINGVALUE2||FIXINGDATE|2012-02-21 00:00:00.000|FIXINGVALUE||FIXINGVALUE1||FIXINGVALUE2||FIXINGDATE|2012-02-22 00:00:00.000|FIXINGVALUE||FIXINGVALUE1||FIXINGVALUE2||FIXINGDATE|2012-02-23 00:00:00.000|FIXINGVALUE||FIXINGVALUE1||FIXINGVALUE2||FIXINGDATE|2012-02-24 00:00:00.000|FIXINGVALUE||FIXINGVALUE1||FIXINGVALUE2||FIXINGDATE|2012-02-27 00:00:00.000|FIXINGVALUE||FIXINGVALUE1||FIXINGVALUE2||FIXINGDATE|2012-02-28 00:00:00.000|FIXINGVALUE||FIXINGVALUE1||FIXINGVALUE2||FIXINGDATE|2012-02-29 00:00:00.000|FIXINGVALUE||FIXINGVALUE1||FIXINGVALUE2||FIXINGDATE|2012-03-01 00:00:00.000|FIXINGVALUE||FIXINGVALUE1||FIXINGVALUE2||FIXINGDATE|2012-03-02 00:00:00.000|FIXINGVALUE||FIXINGVALUE1||FIXINGVALUE2||FIXINGDATE|2012-03-05 00:00:00.000|FIXINGVALUE||FIXINGVALUE1||FIXINGVALUE2||FIXINGDATE|2012-03-06 00:00:00.000|FIXINGVALUE||FIXINGVALUE1||FIXINGVALUE2||FIXINGDATE|2012-03-07 00:00:00.000|FIXINGVALUE||FIXINGVALUE1||FIXINGVALUE2||FIXINGDATE|2012-03-08 00:00:00.000|FIXINGVALUE||FIXINGVALUE1||FIXINGVALUE2||FIXINGDATE|2012-03-09 00:00:00.000|FIXINGVALUE||FIXINGVALUE1||FIXINGVALUE2||FIXINGDATE|2012-03-12 00:00:00.000|FIXINGVALUE||FIXINGVALUE1||FIXINGVALUE2||FIXINGDATE|2012-03-13 00:00:00.000|FIXINGVALUE||FIXINGVALUE1||FIXINGVALUE2||FIXINGDATE|2012-03-14 00:00:00.000|FIXINGVALUE||FIXINGVALUE1||FIXINGVALUE2||FIXINGDATE|2012-03-15 00:00:00.000|FIXINGVALUE||FIXINGVALUE1||FIXINGVALUE2||FIXINGDATE|2012-03-16 00:00:00.000|FIXINGVALUE||FIXINGVALUE1||FIXINGVALUE2||FIXINGDATE|2012-03-19 00:00:00.000|FIXINGVALUE||FIXINGVALUE1||FIXINGVALUE2||FIXINGDATE|2012-03-20 00:00:00.000|FIXINGVALUE||FIXINGVALUE1||FIXINGVALUE2||FIXINGDATE|2012-03-21 00:00:00.000|FIXINGVALUE||FIXINGVALUE1||FIXINGVALUE2||FIXINGDATE|2012-03-22 00:00:00.000|FIXINGVALUE||FIXINGVALUE1||FIXINGVALUE2||FIXINGDATE|2012-03-23 00:00:00.000|FIXINGVALUE||FIXINGVALUE1||FIXINGVALUE2||FIXINGDATE|2012-03-26 00:00:00.000|FIXINGVALUE||FIXINGVALUE1||FIXINGVALUE2||FIXINGDATE|2012-03-27 00:00:00.000|FIXINGVALUE||FIXINGVALUE1||FIXINGVALUE2||FIXINGDATE|2012-03-28 00:00:00.000|FIXINGVALUE||FIXINGVALUE1||FIXINGVALUE2||FIXINGDATE|2012-03-29 00:00:00.000|FIXINGVALUE||FIXINGVALUE1||FIXINGVALUE2||FIXINGDATE|2012-03-30 00:00:00.000|FIXINGVALUE||FIXINGVALUE1||FIXINGVALUE2||FIXINGDATE|2012-04-02 00:00:00.000|FIXINGVALUE||FIXINGVALUE1||FIXINGVALUE2||FIXINGDATE|2012-04-03 00:00:00.000|FIXINGVALUE||FIXINGVALUE1||FIXINGVALUE2||FIXINGDATE|2012-04-04 00:00:00.000|FIXINGVALUE||FIXINGVALUE1||FIXINGVALUE2||FIXINGDATE|2012-04-05 00:00:00.000|FIXINGVALUE||FIXINGVALUE1||FIXINGVALUE2||FIXINGDATE|2012-04-09 00:00:00.000|FIXINGVALUE||FIXINGVALUE1||FIXINGVALUE2||FIXINGDATE|2012-04-10 00:00:00.000|FIXINGVALUE||FIXINGVALUE1||FIXINGVALUE2||FIXINGDATE|2012-04-11 00:00:00.000|FIXINGVALUE||FIXINGVALUE1||FIXINGVALUE2||FIXINGDATE|2012-04-12 00:00:00.000|FIXINGVALUE||FIXINGVALUE1||FIXINGVALUE2||FIXINGDATE|2012-04-13 00:00:00.000|FIXINGVALUE||FIXINGVALUE1||FIXINGVALUE2||FIXINGDATE|2012-04-16 00:00:00.000|FIXINGVALUE||FIXINGVALUE1||FIXINGVALUE2||FIXINGDATE|2012-04-17 00:00:00.000|FIXINGVALUE||FIXINGVALUE1||FIXINGVALUE2||FIXINGDATE|2012-04-18 00:00:00.000|FIXINGVALUE||FIXINGVALUE1||FIXINGVALUE2||FIXINGDATE|2012-04-19 00:00:00.000|FIXINGVALUE||FIXINGVALUE1||FIXINGVALUE2||FIXINGDATE|2012-04-20 00:00:00.000|FIXINGVALUE||FIXINGVALUE1||FIXINGVALUE2||FIXINGDATE|2012-04-23 00:00:00.000|FIXINGVALUE||FIXINGVALUE1||FIXINGVALUE2||FIXINGDATE|2012-04-24 00:00:00.000|FIXINGVALUE||FIXINGVALUE1||FIXINGVALUE2||FIXINGDATE|2012-04-25 00:00:00.000|FIXINGVALUE||FIXINGVALUE1||FIXINGVALUE2||FIXINGDATE|2012-04-26 00:00:00.000|FIXINGVALUE||FIXINGVALUE1||FIXINGVALUE2||FIXINGDATE|2012-04-27 00:00:00.000|FIXINGVALUE||FIXINGVALUE1||FIXINGVALUE2||FIXINGDATE|2012-04-30 00:00:00.000|FIXINGVALUE||FIXINGVALUE1||FIXINGVALUE2||FIXINGDATE|2012-05-01 00:00:00.000|FIXINGVALUE||FIXINGVALUE1||FIXINGVALUE2||FIXINGDATE|2012-05-02 00:00:00.000|FIXINGVALUE||FIXINGVALUE1||FIXINGVALUE2||FIXINGDATE|2012-05-03 00:00:00.000|FIXINGVALUE||FIXINGVALUE1||FIXINGVALUE2||FIXINGDATE|2012-05-04 00:00:00.000|FIXINGVALUE||FIXINGVALUE1||FIXINGVALUE2||FIXINGDATE|2012-05-07 00:00:00.000|FIXINGVALUE||FIXINGVALUE1||FIXINGVALUE2||FIXINGDATE|2012-05-08 00:00:00.000|FIXINGVALUE||FIXINGVALUE1||FIXINGVALUE2||FIXINGDATE|2012-05-09 00:00:00.000|FIXINGVALUE||FIXINGVALUE1||FIXINGVALUE2||FIXINGDATE|2012-05-10 00:00:00.000|FIXINGVALUE||FIXINGVALUE1||FIXINGVALUE2||FIXINGDATE|2012-05-11 00:00:00.000|FIXINGVALUE||FIXINGVALUE1||FIXINGVALUE2||FIXINGDATE|2012-05-14 00:00:00.000|FIXINGVALUE||FIXINGVALUE1||FIXINGVALUE2||FIXINGDATE|2012-05-15 00:00:00.000|FIXINGVALUE||FIXINGVALUE1||FIXINGVALUE2||FIXINGDATE|2012-05-16 00:00:00.000|FIXINGVALUE||FIXINGVALUE1||FIXINGVALUE2||FIXINGDATE|2012-05-17 00:00:00.000|FIXINGVALUE||FIXINGVALUE1||FIXINGVALUE2||FIXINGDATE|2012-05-18 00:00:00.000|FIXINGVALUE||FIXINGVALUE1||FIXINGVALUE2||FIXINGDATE|2012-05-21 00:00:00.000|FIXINGVALUE||FIXINGVALUE1||FIXINGVALUE2||FIXINGDATE|2012-05-22 00:00:00.000|FIXINGVALUE||FIXINGVALUE1||FIXINGVALUE2||FIXINGDATE|2012-05-23 00:00:00.000|FIXINGVALUE||FIXINGVALUE1||FIXINGVALUE2||FIXINGDATE|2012-05-24 00:00:00.000|FIXINGVALUE||FIXINGVALUE1||FIXINGVALUE2||FIXINGDATE|2012-05-25 00:00:00.000|FIXINGVALUE||FIXINGVALUE1||FIXINGVALUE2||FIXINGDATE|2012-05-29 00:00:00.000|FIXINGVALUE||FIXINGVALUE1||FIXINGVALUE2||FIXINGDATE|2012-05-30 00:00:00.000|FIXINGVALUE||FIXINGVALUE1||FIXINGVALUE2||FIXINGDATE|2012-05-31 00:00:00.000|FIXINGVALUE||FIXINGVALUE1||FIXINGVALUE2||FIXINGDATE|2012-06-01 00:00:00.000|FIXINGVALUE||FIXINGVALUE1||FIXINGVALUE2||FIXINGDATE|2012-06-04 00:00:00.000|FIXINGVALUE||FIXINGVALUE1||FIXINGVALUE2||FIXINGDATE|2012-06-05 00:00:00.000|FIXINGVALUE||FIXINGVALUE1||FIXINGVALUE2||FIXINGDATE|2012-06-06 00:00:00.000|FIXINGVALUE||FIXINGVALUE1||FIXINGVALUE2||FIXINGDATE|2012-06-07 00:00:00.000|FIXINGVALUE||FIXINGVALUE1||FIXINGVALUE2||FIXINGDATE|2012-06-08 00:00:00.000|FIXINGVALUE||FIXINGVALUE1||FIXINGVALUE2||FIXINGDATE|2012-06-11 00:00:00.000|FIXINGVALUE||FIXINGVALUE1||FIXINGVALUE2||FIXINGDATE|2012-06-12 00:00:00.000|FIXINGVALUE||FIXINGVALUE1||FIXINGVALUE2||FIXINGDATE|2012-06-13 00:00:00.000|FIXINGVALUE||FIXINGVALUE1||FIXINGVALUE2||FIXINGDATE|2012-06-14 00:00:00.000|FIXINGVALUE||FIXINGVALUE1||FIXINGVALUE2||FIXINGDATE|2012-06-15 00:00:00.000|FIXINGVALUE||FIXINGVALUE1||FIXINGVALUE2||FIXINGDATE|2012-06-18 00:00:00.000|FIXINGVALUE||FIXINGVALUE1||FIXINGVALUE2||FIXINGDATE|2012-06-19 00:00:00.000|FIXINGVALUE||FIXINGVALUE1||FIXINGVALUE2||FIXINGDATE|2012-06-20 00:00:00.000|FIXINGVALUE||FIXINGVALUE1||FIXINGVALUE2||FIXINGDATE|2012-06-21 00:00:00.000|FIXINGVALUE||FIXINGVALUE1||FIXINGVALUE2||FIXINGDATE|2012-06-22 00:00:00.000|FIXINGVALUE||FIXINGVALUE1||FIXINGVALUE2||FIXINGDATE|2012-06-25 00:00:00.000|FIXINGVALUE||FIXINGVALUE1||FIXINGVALUE2||FIXINGDATE|2012-06-26 00:00:00.000|FIXINGVALUE||FIXINGVALUE1||FIXINGVALUE2||FIXINGDATE|2012-06-27 00:00:00.000|FIXINGVALUE||FIXINGVALUE1||FIXINGVALUE2||FIXINGDATE|2012-06-28 00:00:00.000|FIXINGVALUE||FIXINGVALUE1||FIXINGVALUE2||FIXINGDATE|2012-06-29 00:00:00.000|FIXINGVALUE||FIXINGVALUE1||FIXINGVALUE2||FIXINGDATE|2012-07-02 00:00:00.000|FIXINGVALUE||FIXINGVALUE1||FIXINGVALUE2||FIXINGDATE|2012-07-03 00:00:00.000|FIXINGVALUE||FIXINGVALUE1||FIXINGVALUE2||FIXINGDATE|2012-07-05 00:00:00.000|FIXINGVALUE||FIXINGVALUE1||FIXINGVALUE2||FIXINGDATE|2012-07-06 00:00:00.000|FIXINGVALUE||FIXINGVALUE1||FIXINGVALUE2||FIXINGDATE|2012-07-09 00:00:00.000|FIXINGVALUE||FIXINGVALUE1||FIXINGVALUE2||FIXINGDATE|2012-07-10 00:00:00.000|FIXINGVALUE||FIXINGVALUE1||FIXINGVALUE2||FIXINGDATE|2012-07-11 00:00:00.000|FIXINGVALUE||FIXINGVALUE1||FIXINGVALUE2||FIXINGDATE|2012-07-12 00:00:00.000|FIXINGVALUE||FIXINGVALUE1||FIXINGVALUE2||FIXINGDATE|2012-07-13 00:00:00.000|FIXINGVALUE||FIXINGVALUE1||FIXINGVALUE2||FIXINGDATE|2012-07-16 00:00:00.000|FIXINGVALUE||FIXINGVALUE1||FIXINGVALUE2||FIXINGDATE|2012-07-17 00:00:00.000|FIXINGVALUE||FIXINGVALUE1||FIXINGVALUE2||FIXINGDATE|2012-07-18 00:00:00.000|FIXINGVALUE||FIXINGVALUE1||FIXINGVALUE2||FIXINGDATE|2012-07-19 00:00:00.000|FIXINGVALUE||FIXINGVALUE1||FIXINGVALUE2||FIXINGDATE|2012-07-20 00:00:00.000|FIXINGVALUE||FIXINGVALUE1||FIXINGVALUE2||FIXINGDATE|2012-07-23 00:00:00.000|FIXINGVALUE||FIXINGVALUE1||FIXINGVALUE2||FIXINGDATE|2012-07-24 00:00:00.000|FIXINGVALUE||FIXINGVALUE1||FIXINGVALUE2||FIXINGDATE|2012-07-25 00:00:00.000|FIXINGVALUE||FIXINGVALUE1||FIXINGVALUE2||FIXINGDATE|2012-07-26 00:00:00.000|FIXINGVALUE||FIXINGVALUE1||FIXINGVALUE2||FIXINGDATE|2012-07-27 00:00:00.000|FIXINGVALUE||FIXINGVALUE1||FIXINGVALUE2||FIXINGDATE|2012-07-30 00:00:00.000|FIXINGVALUE||FIXINGVALUE1||FIXINGVALUE2||FIXINGDATE|2012-07-31 00:00:00.000|FIXINGVALUE||FIXINGVALUE1||FIXINGVALUE2||FIXINGDATE|2012-08-01 00:00:00.000|FIXINGVALUE||FIXINGVALUE1||FIXINGVALUE2||FIXINGDATE|2012-08-02 00:00:00.000|FIXINGVALUE||FIXINGVALUE1||FIXINGVALUE2||FIXINGDATE|2012-08-03 00:00:00.000|FIXINGVALUE||FIXINGVALUE1||FIXINGVALUE2||FIXINGDATE|2012-08-06 00:00:00.000|FIXINGVALUE||FIXINGVALUE1||FIXINGVALUE2||FIXINGDATE|2012-08-07 00:00:00.000|FIXINGVALUE||FIXINGVALUE1||FIXINGVALUE2||FIXINGDATE|2012-08-08 00:00:00.000|FIXINGVALUE||FIXINGVALUE1||FIXINGVALUE2||FIXINGDATE|2012-08-09 00:00:00.000|FIXINGVALUE||FIXINGVALUE1||FIXINGVALUE2||FIXINGDATE|2012-08-10 00:00:00.000|FIXINGVALUE||FIXINGVALUE1||FIXINGVALUE2||FIXINGDATE|2012-08-13 00:00:00.000|FIXINGVALUE||FIXINGVALUE1||FIXINGVALUE2||FIXINGDATE|2012-08-14 00:00:00.000|FIXINGVALUE||FIXINGVALUE1||FIXINGVALUE2||FIXINGDATE|2012-08-15 00:00:00.000|FIXINGVALUE||FIXINGVALUE1||FIXINGVALUE2||FIXINGDATE|2012-08-16 00:00:00.000|FIXINGVALUE||FIXINGVALUE1||FIXINGVALUE2||FIXINGDATE|2012-08-17 00:00:00.000|FIXINGVALUE||FIXINGVALUE1||FIXINGVALUE2||FIXINGDATE|2012-08-20 00:00:00.000|FIXINGVALUE||FIXINGVALUE1||FIXINGVALUE2||FIXINGDATE|2012-08-21 00:00:00.000|FIXINGVALUE||FIXINGVALUE1||FIXINGVALUE2||FIXINGDATE|2012-08-22 00:00:00.000|FIXINGVALUE||FIXINGVALUE1||FIXINGVALUE2||FIXINGDATE|2012-08-23 00:00:00.000|FIXINGVALUE||FIXINGVALUE1||FIXINGVALUE2||FIXINGDATE|2012-08-24 00:00:00.000|FIXINGVALUE||FIXINGVALUE1||FIXINGVALUE2||FIXINGDATE|2012-08-27 00:00:00.000|FIXINGVALUE||FIXINGVALUE1||FIXINGVALUE2||FIXINGDATE|2012-08-28 00:00:00.000|FIXINGVALUE||FIXINGVALUE1||FIXINGVALUE2||FIXINGDATE|2012-08-29 00:00:00.000|FIXINGVALUE||FIXINGVALUE1||FIXINGVALUE2||FIXINGDATE|2012-08-30 00:00:00.000|FIXINGVALUE||FIXINGVALUE1||FIXINGVALUE2||FIXINGDATE|2012-08-31 00:00:00.000|FIXINGVALUE||FIXINGVALUE1||FIXINGVALUE2||FIXINGDATE|2012-09-04 00:00:00.000|FIXINGVALUE||FIXINGVALUE1||FIXINGVALUE2||FIXINGDATE|2012-09-05 00:00:00.000|FIXINGVALUE||FIXINGVALUE1||FIXINGVALUE2||FIXINGDATE|2012-09-06 00:00:00.000|FIXINGVALUE||FIXINGVALUE1||FIXINGVALUE2||FIXINGDATE|2012-09-07 00:00:00.000|FIXINGVALUE||FIXINGVALUE1||FIXINGVALUE2||FIXINGDATE|2012-09-10 00:00:00.000|FIXINGVALUE||FIXINGVALUE1||FIXINGVALUE2||FIXINGDATE|2012-09-11 00:00:00.000|FIXINGVALUE||FIXINGVALUE1||FIXINGVALUE2||FIXINGDATE|2012-09-12 00:00:00.000|FIXINGVALUE||FIXINGVALUE1||FIXINGVALUE2||FIXINGDATE|2012-09-13 00:00:00.000|FIXINGVALUE||FIXINGVALUE1||FIXINGVALUE2||FIXINGDATE|2012-09-14 00:00:00.000|FIXINGVALUE||FIXINGVALUE1||FIXINGVALUE2||FIXINGDATE|2012-09-17 00:00:00.000|FIXINGVALUE||FIXINGVALUE1||FIXINGVALUE2||FIXINGDATE|2012-09-18 00:00:00.000|FIXINGVALUE||FIXINGVALUE1||FIXINGVALUE2||FIXINGDATE|2012-09-19 00:00:00.000|FIXINGVALUE||FIXINGVALUE1||FIXINGVALUE2||FIXINGDATE|2012-09-20 00:00:00.000|FIXINGVALUE||FIXINGVALUE1||FIXINGVALUE2||FIXINGDATE|2012-09-21 00:00:00.000|FIXINGVALUE||FIXINGVALUE1||FIXINGVALUE2||FIXINGDATE|2012-09-24 00:00:00.000|FIXINGVALUE||FIXINGVALUE1||FIXINGVALUE2||FIXINGDATE|2012-09-25 00:00:00.000|FIXINGVALUE||FIXINGVALUE1||FIXINGVALUE2||FIXINGDATE|2012-09-26 00:00:00.000|FIXINGVALUE||FIXINGVALUE1||FIXINGVALUE2||FIXINGDATE|2012-09-27 00:00:00.000|FIXINGVALUE||FIXINGVALUE1||FIXINGVALUE2||FIXINGDATE|2012-09-28 00:00:00.000|FIXINGVALUE||FIXINGVALUE1||FIXINGVALUE2||FIXINGDATE|2012-10-01 00:00:00.000|FIXINGVALUE||FIXINGVALUE1||FIXINGVALUE2||FIXINGDATE|2012-10-02 00:00:00.000|FIXINGVALUE||FIXINGVALUE1||FIXINGVALUE2||FIXINGDATE|2012-10-03 00:00:00.000|FIXINGVALUE||FIXINGVALUE1||FIXINGVALUE2||FIXINGDATE|2012-10-04 00:00:00.000|FIXINGVALUE||FIXINGVALUE1||FIXINGVALUE2||FIXINGDATE|2012-10-05 00:00:00.000|FIXINGVALUE||FIXINGVALUE1||FIXINGVALUE2||FIXINGDATE|2012-10-09 00:00:00.000|FIXINGVALUE||FIXINGVALUE1||FIXINGVALUE2||FIXINGDATE|2012-10-10 00:00:00.000|FIXINGVALUE||FIXINGVALUE1||FIXINGVALUE2||FIXINGDATE|2012-10-11 00:00:00.000|FIXINGVALUE||FIXINGVALUE1||FIXINGVALUE2||FIXINGDATE|2012-10-12 00:00:00.000|FIXINGVALUE||FIXINGVALUE1||FIXINGVALUE2||FIXINGDATE|2012-10-15 00:00:00.000|FIXINGVALUE||FIXINGVALUE1||FIXINGVALUE2||FIXINGDATE|2012-10-16 00:00:00.000|FIXINGVALUE||FIXINGVALUE1||FIXINGVALUE2||FIXINGDATE|2012-10-17 00:00:00.000|FIXINGVALUE||FIXINGVALUE1||FIXINGVALUE2||FIXINGDATE|2012-10-18 00:00:00.000|FIXINGVALUE||FIXINGVALUE1||FIXINGVALUE2||FIXINGDATE|2012-10-19 00:00:00.000|FIXINGVALUE||FIXINGVALUE1||FIXINGVALUE2||FIXINGDATE|2012-10-22 00:00:00.000|FIXINGVALUE||FIXINGVALUE1||FIXINGVALUE2||FIXINGDATE|2012-10-23 00:00:00.000|FIXINGVALUE||FIXINGVALUE1||FIXINGVALUE2||FIXINGDATE|2012-10-24 00:00:00.000|FIXINGVALUE||FIXINGVALUE1||FIXINGVALUE2||FIXINGDATE|2012-10-25 00:00:00.000|FIXINGVALUE||FIXINGVALUE1||FIXINGVALUE2||FIXINGDATE|2012-10-26 00:00:00.000|FIXINGVALUE||FIXINGVALUE1||FIXINGVALUE2||FIXINGDATE|2012-10-29 00:00:00.000|FIXINGVALUE||FIXINGVALUE1||FIXINGVALUE2||FIXINGDATE|2012-10-30 00:00:00.000|FIXINGVALUE||FIXINGVALUE1||FIXINGVALUE2||FIXINGDATE|2012-10-31 00:00:00.000|FIXINGVALUE||FIXINGVALUE1||FIXINGVALUE2||FIXINGDATE|2012-11-01 00:00:00.000|FIXINGVALUE||FIXINGVALUE1||FIXINGVALUE2||FIXINGDATE|2012-11-02 00:00:00.000|FIXINGVALUE||FIXINGVALUE1||FIXINGVALUE2||FIXINGDATE|2012-11-05 00:00:00.000|FIXINGVALUE||FIXINGVALUE1||FIXINGVALUE2||FIXINGDATE|2012-11-06 00:00:00.000|FIXINGVALUE||FIXINGVALUE1||FIXINGVALUE2||FIXINGDATE|2012-11-07 00:00:00.000|FIXINGVALUE||FIXINGVALUE1||FIXINGVALUE2||FIXINGDATE|2012-11-08 00:00:00.000|FIXINGVALUE||FIXINGVALUE1||FIXINGVALUE2||FIXINGDATE|2012-11-09 00:00:00.000|FIXINGVALUE||FIXINGVALUE1||FIXINGVALUE2||FIXINGDATE|2012-11-13 00:00:00.000|FIXINGVALUE||FIXINGVALUE1||FIXINGVALUE2||FIXINGDATE|2012-11-14 00:00:00.000|FIXINGVALUE||FIXINGVALUE1||FIXINGVALUE2||FIXINGDATE|2012-11-15 00:00:00.000|FIXINGVALUE||FIXINGVALUE1||FIXINGVALUE2||FIXINGDATE|2012-11-16 00:00:00.000|FIXINGVALUE||FIXINGVALUE1||FIXINGVALUE2||FIXINGDATE|2012-11-19 00:00:00.000|FIXINGVALUE||FIXINGVALUE1||FIXINGVALUE2||FIXINGDATE|2012-11-20 00:00:00.000|FIXINGVALUE||FIXINGVALUE1||FIXINGVALUE2||FIXINGDATE|2012-11-21 00:00:00.000|FIXINGVALUE||FIXINGVALUE1||FIXINGVALUE2||FIXINGDATE|2012-11-23 00:00:00.000|FIXINGVALUE||FIXINGVALUE1||FIXINGVALUE2||FIXINGDATE|2012-11-26 00:00:00.000|FIXINGVALUE||FIXINGVALUE1||FIXINGVALUE2||FIXINGDATE|2012-11-27 00:00:00.000|FIXINGVALUE||FIXINGVALUE1||FIXINGVALUE2||FIXINGDATE|2012-11-28 00:00:00.000|FIXINGVALUE||FIXINGVALUE1||FIXINGVALUE2||FIXINGDATE|2012-11-29 00:00:00.000|FIXINGVALUE||FIXINGVALUE1||FIXINGVALUE2||FIXINGDATE|2012-11-30 00:00:00.000|FIXINGVALUE||FIXINGVALUE1||FIXINGVALUE2||FIXINGDATE|2012-12-03 00:00:00.000|FIXINGVALUE||FIXINGVALUE1||FIXINGVALUE2||FIXINGDATE|2012-12-04 00:00:00.000|FIXINGVALUE||FIXINGVALUE1||FIXINGVALUE2||FIXINGDATE|2012-12-05 00:00:00.000|FIXINGVALUE||FIXINGVALUE1||FIXINGVALUE2||FIXINGDATE|2012-12-06 00:00:00.000|FIXINGVALUE||FIXINGVALUE1||FIXINGVALUE2||FIXINGDATE|2012-12-07 00:00:00.000|FIXINGVALUE||FIXINGVALUE1||FIXINGVALUE2||FIXINGDATE|2012-12-10 00:00:00.000|FIXINGVALUE||FIXINGVALUE1||FIXINGVALUE2||FIXINGDATE|2012-12-11 00:00:00.000|FIXINGVALUE||FIXINGVALUE1||FIXINGVALUE2||FIXINGDATE|2012-12-12 00:00:00.000|FIXINGVALUE||FIXINGVALUE1||FIXINGVALUE2||FIXINGDATE|2012-12-13 00:00:00.000|FIXINGVALUE||FIXINGVALUE1||FIXINGVALUE2||FIXINGDATE|2012-12-14 00:00:00.000|FIXINGVALUE||FIXINGVALUE1||FIXINGVALUE2||FIXINGDATE|2012-12-17 00:00:00.000|FIXINGVALUE||FIXINGVALUE1||FIXINGVALUE2||FIXINGDATE|2012-12-18 00:00:00.000|FIXINGVALUE||FIXINGVALUE1||FIXINGVALUE2||FIXINGDATE|2012-12-19 00:00:00.000|FIXINGVALUE||FIXINGVALUE1||FIXINGVALUE2||FIXINGDATE|2012-12-20 00:00:00.000|FIXINGVALUE||FIXINGVALUE1||FIXINGVALUE2||FIXINGDATE|2012-12-21 00:00:00.000|FIXINGVALUE||FIXINGVALUE1||FIXINGVALUE2||FIXINGDATE|2012-12-24 00:00:00.000|FIXINGVALUE||FIXINGVALUE1||FIXINGVALUE2||FIXINGDATE|2012-12-26 00:00:00.000|FIXINGVALUE||FIXINGVALUE1||FIXINGVALUE2||FIXINGDATE|2012-12-27 00:00:00.000|FIXINGVALUE||FIXINGVALUE1||FIXINGVALUE2||FIXINGDATE|2012-12-28 00:00:00.000|FIXINGVALUE||FIXINGVALUE1||FIXINGVALUE2||FIXINGDATE|2012-12-31 00:00:00.000|FIXINGVALUE||FIXINGVALUE1||FIXINGVALUE2||FIXINGDATE|2013-01-02 00:00:00.000|FIXINGVALUE||FIXINGVALUE1||FIXINGVALUE2||FIXINGDATE|2013-01-03 00:00:00.000|FIXINGVALUE||FIXINGVALUE1||FIXINGVALUE2||FIXINGDATE|2013-01-04 00:00:00.000|FIXINGVALUE||FIXINGVALUE1||FIXINGVALUE2||FIXINGDATE|2013-01-07 00:00:00.000|FIXINGVALUE||FIXINGVALUE1||FIXINGVALUE2||FIXINGDATE|2013-01-08 00:00:00.000|FIXINGVALUE||FIXINGVALUE1||FIXINGVALUE2||FIXINGDATE|2013-01-09 00:00:00.000|FIXINGVALUE||FIXINGVALUE1||FIXINGVALUE2||FIXINGDATE|2013-01-10 00:00:00.000|FIXINGVALUE||FIXINGVALUE1||FIXINGVALUE2||FIXINGDATE|2013-01-11 00:00:00.000|FIXINGVALUE||FIXINGVALUE1||FIXINGVALUE2||FIXINGDATE|2013-01-14 00:00:00.000|FIXINGVALUE||FIXINGVALUE1||FIXINGVALUE2||FIXINGDATE|2013-01-15 00:00:00.000|FIXINGVALUE||FIXINGVALUE1||FIXINGVALUE2||FIXINGDATE|2013-01-16 00:00:00.000|FIXINGVALUE||FIXINGVALUE1||FIXINGVALUE2||FIXINGDATE|2013-01-17 00:00:00.000|FIXINGVALUE||FIXINGVALUE1||FIXINGVALUE2||FIXINGDATE|2013-01-18 00:00:00.000|FIXINGVALUE||FIXINGVALUE1||FIXINGVALUE2||FIXINGDATE|2013-01-22 00:00:00.000|FIXINGVALUE||FIXINGVALUE1||FIXINGVALUE2||FIXINGDATE|2013-01-23 00:00:00.000|FIXINGVALUE||FIXINGVALUE1||FIXINGVALUE2||FIXINGDATE|2013-01-24 00:00:00.000|FIXINGVALUE||FIXINGVALUE1||FIXINGVALUE2||FIXINGDATE|2013-01-25 00:00:00.000|FIXINGVALUE||FIXINGVALUE1||FIXINGVALUE2||FIXINGDATE|2013-01-28 00:00:00.000|FIXINGVALUE||FIXINGVALUE1||FIXINGVALUE2||FIXINGDATE|2013-01-29 00:00:00.000|FIXINGVALUE||FIXINGVALUE1||FIXINGVALUE2||FIXINGDATE|2013-01-30 00:00:00.000|FIXINGVALUE||FIXINGVALUE1||FIXINGVALUE2||FIXINGDATE|2013-01-31 00:00:00.000|FIXINGVALUE||FIXINGVALUE1||FIXINGVALUE2||FIXINGDATE|2013-02-01 00:00:00.000|FIXINGVALUE||FIXINGVALUE1||FIXINGVALUE2||FIXINGDATE|2013-02-04 00:00:00.000|FIXINGVALUE||FIXINGVALUE1||FIXINGVALUE2||FIXINGDATE|2013-02-05 00:00:00.000|FIXINGVALUE||FIXINGVALUE1||FIXINGVALUE2||FIXINGDATE|2013-02-06 00:00:00.000|FIXINGVALUE||FIXINGVALUE1||FIXINGVALUE2||FIXINGDATE|2013-02-07 00:00:00.000|FIXINGVALUE||FIXINGVALUE1||FIXINGVALUE2||FIXINGDATE|2013-02-08 00:00:00.000|FIXINGVALUE||FIXINGVALUE1||FIXINGVALUE2||FIXINGDATE|2013-02-11 00:00:00.000|FIXINGVALUE||FIXINGVALUE1||FIXINGVALUE2||FIXINGDATE|2013-02-12 00:00:00.000|FIXINGVALUE||FIXINGVALUE1||FIXINGVALUE2||FIXINGDATE|2013-02-13 00:00:00.000|FIXINGVALUE||FIXINGVALUE1||FIXINGVALUE2||FIXINGDATE|2013-02-14 00:00:00.000|FIXINGVALUE||FIXINGVALUE1||FIXINGVALUE2||FIXINGDATE|2013-02-15 00:00:00.000|FIXINGVALUE||FIXINGVALUE1||FIXINGVALUE2||FIXINGDATE|2013-02-19 00:00:00.000|FIXINGVALUE||FIXINGVALUE1||FIXINGVALUE2||FIXINGDATE|2013-02-20 00:00:00.000|FIXINGVALUE||FIXINGVALUE1||FIXINGVALUE2||FIXINGDATE|2013-02-21 00:00:00.000|FIXINGVALUE||FIXINGVALUE1||FIXINGVALUE2||FIXINGDATE|2013-02-22 00:00:00.000|FIXINGVALUE||FIXINGVALUE1||FIXINGVALUE2||FIXINGDATE|2013-02-25 00:00:00.000|FIXINGVALUE||FIXINGVALUE1||FIXINGVALUE2||FIXINGDATE|2013-02-26 00:00:00.000|FIXINGVALUE||FIXINGVALUE1||FIXINGVALUE2||FIXINGDATE|2013-02-27 00:00:00.000|FIXINGVALUE||FIXINGVALUE1||FIXINGVALUE2||FIXINGDATE|2013-02-28 00:00:00.000|FIXINGVALUE||FIXINGVALUE1||FIXINGVALUE2||FIXINGDATE|2013-03-01 00:00:00.000|FIXINGVALUE||FIXINGVALUE1||FIXINGVALUE2||FIXINGDATE|2013-03-04 00:00:00.000|FIXINGVALUE||FIXINGVALUE1||FIXINGVALUE2||FIXINGDATE|2013-03-05 00:00:00.000|FIXINGVALUE||FIXINGVALUE1||FIXINGVALUE2||FIXINGDATE|2013-03-06 00:00:00.000|FIXINGVALUE||FIXINGVALUE1||FIXINGVALUE2||FIXINGDATE|2013-03-07 00:00:00.000|FIXINGVALUE||FIXINGVALUE1||FIXINGVALUE2||FIXINGDATE|2013-03-08 00:00:00.000|FIXINGVALUE||FIXINGVALUE1||FIXINGVALUE2||FIXINGDATE|2013-03-11 00:00:00.000|FIXINGVALUE||FIXINGVALUE1||FIXINGVALUE2||FIXINGDATE|2013-03-12 00:00:00.000|FIXINGVALUE||FIXINGVALUE1||FIXINGVALUE2||FIXINGDATE|2013-03-13 00:00:00.000|FIXINGVALUE||FIXINGVALUE1||FIXINGVALUE2||FIXINGDATE|2013-03-14 00:00:00.000|FIXINGVALUE||FIXINGVALUE1||FIXINGVALUE2||FIXINGDATE|2013-03-15 00:00:00.000|FIXINGVALUE||FIXINGVALUE1||FIXINGVALUE2||FIXINGDATE|2013-03-18 00:00:00.000|FIXINGVALUE||FIXINGVALUE1||FIXINGVALUE2||FIXINGDATE|2013-03-19 00:00:00.000|FIXINGVALUE||FIXINGVALUE1||FIXINGVALUE2||FIXINGDATE|2013-03-20 00:00:00.000|FIXINGVALUE||FIXINGVALUE1||FIXINGVALUE2||FIXINGDATE|2013-03-21 00:00:00.000|FIXINGVALUE||FIXINGVALUE1||FIXINGVALUE2||FIXINGDATE|2013-03-22 00:00:00.000|FIXINGVALUE||FIXINGVALUE1||FIXINGVALUE2||FIXINGDATE|2013-03-25 00:00:00.000|FIXINGVALUE||FIXINGVALUE1||FIXINGVALUE2||FIXINGDATE|2013-03-26 00:00:00.000|FIXINGVALUE||FIXINGVALUE1||FIXINGVALUE2||FIXINGDATE|2013-03-27 00:00:00.000|FIXINGVALUE||FIXINGVALUE1||FIXINGVALUE2||FIXINGDATE|2013-03-28 00:00:00.000|FIXINGVALUE||FIXINGVALUE1||FIXINGVALUE2||FIXINGDATE|2013-04-01 00:00:00.000|FIXINGVALUE||FIXINGVALUE1||FIXINGVALUE2||FIXINGDATE|2013-04-02 00:00:00.000|FIXINGVALUE||FIXINGVALUE1||FIXINGVALUE2||FIXINGDATE|2013-04-03 00:00:00.000|FIXINGVALUE||FIXINGVALUE1||FIXINGVALUE2||FIXINGDATE|2013-04-04 00:00:00.000|FIXINGVALUE||FIXINGVALUE1||FIXINGVALUE2||FIXINGDATE|2013-04-05 00:00:00.000|FIXINGVALUE||FIXINGVALUE1||FIXINGVALUE2||FIXINGDATE|2013-04-08 00:00:00.000|FIXINGVALUE||FIXINGVALUE1||FIXINGVALUE2||FIXINGDATE|2013-04-09 00:00:00.000|FIXINGVALUE||FIXINGVALUE1||FIXINGVALUE2||FIXINGDATE|2013-04-10 00:00:00.000|FIXINGVALUE||FIXINGVALUE1||FIXINGVALUE2||FIXINGDATE|2013-04-11 00:00:00.000|FIXINGVALUE||FIXINGVALUE1||FIXINGVALUE2||FIXINGDATE|2013-04-12 00:00:00.000|FIXINGVALUE||FIXINGVALUE1||FIXINGVALUE2||FIXINGDATE|2013-04-15 00:00:00.000|FIXINGVALUE||FIXINGVALUE1||FIXINGVALUE2||FIXINGDATE|2013-04-16 00:00:00.000|FIXINGVALUE||FIXINGVALUE1||FIXINGVALUE2||FIXINGDATE|2013-04-17 00:00:00.000|FIXINGVALUE||FIXINGVALUE1||FIXINGVALUE2||FIXINGDATE|2013-04-18 00:00:00.000|FIXINGVALUE||FIXINGVALUE1||FIXINGVALUE2||FIXINGDATE|2013-04-19 00:00:00.000|FIXINGVALUE||FIXINGVALUE1||FIXINGVALUE2||FIXINGDATE|2013-04-22 00:00:00.000|FIXINGVALUE||FIXINGVALUE1||FIXINGVALUE2||FIXINGDATE|2013-04-23 00:00:00.000|FIXINGVALUE||FIXINGVALUE1||FIXINGVALUE2||FIXINGDATE|2013-04-24 00:00:00.000|FIXINGVALUE||FIXINGVALUE1||FIXINGVALUE2||FIXINGDATE|2013-04-25 00:00:00.000|FIXINGVALUE||FIXINGVALUE1||FIXINGVALUE2||FIXINGDATE|2013-04-26 00:00:00.000|FIXINGVALUE||FIXINGVALUE1||FIXINGVALUE2||FIXINGDATE|2013-04-29 00:00:00.000|FIXINGVALUE||FIXINGVALUE1||FIXINGVALUE2||FIXINGDATE|2013-04-30 00:00:00.000|FIXINGVALUE||FIXINGVALUE1||FIXINGVALUE2||FIXINGDATE|2013-05-01 00:00:00.000|FIXINGVALUE||FIXINGVALUE1||FIXINGVALUE2||FIXINGDATE|2013-05-02 00:00:00.000|FIXINGVALUE||FIXINGVALUE1||FIXINGVALUE2||FIXINGDATE|2013-05-03 00:00:00.000|FIXINGVALUE||FIXINGVALUE1||FIXINGVALUE2||FIXINGDATE|2013-05-06 00:00:00.000|FIXINGVALUE||FIXINGVALUE1||FIXINGVALUE2||FIXINGDATE|2013-05-07 00:00:00.000|FIXINGVALUE||FIXINGVALUE1||FIXINGVALUE2||FIXINGDATE|2013-05-08 00:00:00.000|FIXINGVALUE||FIXINGVALUE1||FIXINGVALUE2||FIXINGDATE|2013-05-09 00:00:00.000|FIXINGVALUE||FIXINGVALUE1||FIXINGVALUE2||FIXINGDATE|2013-05-10 00:00:00.000|FIXINGVALUE||FIXINGVALUE1||FIXINGVALUE2||FIXINGDATE|2013-05-13 00:00:00.000|FIXINGVALUE||FIXINGVALUE1||FIXINGVALUE2||FIXINGDATE|2013-05-14 00:00:00.000|FIXINGVALUE||FIXINGVALUE1||FIXINGVALUE2||FIXINGDATE|2013-05-15 00:00:00.000|FIXINGVALUE||FIXINGVALUE1||FIXINGVALUE2||FIXINGDATE|2013-05-16 00:00:00.000|FIXINGVALUE||FIXINGVALUE1||FIXINGVALUE2||FIXINGDATE|2013-05-17 00:00:00.000|FIXINGVALUE||FIXINGVALUE1||FIXINGVALUE2||FIXINGDATE|2013-05-20 00:00:00.000|FIXINGVALUE||FIXINGVALUE1||FIXINGVALUE2||FIXINGDATE|2013-05-21 00:00:00.000|FIXINGVALUE||FIXINGVALUE1||FIXINGVALUE2||FIXINGDATE|2013-05-22 00:00:00.000|FIXINGVALUE||FIXINGVALUE1||FIXINGVALUE2||FIXINGDATE|2013-05-23 00:00:00.000|FIXINGVALUE||FIXINGVALUE1||FIXINGVALUE2||FIXINGDATE|2013-05-24 00:00:00.000|FIXINGVALUE||FIXINGVALUE1||FIXINGVALUE2||FIXINGDATE|2013-05-28 00:00:00.000|FIXINGVALUE||FIXINGVALUE1||FIXINGVALUE2||FIXINGDATE|2013-05-29 00:00:00.000|FIXINGVALUE||FIXINGVALUE1||FIXINGVALUE2||FIXINGDATE|2013-05-30 00:00:00.000|FIXINGVALUE||FIXINGVALUE1||FIXINGVALUE2||FIXINGDATE|2013-05-31 00:00:00.000|FIXINGVALUE||FIXINGVALUE1||FIXINGVALUE2||FIXINGDATE|2013-06-03 00:00:00.000|FIXINGVALUE||FIXINGVALUE1||FIXINGVALUE2||FIXINGDATE|2013-06-04 00:00:00.000|FIXINGVALUE||FIXINGVALUE1||FIXINGVALUE2||FIXINGDATE|2013-06-05 00:00:00.000|FIXINGVALUE||FIXINGVALUE1||FIXINGVALUE2||FIXINGDATE|2013-06-06 00:00:00.000|FIXINGVALUE||FIXINGVALUE1||FIXINGVALUE2||FIXINGDATE|2013-06-07 00:00:00.000|FIXINGVALUE||FIXINGVALUE1||FIXINGVALUE2||FIXINGDATE|2013-06-10 00:00:00.000|FIXINGVALUE||FIXINGVALUE1||FIXINGVALUE2||FIXINGDATE|2013-06-11 00:00:00.000|FIXINGVALUE||FIXINGVALUE1||FIXINGVALUE2||FIXINGDATE|2013-06-12 00:00:00.000|FIXINGVALUE||FIXINGVALUE1||FIXINGVALUE2||FIXINGDATE|2013-06-13 00:00:00.000|FIXINGVALUE||FIXINGVALUE1||FIXINGVALUE2||FIXINGDATE|2013-06-14 00:00:00.000|FIXINGVALUE||FIXINGVALUE1||FIXINGVALUE2||FIXINGDATE|2013-06-17 00:00:00.000|FIXINGVALUE||FIXINGVALUE1||FIXINGVALUE2||FIXINGDATE|2013-06-18 00:00:00.000|FIXINGVALUE||FIXINGVALUE1||FIXINGVALUE2||FIXINGDATE|2013-06-19 00:00:00.000|FIXINGVALUE||FIXINGVALUE1||FIXINGVALUE2||FIXINGDATE|2013-06-20 00:00:00.000|FIXINGVALUE||FIXINGVALUE1||FIXINGVALUE2||FIXINGDATE|2013-06-21 00:00:00.000|FIXINGVALUE||FIXINGVALUE1||FIXINGVALUE2||FIXINGDATE|2013-06-24 00:00:00.000|FIXINGVALUE||FIXINGVALUE1||FIXINGVALUE2||FIXINGDATE|2013-06-25 00:00:00.000|FIXINGVALUE||FIXINGVALUE1||FIXINGVALUE2||FIXINGDATE|2013-06-26 00:00:00.000|FIXINGVALUE||FIXINGVALUE1||FIXINGVALUE2||FIXINGDATE|2013-06-27 00:00:00.000|FIXINGVALUE||FIXINGVALUE1||FIXINGVALUE2||FIXINGDATE|2013-06-28 00:00:00.000|FIXINGVALUE||FIXINGVALUE1||FIXINGVALUE2||FIXINGDATE|2013-07-01 00:00:00.000|FIXINGVALUE||FIXINGVALUE1||FIXINGVALUE2||FIXINGDATE|2013-07-02 00:00:00.000|FIXINGVALUE||FIXINGVALUE1||FIXINGVALUE2||FIXINGDATE|2013-07-03 00:00:00.000|FIXINGVALUE||FIXINGVALUE1||FIXINGVALUE2||FIXINGDATE|2013-07-05 00:00:00.000|FIXINGVALUE||FIXINGVALUE1||FIXINGVALUE2||FIXINGDATE|2013-07-08 00:00:00.000|FIXINGVALUE||FIXINGVALUE1||FIXINGVALUE2||FIXINGDATE|2013-07-09 00:00:00.000|FIXINGVALUE||FIXINGVALUE1||FIXINGVALUE2||FIXINGDATE|2013-07-10 00:00:00.000|FIXINGVALUE||FIXINGVALUE1||FIXINGVALUE2||FIXINGDATE|2013-07-11 00:00:00.000|FIXINGVALUE||FIXINGVALUE1||FIXINGVALUE2||FIXINGDATE|2013-07-12 00:00:00.000|FIXINGVALUE||FIXINGVALUE1||FIXINGVALUE2||FIXINGDATE|2013-07-15 00:00:00.000|FIXINGVALUE||FIXINGVALUE1||FIXINGVALUE2||FIXINGDATE|2013-07-16 00:00:00.000|FIXINGVALUE||FIXINGVALUE1||FIXINGVALUE2||FIXINGDATE|2013-07-17 00:00:00.000|FIXINGVALUE||FIXINGVALUE1||FIXINGVALUE2||FIXINGDATE|2013-07-18 00:00:00.000|FIXINGVALUE||FIXINGVALUE1||FIXINGVALUE2||FIXINGDATE|2013-07-19 00:00:00.000|FIXINGVALUE||FIXINGVALUE1||FIXINGVALUE2||FIXINGDATE|2013-07-22 00:00:00.000|FIXINGVALUE||FIXINGVALUE1||FIXINGVALUE2||FIXINGDATE|2013-07-23 00:00:00.000|FIXINGVALUE||FIXINGVALUE1||FIXINGVALUE2||FIXINGDATE|2013-07-24 00:00:00.000|FIXINGVALUE||FIXINGVALUE1||FIXINGVALUE2||FIXINGDATE|2013-07-25 00:00:00.000|FIXINGVALUE||FIXINGVALUE1||FIXINGVALUE2||FIXINGDATE|2013-07-26 00:00:00.000|FIXINGVALUE||FIXINGVALUE1||FIXINGVALUE2||FIXINGDATE|2013-07-29 00:00:00.000|FIXINGVALUE||FIXINGVALUE1||FIXINGVALUE2||FIXINGDATE|2013-07-30 00:00:00.000|FIXINGVALUE||FIXINGVALUE1||FIXINGVALUE2||FIXINGDATE|2013-07-31 00:00:00.000|FIXINGVALUE||FIXINGVALUE1||FIXINGVALUE2||FIXINGDATE|2013-08-01 00:00:00.000|FIXINGVALUE||FIXINGVALUE1||FIXINGVALUE2||FIXINGDATE|2013-08-02 00:00:00.000|FIXINGVALUE||FIXINGVALUE1||FIXINGVALUE2||FIXINGDATE|2013-08-05 00:00:00.000|FIXINGVALUE||FIXINGVALUE1||FIXINGVALUE2||FIXINGDATE|2013-08-06 00:00:00.000|FIXINGVALUE||FIXINGVALUE1||FIXINGVALUE2||FIXINGDATE|2013-08-07 00:00:00.000|FIXINGVALUE||FIXINGVALUE1||FIXINGVALUE2||FIXINGDATE|2013-08-08 00:00:00.000|FIXINGVALUE||FIXINGVALUE1||FIXINGVALUE2||FIXINGDATE|2013-08-09 00:00:00.000|FIXINGVALUE||FIXINGVALUE1||FIXINGVALUE2||FIXINGDATE|2013-08-12 00:00:00.000|FIXINGVALUE||FIXINGVALUE1||FIXINGVALUE2||FIXINGDATE|2013-08-13 00:00:00.000|FIXINGVALUE||FIXINGVALUE1||FIXINGVALUE2||FIXINGDATE|2013-08-14 00:00:00.000|FIXINGVALUE||FIXINGVALUE1||FIXINGVALUE2||FIXINGDATE|2013-08-15 00:00:00.000|FIXINGVALUE||FIXINGVALUE1||FIXINGVALUE2||FIXINGDATE|2013-08-16 00:00:00.000|FIXINGVALUE||FIXINGVALUE1||FIXINGVALUE2||FIXINGDATE|2013-08-19 00:00:00.000|FIXINGVALUE||FIXINGVALUE1||FIXINGVALUE2||FIXINGDATE|2013-08-20 00:00:00.000|FIXINGVALUE||FIXINGVALUE1||FIXINGVALUE2||FIXINGDATE|2013-08-21 00:00:00.000|FIXINGVALUE||FIXINGVALUE1||FIXINGVALUE2||FIXINGDATE|2013-08-22 00:00:00.000|FIXINGVALUE||FIXINGVALUE1||FIXINGVALUE2||FIXINGDATE|2013-08-23 00:00:00.000|FIXINGVALUE||FIXINGVALUE1||FIXINGVALUE2||FIXINGDATE|2013-08-26 00:00:00.000|FIXINGVALUE||FIXINGVALUE1||FIXINGVALUE2||FIXINGDATE|2013-08-27 00:00:00.000|FIXINGVALUE||FIXINGVALUE1||FIXINGVALUE2||FIXINGDATE|2013-08-28 00:00:00.000|FIXINGVALUE||FIXINGVALUE1||FIXINGVALUE2||FIXINGDATE|2013-08-29 00:00:00.000|FIXINGVALUE||FIXINGVALUE1||FIXINGVALUE2||FIXINGDATE|2013-08-30 00:00:00.000|FIXINGVALUE||FIXINGVALUE1||FIXINGVALUE2||FIXINGDATE|2013-09-03 00:00:00.000|FIXINGVALUE||FIXINGVALUE1||FIXINGVALUE2||FIXINGDATE|2013-09-04 00:00:00.000|FIXINGVALUE||FIXINGVALUE1||FIXINGVALUE2||FIXINGDATE|2013-09-05 00:00:00.000|FIXINGVALUE||FIXINGVALUE1||FIXINGVALUE2||FIXINGDATE|2013-09-06 00:00:00.000|FIXINGVALUE||FIXINGVALUE1||FIXINGVALUE2||FIXINGDATE|2013-09-09 00:00:00.000|FIXINGVALUE||FIXINGVALUE1||FIXINGVALUE2||FIXINGDATE|2013-09-10 00:00:00.000|FIXINGVALUE||FIXINGVALUE1||FIXINGVALUE2||FIXINGDATE|2013-09-11 00:00:00.000|FIXINGVALUE||FIXINGVALUE1||FIXINGVALUE2||FIXINGDATE|2013-09-12 00:00:00.000|FIXINGVALUE||FIXINGVALUE1||FIXINGVALUE2||FIXINGDATE|2013-09-13 00:00:00.000|FIXINGVALUE||FIXINGVALUE1||FIXINGVALUE2||FIXINGDATE|2013-09-16 00:00:00.000|FIXINGVALUE||FIXINGVALUE1||FIXINGVALUE2||FIXINGDATE|2013-09-17 00:00:00.000|FIXINGVALUE||FIXINGVALUE1||FIXINGVALUE2||FIXINGDATE|2013-09-18 00:00:00.000|FIXINGVALUE||FIXINGVALUE1||FIXINGVALUE2||FIXINGDATE|2013-09-19 00:00:00.000|FIXINGVALUE||FIXINGVALUE1||FIXINGVALUE2||FIXINGDATE|2013-09-20 00:00:00.000|FIXINGVALUE||FIXINGVALUE1||FIXINGVALUE2||FIXINGDATE|2013-09-23 00:00:00.000|FIXINGVALUE||FIXINGVALUE1||FIXINGVALUE2||FIXINGDATE|2013-09-24 00:00:00.000|FIXINGVALUE||FIXINGVALUE1||FIXINGVALUE2||FIXINGDATE|2013-09-25 00:00:00.000|FIXINGVALUE||FIXINGVALUE1||FIXINGVALUE2||FIXINGDATE|2013-09-26 00:00:00.000|FIXINGVALUE||FIXINGVALUE1||FIXINGVALUE2||FIXINGDATE|2013-09-27 00:00:00.000|FIXINGVALUE||FIXINGVALUE1||FIXINGVALUE2||FIXINGDATE|2013-09-30 00:00:00.000|FIXINGVALUE||FIXINGVALUE1||FIXINGVALUE2||FIXINGDATE|2013-10-01 00:00:00.000|FIXINGVALUE||FIXINGVALUE1||FIXINGVALUE2||FIXINGDATE|2013-10-02 00:00:00.000|FIXINGVALUE||FIXINGVALUE1||FIXINGVALUE2||FIXINGDATE|2013-10-03 00:00:00.000|FIXINGVALUE||FIXINGVALUE1||FIXINGVALUE2||FIXINGDATE|2013-10-04 00:00:00.000|FIXINGVALUE||FIXINGVALUE1||FIXINGVALUE2||FIXINGDATE|2013-10-07 00:00:00.000|FIXINGVALUE||FIXINGVALUE1||FIXINGVALUE2||FIXINGDATE|2013-10-08 00:00:00.000|FIXINGVALUE||FIXINGVALUE1||FIXINGVALUE2||FIXINGDATE|2013-10-09 00:00:00.000|FIXINGVALUE||FIXINGVALUE1||FIXINGVALUE2||FIXINGDATE|2013-10-10 00:00:00.000|FIXINGVALUE||FIXINGVALUE1||FIXINGVALUE2||FIXINGDATE|2013-10-11 00:00:00.000|FIXINGVALUE||FIXINGVALUE1||FIXINGVALUE2||FIXINGDATE|2013-10-15 00:00:00.000|FIXINGVALUE||FIXINGVALUE1||FIXINGVALUE2||FIXINGDATE|2013-10-16 00:00:00.000|FIXINGVALUE||FIXINGVALUE1||FIXINGVALUE2||FIXINGDATE|2013-10-17 00:00:00.000|FIXINGVALUE||FIXINGVALUE1||FIXINGVALUE2||FIXINGDATE|2013-10-18 00:00:00.000|FIXINGVALUE||FIXINGVALUE1||FIXINGVALUE2||FIXINGDATE|2013-10-21 00:00:00.000|FIXINGVALUE||FIXINGVALUE1||FIXINGVALUE2||FIXINGDATE|2013-10-22 00:00:00.000|FIXINGVALUE||FIXINGVALUE1||FIXINGVALUE2||FIXINGDATE|2013-10-23 00:00:00.000|FIXINGVALUE||FIXINGVALUE1||FIXINGVALUE2||FIXINGDATE|2013-10-24 00:00:00.000|FIXINGVALUE||FIXINGVALUE1||FIXINGVALUE2||FIXINGDATE|2013-10-25 00:00:00.000|FIXINGVALUE||FIXINGVALUE1||FIXINGVALUE2||FIXINGDATE|2013-10-28 00:00:00.000|FIXINGVALUE||FIXINGVALUE1||FIXINGVALUE2||FIXINGDATE|2013-10-29 00:00:00.000|FIXINGVALUE||FIXINGVALUE1||FIXINGVALUE2||FIXINGDATE|2013-10-30 00:00:00.000|FIXINGVALUE||FIXINGVALUE1||FIXINGVALUE2||FIXINGDATE|2013-10-31 00:00:00.000|FIXINGVALUE||FIXINGVALUE1||FIXINGVALUE2||FIXINGDATE|2013-11-01 00:00:00.000|FIXINGVALUE||FIXINGVALUE1||FIXINGVALUE2||FIXINGDATE|2013-11-04 00:00:00.000|FIXINGVALUE||FIXINGVALUE1||FIXINGVALUE2||FIXINGDATE|2013-11-05 00:00:00.000|FIXINGVALUE||FIXINGVALUE1||FIXINGVALUE2||FIXINGDATE|2013-11-06 00:00:00.000|FIXINGVALUE||FIXINGVALUE1||FIXINGVALUE2||FIXINGDATE|2013-11-07 00:00:00.000|FIXINGVALUE||FIXINGVALUE1||FIXINGVALUE2||FIXINGDATE|2013-11-08 00:00:00.000|FIXINGVALUE||FIXINGVALUE1||FIXINGVALUE2||FIXINGDATE|2013-11-12 00:00:00.000|FIXINGVALUE||FIXINGVALUE1||FIXINGVALUE2||FIXINGDATE|2013-11-13 00:00:00.000|FIXINGVALUE||FIXINGVALUE1||FIXINGVALUE2||FIXINGDATE|2013-11-14 00:00:00.000|FIXINGVALUE||FIXINGVALUE1||FIXINGVALUE2||FIXINGDATE|2013-11-15 00:00:00.000|FIXINGVALUE||FIXINGVALUE1||FIXINGVALUE2||FIXINGDATE|2013-11-18 00:00:00.000|FIXINGVALUE||FIXINGVALUE1||FIXINGVALUE2||FIXINGDATE|2013-11-19 00:00:00.000|FIXINGVALUE||FIXINGVALUE1||FIXINGVALUE2||FIXINGDATE|2013-11-20 00:00:00.000|FIXINGVALUE||FIXINGVALUE1||FIXINGVALUE2||FIXINGDATE|2013-11-21 00:00:00.000|FIXINGVALUE||FIXINGVALUE1||FIXINGVALUE2||FIXINGDATE|2013-11-22 00:00:00.000|FIXINGVALUE||FIXINGVALUE1||FIXINGVALUE2||FIXINGDATE|2013-11-25 00:00:00.000|FIXINGVALUE||FIXINGVALUE1||FIXINGVALUE2||FIXINGDATE|2013-11-26 00:00:00.000|FIXINGVALUE||FIXINGVALUE1||FIXINGVALUE2||FIXINGDATE|2013-11-27 00:00:00.000|FIXINGVALUE||FIXINGVALUE1||FIXINGVALUE2||FIXINGDATE|2013-11-29 00:00:00.000|FIXINGVALUE||FIXINGVALUE1||FIXINGVALUE2||FIXINGDATE|2013-12-02 00:00:00.000|FIXINGVALUE||FIXINGVALUE1||FIXINGVALUE2||FIXINGDATE|2013-12-03 00:00:00.000|FIXINGVALUE||FIXINGVALUE1||FIXINGVALUE2||FIXINGDATE|2013-12-04 00:00:00.000|FIXINGVALUE||FIXINGVALUE1||FIXINGVALUE2||FIXINGDATE|2013-12-05 00:00:00.000|FIXINGVALUE||FIXINGVALUE1||FIXINGVALUE2||FIXINGDATE|2013-12-06 00:00:00.000|FIXINGVALUE||FIXINGVALUE1||FIXINGVALUE2||FIXINGDATE|2013-12-09 00:00:00.000|FIXINGVALUE||FIXINGVALUE1||FIXINGVALUE2||FIXINGDATE|2013-12-10 00:00:00.000|FIXINGVALUE||FIXINGVALUE1||FIXINGVALUE2||FIXINGDATE|2013-12-11 00:00:00.000|FIXINGVALUE||FIXINGVALUE1||FIXINGVALUE2||FIXINGDATE|2013-12-12 00:00:00.000|FIXINGVALUE||FIXINGVALUE1||FIXINGVALUE2||FIXINGDATE|2013-12-13 00:00:00.000|FIXINGVALUE||FIXINGVALUE1||FIXINGVALUE2||FIXINGDATE|2013-12-16 00:00:00.000|FIXINGVALUE||FIXINGVALUE1||FIXINGVALUE2||FIXINGDATE|2013-12-17 00:00:00.000|FIXINGVALUE||FIXINGVALUE1||FIXINGVALUE2||FIXINGDATE|2013-12-18 00:00:00.000|FIXINGVALUE||FIXINGVALUE1||FIXINGVALUE2||FIXINGDATE|2013-12-19 00:00:00.000|FIXINGVALUE||FIXINGVALUE1||FIXINGVALUE2||FIXINGDATE|2013-12-20 00:00:00.000|FIXINGVALUE||FIXINGVALUE1||FIXINGVALUE2||FIXINGDATE|2013-12-23 00:00:00.000|FIXINGVALUE||FIXINGVALUE1||FIXINGVALUE2||FIXINGDATE|2013-12-24 00:00:00.000|FIXINGVALUE||FIXINGVALUE1||FIXINGVALUE2||FIXINGDATE|2013-12-26 00:00:00.000|FIXINGVALUE||FIXINGVALUE1||FIXINGVALUE2||FIXINGDATE|2013-12-27 00:00:00.000|FIXINGVALUE||FIXINGVALUE1||FIXINGVALUE2||FIXINGDATE|2013-12-30 00:00:00.000|FIXINGVALUE||FIXINGVALUE1||FIXINGVALUE2||FIXINGDATE|2013-12-31 00:00:00.000|FIXINGVALUE||FIXINGVALUE1||FIXINGVALUE2||FIXINGDATE|2014-01-02 00:00:00.000|FIXINGVALUE||FIXINGVALUE1||FIXINGVALUE2||FIXINGDATE|2014-01-03 00:00:00.000|FIXINGVALUE||FIXINGVALUE1||FIXINGVALUE2||FIXINGDATE|2014-01-06 00:00:00.000|FIXINGVALUE||FIXINGVALUE1||FIXINGVALUE2||FIXINGDATE|2014-01-07 00:00:00.000|FIXINGVALUE||FIXINGVALUE1||FIXINGVALUE2||FIXINGDATE|2014-01-08 00:00:00.000|FIXINGVALUE||FIXINGVALUE1||FIXINGVALUE2||FIXINGDATE|2014-01-09 00:00:00.000|FIXINGVALUE||FIXINGVALUE1||FIXINGVALUE2||FIXINGDATE|2014-01-10 00:00:00.000|FIXINGVALUE||FIXINGVALUE1||FIXINGVALUE2||FIXINGDATE|2014-01-13 00:00:00.000|FIXINGVALUE||FIXINGVALUE1||FIXINGVALUE2||FIXINGDATE|2014-01-14 00:00:00.000|FIXINGVALUE||FIXINGVALUE1||FIXINGVALUE2||FIXINGDATE|2014-01-15 00:00:00.000|FIXINGVALUE||FIXINGVALUE1||FIXINGVALUE2||FIXINGDATE|2014-01-16 00:00:00.000|FIXINGVALUE||FIXINGVALUE1||FIXINGVALUE2||FIXINGDATE|2014-01-17 00:00:00.000|FIXINGVALUE||FIXINGVALUE1||FIXINGVALUE2||FIXINGDATE|2014-01-21 00:00:00.000|FIXINGVALUE||FIXINGVALUE1||FIXINGVALUE2||FIXINGDATE|2014-01-22 00:00:00.000|FIXINGVALUE||FIXINGVALUE1||FIXINGVALUE2||FIXINGDATE|2014-01-23 00:00:00.000|FIXINGVALUE||FIXINGVALUE1||FIXINGVALUE2||FIXINGDATE|2014-01-24 00:00:00.000|FIXINGVALUE||FIXINGVALUE1||FIXINGVALUE2||FIXINGDATE|2014-01-27 00:00:00.000|FIXINGVALUE||FIXINGVALUE1||FIXINGVALUE2||FIXINGDATE|2014-01-28 00:00:00.000|FIXINGVALUE||FIXINGVALUE1||FIXINGVALUE2||FIXINGDATE|2014-01-29 00:00:00.000|FIXINGVALUE||FIXINGVALUE1||FIXINGVALUE2||FIXINGDATE|2014-01-30 00:00:00.000|FIXINGVALUE||FIXINGVALUE1||FIXINGVALUE2||FIXINGDATE|2014-01-31 00:00:00.000|FIXINGVALUE||FIXINGVALUE1||FIXINGVALUE2||FIXINGDATE|2014-02-03 00:00:00.000|FIXINGVALUE||FIXINGVALUE1||FIXINGVALUE2||FIXINGDATE|2014-02-04 00:00:00.000|FIXINGVALUE||FIXINGVALUE1||FIXINGVALUE2||FIXINGDATE|2014-02-05 00:00:00.000|FIXINGVALUE||FIXINGVALUE1||FIXINGVALUE2||FIXINGDATE|2014-02-06 00:00:00.000|FIXINGVALUE||FIXINGVALUE1||FIXINGVALUE2||FIXINGDATE|2014-02-07 00:00:00.000|FIXINGVALUE||FIXINGVALUE1||FIXINGVALUE2||FIXINGDATE|2014-02-10 00:00:00.000|FIXINGVALUE||FIXINGVALUE1||FIXINGVALUE2||FIXINGDATE|2014-02-11 00:00:00.000|FIXINGVALUE||FIXINGVALUE1||FIXINGVALUE2||FIXINGDATE|2014-02-12 00:00:00.000|FIXINGVALUE||FIXINGVALUE1||FIXINGVALUE2||FIXINGDATE|2014-02-13 00:00:00.000|FIXINGVALUE||FIXINGVALUE1||FIXINGVALUE2||FIXINGDATE|2014-02-14 00:00:00.000|FIXINGVALUE||FIXINGVALUE1||FIXINGVALUE2||FIXINGDATE|2014-02-18 00:00:00.000|FIXINGVALUE||FIXINGVALUE1||FIXINGVALUE2||FIXINGDATE|2014-02-19 00:00:00.000|FIXINGVALUE||FIXINGVALUE1||FIXINGVALUE2||FIXINGDATE|2014-02-20 00:00:00.000|FIXINGVALUE||FIXINGVALUE1||FIXINGVALUE2||FIXINGDATE|2014-02-21 00:00:00.000|FIXINGVALUE||FIXINGVALUE1||FIXINGVALUE2||FIXINGDATE|2014-02-24 00:00:00.000|FIXINGVALUE||FIXINGVALUE1||FIXINGVALUE2||FIXINGDATE|2014-02-25 00:00:00.000|FIXINGVALUE||FIXINGVALUE1||FIXINGVALUE2||FIXINGDATE|2014-02-26 00:00:00.000|FIXINGVALUE||FIXINGVALUE1||FIXINGVALUE2||FIXINGDATE|2014-02-27 00:00:00.000|FIXINGVALUE||FIXINGVALUE1||FIXINGVALUE2||FIXINGDATE|2014-02-28 00:00:00.000|FIXINGVALUE||FIXINGVALUE1||FIXINGVALUE2||FIXINGDATE|2014-03-03 00:00:00.000|FIXINGVALUE||FIXINGVALUE1||FIXINGVALUE2||FIXINGDATE|2014-03-04 00:00:00.000|FIXINGVALUE||FIXINGVALUE1||FIXINGVALUE2||FIXINGDATE|2014-03-05 00:00:00.000|FIXINGVALUE||FIXINGVALUE1||FIXINGVALUE2||FIXINGDATE|2014-03-06 00:00:00.000|FIXINGVALUE||FIXINGVALUE1||FIXINGVALUE2||FIXINGDATE|2014-03-07 00:00:00.000|FIXINGVALUE||FIXINGVALUE1||FIXINGVALUE2||FIXINGDATE|2014-03-10 00:00:00.000|FIXINGVALUE||FIXINGVALUE1||FIXINGVALUE2||FIXINGDATE|2014-03-11 00:00:00.000|FIXINGVALUE||FIXINGVALUE1||FIXINGVALUE2||FIXINGDATE|2014-03-12 00:00:00.000|FIXINGVALUE||FIXINGVALUE1||FIXINGVALUE2||FIXINGDATE|2014-03-13 00:00:00.000|FIXINGVALUE||FIXINGVALUE1||FIXINGVALUE2||FIXINGDATE|2014-03-14 00:00:00.000|FIXINGVALUE||FIXINGVALUE1||FIXINGVALUE2||FIXINGDATE|2014-03-17 00:00:00.000|FIXINGVALUE||FIXINGVALUE1||FIXINGVALUE2||FIXINGDATE|2014-03-19 00:00:00.000|FIXINGVALUE||FIXINGVALUE1||FIXINGVALUE2||FIXINGDATE|2014-03-20 00:00:00.000|FIXINGVALUE||FIXINGVALUE1||FIXINGVALUE2||FIXINGDATE|2014-03-21 00:00:00.000|FIXINGVALUE||FIXINGVALUE1||FIXINGVALUE2||FIXINGDATE|2014-03-24 00:00:00.000|FIXINGVALUE||FIXINGVALUE1||FIXINGVALUE2||FIXINGDATE|2014-03-25 00:00:00.000|FIXINGVALUE||FIXINGVALUE1||FIXINGVALUE2||FIXINGDATE|2014-03-26 00:00:00.000|FIXINGVALUE||FIXINGVALUE1||FIXINGVALUE2||FIXINGDATE|2014-03-27 00:00:00.000|FIXINGVALUE||FIXINGVALUE1||FIXINGVALUE2||FIXINGDATE|2014-03-28 00:00:00.000|FIXINGVALUE||FIXINGVALUE1||FIXINGVALUE2||FIXINGDATE|2014-03-31 00:00:00.000|FIXINGVALUE||FIXINGVALUE1||FIXINGVALUE2||FIXINGDATE|2014-04-01 00:00:00.000|FIXINGVALUE||FIXINGVALUE1||FIXINGVALUE2||FIXINGDATE|2014-04-02 00:00:00.000|FIXINGVALUE||FIXINGVALUE1||FIXINGVALUE2||FIXINGDATE|2014-04-03 00:00:00.000|FIXINGVALUE||FIXINGVALUE1||FIXINGVALUE2||FIXINGDATE|2014-04-04 00:00:00.000|FIXINGVALUE||FIXINGVALUE1||FIXINGVALUE2||FIXINGDATE|2014-04-07 00:00:00.000|FIXINGVALUE||FIXINGVALUE1||FIXINGVALUE2||FIXINGDATE|2014-04-08 00:00:00.000|FIXINGVALUE||FIXINGVALUE1||FIXINGVALUE2||FIXINGDATE|2014-04-09 00:00:00.000|FIXINGVALUE||FIXINGVALUE1||FIXINGVALUE2||FIXINGDATE|2014-04-10 00:00:00.000|FIXINGVALUE||FIXINGVALUE1||FIXINGVALUE2||FIXINGDATE|2014-04-11 00:00:00.000|FIXINGVALUE||FIXINGVALUE1||FIXINGVALUE2||FIXINGDATE|2014-04-14 00:00:00.000|FIXINGVALUE||FIXINGVALUE1||FIXINGVALUE2||FIXINGDATE|2014-04-15 00:00:00.000|FIXINGVALUE||FIXINGVALUE1||FIXINGVALUE2||FIXINGDATE|2014-04-16 00:00:00.000|FIXINGVALUE||FIXINGVALUE1||FIXINGVALUE2||FIXINGDATE|2014-04-17 00:00:00.000|FIXINGVALUE||FIXINGVALUE1||FIXINGVALUE2||FIXINGDATE|2014-04-18 00:00:00.000|FIXINGVALUE||FIXINGVALUE1||FIXINGVALUE2||FIXINGDATE|2014-04-21 00:00:00.000|FIXINGVALUE||FIXINGVALUE1||FIXINGVALUE2||FIXINGDATE|2014-04-22 00:00:00.000|FIXINGVALUE||FIXINGVALUE1||FIXINGVALUE2||FIXINGDATE|2014-04-23 00:00:00.000|FIXINGVALUE||FIXINGVALUE1||FIXINGVALUE2||FIXINGDATE|2014-04-24 00:00:00.000|FIXINGVALUE||FIXINGVALUE1||FIXINGVALUE2||FIXINGDATE|2014-04-25 00:00:00.000|FIXINGVALUE||FIXINGVALUE1||FIXINGVALUE2||FIXINGDATE|2014-04-28 00:00:00.000|FIXINGVALUE||FIXINGVALUE1||FIXINGVALUE2||FIXINGDATE|2014-04-29 00:00:00.000|FIXINGVALUE||FIXINGVALUE1||FIXINGVALUE2||FIXINGDATE|2014-04-30 00:00:00.000|FIXINGVALUE||FIXINGVALUE1||FIXINGVALUE2||FIXINGDATE|2014-05-01 00:00:00.000|FIXINGVALUE||FIXINGVALUE1||FIXINGVALUE2||FIXINGDATE|2014-05-02 00:00:00.000|FIXINGVALUE||FIXINGVALUE1||FIXINGVALUE2||FIXINGDATE|2014-05-05 00:00:00.000|FIXINGVALUE||FIXINGVALUE1||FIXINGVALUE2||FIXINGDATE|2014-05-06 00:00:00.000|FIXINGVALUE||FIXINGVALUE1||FIXINGVALUE2||FIXINGDATE|2014-05-07 00:00:00.000|FIXINGVALUE||FIXINGVALUE1||FIXINGVALUE2||FIXINGDATE|2014-05-08 00:00:00.000|FIXINGVALUE||FIXINGVALUE1||FIXINGVALUE2||FIXINGDATE|2014-05-09 00:00:00.000|FIXINGVALUE||FIXINGVALUE1||FIXINGVALUE2||FIXINGDATE|2014-05-12 00:00:00.000|FIXINGVALUE||FIXINGVALUE1||FIXINGVALUE2||FIXINGDATE|2014-05-13 00:00:00.000|FIXINGVALUE||FIXINGVALUE1||FIXINGVALUE2||FIXINGDATE|2014-05-14 00:00:00.000|FIXINGVALUE||FIXINGVALUE1||FIXINGVALUE2||FIXINGDATE|2014-05-15 00:00:00.000|FIXINGVALUE||FIXINGVALUE1||FIXINGVALUE2||FIXINGDATE|2014-05-16 00:00:00.000|FIXINGVALUE||FIXINGVALUE1||FIXINGVALUE2||FIXINGDATE|2014-05-19 00:00:00.000|FIXINGVALUE||FIXINGVALUE1||FIXINGVALUE2||FIXINGDATE|2014-05-20 00:00:00.000|FIXINGVALUE||FIXINGVALUE1||FIXINGVALUE2||FIXINGDATE|2014-05-21 00:00:00.000|FIXINGVALUE||FIXINGVALUE1||FIXINGVALUE2||FIXINGDATE|2014-05-22 00:00:00.000|FIXINGVALUE||FIXINGVALUE1||FIXINGVALUE2||FIXINGDATE|2014-05-23 00:00:00.000|FIXINGVALUE||FIXINGVALUE1||FIXINGVALUE2||FIXINGDATE|2014-05-27 00:00:00.000|FIXINGVALUE||FIXINGVALUE1||FIXINGVALUE2||FIXINGDATE|2014-05-28 00:00:00.000|FIXINGVALUE||FIXINGVALUE1||FIXINGVALUE2||FIXINGDATE|2014-05-29 00:00:00.000|FIXINGVALUE||FIXINGVALUE1||FIXINGVALUE2||FIXINGDATE|2014-05-30 00:00:00.000|FIXINGVALUE||FIXINGVALUE1||FIXINGVALUE2||FIXINGDATE|2014-06-02 00:00:00.000|FIXINGVALUE||FIXINGVALUE1||FIXINGVALUE2||FIXINGDATE|2014-06-03 00:00:00.000|FIXINGVALUE||FIXINGVALUE1||FIXINGVALUE2||FIXINGDATE|2014-06-04 00:00:00.000|FIXINGVALUE||FIXINGVALUE1||FIXINGVALUE2||FIXINGDATE|2014-06-05 00:00:00.000|FIXINGVALUE||FIXINGVALUE1||FIXINGVALUE2||FIXINGDATE|2014-06-06 00:00:00.000|FIXINGVALUE||FIXINGVALUE1||FIXINGVALUE2||FIXINGDATE|2014-06-09 00:00:00.000|FIXINGVALUE||FIXINGVALUE1||FIXINGVALUE2||FIXINGDATE|2014-06-10 00:00:00.000|FIXINGVALUE||FIXINGVALUE1||FIXINGVALUE2||FIXINGDATE|2014-06-11 00:00:00.000|FIXINGVALUE||FIXINGVALUE1||FIXINGVALUE2||FIXINGDATE|2014-06-12 00:00:00.000|FIXINGVALUE||FIXINGVALUE1||FIXINGVALUE2||FIXINGDATE|2014-06-13 00:00:00.000|FIXINGVALUE||FIXINGVALUE1||FIXINGVALUE2||FIXINGDATE|2014-06-16 00:00:00.000|FIXINGVALUE||FIXINGVALUE1||FIXINGVALUE2||FIXINGDATE|2014-06-17 00:00:00.000|FIXINGVALUE||FIXINGVALUE1||FIXINGVALUE2||FIXINGDATE|2014-06-18 00:00:00.000|FIXINGVALUE||FIXINGVALUE1||FIXINGVALUE2||FIXINGDATE|2014-06-19 00:00:00.000|FIXINGVALUE||FIXINGVALUE1||FIXINGVALUE2||FIXINGDATE|2014-06-20 00:00:00.000|FIXINGVALUE||FIXINGVALUE1||FIXINGVALUE2||FIXINGDATE|2014-06-23 00:00:00.000|FIXINGVALUE||FIXINGVALUE1||FIXINGVALUE2||FIXINGDATE|2014-06-24 00:00:00.000|FIXINGVALUE||FIXINGVALUE1||FIXINGVALUE2||FIXINGDATE|2014-06-25 00:00:00.000|FIXINGVALUE||FIXINGVALUE1||FIXINGVALUE2||FIXINGDATE|2014-06-26 00:00:00.000|FIXINGVALUE||FIXINGVALUE1||FIXINGVALUE2||FIXINGDATE|2014-06-27 00:00:00.000|FIXINGVALUE||FIXINGVALUE1||FIXINGVALUE2||FIXINGDATE|2014-06-30 00:00:00.000|FIXINGVALUE||FIXINGVALUE1||FIXINGVALUE2||FIXINGDATE|2014-07-01 00:00:00.000|FIXINGVALUE||FIXINGVALUE1||FIXINGVALUE2||FIXINGDATE|2014-07-02 00:00:00.000|FIXINGVALUE||FIXINGVALUE1||FIXINGVALUE2||FIXINGDATE|2014-07-03 00:00:00.000|FIXINGVALUE||FIXINGVALUE1||FIXINGVALUE2||FIXINGDATE|2014-07-07 00:00:00.000|FIXINGVALUE||FIXINGVALUE1||FIXINGVALUE2||FIXINGDATE|2014-07-08 00:00:00.000|FIXINGVALUE||FIXINGVALUE1||FIXINGVALUE2||FIXINGDATE|2014-07-09 00:00:00.000|FIXINGVALUE||FIXINGVALUE1||FIXINGVALUE2||FIXINGDATE|2014-07-10 00:00:00.000|FIXINGVALUE||FIXINGVALUE1||FIXINGVALUE2||FIXINGDATE|2014-07-11 00:00:00.000|FIXINGVALUE||FIXINGVALUE1||FIXINGVALUE2||FIXINGDATE|2014-07-14 00:00:00.000|FIXINGVALUE||FIXINGVALUE1||FIXINGVALUE2||FIXINGDATE|2014-07-15 00:00:00.000|FIXINGVALUE||FIXINGVALUE1||FIXINGVALUE2||FIXINGDATE|2014-07-16 00:00:00.000|FIXINGVALUE||FIXINGVALUE1||FIXINGVALUE2||FIXINGDATE|2014-07-17 00:00:00.000|FIXINGVALUE||FIXINGVALUE1||FIXINGVALUE2||FIXINGDATE|2014-07-18 00:00:00.000|FIXINGVALUE||FIXINGVALUE1||FIXINGVALUE2||FIXINGDATE|2014-07-21 00:00:00.000|FIXINGVALUE||FIXINGVALUE1||FIXINGVALUE2||FIXINGDATE|2014-07-22 00:00:00.000|FIXINGVALUE||FIXINGVALUE1||FIXINGVALUE2||FIXINGDATE|2014-07-23 00:00:00.000|FIXINGVALUE||FIXINGVALUE1||FIXINGVALUE2||FIXINGDATE|2014-07-24 00:00:00.000|FIXINGVALUE||FIXINGVALUE1||FIXINGVALUE2||FIXINGDATE|2014-07-25 00:00:00.000|FIXINGVALUE||FIXINGVALUE1||FIXINGVALUE2||FIXINGDATE|2014-07-28 00:00:00.000|FIXINGVALUE||FIXINGVALUE1||FIXINGVALUE2||FIXINGDATE|2014-07-29 00:00:00.000|FIXINGVALUE||FIXINGVALUE1||FIXINGVALUE2||FIXINGDATE|2014-07-30 00:00:00.000|FIXINGVALUE||FIXINGVALUE1||FIXINGVALUE2||FIXINGDATE|2014-07-31 00:00:00.000|FIXINGVALUE||FIXINGVALUE1||FIXINGVALUE2||FIXINGDATE|2014-08-01 00:00:00.000|FIXINGVALUE||FIXINGVALUE1||FIXINGVALUE2||FIXINGDATE|2014-08-04 00:00:00.000|FIXINGVALUE||FIXINGVALUE1||FIXINGVALUE2||FIXINGDATE|2014-08-05 00:00:00.000|FIXINGVALUE||FIXINGVALUE1||FIXINGVALUE2||FIXINGDATE|2014-08-06 00:00:00.000|FIXINGVALUE||FIXINGVALUE1||FIXINGVALUE2||FIXINGDATE|2014-08-07 00:00:00.000|FIXINGVALUE||FIXINGVALUE1||FIXINGVALUE2||FIXINGDATE|2014-08-08 00:00:00.000|FIXINGVALUE||FIXINGVALUE1||FIXINGVALUE2||FIXINGDATE|2014-08-11 00:00:00.000|FIXINGVALUE||FIXINGVALUE1||FIXINGVALUE2||FIXINGDATE|2014-08-12 00:00:00.000|FIXINGVALUE||FIXINGVALUE1||FIXINGVALUE2||FIXINGDATE|2014-08-13 00:00:00.000|FIXINGVALUE||FIXINGVALUE1||FIXINGVALUE2||FIXINGDATE|2014-08-14 00:00:00.000|FIXINGVALUE||FIXINGVALUE1||FIXINGVALUE2||FIXINGDATE|2014-08-15 00:00:00.000|FIXINGVALUE||FIXINGVALUE1||FIXINGVALUE2||FIXINGDATE|2014-08-18 00:00:00.000|FIXINGVALUE||FIXINGVALUE1||FIXINGVALUE2||FIXINGDATE|2014-08-19 00:00:00.000|FIXINGVALUE||FIXINGVALUE1||FIXINGVALUE2||FIXINGDATE|2014-08-20 00:00:00.000|FIXINGVALUE||FIXINGVALUE1||FIXINGVALUE2||FIXINGDATE|2014-08-21 00:00:00.000|FIXINGVALUE||FIXINGVALUE1||FIXINGVALUE2||FIXINGDATE|2014-08-22 00:00:00.000|FIXINGVALUE||FIXINGVALUE1||FIXINGVALUE2||FIXINGDATE|2014-08-25 00:00:00.000|FIXINGVALUE||FIXINGVALUE1||FIXINGVALUE2||FIXINGDATE|2014-08-26 00:00:00.000|FIXINGVALUE||FIXINGVALUE1||FIXINGVALUE2||FIXINGDATE|2014-08-27 00:00:00.000|FIXINGVALUE||FIXINGVALUE1||FIXINGVALUE2||FIXINGDATE|2014-08-28 00:00:00.000|FIXINGVALUE||FIXINGVALUE1||FIXINGVALUE2||FIXINGDATE|2014-08-29 00:00:00.000|FIXINGVALUE||FIXINGVALUE1||FIXINGVALUE2||FIXINGDATE|2014-09-02 00:00:00.000|FIXINGVALUE||FIXINGVALUE1||FIXINGVALUE2||FIXINGDATE|2014-09-03 00:00:00.000|FIXINGVALUE||FIXINGVALUE1||FIXINGVALUE2||FIXINGDATE|2014-09-04 00:00:00.000|FIXINGVALUE||FIXINGVALUE1||FIXINGVALUE2||FIXINGDATE|2014-09-05 00:00:00.000|FIXINGVALUE||FIXINGVALUE1||FIXINGVALUE2||FIXINGDATE|2014-09-08 00:00:00.000|FIXINGVALUE||FIXINGVALUE1||FIXINGVALUE2||FIXINGDATE|2014-09-09 00:00:00.000|FIXINGVALUE||FIXINGVALUE1||FIXINGVALUE2||FIXINGDATE|2014-09-10 00:00:00.000|FIXINGVALUE||FIXINGVALUE1||FIXINGVALUE2||FIXINGDATE|2014-09-11 00:00:00.000|FIXINGVALUE||FIXINGVALUE1||FIXINGVALUE2||FIXINGDATE|2014-09-12 00:00:00.000|FIXINGVALUE||FIXINGVALUE1||FIXINGVALUE2||FIXINGDATE|2014-09-15 00:00:00.000|FIXINGVALUE||FIXINGVALUE1||FIXINGVALUE2||FIXINGDATE|2014-09-16 00:00:00.000|FIXINGVALUE||FIXINGVALUE1||FIXINGVALUE2||FIXINGDATE|2014-09-17 00:00:00.000|FIXINGVALUE||FIXINGVALUE1||FIXINGVALUE2||FIXINGDATE|2014-09-18 00:00:00.000|FIXINGVALUE||FIXINGVALUE1||FIXINGVALUE2||FIXINGDATE|2014-09-19 00:00:00.000|FIXINGVALUE||FIXINGVALUE1||FIXINGVALUE2||FIXINGDATE|2014-09-22 00:00:00.000|FIXINGVALUE||FIXINGVALUE1||FIXINGVALUE2||FIXINGDATE|2014-09-23 00:00:00.000|FIXINGVALUE||FIXINGVALUE1||FIXINGVALUE2||FIXINGDATE|2014-09-24 00:00:00.000|FIXINGVALUE||FIXINGVALUE1||FIXINGVALUE2||FIXINGDATE|2014-09-25 00:00:00.000|FIXINGVALUE||FIXINGVALUE1||FIXINGVALUE2||FIXINGDATE|2014-09-26 00:00:00.000|FIXINGVALUE||FIXINGVALUE1||FIXINGVALUE2||FIXINGDATE|2014-09-29 00:00:00.000|FIXINGVALUE||FIXINGVALUE1||FIXINGVALUE2||FIXINGDATE|2014-09-30 00:00:00.000|FIXINGVALUE||FIXINGVALUE1||FIXINGVALUE2||FIXINGDATE|2014-10-01 00:00:00.000|FIXINGVALUE||FIXINGVALUE1||FIXINGVALUE2||FIXINGDATE|2014-10-02 00:00:00.000|FIXINGVALUE||FIXINGVALUE1||FIXINGVALUE2||FIXINGDATE|2014-10-03 00:00:00.000|FIXINGVALUE||FIXINGVALUE1||FIXINGVALUE2||FIXINGDATE|2014-10-06 00:00:00.000|FIXINGVALUE||FIXINGVALUE1||FIXINGVALUE2||FIXINGDATE|2014-10-07 00:00:00.000|FIXINGVALUE||FIXINGVALUE1||FIXINGVALUE2||FIXINGDATE|2014-10-08 00:00:00.000|FIXINGVALUE||FIXINGVALUE1||FIXINGVALUE2||FIXINGDATE|2014-10-09 00:00:00.000|FIXINGVALUE||FIXINGVALUE1||FIXINGVALUE2||FIXINGDATE|2014-10-10 00:00:00.000|FIXINGVALUE||FIXINGVALUE1||FIXINGVALUE2||FIXINGDATE|2014-10-14 00:00:00.000|FIXINGVALUE||FIXINGVALUE1||FIXINGVALUE2||FIXINGDATE|2014-10-15 00:00:00.000|FIXINGVALUE||FIXINGVALUE1||FIXINGVALUE2||FIXINGDATE|2014-10-16 00:00:00.000|FIXINGVALUE||FIXINGVALUE1||FIXINGVALUE2||FIXINGDATE|2014-10-17 00:00:00.000|FIXINGVALUE||FIXINGVALUE1||FIXINGVALUE2||FIXINGDATE|2014-10-20 00:00:00.000|FIXINGVALUE||FIXINGVALUE1||FIXINGVALUE2||FIXINGDATE|2014-10-21 00:00:00.000|FIXINGVALUE||FIXINGVALUE1||FIXINGVALUE2||FIXINGDATE|2014-10-22 00:00:00.000|FIXINGVALUE||FIXINGVALUE1||FIXINGVALUE2||FIXINGDATE|2014-10-23 00:00:00.000|FIXINGVALUE||FIXINGVALUE1||FIXINGVALUE2||FIXINGDATE|2014-10-24 00:00:00.000|FIXINGVALUE||FIXINGVALUE1||FIXINGVALUE2||FIXINGDATE|2014-10-27 00:00:00.000|FIXINGVALUE||FIXINGVALUE1||FIXINGVALUE2||FIXINGDATE|2014-10-28 00:00:00.000|FIXINGVALUE||FIXINGVALUE1||FIXINGVALUE2||FIXINGDATE|2014-10-29 00:00:00.000|FIXINGVALUE||FIXINGVALUE1||FIXINGVALUE2||FIXINGDATE|2014-10-30 00:00:00.000|FIXINGVALUE||FIXINGVALUE1||FIXINGVALUE2||FIXINGDATE|2014-10-31 00:00:00.000|FIXINGVALUE||FIXINGVALUE1||FIXINGVALUE2||FIXINGDATE|2014-11-03 00:00:00.000|FIXINGVALUE||FIXINGVALUE1||FIXINGVALUE2||FIXINGDATE|2014-11-04 00:00:00.000|FIXINGVALUE||FIXINGVALUE1||FIXINGVALUE2||FIXINGDATE|2014-11-05 00:00:00.000|FIXINGVALUE||FIXINGVALUE1||FIXINGVALUE2||FIXINGDATE|2014-11-06 00:00:00.000|FIXINGVALUE||FIXINGVALUE1||FIXINGVALUE2||FIXINGDATE|2014-11-07 00:00:00.000|FIXINGVALUE||FIXINGVALUE1||FIXINGVALUE2||FIXINGDATE|2014-11-10 00:00:00.000|FIXINGVALUE||FIXINGVALUE1||FIXINGVALUE2||FIXINGDATE|2014-11-12 00:00:00.000|FIXINGVALUE||FIXINGVALUE1||FIXINGVALUE2||FIXINGDATE|2014-11-13 00:00:00.000|FIXINGVALUE||FIXINGVALUE1||FIXINGVALUE2||FIXINGDATE|2014-11-14 00:00:00.000|FIXINGVALUE||FIXINGVALUE1||FIXINGVALUE2||FIXINGDATE|2014-11-17 00:00:00.000|FIXINGVALUE||FIXINGVALUE1||FIXINGVALUE2||FIXINGDATE|2014-11-18 00:00:00.000|FIXINGVALUE||FIXINGVALUE1||FIXINGVALUE2||FIXINGDATE|2014-11-19 00:00:00.000|FIXINGVALUE||FIXINGVALUE1||FIXINGVALUE2||FIXINGDATE|2014-11-20 00:00:00.000|FIXINGVALUE||FIXINGVALUE1||FIXINGVALUE2||FIXINGDATE|2014-11-21 00:00:00.000|FIXINGVALUE||FIXINGVALUE1||FIXINGVALUE2||FIXINGDATE|2014-11-24 00:00:00.000|FIXINGVALUE||FIXINGVALUE1||FIXINGVALUE2||FIXINGDATE|2014-11-25 00:00:00.000|FIXINGVALUE||FIXINGVALUE1||FIXINGVALUE2||FIXINGDATE|2014-11-26 00:00:00.000|FIXINGVALUE||FIXINGVALUE1||FIXINGVALUE2||FIXINGDATE|2014-11-28 00:00:00.000|FIXINGVALUE||FIXINGVALUE1||FIXINGVALUE2||FIXINGDATE|2014-12-01 00:00:00.000|FIXINGVALUE||FIXINGVALUE1||FIXINGVALUE2||FIXINGDATE|2014-12-02 00:00:00.000|FIXINGVALUE||FIXINGVALUE1||FIXINGVALUE2||FIXINGDATE|2014-12-03 00:00:00.000|FIXINGVALUE||FIXINGVALUE1||FIXINGVALUE2||FIXINGDATE|2014-12-04 00:00:00.000|FIXINGVALUE||FIXINGVALUE1||FIXINGVALUE2||FIXINGDATE|2014-12-05 00:00:00.000|FIXINGVALUE||FIXINGVALUE1||FIXINGVALUE2||FIXINGDATE|2014-12-08 00:00:00.000|FIXINGVALUE||FIXINGVALUE1||FIXINGVALUE2||FIXINGDATE|2014-12-09 00:00:00.000|FIXINGVALUE||FIXINGVALUE1||FIXINGVALUE2||FIXINGDATE|2014-12-10 00:00:00.000|FIXINGVALUE||FIXINGVALUE1||FIXINGVALUE2||FIXINGDATE|2014-12-11 00:00:00.000|FIXINGVALUE||FIXINGVALUE1||FIXINGVALUE2||FIXINGDATE|2014-12-12 00:00:00.000|FIXINGVALUE||FIXINGVALUE1||FIXINGVALUE2||FIXINGDATE|2014-12-15 00:00:00.000|FIXINGVALUE||FIXINGVALUE1||FIXINGVALUE2||FIXINGDATE|2014-12-16 00:00:00.000|FIXINGVALUE||FIXINGVALUE1||FIXINGVALUE2||FIXINGDATE|2014-12-17 00:00:00.000|FIXINGVALUE||FIXINGVALUE1||FIXINGVALUE2||FIXINGDATE|2014-12-18 00:00:00.000|FIXINGVALUE||FIXINGVALUE1||FIXINGVALUE2||FIXINGDATE|2014-12-19 00:00:00.000|FIXINGVALUE||FIXINGVALUE1||FIXINGVALUE2||FIXINGDATE|2014-12-22 00:00:00.000|FIXINGVALUE||FIXINGVALUE1||FIXINGVALUE2||FIXINGDATE|2014-12-23 00:00:00.000|FIXINGVALUE||FIXINGVALUE1||FIXINGVALUE2||FIXINGDATE|2014-12-24 00:00:00.000|FIXINGVALUE||FIXINGVALUE1||FIXINGVALUE2||FIXINGDATE|2014-12-26 00:00:00.000|FIXINGVALUE||FIXINGVALUE1||FIXINGVALUE2||FIXINGDATE|2014-12-29 00:00:00.000|FIXINGVALUE||FIXINGVALUE1||FIXINGVALUE2||FIXINGDATE|2014-12-30 00:00:00.000|FIXINGVALUE||FIXINGVALUE1||FIXINGVALUE2||FIXINGDATE|2014-12-31 00:00:00.000|FIXINGVALUE||FIXINGVALUE1||FIXINGVALUE2||FIXINGDATE|2015-01-02 00:00:00.000|FIXINGVALUE||FIXINGVALUE1||FIXINGVALUE2||FIXINGDATE|2015-01-05 00:00:00.000|FIXINGVALUE||FIXINGVALUE1||FIXINGVALUE2||FIXINGDATE|2015-01-06 00:00:00.000|FIXINGVALUE||FIXINGVALUE1||FIXINGVALUE2||FIXINGDATE|2015-01-07 00:00:00.000|FIXINGVALUE||FIXINGVALUE1||FIXINGVALUE2||FIXINGDATE|2015-01-08 00:00:00.000|FIXINGVALUE||FIXINGVALUE1||FIXINGVALUE2||FIXINGDATE|2015-01-09 00:00:00.000|FIXINGVALUE||FIXINGVALUE1||FIXINGVALUE2||FIXINGDATE|2015-01-12 00:00:00.000|FIXINGVALUE||FIXINGVALUE1||FIXINGVALUE2||FIXINGDATE|2015-01-13 00:00:00.000|FIXINGVALUE||FIXINGVALUE1||FIXINGVALUE2||FIXINGDATE|2015-01-14 00:00:00.000|FIXINGVALUE||FIXINGVALUE1||FIXINGVALUE2||FIXINGDATE|2015-01-15 00:00:00.000|FIXINGVALUE||FIXINGVALUE1||FIXINGVALUE2||FIXINGDATE|2015-01-16 00:00:00.000|FIXINGVALUE||FIXINGVALUE1||FIXINGVALUE2||FIXINGDATE|2015-01-20 00:00:00.000|FIXINGVALUE||FIXINGVALUE1||FIXINGVALUE2||FIXINGDATE|2015-01-21 00:00:00.000|FIXINGVALUE||FIXINGVALUE1||FIXINGVALUE2||FIXINGDATE|2015-01-22 00:00:00.000|FIXINGVALUE||FIXINGVALUE1||FIXINGVALUE2||FIXINGDATE|2015-01-23 00:00:00.000|FIXINGVALUE||FIXINGVALUE1||FIXINGVALUE2||FIXINGDATE|2015-01-26 00:00:00.000|FIXINGVALUE||FIXINGVALUE1||FIXINGVALUE2||FIXINGDATE|2015-01-27 00:00:00.000|FIXINGVALUE||FIXINGVALUE1||FIXINGVALUE2||FIXINGDATE|2015-01-28 00:00:00.000|FIXINGVALUE||FIXINGVALUE1||FIXINGVALUE2||FIXINGDATE|2015-01-29 00:00:00.000|FIXINGVALUE||FIXINGVALUE1||FIXINGVALUE2||FIXINGDATE|2015-01-30 00:00:00.000|FIXINGVALUE||FIXINGVALUE1||FIXINGVALUE2||FIXINGDATE|2015-02-02 00:00:00.000|FIXINGVALUE||FIXINGVALUE1||FIXINGVALUE2||FIXINGDATE|2015-02-03 00:00:00.000|FIXINGVALUE||FIXINGVALUE1||FIXINGVALUE2||FIXINGDATE|2015-02-04 00:00:00.000|FIXINGVALUE||FIXINGVALUE1||FIXINGVALUE2||FIXINGDATE|2015-02-05 00:00:00.000|FIXINGVALUE||FIXINGVALUE1||FIXINGVALUE2||FIXINGDATE|2015-02-06 00:00:00.000|FIXINGVALUE||FIXINGVALUE1||FIXINGVALUE2||FIXINGDATE|2015-02-09 00:00:00.000|FIXINGVALUE||FIXINGVALUE1||FIXINGVALUE2||FIXINGDATE|2015-02-10 00:00:00.000|FIXINGVALUE||FIXINGVALUE1||FIXINGVALUE2||FIXINGDATE|2015-02-11 00:00:00.000|FIXINGVALUE||FIXINGVALUE1||FIXINGVALUE2||FIXINGDATE|2015-02-12 00:00:00.000|FIXINGVALUE||FIXINGVALUE1||FIXINGVALUE2||FIXINGDATE|2015-02-13 00:00:00.000|FIXINGVALUE||FIXINGVALUE1||FIXINGVALUE2||FIXINGDATE|2015-02-17 00:00:00.000|FIXINGVALUE||FIXINGVALUE1||FIXINGVALUE2||FIXINGDATE|2015-02-18 00:00:00.000|FIXINGVALUE||FIXINGVALUE1||FIXINGVALUE2||FIXINGDATE|2015-02-19 00:00:00.000|FIXINGVALUE||FIXINGVALUE1||FIXINGVALUE2||FIXINGDATE|2015-02-20 00:00:00.000|FIXINGVALUE||FIXINGVALUE1||FIXINGVALUE2||FIXINGDATE|2015-02-23 00:00:00.000|FIXINGVALUE||FIXINGVALUE1||FIXINGVALUE2||FIXINGDATE|2015-02-24 00:00:00.000|FIXINGVALUE||FIXINGVALUE1||FIXINGVALUE2||FIXINGDATE|2015-02-25 00:00:00.000|FIXINGVALUE||FIXINGVALUE1||FIXINGVALUE2||FIXINGDATE|2015-02-26 00:00:00.000|FIXINGVALUE||FIXINGVALUE1||FIXINGVALUE2||FIXINGDATE|2015-02-27 00:00:00.000|FIXINGVALUE||FIXINGVALUE1||FIXINGVALUE2||FIXINGDATE|2015-03-02 00:00:00.000|FIXINGVALUE||FIXINGVALUE1||FIXINGVALUE2||FIXINGDATE|2015-03-03 00:00:00.000|FIXINGVALUE||FIXINGVALUE1||FIXINGVALUE2||FIXINGDATE|2015-03-04 00:00:00.000|FIXINGVALUE||FIXINGVALUE1||FIXINGVALUE2||FIXINGDATE|2015-03-05 00:00:00.000|FIXINGVALUE||FIXINGVALUE1||FIXINGVALUE2||FIXINGDATE|2015-03-06 00:00:00.000|FIXINGVALUE||FIXINGVALUE1||FIXINGVALUE2||FIXINGDATE|2015-03-09 00:00:00.000|FIXINGVALUE||FIXINGVALUE1||FIXINGVALUE2||FIXINGDATE|2015-03-10 00:00:00.000|FIXINGVALUE||FIXINGVALUE1||FIXINGVALUE2||FIXINGDATE|2015-03-11 00:00:00.000|FIXINGVALUE||FIXINGVALUE1||FIXINGVALUE2||FIXINGDATE|2015-03-12 00:00:00.000|FIXINGVALUE||FIXINGVALUE1||FIXINGVALUE2||FIXINGDATE|2015-03-13 00:00:00.000|FIXINGVALUE||FIXINGVALUE1||FIXINGVALUE2||FIXINGDATE|2015-03-16 00:00:00.000|FIXINGVALUE||FIXINGVALUE1||FIXINGVALUE2||FIXINGDATE|2015-03-17 00:00:00.000|FIXINGVALUE||FIXINGVALUE1||FIXINGVALUE2||FIXINGDATE|2015-03-18 00:00:00.000|FIXINGVALUE||FIXINGVALUE1||FIXINGVALUE2||FIXINGDATE|2015-03-19 00:00:00.000|FIXINGVALUE||FIXINGVALUE1||FIXINGVALUE2||FIXINGDATE|2015-03-20 00:00:00.000|FIXINGVALUE||FIXINGVALUE1||FIXINGVALUE2||FIXINGDATE|2015-03-23 00:00:00.000|FIXINGVALUE||FIXINGVALUE1||FIXINGVALUE2||FIXINGDATE|2015-03-24 00:00:00.000|FIXINGVALUE||FIXINGVALUE1||FIXINGVALUE2||FIXINGDATE|2015-03-25 00:00:00.000|FIXINGVALUE||FIXINGVALUE1||FIXINGVALUE2||FIXINGDATE|2015-03-26 00:00:00.000|FIXINGVALUE||FIXINGVALUE1||FIXINGVALUE2||FIXINGDATE|2015-03-27 00:00:00.000|FIXINGVALUE||FIXINGVALUE1||FIXINGVALUE2||FIXINGDATE|2015-03-30 00:00:00.000|FIXINGVALUE||FIXINGVALUE1||FIXINGVALUE2||FIXINGDATE|2015-03-31 00:00:00.000|FIXINGVALUE||FIXINGVALUE1||FIXINGVALUE2||FIXINGDATE|2015-04-01 00:00:00.000|FIXINGVALUE||FIXINGVALUE1||FIXINGVALUE2||FIXINGDATE|2015-04-02 00:00:00.000|FIXINGVALUE||FIXINGVALUE1||FIXINGVALUE2||FIXINGDATE|2015-04-06 00:00:00.000|FIXINGVALUE||FIXINGVALUE1||FIXINGVALUE2||FIXINGDATE|2015-04-07 00:00:00.000|FIXINGVALUE||FIXINGVALUE1||FIXINGVALUE2||FIXINGDATE|2015-04-08 00:00:00.000|FIXINGVALUE||FIXINGVALUE1||FIXINGVALUE2||FIXINGDATE|2015-04-09 00:00:00.000|FIXINGVALUE||FIXINGVALUE1||FIXINGVALUE2||FIXINGDATE|2015-04-10 00:00:00.000|FIXINGVALUE||FIXINGVALUE1||FIXINGVALUE2||FIXINGDATE|2015-04-13 00:00:00.000|FIXINGVALUE||FIXINGVALUE1||FIXINGVALUE2||FIXINGDATE|2015-04-14 00:00:00.000|FIXINGVALUE||FIXINGVALUE1||FIXINGVALUE2||FIXINGDATE|2015-04-15 00:00:00.000|FIXINGVALUE||FIXINGVALUE1||FIXINGVALUE2||FIXINGDATE|2015-04-16 00:00:00.000|FIXINGVALUE||FIXINGVALUE1||FIXINGVALUE2||FIXINGDATE|2015-04-17 00:00:00.000|FIXINGVALUE||FIXINGVALUE1||FIXINGVALUE2||FIXINGDATE|2015-04-20 00:00:00.000|FIXINGVALUE||FIXINGVALUE1||FIXINGVALUE2||FIXINGDATE|2015-04-21 00:00:00.000|FIXINGVALUE||FIXINGVALUE1||FIXINGVALUE2||FIXINGDATE|2015-04-22 00:00:00.000|FIXINGVALUE||FIXINGVALUE1||FIXINGVALUE2||FIXINGDATE|2015-04-23 00:00:00.000|FIXINGVALUE||FIXINGVALUE1||FIXINGVALUE2||FIXINGDATE|2015-04-24 00:00:00.000|FIXINGVALUE||FIXINGVALUE1||FIXINGVALUE2||FIXINGDATE|2015-04-27 00:00:00.000|FIXINGVALUE||FIXINGVALUE1||FIXINGVALUE2||FIXINGDATE|2015-04-28 00:00:00.000|FIXINGVALUE||FIXINGVALUE1||FIXINGVALUE2||FIXINGDATE|2015-04-29 00:00:00.000|FIXINGVALUE||FIXINGVALUE1||FIXINGVALUE2||FIXINGDATE|2015-04-30 00:00:00.000|FIXINGVALUE||FIXINGVALUE1||FIXINGVALUE2||FIXINGDATE|2015-05-01 00:00:00.000|FIXINGVALUE||FIXINGVALUE1||FIXINGVALUE2||FIXINGDATE|2015-05-04 00:00:00.000|FIXINGVALUE||FIXINGVALUE1||FIXINGVALUE2||FIXINGDATE|2015-05-05 00:00:00.000|FIXINGVALUE||FIXINGVALUE1||FIXINGVALUE2||FIXINGDATE|2015-05-06 00:00:00.000|FIXINGVALUE||FIXINGVALUE1||FIXINGVALUE2||FIXINGDATE|2015-05-07 00:00:00.000|FIXINGVALUE||FIXINGVALUE1||FIXINGVALUE2||FIXINGDATE|2015-05-08 00:00:00.000|FIXINGVALUE||FIXINGVALUE1||FIXINGVALUE2||FIXINGDATE|2015-05-11 00:00:00.000|FIXINGVALUE||FIXINGVALUE1||FIXINGVALUE2||FIXINGDATE|2015-05-12 00:00:00.000|FIXINGVALUE||FIXINGVALUE1||FIXINGVALUE2||FIXINGDATE|2015-05-13 00:00:00.000|FIXINGVALUE||FIXINGVALUE1||FIXINGVALUE2||FIXINGDATE|2015-05-14 00:00:00.000|FIXINGVALUE||FIXINGVALUE1||FIXINGVALUE2||FIXINGDATE|2015-05-15 00:00:00.000|FIXINGVALUE||FIXINGVALUE1||FIXINGVALUE2||FIXINGDATE|2015-05-18 00:00:00.000|FIXINGVALUE||FIXINGVALUE1||FIXINGVALUE2||FIXINGDATE|2015-05-19 00:00:00.000|FIXINGVALUE||FIXINGVALUE1||FIXINGVALUE2||FIXINGDATE|2015-05-20 00:00:00.000|FIXINGVALUE||FIXINGVALUE1||FIXINGVALUE2||FIXINGDATE|2015-05-21 00:00:00.000|FIXINGVALUE||FIXINGVALUE1||FIXINGVALUE2||FIXINGDATE|2015-05-22 00:00:00.000|FIXINGVALUE||FIXINGVALUE1||FIXINGVALUE2||FIXINGDATE|2015-05-26 00:00:00.000|FIXINGVALUE||FIXINGVALUE1||FIXINGVALUE2||FIXINGDATE|2015-05-27 00:00:00.000|FIXINGVALUE||FIXINGVALUE1||FIXINGVALUE2||FIXINGDATE|2015-05-28 00:00:00.000|FIXINGVALUE||FIXINGVALUE1||FIXINGVALUE2||FIXINGDATE|2015-05-29 00:00:00.000|FIXINGVALUE||FIXINGVALUE1||FIXINGVALUE2||FIXINGDATE|2015-06-01 00:00:00.000|FIXINGVALUE||FIXINGVALUE1||FIXINGVALUE2||FIXINGDATE|2015-06-02 00:00:00.000|FIXINGVALUE||FIXINGVALUE1||FIXINGVALUE2||FIXINGDATE|2015-06-03 00:00:00.000|FIXINGVALUE||FIXINGVALUE1||FIXINGVALUE2||FIXINGDATE|2015-06-04 00:00:00.000|FIXINGVALUE||FIXINGVALUE1||FIXINGVALUE2||FIXINGDATE|2015-06-05 00:00:00.000|FIXINGVALUE||FIXINGVALUE1||FIXINGVALUE2||FIXINGDATE|2015-06-08 00:00:00.000|FIXINGVALUE||FIXINGVALUE1||FIXINGVALUE2||FIXINGDATE|2015-06-09 00:00:00.000|FIXINGVALUE||FIXINGVALUE1||FIXINGVALUE2||FIXINGDATE|2015-06-10 00:00:00.000|FIXINGVALUE||FIXINGVALUE1||FIXINGVALUE2||FIXINGDATE|2015-06-11 00:00:00.000|FIXINGVALUE||FIXINGVALUE1||FIXINGVALUE2||FIXINGDATE|2015-06-12 00:00:00.000|FIXINGVALUE||FIXINGVALUE1||FIXINGVALUE2||FIXINGDATE|2015-06-15 00:00:00.000|FIXINGVALUE||FIXINGVALUE1||FIXINGVALUE2||FIXINGDATE|2015-06-16 00:00:00.000|FIXINGVALUE||FIXINGVALUE1||FIXINGVALUE2||FIXINGDATE|2015-06-17 00:00:00.000|FIXINGVALUE||FIXINGVALUE1||FIXINGVALUE2||FIXINGDATE|2015-06-18 00:00:00.000|FIXINGVALUE||FIXINGVALUE1||FIXINGVALUE2||FIXINGDATE|2015-06-19 00:00:00.000|FIXINGVALUE||FIXINGVALUE1||FIXINGVALUE2||FIXINGDATE|2015-06-22 00:00:00.000|FIXINGVALUE||FIXINGVALUE1||FIXINGVALUE2||FIXINGDATE|2015-06-23 00:00:00.000|FIXINGVALUE||FIXINGVALUE1||FIXINGVALUE2||FIXINGDATE|2015-06-24 00:00:00.000|FIXINGVALUE||FIXINGVALUE1||FIXINGVALUE2||FIXINGDATE|2015-06-25 00:00:00.000|FIXINGVALUE||FIXINGVALUE1||FIXINGVALUE2||FIXINGDATE|2015-06-26 00:00:00.000|FIXINGVALUE||FIXINGVALUE1||FIXINGVALUE2||FIXINGDATE|2015-06-29 00:00:00.000|FIXINGVALUE||FIXINGVALUE1||FIXINGVALUE2||FIXINGDATE|2015-06-30 00:00:00.000|FIXINGVALUE||FIXINGVALUE1||FIXINGVALUE2||FIXINGDATE|2015-07-01 00:00:00.000|FIXINGVALUE||FIXINGVALUE1||FIXINGVALUE2||FIXINGDATE|2015-07-02 00:00:00.000|FIXINGVALUE||FIXINGVALUE1||FIXINGVALUE2||FIXINGDATE|2015-07-03 00:00:00.000|FIXINGVALUE||FIXINGVALUE1||FIXINGVALUE2||FIXINGDATE|2015-07-06 00:00:00.000|FIXINGVALUE||FIXINGVALUE1||FIXINGVALUE2||FIXINGDATE|2015-07-07 00:00:00.000|FIXINGVALUE||FIXINGVALUE1||FIXINGVALUE2||FIXINGDATE|2015-07-08 00:00:00.000|FIXINGVALUE||FIXINGVALUE1||FIXINGVALUE2||FIXINGDATE|2015-07-09 00:00:00.000|FIXINGVALUE||FIXINGVALUE1||FIXINGVALUE2||FIXINGDATE|2015-07-10 00:00:00.000|FIXINGVALUE||FIXINGVALUE1||FIXINGVALUE2||FIXINGDATE|2015-07-13 00:00:00.000|FIXINGVALUE||FIXINGVALUE1||FIXINGVALUE2||FIXINGDATE|2015-07-14 00:00:00.000|FIXINGVALUE||FIXINGVALUE1||FIXINGVALUE2||FIXINGDATE|2015-07-15 00:00:00.000|FIXINGVALUE||FIXINGVALUE1||FIXINGVALUE2||FIXINGDATE|2015-07-16 00:00:00.000|FIXINGVALUE||FIXINGVALUE1||FIXINGVALUE2||FIXINGDATE|2015-07-17 00:00:00.000|FIXINGVALUE||FIXINGVALUE1||FIXINGVALUE2||FIXINGDATE|2015-07-20 00:00:00.000|FIXINGVALUE||FIXINGVALUE1||FIXINGVALUE2||FIXINGDATE|2015-07-21 00:00:00.000|FIXINGVALUE||FIXINGVALUE1||FIXINGVALUE2||FIXINGDATE|2015-07-22 00:00:00.000|FIXINGVALUE||FIXINGVALUE1||FIXINGVALUE2||FIXINGDATE|2015-07-23 00:00:00.000|FIXINGVALUE||FIXINGVALUE1||FIXINGVALUE2||FIXINGDATE|2015-07-24 00:00:00.000|FIXINGVALUE||FIXINGVALUE1||FIXINGVALUE2||FIXINGDATE|2015-07-27 00:00:00.000|FIXINGVALUE||FIXINGVALUE1||FIXINGVALUE2||FIXINGDATE|2015-07-28 00:00:00.000|FIXINGVALUE||FIXINGVALUE1||FIXINGVALUE2||FIXINGDATE|2015-07-29 00:00:00.000|FIXINGVALUE||FIXINGVALUE1||FIXINGVALUE2||FIXINGDATE|2015-07-30 00:00:00.000|FIXINGVALUE||FIXINGVALUE1||FIXINGVALUE2||BOOK_CPTY_CDRMNEMONIC|DTCH L  K86|PROFIT_CENTRE|FGO0|BOOKBRANCHPARENT|Global|HIGH_LEVEL_CPTY_CDRMNEMONIC|GOLDIL  C57|HIGH_LEVEL_BOOK_CPTY_CDRM|DTCH L|BOOK_CPYT_SRC_SYSTEM|RMS|SUBBRANCH|LDN|CPTY_CDRMNEMONIC|GOLDIL  C57|AMI_CODE|0840|BOOK_CPTY|JPYL|PUBLICATIONTIME|2010-09-24 15:57:58.835|DBLEGALENTITY|London|ISLIVEYN|Y</Text>
</Message>
