<?xml version="1.0" encoding="UTF-8"?>
<Message>
    <SystemInfo>
        <JMSDestination>Topic[exodus.pipe.demo]</JMSDestination>
        <JMSReplyTo/>
        <JMSDeliveryMode>2</JMSDeliveryMode>
        <JMSRedelivered>false</JMSRedelivered>
        <JMSCorrelationID>null</JMSCorrelationID>
        <JMSType>null</JMSType>
        <JMSTimestamp>1285343791827</JMSTimestamp>
        <JMSExpiration>0</JMSExpiration>
        <JMSPriority>4</JMSPriority>
    </SystemInfo>
    <ApplicationInfo>
        <SYSTEMID>309271149</SYSTEMID>
        <TRADEGROUP>GENERICSALESTICKET</TRADEGROUP>
        <VERSION>3</VERSION>
        <COUNTERPARTY>DSIT</COUNTERPARTY>
        <MESSAGE_TYPE>RMS_TRADE</MESSAGE_TYPE>
        <TRADETYPE>GenericSalesTicket</TRADETYPE>
        <BOOK>SELECTGENERIC</BOOK>
        <ACTION>NonEconomic</ACTION>
        <STATUS>Open</STATUS>
    </ApplicationInfo>
    <Text>SYSTEMID|309271149|TRADETYPE|GenericSalesTicket|TRADEID|104468851V|SOURCESYSTEM|RMS|BOOK|SELECTGENERIC|BLOTTER||COUNTERPARTY|DSIT|COUNTERPARTYSOURCESYSTEM|RMS|COUNTERPARTYNAME|DEUTSCHE SECURITIES INC.|DBICOUNTERPARTYID||CUSTOMER|DSIT|CUSTOMERSOURCESYSTEM|RMS|STATUS|Open|BOOKINGDETAILS|Execution Date of 31Aug10. This is a Divestment of JPY 265,399,763.89 into FX Concepts GCP (JPY) Index, Notional change is JPY 265,399,763.89. Equity/Stoploss change is JPY 265,399,763.89. Shares change is 2,752,436.0855. Share value is 96.4236. Unit Price is 0.0000. Divestment: Booking of 20100831 Sumitomo TRS V002 JPY Divestments.csv. Please see the excel file which was sent on 01Sep10. FileName is 20100901 1453 FX Concepts GCP (JPY) Index Divestment Report is also saved in the following location \\dbg.ads.db.com\lon-gm-g\GCC\CURRENCIES\DBSelect\RMS\RMS Reports\Investment Reports\|NOTIONAL||ISIN||ZONECUT|NY|REBOOKEDBY|PARSIAN|REBOOKEDDATE|2010-09-02 21:03:33.000|VERIFIEDBY||VERIFIEDDATE||OPENEDBY||OPENEDDATE||PREMIUMCURRENCY||PREMIUMDATE||PREMIUMAMOUNT||PREMIUMHASPAIDYN||UNWINDRATE||UNWINDPREMIUMCURRENCY||UNWINDPREMIUMAMOUNT||UNWINDPREMIUMDATE||PRODUCTID|301135086|PRODUCTVERSION|1|PRODUCTLEGID||STRUCTUREID|104468851|TRADEDATE|2010-08-31 00:00:00.000|LASTUPDATED|2010-09-02 21:03:33.000|ACTION|NonEconomic|ACTIONEFFECTIVEDATE|2010-09-02 00:00:00.000|SOURCESYSTEMBOOK|SELECTGENERIC|SOURCESYSTEMPROFITCENTRE||SALESPERSON||TRADER||ENTEREDBY|PARSIAN|FUNDSPLITID||FUNDSPLITVERSION||STRUCTURENAME||MARKUPAMT||MARKUPCCY||MARKUPLOCATION||ATRISKAMT||ATRISKCCY||ATRISKLOCATION||ATRISKINDICATOR||REASON||NOTES|FX Concepts GCP (JPY) Index|BROKER||BROKERAMT||BROKERCCY||LINKSYSTEMID||LINKTYPE||SOURCESYSTEMID|309271149|DATECREATED|2010-09-01 21:55:15.000|CONFIRMAS||VERSION|3|CANCELSSOURCESYSTEMID||CANCELLEDBYSOURCESYSTEMID||CANCELLINGHALFSOURCESYSTEMID||CORRECTSSOURCESYSTEMID||CORRECTEDBYSOURCESYSTEMID||CLOSESSOURCESYSTEMID||CLOSEDBYSOURCESYSTEMID||EXERCISEDINTOSOURCESYSTEMID||EXERCISEDFROMSOURCESYSTEMID||LATESTVERSIONYN|N|CLOSINGDATE||LEGALENTITY|London|DEALCAPTURESYSTEM|RMS|DEALCAPTURESYSTEMID|309271149|BOOKINGLOCATION|London|PRODUCTTYPE||PRODUCTINSTANCE||BACKOFFICESYSTEM||BACKOFFICESYSTEMID||VERSIONVALIDUNTILDATE|2010-09-06 15:37:57.000|TRADEEXTRADETAILID|0|TRADEEXTRADETAILVERSION|0|TRADECLASSIFICATION|1|DEALCAPTURESALESUSER|RMS_GRANAJ|FUNDSPLITALLOCATIONID||FUNDSPLITALLOCATIONLEGID||TEARUPID||ELECTEDCONFIRMATIONSYSTEM|///|ELECTEDCONFIRMATIONRULEID|85|PREVIOUSCONFIRMATIONSYSTEM|///|ELECTEDSETTLEMENTSYSTEM|///|ELECTEDSETTLEMENTRULEID|85|PREVIOUSSETTLEMENTSYSTEM|///|BACKOFFICEPROCESSING|Manual|CALCULATIONAGENT|DB|CLOSEDBY_PRODUCTID|301135086|CLOSES_PRODUCTID|301135086|LINK_PRODUCTID|301135086|PRODUCTTYPEID|GENERICSALESTICKET|ACCCURRENCY||MARGINPAYMENTCURRENCY||MARGINPAYMENTAMOUNT||BACKOFFICEACCEPTED||BACKOFFICEENDDATE||BACKOFFICEEVENT||BACKOFFICEBRANCHACCEPTED||BACKOFFICEBRANCHEVENT||ASSETLOCATION||TRADETABLE|GENERICSALESTICKET|USERENTEREDTRADEDATE||BOOKINGDETAILSID|70728|BOOK_CPTY_CDRMNEMONIC||PROFIT_CENTRE||BOOKBRANCHPARENT|Sales|HIGH_LEVEL_CPTY_CDRMNEMONIC|DETSET|HIGH_LEVEL_BOOK_CPTY_CDRM||BOOK_CPYT_SRC_SYSTEM||SUBBRANCH|LDN|CPTY_CDRMNEMONIC|DETSET|AMI_CODE|0840|BOOK_CPTY||PUBLICATIONTIME|2010-09-24 15:56:31.826|DBLEGALENTITY|London|ISLIVEYN|Y</Text>
</Message>
