<?xml version="1.0" encoding="UTF-8"?>
<Message>
    <SystemInfo>
        <JMSDestination>Topic[exodus.pipe.demo]</JMSDestination>
        <JMSReplyTo/>
        <JMSDeliveryMode>2</JMSDeliveryMode>
        <JMSRedelivered>false</JMSRedelivered>
        <JMSCorrelationID>null</JMSCorrelationID>
        <JMSType>null</JMSType>
        <JMSTimestamp>1285343839527</JMSTimestamp>
        <JMSExpiration>0</JMSExpiration>
        <JMSPriority>4</JMSPriority>
    </SystemInfo>
    <ApplicationInfo>
        <SYSTEMID>307345511</SYSTEMID>
        <TRADEGROUP>INTERESTRATEFUTURE</TRADEGROUP>
        <VERSION>1</VERSION>
        <COUNTERPARTY>CMRE</COUNTERPARTY>
        <MESSAGE_TYPE>RMS_TRADE</MESSAGE_TYPE>
        <TRADETYPE>GeneralFuture</TRADETYPE>
        <BOOK>NYFEUUS</BOOK>
        <ACTION>New</ACTION>
        <STATUS>Open</STATUS>
    </ApplicationInfo>
    <Text>SYSTEMID|307345511|TRADETYPE|GeneralFuture|TRADEID|174138850A|SOURCESYSTEM|ABFO|BOOK|NYFEUUS|BLOTTER||COUNTERPARTY|CMRE|COUNTERPARTYSOURCESYSTEM|RMS|COUNTERPARTYNAME|CHICAGO MERCANTILE EXCHANGE|DBICOUNTERPARTYID||CUSTOMER|CMRE|CUSTOMERSOURCESYSTEM|RMS|STATUS|Open|CURRENCY|USD|CONTRACTCURRENCY|USD|NUMBEROFCONTRACTS|-2|NOTIONAL||FUTURESEXPIRYDATE|2010-09-01 00:00:00.000|FUTURESPRICEPAID|1049|FUTURESMATURITYDATE||FUTURECODE|EP|CALCULATEDEXPIRYDATE||CP||EXPIRYDATE||OPTIONEXPIRYDATE||STRIKE||SETTLEMENTDATE||OPTIONPRICEPAID||ZONECUT||MODELTYPE||ASSETLOCATION||PREMIUMCURRENCY||PREMIUMAMOUNT||PREMIUMDATE||PREMIUMHASPAIDYN||UNWINDRATE||UNWINDPREMIUMCURRENCY||UNWINDPREMIUMAMOUNT||UNWINDPREMIUMDATE||MARGINPAYMENTCURRENCY||MARGINPAYMENTAMOUNT||PRODUCTID|299251810|PRODUCTVERSION|1|PRODUCTLEGID||STRUCTUREID|174138850|TRADEDATE|2010-08-24 00:00:00.000|LASTUPDATED|2010-08-25 04:55:54.000|ACTION|New|ACTIONEFFECTIVEDATE|2010-08-25 00:00:00.000|SOURCESYSTEMBOOK|NYFEUUS|SOURCESYSTEMPROFITCENTRE||SALESPERSON||TRADER|BRADLEY.CASTELLANO@DB.COM|ENTEREDBY|ABFO2RMSFEED|FUNDSPLITID||FUNDSPLITVERSION||STRUCTURENAME||MARKUPAMT||MARKUPCCY||MARKUPLOCATION||ATRISKAMT||ATRISKCCY||ATRISKLOCATION||ATRISKINDICATOR||REASON||NOTES|Comments:-|BROKER|DBMG|BROKERAMT||BROKERCCY||LINKSYSTEMID||LINKTYPE||SOURCESYSTEMID|ABFONYC:298249|DATECREATED|2010-08-25 04:55:54.000|CONFIRMAS||VERSION|1|CANCELSSOURCESYSTEMID||CANCELLEDBYSOURCESYSTEMID||CANCELLINGHALFSOURCESYSTEMID||CORRECTSSOURCESYSTEMID||CORRECTEDBYSOURCESYSTEMID||CLOSESSOURCESYSTEMID||CLOSEDBYSOURCESYSTEMID||EXERCISEDINTOSOURCESYSTEMID||EXERCISEDFROMSOURCESYSTEMID||LATESTVERSIONYN|Y|CLOSINGDATE||LEGALENTITY|London|DEALCAPTURESYSTEM|ABFO2RMSFeed|DEALCAPTURESYSTEMID|ABFONYC:298249:1:1|BOOKINGLOCATION|London|PRODUCTTYPE||PRODUCTINSTANCE||BACKOFFICESYSTEM||BACKOFFICESYSTEMID||VERSIONVALIDUNTILDATE||TRADEEXTRADETAILID||TRADEEXTRADETAILVERSION||TRADECLASSIFICATION||DEALCAPTURESALESUSER||FUNDSPLITALLOCATIONID||FUNDSPLITALLOCATIONLEGID||FUTURESRATEPAID||TEARUPID||ELECTEDCONFIRMATIONSYSTEM|///|ELECTEDCONFIRMATIONRULEID|87|PREVIOUSCONFIRMATIONSYSTEM|NNN|ELECTEDSETTLEMENTSYSTEM|///|ELECTEDSETTLEMENTRULEID|87|PREVIOUSSETTLEMENTSYSTEM|NNN|BACKOFFICEPROCESSING||CALCULATIONAGENT|DB|CLOSEDBY_PRODUCTID||CLOSES_PRODUCTID||LINK_PRODUCTID||PRODUCTTYPEID|FXFUTURE|FOEXPIRYDATE|2010-09-01 00:00:00.000|FOPRICEPAID|1049|ACCCURRENCY||BACKOFFICEACCEPTED||BACKOFFICEENDDATE||BACKOFFICEEVENT||BACKOFFICEBRANCHACCEPTED||BACKOFFICEBRANCHEVENT||TRADETABLE|INTERESTRATEFUTURE|USERENTEREDTRADEDATE||LOGICALDELETEYN|N|FUTSELECTOPTSETTLEMENT|C|FUTSELECTZONECUT||FUTURETYPE|GeneralFuture|FUTURESUBTYPE|Future.EquityIndex|FUTURESHORTCODE|ES|ORDERFIELD|1|EXCHANGE|CME|DESCRIPTION|E-Mini S&amp;P 500|UNDERCURRENCY||CURRENCYMEASUREMENTUNIT||CONTRACTMEASUREMENTUNIT||MEASUREMENTUNITCONVERSION|1|CONTRACTSIZE|50|TICKSIZE|0.5|TICKVALUE|0|DECAYRATE|0|BASEVOL|0|MEANREVERSION|0|PRICECURVE||VOLCURVE||VOLBLEND|0|VOLPRICESHIFT|0|VOLSURFACE||WSSCONTRACTCODE|ES|RRATESCONTRACTCODE||COUNTERPARTYID|CMRE|CONFIRMATIONUNIT||CONFIRMATIONSTATISTICSTATION||DATECALCULATIONRULE||COMPOSITIONTYPE||COMPOSITIONSOURCE||COMPOSITIONOPTION||COMPOSITIONWEIGHTING||SPOTCURVE||UNDERLYINGSPOTINDEXCURVE||RICCODE||FUTURESSELECTMAPYN|Y|FUTSELECTOPTTYPE|GeneralFutureOpt|FUTSELECTPRICESCALAR|1|FUTSELECTDELIVERY|C|FUTSELECTFRACTSCALAR|100|FUTSELECTOPTPRICESCALAR|1|FUTSELECTOPTFRACTSCALAR|100|FIXRAW_CURRENCY|USD|HIGH_LEVEL_CPTY_CDRMNEMONIC|CHIMXC|CPTY_CDRMNEMONIC|CHIMXC|BOOK_CPTY|NYFEUUS|BOOK_CPTY_CDRMNEMONIC|DTCH L  S49|PROFIT_CENTRE|FNY0|BOOKBRANCHPARENT|Forward|HIGH_LEVEL_BOOK_CPTY_CDRM|DTCH L|BOOK_CPYT_SRC_SYSTEM|RMS|SUBBRANCH|NYC|AMI_CODE|0840|PUBLICATIONTIME|2010-09-24 15:57:19.526|DBLEGALENTITY|London|ISLIVEYN|Y</Text>
</Message>
