<?xml version="1.0" encoding="UTF-8"?>
<Message>
    <SystemInfo>
        <JMSDestination>Topic[exodus.pipe.demo]</JMSDestination>
        <JMSReplyTo/>
        <JMSDeliveryMode>2</JMSDeliveryMode>
        <JMSRedelivered>false</JMSRedelivered>
        <JMSCorrelationID>null</JMSCorrelationID>
        <JMSType>null</JMSType>
        <JMSTimestamp>1285344089603</JMSTimestamp>
        <JMSExpiration>0</JMSExpiration>
        <JMSPriority>4</JMSPriority>
    </SystemInfo>
    <ApplicationInfo>
        <SYSTEMID>28404600</SYSTEMID>
        <TRADEGROUP>EXOTIC</TRADEGROUP>
        <VERSION>1402</VERSION>
        <COUNTERPARTY>POSD</COUNTERPARTY>
        <MESSAGE_TYPE>RMS_TRADE</MESSAGE_TYPE>
        <TRADETYPE>IndexNote</TRADETYPE>
        <BOOK>EURBI</BOOK>
        <ACTION>Economic</ACTION>
        <STATUS>Open</STATUS>
    </ApplicationInfo>
    <Text>SYSTEMID|28404600|TRADETYPE|IndexNote|TRADEID|17495326D|SOURCESYSTEM|RMS|BOOK|EURBI|BLOTTER||COUNTERPARTY|POSD|COUNTERPARTYSOURCESYSTEM|RMS|COUNTERPARTYNAME|SAMPO BANK PLC AC SAMPO BK HELSIN|DBICOUNTERPARTYID||CUSTOMER|POSD|CUSTOMERSOURCESYSTEM|RMS|STATUS|Open|SHOWINRMSYN|Y|SECTION|TradeDetails|ORDERFIELD|27|PRICINGSITE|Option|PARAMETERTEXT|EUR|PARAMETERNUMBER||PARAMETERDATE||PRODUCTID|28100977|PRODUCTVERSION|73|PRODUCTLEGID||STRUCTUREID|17495326|TRADEDATE|2005-03-22 00:00:00.000|LASTUPDATED|2010-09-01 18:15:12.000|ACTION|Economic|ACTIONEFFECTIVEDATE|2010-09-01 00:00:00.000|SOURCESYSTEMBOOK|EURBI|SOURCESYSTEMPROFITCENTRE||SALESPERSON|Hans-Jacob Hafsteen|TRADER||ENTEREDBY|HARJRAK|FUNDSPLITID||FUNDSPLITVERSION||STRUCTURENAME||MARKUPAMT|158200|MARKUPCCY|EUR|MARKUPLOCATION|London|ATRISKAMT|293800|ATRISKCCY|EUR|ATRISKLOCATION|London|ATRISKINDICATOR||REASON||ASSETLOCATION||NOTES|odet 160320|BROKER||BROKERAMT||BROKERCCY||LINKSYSTEMID||LINKTYPE||SOURCESYSTEMID|28404600|DATECREATED|2005-03-23 00:00:00.000|CONFIRMAS||VERSION|1402|CANCELSSOURCESYSTEMID||CANCELLEDBYSOURCESYSTEMID||CANCELLINGHALFSOURCESYSTEMID||CORRECTSSOURCESYSTEMID||CORRECTEDBYSOURCESYSTEMID||CLOSESSOURCESYSTEMID||CLOSEDBYSOURCESYSTEMID||EXERCISEDINTOSOURCESYSTEMID||EXERCISEDFROMSOURCESYSTEMID||LATESTVERSIONYN|N|CLOSINGDATE||LEGALENTITY|London|DEALCAPTURESYSTEM|RMS|DEALCAPTURESYSTEMID|28404600|BOOKINGLOCATION|London|PRODUCTTYPE||PRODUCTINSTANCE||BACKOFFICESYSTEM|Ethos|BACKOFFICESYSTEMID||VERSIONVALIDUNTILDATE|2010-09-02 18:08:13.000|TRADEEXTRADETAILID|0|TRADEEXTRADETAILVERSION|0|TRADECLASSIFICATION|2|DEALCAPTURESALESUSER|RMS_HANS-JACOB HAFSTEEN|FUNDSPLITALLOCATIONID||FUNDSPLITALLOCATIONLEGID||TEARUPID||ELECTEDCONFIRMATIONSYSTEM|///|ELECTEDCONFIRMATIONRULEID|71|PREVIOUSCONFIRMATIONSYSTEM|///|ELECTEDSETTLEMENTSYSTEM|///|ELECTEDSETTLEMENTRULEID|71|PREVIOUSSETTLEMENTSYSTEM|///|BACKOFFICEPROCESSING|Standard|CALCULATIONAGENT|DB|CLOSEDBY_PRODUCTID|28100977|CLOSES_PRODUCTID|28100977|LINK_PRODUCTID|28100977|PRODUCTTYPEID|SWAPDCI|PREMIUMHASPAIDYN||UNWINDRATE||BACKOFFICEACCEPTED|N|BACKOFFICEENDDATE||BACKOFFICEEVENT||BACKOFFICEBRANCHACCEPTED||BACKOFFICEBRANCHEVENT||TRADETABLE|EXOTIC|USERENTEREDTRADEDATE||INDEXTYPE|DCI3D|INDEXSTARTDATE|2005-03-23 00:00:00.000|EXPIRYDATE|2012-03-23 00:00:00.000|CURRENCY|EUR|INITIALAMOUNT|923433.21447|AMOUNT|460529.445858709|LEVERAGE|3|HEDGEBOOK|POMM|INDEXNAME|209_POSH|LASTFIXEDDATE|2010-09-01 00:00:00.000|FEEPERCENTAGE|0.0075|FEEFREQUENCY|1M|FEESTYLE|Simple|FEECURRENCY|EUR|NOTIONAL|4355000|NOTIONALCURRENCY|EUR|THRESHOLDPERCENTAGE|0.0075|INVESTORSOURCESYSTEM|RMS|INVESTOR|POSD|INVESTORCUSTOMERSOURCESYSTEM|RMS|INVESTORCUSTOMER|POSD|SHADOWSTRUCTUREDID|175045181|ASSETLOCATION||KNOCKEDOUTDATE||STARTFIXINGDATE|2005-03-22 00:00:00.000|ENDFIXINGDATE|2012-03-23 00:00:00.000|FIXINGHOLIDAYS|EUR|FIXINGSCHEDULE|&lt;EMPTY&gt;|BOOK_CPTY_CDRMNEMONIC|DTCH L  W52|PROFIT_CENTRE|FGO0|BOOKBRANCHPARENT|Global|HIGH_LEVEL_CPTY_CDRMNEMONIC|LEOBKHEL|HIGH_LEVEL_BOOK_CPTY_CDRM|DTCH L|BOOK_CPYT_SRC_SYSTEM|RMS|SUBBRANCH|LDN|CPTY_CDRMNEMONIC|LEOBKHEL|AMI_CODE|0840|BOOK_CPTY|EURBI|PUBLICATIONTIME|2010-09-24 16:01:29.602|DBLEGALENTITY|London|ISLIVEYN|Y</Text>
</Message>
