<?xml version="1.0" encoding="UTF-8"?>
<Message>
    <SystemInfo>
        <JMSDestination>Topic[exodus.pipe.demo]</JMSDestination>
        <JMSReplyTo/>
        <JMSDeliveryMode>2</JMSDeliveryMode>
        <JMSRedelivered>false</JMSRedelivered>
        <JMSCorrelationID>null</JMSCorrelationID>
        <JMSType>null</JMSType>
        <JMSTimestamp>1285344065198</JMSTimestamp>
        <JMSExpiration>0</JMSExpiration>
        <JMSPriority>4</JMSPriority>
    </SystemInfo>
    <ApplicationInfo>
        <SYSTEMID>307888479</SYSTEMID>
        <TRADEGROUP>CASHDEPOSIT</TRADEGROUP>
        <VERSION>1</VERSION>
        <COUNTERPARTY>CITINMIGRATE</COUNTERPARTY>
        <MESSAGE_TYPE>RMS_TRADE</MESSAGE_TYPE>
        <TRADETYPE>InterestRateFRA</TRADETYPE>
        <BOOK>LNMMDMCPRP</BOOK>
        <ACTION>New</ACTION>
        <STATUS>Open</STATUS>
    </ApplicationInfo>
    <Text>SYSTEMID|307888479|TRADETYPE|InterestRateFRA|TRADEID|108714971C|SOURCESYSTEM|RMS|BOOK|LNMMDMCPRP|BLOTTER||COUNTERPARTY|CITINMIGRATE|COUNTERPARTYSOURCESYSTEM|RMS|COUNTERPARTYNAME|CITIBANK NA NEW YORK|DBICOUNTERPARTYID||CUSTOMER|CITINMIGRATE|CUSTOMERSOURCESYSTEM|RMS|STATUS|Open|CURRENCY|USD|NOTIONAL|1000000000|STARTDATE||SETTLEMENTDATE|2011-03-16 00:00:00.000|MARKETRATE||RATE||INTERESTAMOUNT||PAYINTERESTAMOUNT||INITIALEXCHANGEDYN||ACCRUALBASIS|Act/360|CASHACCRUALBASIS|Act/360|RATETENOR|3M|MATURITYDATE|2011-06-15 00:00:00.000|STRIKE|2.4|FRATYPE|R|FIXINGCITIES|LDN|FIXINGDATE|2011-03-14 00:00:00.000|DAYCOUNT|0.252778|FIXING||MODELTYPE||ASSETLOCATION||PREMIUMCURRENCY||PREMIUMAMOUNT||PREMIUMDATE||PREMIUMHASPAIDYN||UNWINDRATE||UNWINDPREMIUMCURRENCY||UNWINDPREMIUMAMOUNT||UNWINDPREMIUMDATE||MARGINPAYMENTCURRENCY||MARGINPAYMENTAMOUNT||PRODUCTID|182420766|PRODUCTVERSION|1|PRODUCTLEGID||STRUCTUREID|108714971|TRADEDATE|2010-08-26 00:00:00.000|LASTUPDATED|2010-08-26 20:36:08.000|ACTION|New|ACTIONEFFECTIVEDATE|2010-08-26 00:00:00.000|SOURCESYSTEMBOOK|LNMMDMCPRP|SOURCESYSTEMPROFITCENTRE||SALESPERSON||TRADER|CURTMI|ENTEREDBY|RAFIIMR|FUNDSPLITID||FUNDSPLITVERSION||STRUCTURENAME||MARKUPAMT||MARKUPCCY||MARKUPLOCATION||ATRISKAMT||ATRISKCCY||ATRISKLOCATION||ATRISKINDICATOR||REASON||NOTES|_B. Trades moved CITINY. Steve-P White by BAAT|BROKER|FITZ|BROKERAMT||BROKERCCY||LINKSYSTEMID||LINKTYPE||SOURCESYSTEMID|307888479|DATECREATED|2010-08-26 20:36:08.000|CONFIRMAS||VERSION|1|CANCELSSOURCESYSTEMID||CANCELLEDBYSOURCESYSTEMID||CANCELLINGHALFSOURCESYSTEMID||CORRECTSSOURCESYSTEMID||CORRECTEDBYSOURCESYSTEMID||CLOSESSOURCESYSTEMID||CLOSEDBYSOURCESYSTEMID||EXERCISEDINTOSOURCESYSTEMID||EXERCISEDFROMSOURCESYSTEMID||LATESTVERSIONYN|N|CLOSINGDATE||LEGALENTITY|London|DEALCAPTURESYSTEM|RMS|DEALCAPTURESYSTEMID|307888479|BOOKINGLOCATION|London|PRODUCTTYPE||PRODUCTINSTANCE||BACKOFFICESYSTEM|Summit|BACKOFFICESYSTEMID|3629592M|VERSIONVALIDUNTILDATE|2010-08-26 21:22:34.000|TRADEEXTRADETAILID|0|TRADEEXTRADETAILVERSION|0|TRADECLASSIFICATION|1|DEALCAPTURESALESUSER|GMFBLOTTER_CURTMI|FUNDSPLITALLOCATIONID||FUNDSPLITALLOCATIONLEGID||GENERATEBACKTOBACKTRADEYN||INTERNALGROUPID||TEARUPID||ELECTEDCONFIRMATIONSYSTEM|///|ELECTEDCONFIRMATIONRULEID|65|PREVIOUSCONFIRMATIONSYSTEM|NNN|ELECTEDSETTLEMENTSYSTEM|///|ELECTEDSETTLEMENTRULEID|65|PREVIOUSSETTLEMENTSYSTEM|NNN|BACKOFFICEPROCESSING|Standard|CALCULATIONAGENT|DB|CLOSEDBY_PRODUCTID|182420766|CLOSES_PRODUCTID|182420766|LINK_PRODUCTID|182420766|PRODUCTTYPEID|////|ACCCURRENCY||BACKOFFICEACCEPTED||BACKOFFICEENDDATE||BACKOFFICEEVENT||BACKOFFICEBRANCHACCEPTED||BACKOFFICEBRANCHEVENT||TRADETABLE|CASHDEPOSIT|USERENTEREDTRADEDATE||GROUPID|307888479|GROUPREASON|STRUCTURED-SIBLING|SUMMITCPBOOK||NOTIONALSIGN|1|SUMMITNAME|DB_LN_1MOISU|INARREARS|true|RESETLAG|2|OFFSET|2|BROKERRATE|0.00001|PUBLISHFIXINGREF||FIXINGREFERENCE|LIBOR|BOOK_CPTY_CDRMNEMONIC|DTCH L  1XT|PROFIT_CENTRE|FRJ0|BOOKBRANCHPARENT|Non GFX Business|HIGH_LEVEL_CPTY_CDRMNEMONIC|CITI N|HIGH_LEVEL_BOOK_CPTY_CDRM|DTCH L|BOOK_CPYT_SRC_SYSTEM|RMS|SUBBRANCH|LDN|CPTY_CDRMNEMONIC|CITI N|AMI_CODE|0840|BOOK_CPTY|LNMMDMCPRP|PAYINTERESTCURRENCY||PUBLICATIONTIME|2010-09-24 16:01:05.196|DBLEGALENTITY|London|ISLIVEYN|Y</Text>
</Message>
