<?xml version="1.0" encoding="UTF-8"?>
<Message>
    <SystemInfo>
        <JMSDestination>Topic[exodus.pipe.demo]</JMSDestination>
        <JMSReplyTo/>
        <JMSDeliveryMode>2</JMSDeliveryMode>
        <JMSRedelivered>false</JMSRedelivered>
        <JMSCorrelationID>null</JMSCorrelationID>
        <JMSType>null</JMSType>
        <JMSTimestamp>1285344006592</JMSTimestamp>
        <JMSExpiration>0</JMSExpiration>
        <JMSPriority>4</JMSPriority>
    </SystemInfo>
    <ApplicationInfo>
        <SYSTEMID>201614334</SYSTEMID>
        <TRADEGROUP>INTERESTRATECAPFLOOR</TRADEGROUP>
        <VERSION>1</VERSION>
        <COUNTERPARTY>DBSW</COUNTERPARTY>
        <MESSAGE_TYPE>RMS_TRADE</MESSAGE_TYPE>
        <TRADETYPE>InterestRateCapFloor</TRADETYPE>
        <BOOK>IRATE</BOOK>
        <ACTION>New</ACTION>
        <STATUS>Open</STATUS>
    </ApplicationInfo>
    <Text>SYSTEMID|201614334|TRADETYPE|InterestRateCapFloor|TRADEID|117047714A|SOURCESYSTEM|RMS|BOOK|IRATE|BLOTTER||COUNTERPARTY|DBSW|COUNTERPARTYSOURCESYSTEM|RMS|COUNTERPARTYNAME|DEUTSCHE BANK AG  AC DEUTCHE BK SWAPS Z FFM|DBICOUNTERPARTYID||CUSTOMER|DBSW|CUSTOMERSOURCESYSTEM|RMS|STATUS|Open|PREMIUMCURRENCY|EUR|PREMIUMAMOUNT|-169600|PREMIUMDATE|2009-05-11 00:00:00.000|PREMIUMHASPAIDYN|N|UNWINDRATE||UNWINDPREMIUMCURRENCY||UNWINDPREMIUMAMOUNT||UNWINDPREMIUMDATE||MARGINPAYMENTCURRENCY||MARGINPAYMENTAMOUNT||CURRENCY|EUR|NOTIONAL|8000000|STRIKE|0.029|CAPFLOOR|C|EFFECTIVEDATE|2011-01-03 00:00:00.000|ROLLDATE|2011-01-03 00:00:00.000|LASTROLLDATE||ENDDATE|2014-01-02 00:00:00.000|LASTFIXEDDATE||DATECONVENTION|Mod Foll|FREQUENCY|3M|BASIS|Act/360|PAYMENTCITIES|EUR|FIXINGCITIES|EUR|FIXINGREFERENCE|EURIBOR|ADJUSTEDDAYCOUNTYN|Y|SPECIALROLLTYPE|EOM_CAL|NUMFLOWSHAVEPAID||ASSETLOCATION||PRODUCTID|195628618|PRODUCTVERSION|1|PRODUCTLEGID||STRUCTUREID|117047714|TRADEDATE|2009-05-07 00:00:00.000|LASTUPDATED|2009-05-07 23:34:17.000|ACTION|New|ACTIONEFFECTIVEDATE|2009-05-07 00:00:00.000|SOURCESYSTEMBOOK|IRATE|SOURCESYSTEMPROFITCENTRE||SALESPERSON||TRADER||ENTEREDBY|MARCYAN|FUNDSPLITID||FUNDSPLITVERSION||STRUCTURENAME||MARKUPAMT||MARKUPCCY||MARKUPLOCATION||ATRISKAMT||ATRISKCCY||ATRISKLOCATION||ATRISKINDICATOR||REASON||NOTES||BROKER||BROKERAMT||BROKERCCY||LINKSYSTEMID||LINKTYPE||SOURCESYSTEMID|201614334|DATECREATED|2009-05-07 23:34:17.000|CONFIRMAS||VERSION|1|CANCELSSOURCESYSTEMID||CANCELLEDBYSOURCESYSTEMID||CANCELLINGHALFSOURCESYSTEMID||CORRECTSSOURCESYSTEMID||CORRECTEDBYSOURCESYSTEMID||CLOSESSOURCESYSTEMID||CLOSEDBYSOURCESYSTEMID||EXERCISEDINTOSOURCESYSTEMID||EXERCISEDFROMSOURCESYSTEMID||LATESTVERSIONYN|N|CLOSINGDATE||LEGALENTITY|London|DEALCAPTURESYSTEM|RMS|DEALCAPTURESYSTEMID|201614334|BOOKINGLOCATION|London|PRODUCTTYPE||PRODUCTINSTANCE||BACKOFFICESYSTEM|Ethos|BACKOFFICESYSTEMID||VERSIONVALIDUNTILDATE|2009-05-07 23:57:59.000|TRADEEXTRADETAILID|0|TRADEEXTRADETAILVERSION|0|TRADECLASSIFICATION|1|DEALCAPTURESALESUSER|RMS_MARCYAN|FUNDSPLITALLOCATIONID||FUNDSPLITALLOCATIONLEGID||TEARUPID||ELECTEDCONFIRMATIONSYSTEM|///|ELECTEDCONFIRMATIONRULEID|86|PREVIOUSCONFIRMATIONSYSTEM|NNN|ELECTEDSETTLEMENTSYSTEM|///|ELECTEDSETTLEMENTRULEID|86|PREVIOUSSETTLEMENTSYSTEM|NNN|BACKOFFICEPROCESSING|Standard|CALCULATIONAGENT|DB|CLOSEDBY_PRODUCTID|195628618|CLOSES_PRODUCTID|195628618|LINK_PRODUCTID|195628618|PRODUCTTYPEID|IRCAPFLOOR|ACCCURRENCY||BACKOFFICEACCEPTED|N|BACKOFFICEENDDATE||BACKOFFICEEVENT||BACKOFFICEBRANCHACCEPTED||BACKOFFICEBRANCHEVENT||TRADETABLE|INTERESTRATECAPFLOOR|USERENTEREDTRADEDATE||FLOWPAYMENTDATE|2011-04-04 00:00:00.000|FLOWEDITEDYN|N|FLOWNOTIONAL|8000000|FLOWSTRIKE|0.029|FLOWFIXING||FLOWDAYCOUNT|0.252777777778|FLOWACCRUALSTARTDATE|2011-01-03 00:00:00.0|FLOWACCRUALENDDATE|2011-04-04 00:00:00.0|FLOWFIXINGDATE|2010-12-30 00:00:00.000|FLOWSTUBYN|N|FLOWID|1|FLOWPAYMENTDATE|2011-07-04 00:00:00.000|FLOWEDITEDYN|N|FLOWNOTIONAL|8000000|FLOWSTRIKE|0.029|FLOWFIXING||FLOWDAYCOUNT|0.252777777778|FLOWACCRUALSTARTDATE|2011-04-04 00:00:00.0|FLOWACCRUALENDDATE|2011-07-04 00:00:00.0|FLOWFIXINGDATE|2011-03-31 00:00:00.000|FLOWSTUBYN|N|FLOWID|2|FLOWPAYMENTDATE|2011-10-03 00:00:00.000|FLOWEDITEDYN|N|FLOWNOTIONAL|8000000|FLOWSTRIKE|0.029|FLOWFIXING||FLOWDAYCOUNT|0.252777777778|FLOWACCRUALSTARTDATE|2011-07-04 00:00:00.0|FLOWACCRUALENDDATE|2011-10-03 00:00:00.0|FLOWFIXINGDATE|2011-06-30 00:00:00.000|FLOWSTUBYN|N|FLOWID|3|FLOWPAYMENTDATE|2012-01-03 00:00:00.000|FLOWEDITEDYN|N|FLOWNOTIONAL|8000000|FLOWSTRIKE|0.029|FLOWFIXING||FLOWDAYCOUNT|0.255555555556|FLOWACCRUALSTARTDATE|2011-10-03 00:00:00.0|FLOWACCRUALENDDATE|2012-01-03 00:00:00.0|FLOWFIXINGDATE|2011-09-29 00:00:00.000|FLOWSTUBYN|N|FLOWID|4|FLOWPAYMENTDATE|2012-04-03 00:00:00.000|FLOWEDITEDYN|N|FLOWNOTIONAL|8000000|FLOWSTRIKE|0.029|FLOWFIXING||FLOWDAYCOUNT|0.252777777778|FLOWACCRUALSTARTDATE|2012-01-03 00:00:00.0|FLOWACCRUALENDDATE|2012-04-03 00:00:00.0|FLOWFIXINGDATE|2011-12-30 00:00:00.000|FLOWSTUBYN|N|FLOWID|5|FLOWPAYMENTDATE|2012-07-03 00:00:00.000|FLOWEDITEDYN|N|FLOWNOTIONAL|8000000|FLOWSTRIKE|0.029|FLOWFIXING||FLOWDAYCOUNT|0.252777777778|FLOWACCRUALSTARTDATE|2012-04-03 00:00:00.0|FLOWACCRUALENDDATE|2012-07-03 00:00:00.0|FLOWFIXINGDATE|2012-03-30 00:00:00.000|FLOWSTUBYN|N|FLOWID|6|FLOWPAYMENTDATE|2012-10-03 00:00:00.000|FLOWEDITEDYN|N|FLOWNOTIONAL|8000000|FLOWSTRIKE|0.029|FLOWFIXING||FLOWDAYCOUNT|0.255555555556|FLOWACCRUALSTARTDATE|2012-07-03 00:00:00.0|FLOWACCRUALENDDATE|2012-10-03 00:00:00.0|FLOWFIXINGDATE|2012-06-29 00:00:00.000|FLOWSTUBYN|N|FLOWID|7|FLOWPAYMENTDATE|2013-01-03 00:00:00.000|FLOWEDITEDYN|N|FLOWNOTIONAL|8000000|FLOWSTRIKE|0.029|FLOWFIXING||FLOWDAYCOUNT|0.255555555556|FLOWACCRUALSTARTDATE|2012-10-03 00:00:00.0|FLOWACCRUALENDDATE|2013-01-03 00:00:00.0|FLOWFIXINGDATE|2012-10-01 00:00:00.000|FLOWSTUBYN|N|FLOWID|8|FLOWPAYMENTDATE|2013-04-03 00:00:00.000|FLOWEDITEDYN|N|FLOWNOTIONAL|8000000|FLOWSTRIKE|0.029|FLOWFIXING||FLOWDAYCOUNT|0.25|FLOWACCRUALSTARTDATE|2013-01-03 00:00:00.0|FLOWACCRUALENDDATE|2013-04-03 00:00:00.0|FLOWFIXINGDATE|2012-12-31 00:00:00.000|FLOWSTUBYN|N|FLOWID|9|FLOWPAYMENTDATE|2013-07-03 00:00:00.000|FLOWEDITEDYN|N|FLOWNOTIONAL|8000000|FLOWSTRIKE|0.029|FLOWFIXING||FLOWDAYCOUNT|0.252777777778|FLOWACCRUALSTARTDATE|2013-04-03 00:00:00.0|FLOWACCRUALENDDATE|2013-07-03 00:00:00.0|FLOWFIXINGDATE|2013-03-28 00:00:00.000|FLOWSTUBYN|N|FLOWID|10|FLOWPAYMENTDATE|2013-10-03 00:00:00.000|FLOWEDITEDYN|N|FLOWNOTIONAL|8000000|FLOWSTRIKE|0.029|FLOWFIXING||FLOWDAYCOUNT|0.255555555556|FLOWACCRUALSTARTDATE|2013-07-03 00:00:00.0|FLOWACCRUALENDDATE|2013-10-03 00:00:00.0|FLOWFIXINGDATE|2013-07-01 00:00:00.000|FLOWSTUBYN|N|FLOWID|11|FLOWPAYMENTDATE|2014-01-02 00:00:00.000|FLOWEDITEDYN|N|FLOWNOTIONAL|8000000|FLOWSTRIKE|0.029|FLOWFIXING||FLOWDAYCOUNT|0.252777777778|FLOWACCRUALSTARTDATE|2013-10-03 00:00:00.0|FLOWACCRUALENDDATE|2014-01-02 00:00:00.0|FLOWFIXINGDATE|2013-10-01 00:00:00.000|FLOWSTUBYN|Y|FLOWID|12|BOOK_CPTY_CDRMNEMONIC|DTCH L  K82|PROFIT_CENTRE|FGO0|BOOKBRANCHPARENT|Global|HIGH_LEVEL_CPTY_CDRMNEMONIC|DTCH L  SWP|HIGH_LEVEL_BOOK_CPTY_CDRM|DTCH L|BOOK_CPYT_SRC_SYSTEM|RMS|SUBBRANCH|LDN|CPTY_CDRMNEMONIC|DTCH L  SWP|AMI_CODE|0840|BOOK_CPTY|IRAT|PUBLICATIONTIME|2010-09-24 16:00:06.589|DBLEGALENTITY|London|ISLIVEYN|Y</Text>
</Message>
