<?xml version="1.0" encoding="UTF-8"?>
<Message>
    <SystemInfo>
        <JMSDestination>Topic[exodus.pipe.demo]</JMSDestination>
        <JMSReplyTo/>
        <JMSDeliveryMode>2</JMSDeliveryMode>
        <JMSRedelivered>false</JMSRedelivered>
        <JMSCorrelationID>null</JMSCorrelationID>
        <JMSType>null</JMSType>
        <JMSTimestamp>1285343786248</JMSTimestamp>
        <JMSExpiration>0</JMSExpiration>
        <JMSPriority>4</JMSPriority>
    </SystemInfo>
    <ApplicationInfo>
        <SYSTEMID>309672130</SYSTEMID>
        <TRADEGROUP>INTERESTRATEFUTURE</TRADEGROUP>
        <VERSION>1</VERSION>
        <COUNTERPARTY>CMRE</COUNTERPARTY>
        <MESSAGE_TYPE>RMS_TRADE</MESSAGE_TYPE>
        <TRADETYPE>InterestRateFutureOpt</TRADETYPE>
        <BOOK>NYFUSJP</BOOK>
        <ACTION>New</ACTION>
        <STATUS>Open</STATUS>
    </ApplicationInfo>
    <Text>SYSTEMID|309672130|TRADETYPE|InterestRateFutureOpt|TRADEID|175280396A|SOURCESYSTEM|ABFO|BOOK|NYFUSJP|BLOTTER||COUNTERPARTY|CMRE|COUNTERPARTYSOURCESYSTEM|RMS|COUNTERPARTYNAME|CHICAGO MERCANTILE EXCHANGE|DBICOUNTERPARTYID||CUSTOMER|CMRE|CUSTOMERSOURCESYSTEM|RMS|STATUS|Open|CURRENCY|USD|CONTRACTCURRENCY|USD|NUMBEROFCONTRACTS|-1|NOTIONAL||FUTURESEXPIRYDATE|2010-09-01 00:00:00.000|FUTURESPRICEPAID||FUTURESMATURITYDATE||FUTURECODE|USI_CME_MIDCURVE|CALCULATEDEXPIRYDATE||CP|P|EXPIRYDATE||OPTIONEXPIRYDATE|2010-09-01 00:00:00.000|STRIKE|99.25|SETTLEMENTDATE||OPTIONPRICEPAID|0.025|ZONECUT||MODELTYPE||ASSETLOCATION||PREMIUMCURRENCY||PREMIUMAMOUNT||PREMIUMDATE||PREMIUMHASPAIDYN||UNWINDRATE||UNWINDPREMIUMCURRENCY||UNWINDPREMIUMAMOUNT||UNWINDPREMIUMDATE||MARGINPAYMENTCURRENCY||MARGINPAYMENTAMOUNT||PRODUCTID|301522394|PRODUCTVERSION|1|PRODUCTLEGID||STRUCTUREID|175280396|TRADEDATE|2010-09-02 00:00:00.000|LASTUPDATED|2010-09-03 01:24:23.000|ACTION|New|ACTIONEFFECTIVEDATE|2010-09-03 00:00:00.000|SOURCESYSTEMBOOK|NYFUSJP|SOURCESYSTEMPROFITCENTRE||SALESPERSON||TRADER|DANIEL.YI@DB.COM|ENTEREDBY|ABFO2RMSFEED|FUNDSPLITID||FUNDSPLITVERSION||STRUCTURENAME||MARKUPAMT||MARKUPCCY||MARKUPLOCATION||ATRISKAMT||ATRISKCCY||ATRISKLOCATION||ATRISKINDICATOR||REASON||NOTES|Comments:-|BROKER|DBMG|BROKERAMT||BROKERCCY||LINKSYSTEMID||LINKTYPE||SOURCESYSTEMID|ABFONYC:302099|DATECREATED|2010-09-03 01:24:23.000|CONFIRMAS||VERSION|1|CANCELSSOURCESYSTEMID||CANCELLEDBYSOURCESYSTEMID||CANCELLINGHALFSOURCESYSTEMID||CORRECTSSOURCESYSTEMID||CORRECTEDBYSOURCESYSTEMID||CLOSESSOURCESYSTEMID||CLOSEDBYSOURCESYSTEMID||EXERCISEDINTOSOURCESYSTEMID||EXERCISEDFROMSOURCESYSTEMID||LATESTVERSIONYN|N|CLOSINGDATE||LEGALENTITY|London|DEALCAPTURESYSTEM|ABFO2RMSFeed|DEALCAPTURESYSTEMID|ABFONYC:302099:1:1|BOOKINGLOCATION|London|PRODUCTTYPE||PRODUCTINSTANCE||BACKOFFICESYSTEM||BACKOFFICESYSTEMID||VERSIONVALIDUNTILDATE|2010-09-07 23:23:21.000|TRADEEXTRADETAILID||TRADEEXTRADETAILVERSION||TRADECLASSIFICATION||DEALCAPTURESALESUSER||FUNDSPLITALLOCATIONID||FUNDSPLITALLOCATIONLEGID||FUTURESRATEPAID||TEARUPID||ELECTEDCONFIRMATIONSYSTEM|///|ELECTEDCONFIRMATIONRULEID|87|PREVIOUSCONFIRMATIONSYSTEM|NNN|ELECTEDSETTLEMENTSYSTEM|///|ELECTEDSETTLEMENTRULEID|87|PREVIOUSSETTLEMENTSYSTEM|NNN|BACKOFFICEPROCESSING||CALCULATIONAGENT|DB|CLOSEDBY_PRODUCTID||CLOSES_PRODUCTID||LINK_PRODUCTID||PRODUCTTYPEID|INTFUT|FOEXPIRYDATE|2010-09-01 00:00:00.000|FOPRICEPAID|0.025|ACCCURRENCY||BACKOFFICEACCEPTED||BACKOFFICEENDDATE||BACKOFFICEEVENT||BACKOFFICEBRANCHACCEPTED||BACKOFFICEBRANCHEVENT||TRADETABLE|INTERESTRATEFUTURE|USERENTEREDTRADEDATE||LOGICALDELETEYN|N|FUTSELECTOPTSETTLEMENT||FUTSELECTZONECUT||FUTURETYPE|InterestRateFuture|FUTURESUBTYPE|Future.InterestRate|FUTURESHORTCODE|EG|ORDERFIELD|1|EXCHANGE|CME|DESCRIPTION|USD 3mth CME midcurve|UNDERCURRENCY||CURRENCYMEASUREMENTUNIT||CONTRACTMEASUREMENTUNIT||MEASUREMENTUNITCONVERSION|1|CONTRACTSIZE|1000000|TICKSIZE|25|TICKVALUE|0|DECAYRATE|0|BASEVOL|0|MEANREVERSION|0|PRICECURVE||VOLCURVE||VOLBLEND|0|VOLPRICESHIFT|0|VOLSURFACE||WSSCONTRACTCODE|ED1Y|RRATESCONTRACTCODE||COUNTERPARTYID|CMRE|CONFIRMATIONUNIT||CONFIRMATIONSTATISTICSTATION||DATECALCULATIONRULE||COMPOSITIONTYPE||COMPOSITIONSOURCE||COMPOSITIONOPTION||COMPOSITIONWEIGHTING||SPOTCURVE||UNDERLYINGSPOTINDEXCURVE||RICCODE||FUTURESSELECTMAPYN|Y|FUTSELECTOPTTYPE|InterestRateFutureOpt|FUTSELECTPRICESCALAR|1|FUTSELECTDELIVERY|C|FUTSELECTFRACTSCALAR|100|FUTSELECTOPTPRICESCALAR|1|FUTSELECTOPTFRACTSCALAR|100|FIXRAW_CURRENCY|USD|HIGH_LEVEL_CPTY_CDRMNEMONIC|CHIMXC|CPTY_CDRMNEMONIC|CHIMXC|BOOK_CPTY|NYFUSJP|BOOK_CPTY_CDRMNEMONIC|DTCH L  S20|PROFIT_CENTRE|FNY0|BOOKBRANCHPARENT|Forward|HIGH_LEVEL_BOOK_CPTY_CDRM|DTCH L|BOOK_CPYT_SRC_SYSTEM|RMS|SUBBRANCH|NYC|AMI_CODE|0840|PUBLICATIONTIME|2010-09-24 15:56:26.247|DBLEGALENTITY|London|ISLIVEYN|Y</Text>
</Message>
