<?xml version="1.0" encoding="UTF-8"?>
<Message>
    <SystemInfo>
        <JMSDestination>Topic[exodus.pipe.demo]</JMSDestination>
        <JMSReplyTo/>
        <JMSDeliveryMode>2</JMSDeliveryMode>
        <JMSRedelivered>false</JMSRedelivered>
        <JMSCorrelationID>null</JMSCorrelationID>
        <JMSType>null</JMSType>
        <JMSTimestamp>1285343905562</JMSTimestamp>
        <JMSExpiration>0</JMSExpiration>
        <JMSPriority>4</JMSPriority>
    </SystemInfo>
    <ApplicationInfo>
        <SYSTEMID>307457097</SYSTEMID>
        <TRADEGROUP>INTERESTRATEFUTURE</TRADEGROUP>
        <VERSION>1</VERSION>
        <COUNTERPARTY>LIFF</COUNTERPARTY>
        <MESSAGE_TYPE>RMS_TRADE</MESSAGE_TYPE>
        <TRADETYPE>InterestRateFuture</TRADETYPE>
        <BOOK>LNFCHF</BOOK>
        <ACTION>New</ACTION>
        <STATUS>Open</STATUS>
    </ApplicationInfo>
    <Text>SYSTEMID|307457097|TRADETYPE|InterestRateFuture|TRADEID|174058685F|SOURCESYSTEM|ABFO|BOOK|LNFCHF|BLOTTER||COUNTERPARTY|LIFF|COUNTERPARTYSOURCESYSTEM|RMS|COUNTERPARTYNAME|LIFFE|DBICOUNTERPARTYID||CUSTOMER|LIFF|CUSTOMERSOURCESYSTEM|RMS|STATUS|Open|CURRENCY|CHF|CONTRACTCURRENCY|CHF|NUMBEROFCONTRACTS|4|NOTIONAL||FUTURESEXPIRYDATE|2011-03-01 00:00:00.000|FUTURESPRICEPAID|99.77|FUTURESMATURITYDATE||FUTURECODE|CHI_LIF|CALCULATEDEXPIRYDATE||CP||EXPIRYDATE||OPTIONEXPIRYDATE||STRIKE||SETTLEMENTDATE||OPTIONPRICEPAID||ZONECUT||MODELTYPE||ASSETLOCATION||PREMIUMCURRENCY||PREMIUMAMOUNT||PREMIUMDATE||PREMIUMHASPAIDYN||UNWINDRATE||UNWINDPREMIUMCURRENCY||UNWINDPREMIUMAMOUNT||UNWINDPREMIUMDATE||MARGINPAYMENTCURRENCY||MARGINPAYMENTAMOUNT||PRODUCTID|299361948|PRODUCTVERSION|1|PRODUCTLEGID||STRUCTUREID|174058685|TRADEDATE|2010-08-25 00:00:00.000|LASTUPDATED|2010-08-25 16:00:53.000|ACTION|New|ACTIONEFFECTIVEDATE|2010-08-25 00:00:00.000|SOURCESYSTEMBOOK|LNFCHF|SOURCESYSTEMPROFITCENTRE||SALESPERSON||TRADER|PAUL.STEPHENSON@DB.COM|ENTEREDBY|ABFO2RMSFEED|FUNDSPLITID||FUNDSPLITVERSION||STRUCTURENAME||MARKUPAMT||MARKUPCCY||MARKUPLOCATION||ATRISKAMT||ATRISKCCY||ATRISKLOCATION||ATRISKINDICATOR||REASON||NOTES|Comments:-|BROKER|DBMG|BROKERAMT||BROKERCCY||LINKSYSTEMID||LINKTYPE||SOURCESYSTEMID|ABFOLDN:748072|DATECREATED|2010-08-25 16:00:53.000|CONFIRMAS||VERSION|1|CANCELSSOURCESYSTEMID||CANCELLEDBYSOURCESYSTEMID||CANCELLINGHALFSOURCESYSTEMID||CORRECTSSOURCESYSTEMID||CORRECTEDBYSOURCESYSTEMID||CLOSESSOURCESYSTEMID||CLOSEDBYSOURCESYSTEMID||EXERCISEDINTOSOURCESYSTEMID||EXERCISEDFROMSOURCESYSTEMID||LATESTVERSIONYN|Y|CLOSINGDATE||LEGALENTITY|London|DEALCAPTURESYSTEM|ABFO2RMSFeed|DEALCAPTURESYSTEMID|ABFOLDN:748072:1:6|BOOKINGLOCATION|London|PRODUCTTYPE||PRODUCTINSTANCE||BACKOFFICESYSTEM||BACKOFFICESYSTEMID||VERSIONVALIDUNTILDATE||TRADEEXTRADETAILID||TRADEEXTRADETAILVERSION||TRADECLASSIFICATION||DEALCAPTURESALESUSER||FUNDSPLITALLOCATIONID||FUNDSPLITALLOCATIONLEGID||FUTURESRATEPAID||TEARUPID||ELECTEDCONFIRMATIONSYSTEM|///|ELECTEDCONFIRMATIONRULEID|87|PREVIOUSCONFIRMATIONSYSTEM|NNN|ELECTEDSETTLEMENTSYSTEM|///|ELECTEDSETTLEMENTRULEID|87|PREVIOUSSETTLEMENTSYSTEM|NNN|BACKOFFICEPROCESSING||CALCULATIONAGENT|DB|CLOSEDBY_PRODUCTID||CLOSES_PRODUCTID||LINK_PRODUCTID||PRODUCTTYPEID|INTFUT|FOEXPIRYDATE|2011-03-01 00:00:00.000|FOPRICEPAID|99.77|ACCCURRENCY||BACKOFFICEACCEPTED||BACKOFFICEENDDATE||BACKOFFICEEVENT||BACKOFFICEBRANCHACCEPTED||BACKOFFICEBRANCHEVENT||TRADETABLE|INTERESTRATEFUTURE|USERENTEREDTRADEDATE||LOGICALDELETEYN|N|FUTSELECTOPTSETTLEMENT||FUTSELECTZONECUT||FUTURETYPE|InterestRateFuture|FUTURESUBTYPE|Future.InterestRate|FUTURESHORTCODE|FES|ORDERFIELD|1|EXCHANGE|LIFFE|DESCRIPTION|3 month EuroSwiss|UNDERCURRENCY||CURRENCYMEASUREMENTUNIT||CONTRACTMEASUREMENTUNIT||MEASUREMENTUNITCONVERSION|1|CONTRACTSIZE|1000000|TICKSIZE|25|TICKVALUE|0|DECAYRATE|0|BASEVOL|0|MEANREVERSION|0|PRICECURVE||VOLCURVE||VOLBLEND|0|VOLPRICESHIFT|0|VOLSURFACE||WSSCONTRACTCODE|LESF|RRATESCONTRACTCODE||COUNTERPARTYID|LIFF|CONFIRMATIONUNIT||CONFIRMATIONSTATISTICSTATION||DATECALCULATIONRULE||COMPOSITIONTYPE||COMPOSITIONSOURCE||COMPOSITIONOPTION||COMPOSITIONWEIGHTING||SPOTCURVE||UNDERLYINGSPOTINDEXCURVE||RICCODE||FUTURESSELECTMAPYN|Y|FUTSELECTOPTTYPE|InterestRateFutureOpt|FUTSELECTPRICESCALAR|1|FUTSELECTDELIVERY|C|FUTSELECTFRACTSCALAR|100|FUTSELECTOPTPRICESCALAR|1|FUTSELECTOPTFRACTSCALAR|100|FIXRAW_CURRENCY|CHF|HIGH_LEVEL_CPTY_CDRMNEMONIC|DTCH L  M80|CPTY_CDRMNEMONIC|DTCH L  M80|BOOK_CPTY|LNFCHF|BOOK_CPTY_CDRMNEMONIC|DTCH L  UP9|PROFIT_CENTRE|FXD0|BOOKBRANCHPARENT|Forward|HIGH_LEVEL_BOOK_CPTY_CDRM|DTCH L|BOOK_CPYT_SRC_SYSTEM|RMS|SUBBRANCH|LDN|AMI_CODE|0840|PUBLICATIONTIME|2010-09-24 15:58:25.560|DBLEGALENTITY|London|ISLIVEYN|Y</Text>
</Message>
