<?xml version="1.0" encoding="UTF-8"?>
<Message>
    <SystemInfo>
        <JMSDestination>Topic[exodus.pipe.demo]</JMSDestination>
        <JMSReplyTo/>
        <JMSDeliveryMode>2</JMSDeliveryMode>
        <JMSRedelivered>false</JMSRedelivered>
        <JMSCorrelationID>null</JMSCorrelationID>
        <JMSType>null</JMSType>
        <JMSTimestamp>1285343938114</JMSTimestamp>
        <JMSExpiration>0</JMSExpiration>
        <JMSPriority>4</JMSPriority>
    </SystemInfo>
    <ApplicationInfo>
        <SYSTEMID>174361062</SYSTEMID>
        <TRADEGROUP>INTERESTRATESWAP</TRADEGROUP>
        <VERSION>47</VERSION>
        <COUNTERPARTY>MERITBANKHEL</COUNTERPARTY>
        <MESSAGE_TYPE>RMS_TRADE</MESSAGE_TYPE>
        <TRADETYPE>IRSwap</TRADETYPE>
        <BOOK>FFMMDEURBS</BOOK>
        <ACTION>Fixed</ACTION>
        <STATUS>Open</STATUS>
    </ApplicationInfo>
    <Text>STRUCTUREID|100016828|PRODUCTID|168873504|SYSTEMID|174361062|TRADETYPE|IRSwap|TRADEID|100016828A|SOURCESYSTEM|RMS|DEALCAPTURESYSTEM|GMFBlotter|BOOK|FFMMDEURBS|BLOTTER||COUNTERPARTY|MERITBANKHEL|COUNTERPARTYSOURCESYSTEM|RMS|COUNTERPARTYNAME|NORDEA BANK FINLAND PLC|DBICOUNTERPARTYID||CUSTOMER|MERITBANKHEL|CUSTOMERSOURCESYSTEM|RMS|STATUS|Open|PREMIUMCURRENCY||PREMIUMAMOUNT||PREMIUMDATE||PREMIUMHASPAIDYN||UNWINDRATE||UNWINDPREMIUMCURRENCY||UNWINDPREMIUMAMOUNT||UNWINDPREMIUMDATE||MARGINPAYMENTCURRENCY||MARGINPAYMENTAMOUNT||ASSETLOCATION||TRADEDATE|2008-11-18 00:00:00.000|LASTUPDATED|2010-09-16 17:53:07.000|ACTION|Fixed|ACTIONEFFECTIVEDATE|2010-09-16 00:00:00.000|SOURCESYSTEMBOOK|FFMMDEURBS|SOURCESYSTEMPROFITCENTRE||LEGALENTITY|London|BOOKINGLOCATION|London|SALESPERSON||TRADER|SKOFOL|ENTEREDBY|MADASAL|FUNDSPLITID||FUNDSPLITVERSION||STRUCTURENAME||MARKUPAMT||MARKUPCCY||MARKUPLOCATION||ATRISKAMT||ATRISKCCY||ATRISKLOCATION||ATRISKINDICATOR||REASON||NOTES||BROKER||BROKERAMT||BROKERCCY||LINKSYSTEMID||LINKTYPE||SOURCESYSTEMID|174361062|DEALCAPTURESYSTEMID|CB050101|DATECREATED|2008-11-19 00:15:30.000|CONFIRMAS||PRODUCTVERSION|1|PRODUCTLEGID||VERSION|47|LATESTVERSIONYN|Y|CALCULATIONAGENT|DB|BACKOFFICEPROCESSING|Standard|BACKOFFICESYSTEM|Swapswire|BACKOFFICESYSTEMID|2700241L|CANCELSSOURCESYSTEMID||CANCELLEDBYSOURCESYSTEMID||CANCELLINGHALFSOURCESYSTEMID||CORRECTSSOURCESYSTEMID||CORRECTEDBYSOURCESYSTEMID||CLOSESSOURCESYSTEMID||CLOSEDBYSOURCESYSTEMID||EXERCISEDINTOSOURCESYSTEMID||EXERCISEDFROMSOURCESYSTEMID||VERSIONVALIDUNTILDATE||TRADEEXTRADETAILID|0|TRADEEXTRADETAILVERSION|0|TRADECLASSIFICATION|1|DEALCAPTURESALESUSER|GMFBLOTTER_SKOFOL|FUNDSPLITALLOCATIONID||FUNDSPLITALLOCATIONLEGID||TEARUPID||ACCCURRENCY||BACKOFFICEACCEPTED||BACKOFFICEENDDATE||BACKOFFICEEVENT||BACKOFFICEBRANCHACCEPTED||BACKOFFICEBRANCHEVENT||ELECTEDCONFIRMATIONSYSTEM|///|ELECTEDCONFIRMATIONRULEID|88|PREVIOUSCONFIRMATIONSYSTEM|///|ELECTEDSETTLEMENTSYSTEM|///|ELECTEDSETTLEMENTRULEID|88|PREVIOUSSETTLEMENTSYSTEM|///|TRADETABLE|INTERESTRATESWAP|PRODUCTTYPE||PRODUCTINSTANCE||USERENTEREDTRADEDATE||CLOSINGDATE||CREDITADJUSTEDNOTIONALSYN||EXPIRYDATE||CP||BUYSELL||PHYSICALLYDELIVERABLEYN||SETTLEMENTDATE||LEG1CURRENCY|EUR|LEG1NOTIONAL|200000000|LEG1INITIALNOTIONAL||LEG1FINALNOTIONAL||LEG1EFFECTIVEDATE|2008-11-20 00:00:00.000|LEG1ROLLDATE|2008-11-20 00:00:00.000|LEG1LASTROLLDATE|2010-11-20 00:00:00.000|LEG1ENDDATE|2010-11-20 00:00:00.000|LEG1LASTFIXEDDATE||LEG1DATECONVENTION|Mod Foll|LEG1BASIS|30/360|LEG1MULTIPLIER|0|LEG1SPREAD|0.02794|LEG1PAYMENTCITIES|EUR|LEG1FIXINGCITIES|EUR|LEG1FIXINGREFERENCE||LEG1INITIALEXCHANGEDYN||LEG1FINALEXCHANGEDYN||LEG1AVERAGINGSTYLE|NONE|LEG1LOOKFREQUENCY||LEG1RATETERM||LEG1ADJUSTEDDAYCOUNTYN|Y|LEG1FIXINARREARSYN|N|LEG1FIXINGDELAYOVERRIDE||LEG1OISDELAYOVERRIDE||LEG1SPECIALROLLTYPE|EOM_CAL|LEG1COMPOUNDINGTYPE|INCL_SPD|LEG1OISPAYMENTDELAYYN|N|LEG1NUMFLOWSHAVEPAID|1|LEG1CREDITADJUSTEDNOTIONALYN||LEG1FXFIXINGCITIES||LEG1FXFIXINGREFERENCE||LEG1RESETROLLDATE||LEG1EXCHANGECITIES||LEG1EXCHANGECONVENTION||LEG1DISCOUNTUSINGGOVERNMENTYN||LEG1ISIN||LEG1IGNOREHOLSINSUBSCHEDULEYN|N|LEG1LOOKDAY||LEG2CURRENCY|EUR|LEG2NOTIONAL|-200000000|LEG2INITIALNOTIONAL||LEG2FINALNOTIONAL||LEG2EFFECTIVEDATE|2008-11-20 00:00:00.000|LEG2ROLLDATE|2008-11-20 00:00:00.000|LEG2LASTROLLDATE|2010-11-20 00:00:00.000|LEG2ENDDATE|2010-11-20 00:00:00.000|LEG2LASTFIXEDDATE|2010-09-16 00:00:00.000|LEG2DATECONVENTION|Mod Foll|LEG2BASIS|Act/360|LEG2MULTIPLIER|1|LEG2SPREAD|0|LEG2PAYMENTCITIES|EUR|LEG2FIXINGCITIES|EUR|LEG2FIXINGREFERENCE|EURIBOR|LEG2INITIALEXCHANGEDYN||LEG2FINALEXCHANGEDYN||LEG2AVERAGINGSTYLE|NONE|LEG2LOOKFREQUENCY||LEG2RATETERM||LEG2ADJUSTEDDAYCOUNTYN|Y|LEG2FIXINARREARSYN|N|LEG2FIXINGDELAYOVERRIDE||LEG2OISDELAYOVERRIDE||LEG2SPECIALROLLTYPE|EOM_CAL|LEG2COMPOUNDINGTYPE|INCL_SPD|LEG2OISPAYMENTDELAYYN|N|LEG2NUMFLOWSHAVEPAID|22|LEG2CREDITADJUSTEDNOTIONALYN||LEG2FXFIXINGCITIES||LEG2FXFIXINGREFERENCE||LEG2RESETROLLDATE||LEG2EXCHANGECITIES||LEG2EXCHANGECONVENTION||LEG2DISCOUNTUSINGGOVERNMENTYN||LEG2ISIN||LEG2IGNOREHOLSINSUBSCHEDULEYN|N|LEG2LOOKDAY||CURRENCY|EUR|PAYCURRENCY||FXFIXINGREFERENCE||FIXEDHAVEPAID||FLOATINGHAVESET||FLOATINGHAVEPAID||BARRIERUNDERCURRENCY||BARRIERACCCURRENCY||FORWARDSETTINGSTYLE||FORWARDSETTINGDATE||FINALEXCHANGESTRIKE||MODELTYPE||SUMMITNAME|MM_FM_EURBAS|SUMMITCPBOOK||GROUPID|174361062|GROUPREASON|STRUCTURED-SIBLING|LEG1AVERAGING|NONE|LEG2AVERAGING|NONE|LEG1COMPMETHOD|STRAIGHT|LEG2COMPMETHOD|STRAIGHT|LEG1EOM|30|LEG2EOM|30|LEG1ROLLDOW|THU|LEG1ROLLDOM|20|LEG2ROLLDOW|THU|LEG2ROLLDOM|20|LEG1BROKERRATE|0|LEG2BROKERRATE|0|LEG1FREQUENCY|1Y|LEG2FREQUENCY|1M|LEG1OFFSET||LEG2OFFSET||LEG1PAYMENTOFFSET|0|LEG2PAYMENTOFFSET|0|LEG1CUTOFFDAYS||LEG2CUTOFFDAYS||SETTLEMENTSYSTEM|Swapswire|PRODUCTTYPEID|////|FLOWPAYMENTDATE|2008-12-22 00:00:00.000|FLOWEDITEDYN|N|LEG1FLOWID||LEG1FLOWDATESEDITEDYN||LEG1FLOWPAYMENTDATE||LEG1FLOWNOTIONAL||LEG1FLOWMULTIPLIER||LEG1FLOWSPREAD||LEG1FLOWEXTRAPAYMENT||LEG1FLOWAVERAGINGSTYLE||LEG1FLOWLOOKFREQUENCY||LEG1FLOWRATETERM||LEG1FLOWFXFIXING||LEG1FLOWFIXING||LEG1FLOWDAYCOUNT||LEG1FLOWACCRUALSTARTDATE||LEG1FLOWACCRUALENDDATE||LEG1FLOWFXFIXINGDATE||LEG1FLOWFIXINGDATE||LEG1FLOWSTUBTENORDATE1||LEG1FLOWSTUBTENORDATE2||LEG1FLOWTYPE||LEG2FLOWID|1|LEG2FLOWDATESEDITEDYN|N|LEG2FLOWPAYMENTDATE|2008-12-22 00:00:00.000|LEG2FLOWNOTIONAL|-200000000|LEG2FLOWMULTIPLIER|1|LEG2FLOWSPREAD|0|LEG2FLOWEXTRAPAYMENT|0|LEG2FLOWAVERAGINGSTYLE||LEG2FLOWLOOKFREQUENCY||LEG2FLOWRATETERM||LEG2FLOWFXFIXING||LEG2FLOWFIXING|0.03722|LEG2FLOWDAYCOUNT|0.088888888889|LEG2FLOWACCRUALSTARTDATE|2008-11-20 00:00:00.000|LEG2FLOWACCRUALENDDATE|2008-12-22 00:00:00.000|LEG2FLOWFXFIXINGDATE||LEG2FLOWFIXINGDATE|2008-11-18 00:00:00.000|LEG2FLOWSTUBTENORDATE1||LEG2FLOWSTUBTENORDATE2||LEG2FLOWTYPE||BARRIERDATE||UPBARRIER||LOWBARRIER||FIXEDDATE||FIXEDAMOUNT||FLOATINGDATE||FLOATINGSETDATE||FLOATINGSET||FLOATINGAMOUNT||LEG1FLOWSTUBYN||LEG2FLOWSTUBYN|N|LEG1FLOWSTUBTENOR1||LEG1FLOWSTUBTENOR2||LEG2FLOWSTUBTENOR1||LEG2FLOWSTUBTENOR2||LEG1DAYCOUNT||LEG2DAYCOUNT|32|LEG1FLOWEDITEDYN||LEG2FLOWEDITEDYN|N|FLOWPAYMENTDATE|2009-01-20 00:00:00.000|FLOWEDITEDYN|N|LEG1FLOWID||LEG1FLOWDATESEDITEDYN||LEG1FLOWPAYMENTDATE||LEG1FLOWNOTIONAL||LEG1FLOWMULTIPLIER||LEG1FLOWSPREAD||LEG1FLOWEXTRAPAYMENT||LEG1FLOWAVERAGINGSTYLE||LEG1FLOWLOOKFREQUENCY||LEG1FLOWRATETERM||LEG1FLOWFXFIXING||LEG1FLOWFIXING||LEG1FLOWDAYCOUNT||LEG1FLOWACCRUALSTARTDATE||LEG1FLOWACCRUALENDDATE||LEG1FLOWFXFIXINGDATE||LEG1FLOWFIXINGDATE||LEG1FLOWSTUBTENORDATE1||LEG1FLOWSTUBTENORDATE2||LEG1FLOWTYPE||LEG2FLOWID|2|LEG2FLOWDATESEDITEDYN|N|LEG2FLOWPAYMENTDATE|2009-01-20 00:00:00.000|LEG2FLOWNOTIONAL|-200000000|LEG2FLOWMULTIPLIER|1|LEG2FLOWSPREAD|0|LEG2FLOWEXTRAPAYMENT|0|LEG2FLOWAVERAGINGSTYLE||LEG2FLOWLOOKFREQUENCY||LEG2FLOWRATETERM||LEG2FLOWFXFIXING||LEG2FLOWFIXING|0.02842|LEG2FLOWDAYCOUNT|0.080555555556|LEG2FLOWACCRUALSTARTDATE|2008-12-22 00:00:00.000|LEG2FLOWACCRUALENDDATE|2009-01-20 00:00:00.000|LEG2FLOWFXFIXINGDATE||LEG2FLOWFIXINGDATE|2008-12-18 00:00:00.000|LEG2FLOWSTUBTENORDATE1||LEG2FLOWSTUBTENORDATE2||LEG2FLOWTYPE||BARRIERDATE||UPBARRIER||LOWBARRIER||FIXEDDATE||FIXEDAMOUNT||FLOATINGDATE||FLOATINGSETDATE||FLOATINGSET||FLOATINGAMOUNT||LEG1FLOWSTUBYN||LEG2FLOWSTUBYN|N|LEG1FLOWSTUBTENOR1||LEG1FLOWSTUBTENOR2||LEG2FLOWSTUBTENOR1||LEG2FLOWSTUBTENOR2||LEG1DAYCOUNT||LEG2DAYCOUNT|29|LEG1FLOWEDITEDYN||LEG2FLOWEDITEDYN|N|FLOWPAYMENTDATE|2009-02-20 00:00:00.000|FLOWEDITEDYN|N|LEG1FLOWID||LEG1FLOWDATESEDITEDYN||LEG1FLOWPAYMENTDATE||LEG1FLOWNOTIONAL||LEG1FLOWMULTIPLIER||LEG1FLOWSPREAD||LEG1FLOWEXTRAPAYMENT||LEG1FLOWAVERAGINGSTYLE||LEG1FLOWLOOKFREQUENCY||LEG1FLOWRATETERM||LEG1FLOWFXFIXING||LEG1FLOWFIXING||LEG1FLOWDAYCOUNT||LEG1FLOWACCRUALSTARTDATE||LEG1FLOWACCRUALENDDATE||LEG1FLOWFXFIXINGDATE||LEG1FLOWFIXINGDATE||LEG1FLOWSTUBTENORDATE1||LEG1FLOWSTUBTENORDATE2||LEG1FLOWTYPE||LEG2FLOWID|3|LEG2FLOWDATESEDITEDYN|N|LEG2FLOWPAYMENTDATE|2009-02-20 00:00:00.000|LEG2FLOWNOTIONAL|-200000000|LEG2FLOWMULTIPLIER|1|LEG2FLOWSPREAD|0|LEG2FLOWEXTRAPAYMENT|0|LEG2FLOWAVERAGINGSTYLE||LEG2FLOWLOOKFREQUENCY||LEG2FLOWRATETERM||LEG2FLOWFXFIXING||LEG2FLOWFIXING|0.02116|LEG2FLOWDAYCOUNT|0.086111111111|LEG2FLOWACCRUALSTARTDATE|2009-01-20 00:00:00.000|LEG2FLOWACCRUALENDDATE|2009-02-20 00:00:00.000|LEG2FLOWFXFIXINGDATE||LEG2FLOWFIXINGDATE|2009-01-16 00:00:00.000|LEG2FLOWSTUBTENORDATE1||LEG2FLOWSTUBTENORDATE2||LEG2FLOWTYPE||BARRIERDATE||UPBARRIER||LOWBARRIER||FIXEDDATE||FIXEDAMOUNT||FLOATINGDATE||FLOATINGSETDATE||FLOATINGSET||FLOATINGAMOUNT||LEG1FLOWSTUBYN||LEG2FLOWSTUBYN|N|LEG1FLOWSTUBTENOR1||LEG1FLOWSTUBTENOR2||LEG2FLOWSTUBTENOR1||LEG2FLOWSTUBTENOR2||LEG1DAYCOUNT||LEG2DAYCOUNT|31|LEG1FLOWEDITEDYN||LEG2FLOWEDITEDYN|N|FLOWPAYMENTDATE|2009-03-20 00:00:00.000|FLOWEDITEDYN|N|LEG1FLOWID||LEG1FLOWDATESEDITEDYN||LEG1FLOWPAYMENTDATE||LEG1FLOWNOTIONAL||LEG1FLOWMULTIPLIER||LEG1FLOWSPREAD||LEG1FLOWEXTRAPAYMENT||LEG1FLOWAVERAGINGSTYLE||LEG1FLOWLOOKFREQUENCY||LEG1FLOWRATETERM||LEG1FLOWFXFIXING||LEG1FLOWFIXING||LEG1FLOWDAYCOUNT||LEG1FLOWACCRUALSTARTDATE||LEG1FLOWACCRUALENDDATE||LEG1FLOWFXFIXINGDATE||LEG1FLOWFIXINGDATE||LEG1FLOWSTUBTENORDATE1||LEG1FLOWSTUBTENORDATE2||LEG1FLOWTYPE||LEG2FLOWID|4|LEG2FLOWDATESEDITEDYN|N|LEG2FLOWPAYMENTDATE|2009-03-20 00:00:00.000|LEG2FLOWNOTIONAL|-200000000|LEG2FLOWMULTIPLIER|1|LEG2FLOWSPREAD|0|LEG2FLOWEXTRAPAYMENT|0|LEG2FLOWAVERAGINGSTYLE||LEG2FLOWLOOKFREQUENCY||LEG2FLOWRATETERM||LEG2FLOWFXFIXING||LEG2FLOWFIXING|0.0159|LEG2FLOWDAYCOUNT|0.077777777778|LEG2FLOWACCRUALSTARTDATE|2009-02-20 00:00:00.000|LEG2FLOWACCRUALENDDATE|2009-03-20 00:00:00.000|LEG2FLOWFXFIXINGDATE||LEG2FLOWFIXINGDATE|2009-02-18 00:00:00.000|LEG2FLOWSTUBTENORDATE1||LEG2FLOWSTUBTENORDATE2||LEG2FLOWTYPE||BARRIERDATE||UPBARRIER||LOWBARRIER||FIXEDDATE||FIXEDAMOUNT||FLOATINGDATE||FLOATINGSETDATE||FLOATINGSET||FLOATINGAMOUNT||LEG1FLOWSTUBYN||LEG2FLOWSTUBYN|N|LEG1FLOWSTUBTENOR1||LEG1FLOWSTUBTENOR2||LEG2FLOWSTUBTENOR1||LEG2FLOWSTUBTENOR2||LEG1DAYCOUNT||LEG2DAYCOUNT|28|LEG1FLOWEDITEDYN||LEG2FLOWEDITEDYN|N|FLOWPAYMENTDATE|2009-04-20 00:00:00.000|FLOWEDITEDYN|N|LEG1FLOWID||LEG1FLOWDATESEDITEDYN||LEG1FLOWPAYMENTDATE||LEG1FLOWNOTIONAL||LEG1FLOWMULTIPLIER||LEG1FLOWSPREAD||LEG1FLOWEXTRAPAYMENT||LEG1FLOWAVERAGINGSTYLE||LEG1FLOWLOOKFREQUENCY||LEG1FLOWRATETERM||LEG1FLOWFXFIXING||LEG1FLOWFIXING||LEG1FLOWDAYCOUNT||LEG1FLOWACCRUALSTARTDATE||LEG1FLOWACCRUALENDDATE||LEG1FLOWFXFIXINGDATE||LEG1FLOWFIXINGDATE||LEG1FLOWSTUBTENORDATE1||LEG1FLOWSTUBTENORDATE2||LEG1FLOWTYPE||LEG2FLOWID|5|LEG2FLOWDATESEDITEDYN|N|LEG2FLOWPAYMENTDATE|2009-04-20 00:00:00.000|LEG2FLOWNOTIONAL|-200000000|LEG2FLOWMULTIPLIER|1|LEG2FLOWSPREAD|0|LEG2FLOWEXTRAPAYMENT|0|LEG2FLOWAVERAGINGSTYLE||LEG2FLOWLOOKFREQUENCY||LEG2FLOWRATETERM||LEG2FLOWFXFIXING||LEG2FLOWFIXING|0.01204|LEG2FLOWDAYCOUNT|0.086111111111|LEG2FLOWACCRUALSTARTDATE|2009-03-20 00:00:00.000|LEG2FLOWACCRUALENDDATE|2009-04-20 00:00:00.000|LEG2FLOWFXFIXINGDATE||LEG2FLOWFIXINGDATE|2009-03-18 00:00:00.000|LEG2FLOWSTUBTENORDATE1||LEG2FLOWSTUBTENORDATE2||LEG2FLOWTYPE||BARRIERDATE||UPBARRIER||LOWBARRIER||FIXEDDATE||FIXEDAMOUNT||FLOATINGDATE||FLOATINGSETDATE||FLOATINGSET||FLOATINGAMOUNT||LEG1FLOWSTUBYN||LEG2FLOWSTUBYN|N|LEG1FLOWSTUBTENOR1||LEG1FLOWSTUBTENOR2||LEG2FLOWSTUBTENOR1||LEG2FLOWSTUBTENOR2||LEG1DAYCOUNT||LEG2DAYCOUNT|31|LEG1FLOWEDITEDYN||LEG2FLOWEDITEDYN|N|FLOWPAYMENTDATE|2009-05-20 00:00:00.000|FLOWEDITEDYN|N|LEG1FLOWID||LEG1FLOWDATESEDITEDYN||LEG1FLOWPAYMENTDATE||LEG1FLOWNOTIONAL||LEG1FLOWMULTIPLIER||LEG1FLOWSPREAD||LEG1FLOWEXTRAPAYMENT||LEG1FLOWAVERAGINGSTYLE||LEG1FLOWLOOKFREQUENCY||LEG1FLOWRATETERM||LEG1FLOWFXFIXING||LEG1FLOWFIXING||LEG1FLOWDAYCOUNT||LEG1FLOWACCRUALSTARTDATE||LEG1FLOWACCRUALENDDATE||LEG1FLOWFXFIXINGDATE||LEG1FLOWFIXINGDATE||LEG1FLOWSTUBTENORDATE1||LEG1FLOWSTUBTENORDATE2||LEG1FLOWTYPE||LEG2FLOWID|6|LEG2FLOWDATESEDITEDYN|N|LEG2FLOWPAYMENTDATE|2009-05-20 00:00:00.000|LEG2FLOWNOTIONAL|-200000000|LEG2FLOWMULTIPLIER|1|LEG2FLOWSPREAD|0|LEG2FLOWEXTRAPAYMENT|0|LEG2FLOWAVERAGINGSTYLE||LEG2FLOWLOOKFREQUENCY||LEG2FLOWRATETERM||LEG2FLOWFXFIXING||LEG2FLOWFIXING|0.00991|LEG2FLOWDAYCOUNT|0.083333333333|LEG2FLOWACCRUALSTARTDATE|2009-04-20 00:00:00.000|LEG2FLOWACCRUALENDDATE|2009-05-20 00:00:00.000|LEG2FLOWFXFIXINGDATE||LEG2FLOWFIXINGDATE|2009-04-16 00:00:00.000|LEG2FLOWSTUBTENORDATE1||LEG2FLOWSTUBTENORDATE2||LEG2FLOWTYPE||BARRIERDATE||UPBARRIER||LOWBARRIER||FIXEDDATE||FIXEDAMOUNT||FLOATINGDATE||FLOATINGSETDATE||FLOATINGSET||FLOATINGAMOUNT||LEG1FLOWSTUBYN||LEG2FLOWSTUBYN|N|LEG1FLOWSTUBTENOR1||LEG1FLOWSTUBTENOR2||LEG2FLOWSTUBTENOR1||LEG2FLOWSTUBTENOR2||LEG1DAYCOUNT||LEG2DAYCOUNT|30|LEG1FLOWEDITEDYN||LEG2FLOWEDITEDYN|N|FLOWPAYMENTDATE|2009-06-22 00:00:00.000|FLOWEDITEDYN|N|LEG1FLOWID||LEG1FLOWDATESEDITEDYN||LEG1FLOWPAYMENTDATE||LEG1FLOWNOTIONAL||LEG1FLOWMULTIPLIER||LEG1FLOWSPREAD||LEG1FLOWEXTRAPAYMENT||LEG1FLOWAVERAGINGSTYLE||LEG1FLOWLOOKFREQUENCY||LEG1FLOWRATETERM||LEG1FLOWFXFIXING||LEG1FLOWFIXING||LEG1FLOWDAYCOUNT||LEG1FLOWACCRUALSTARTDATE||LEG1FLOWACCRUALENDDATE||LEG1FLOWFXFIXINGDATE||LEG1FLOWFIXINGDATE||LEG1FLOWSTUBTENORDATE1||LEG1FLOWSTUBTENORDATE2||LEG1FLOWTYPE||LEG2FLOWID|7|LEG2FLOWDATESEDITEDYN|N|LEG2FLOWPAYMENTDATE|2009-06-22 00:00:00.000|LEG2FLOWNOTIONAL|-200000000|LEG2FLOWMULTIPLIER|1|LEG2FLOWSPREAD|0|LEG2FLOWEXTRAPAYMENT|0|LEG2FLOWAVERAGINGSTYLE||LEG2FLOWLOOKFREQUENCY||LEG2FLOWRATETERM||LEG2FLOWFXFIXING||LEG2FLOWFIXING|0.00816|LEG2FLOWDAYCOUNT|0.091666666667|LEG2FLOWACCRUALSTARTDATE|2009-05-20 00:00:00.000|LEG2FLOWACCRUALENDDATE|2009-06-22 00:00:00.000|LEG2FLOWFXFIXINGDATE||LEG2FLOWFIXINGDATE|2009-05-18 00:00:00.000|LEG2FLOWSTUBTENORDATE1||LEG2FLOWSTUBTENORDATE2||LEG2FLOWTYPE||BARRIERDATE||UPBARRIER||LOWBARRIER||FIXEDDATE||FIXEDAMOUNT||FLOATINGDATE||FLOATINGSETDATE||FLOATINGSET||FLOATINGAMOUNT||LEG1FLOWSTUBYN||LEG2FLOWSTUBYN|N|LEG1FLOWSTUBTENOR1||LEG1FLOWSTUBTENOR2||LEG2FLOWSTUBTENOR1||LEG2FLOWSTUBTENOR2||LEG1DAYCOUNT||LEG2DAYCOUNT|33|LEG1FLOWEDITEDYN||LEG2FLOWEDITEDYN|N|FLOWPAYMENTDATE|2009-07-20 00:00:00.000|FLOWEDITEDYN|N|LEG1FLOWID||LEG1FLOWDATESEDITEDYN||LEG1FLOWPAYMENTDATE||LEG1FLOWNOTIONAL||LEG1FLOWMULTIPLIER||LEG1FLOWSPREAD||LEG1FLOWEXTRAPAYMENT||LEG1FLOWAVERAGINGSTYLE||LEG1FLOWLOOKFREQUENCY||LEG1FLOWRATETERM||LEG1FLOWFXFIXING||LEG1FLOWFIXING||LEG1FLOWDAYCOUNT||LEG1FLOWACCRUALSTARTDATE||LEG1FLOWACCRUALENDDATE||LEG1FLOWFXFIXINGDATE||LEG1FLOWFIXINGDATE||LEG1FLOWSTUBTENORDATE1||LEG1FLOWSTUBTENORDATE2||LEG1FLOWTYPE||LEG2FLOWID|8|LEG2FLOWDATESEDITEDYN|N|LEG2FLOWPAYMENTDATE|2009-07-20 00:00:00.000|LEG2FLOWNOTIONAL|-200000000|LEG2FLOWMULTIPLIER|1|LEG2FLOWSPREAD|0|LEG2FLOWEXTRAPAYMENT|0|LEG2FLOWAVERAGINGSTYLE||LEG2FLOWLOOKFREQUENCY||LEG2FLOWRATETERM||LEG2FLOWFXFIXING||LEG2FLOWFIXING|0.00948|LEG2FLOWDAYCOUNT|0.077777777778|LEG2FLOWACCRUALSTARTDATE|2009-06-22 00:00:00.000|LEG2FLOWACCRUALENDDATE|2009-07-20 00:00:00.000|LEG2FLOWFXFIXINGDATE||LEG2FLOWFIXINGDATE|2009-06-18 00:00:00.000|LEG2FLOWSTUBTENORDATE1||LEG2FLOWSTUBTENORDATE2||LEG2FLOWTYPE||BARRIERDATE||UPBARRIER||LOWBARRIER||FIXEDDATE||FIXEDAMOUNT||FLOATINGDATE||FLOATINGSETDATE||FLOATINGSET||FLOATINGAMOUNT||LEG1FLOWSTUBYN||LEG2FLOWSTUBYN|N|LEG1FLOWSTUBTENOR1||LEG1FLOWSTUBTENOR2||LEG2FLOWSTUBTENOR1||LEG2FLOWSTUBTENOR2||LEG1DAYCOUNT||LEG2DAYCOUNT|28|LEG1FLOWEDITEDYN||LEG2FLOWEDITEDYN|N|FLOWPAYMENTDATE|2009-08-20 00:00:00.000|FLOWEDITEDYN|N|LEG1FLOWID||LEG1FLOWDATESEDITEDYN||LEG1FLOWPAYMENTDATE||LEG1FLOWNOTIONAL||LEG1FLOWMULTIPLIER||LEG1FLOWSPREAD||LEG1FLOWEXTRAPAYMENT||LEG1FLOWAVERAGINGSTYLE||LEG1FLOWLOOKFREQUENCY||LEG1FLOWRATETERM||LEG1FLOWFXFIXING||LEG1FLOWFIXING||LEG1FLOWDAYCOUNT||LEG1FLOWACCRUALSTARTDATE||LEG1FLOWACCRUALENDDATE||LEG1FLOWFXFIXINGDATE||LEG1FLOWFIXINGDATE||LEG1FLOWSTUBTENORDATE1||LEG1FLOWSTUBTENORDATE2||LEG1FLOWTYPE||LEG2FLOWID|9|LEG2FLOWDATESEDITEDYN|N|LEG2FLOWPAYMENTDATE|2009-08-20 00:00:00.000|LEG2FLOWNOTIONAL|-200000000|LEG2FLOWMULTIPLIER|1|LEG2FLOWSPREAD|0|LEG2FLOWEXTRAPAYMENT|0|LEG2FLOWAVERAGINGSTYLE||LEG2FLOWLOOKFREQUENCY||LEG2FLOWRATETERM||LEG2FLOWFXFIXING||LEG2FLOWFIXING|0.00597|LEG2FLOWDAYCOUNT|0.086111111111|LEG2FLOWACCRUALSTARTDATE|2009-07-20 00:00:00.000|LEG2FLOWACCRUALENDDATE|2009-08-20 00:00:00.000|LEG2FLOWFXFIXINGDATE||LEG2FLOWFIXINGDATE|2009-07-16 00:00:00.000|LEG2FLOWSTUBTENORDATE1||LEG2FLOWSTUBTENORDATE2||LEG2FLOWTYPE||BARRIERDATE||UPBARRIER||LOWBARRIER||FIXEDDATE||FIXEDAMOUNT||FLOATINGDATE||FLOATINGSETDATE||FLOATINGSET||FLOATINGAMOUNT||LEG1FLOWSTUBYN||LEG2FLOWSTUBYN|N|LEG1FLOWSTUBTENOR1||LEG1FLOWSTUBTENOR2||LEG2FLOWSTUBTENOR1||LEG2FLOWSTUBTENOR2||LEG1DAYCOUNT||LEG2DAYCOUNT|31|LEG1FLOWEDITEDYN||LEG2FLOWEDITEDYN|N|FLOWPAYMENTDATE|2009-09-21 00:00:00.000|FLOWEDITEDYN|N|LEG1FLOWID||LEG1FLOWDATESEDITEDYN||LEG1FLOWPAYMENTDATE||LEG1FLOWNOTIONAL||LEG1FLOWMULTIPLIER||LEG1FLOWSPREAD||LEG1FLOWEXTRAPAYMENT||LEG1FLOWAVERAGINGSTYLE||LEG1FLOWLOOKFREQUENCY||LEG1FLOWRATETERM||LEG1FLOWFXFIXING||LEG1FLOWFIXING||LEG1FLOWDAYCOUNT||LEG1FLOWACCRUALSTARTDATE||LEG1FLOWACCRUALENDDATE||LEG1FLOWFXFIXINGDATE||LEG1FLOWFIXINGDATE||LEG1FLOWSTUBTENORDATE1||LEG1FLOWSTUBTENORDATE2||LEG1FLOWTYPE||LEG2FLOWID|10|LEG2FLOWDATESEDITEDYN|N|LEG2FLOWPAYMENTDATE|2009-09-21 00:00:00.000|LEG2FLOWNOTIONAL|-200000000|LEG2FLOWMULTIPLIER|1|LEG2FLOWSPREAD|0|LEG2FLOWEXTRAPAYMENT|0|LEG2FLOWAVERAGINGSTYLE||LEG2FLOWLOOKFREQUENCY||LEG2FLOWRATETERM||LEG2FLOWFXFIXING||LEG2FLOWFIXING|0.00508|LEG2FLOWDAYCOUNT|0.088888888889|LEG2FLOWACCRUALSTARTDATE|2009-08-20 00:00:00.000|LEG2FLOWACCRUALENDDATE|2009-09-21 00:00:00.000|LEG2FLOWFXFIXINGDATE||LEG2FLOWFIXINGDATE|2009-08-18 00:00:00.000|LEG2FLOWSTUBTENORDATE1||LEG2FLOWSTUBTENORDATE2||LEG2FLOWTYPE||BARRIERDATE||UPBARRIER||LOWBARRIER||FIXEDDATE||FIXEDAMOUNT||FLOATINGDATE||FLOATINGSETDATE||FLOATINGSET||FLOATINGAMOUNT||LEG1FLOWSTUBYN||LEG2FLOWSTUBYN|N|LEG1FLOWSTUBTENOR1||LEG1FLOWSTUBTENOR2||LEG2FLOWSTUBTENOR1||LEG2FLOWSTUBTENOR2||LEG1DAYCOUNT||LEG2DAYCOUNT|32|LEG1FLOWEDITEDYN||LEG2FLOWEDITEDYN|N|FLOWPAYMENTDATE|2009-10-20 00:00:00.000|FLOWEDITEDYN|N|LEG1FLOWID||LEG1FLOWDATESEDITEDYN||LEG1FLOWPAYMENTDATE||LEG1FLOWNOTIONAL||LEG1FLOWMULTIPLIER||LEG1FLOWSPREAD||LEG1FLOWEXTRAPAYMENT||LEG1FLOWAVERAGINGSTYLE||LEG1FLOWLOOKFREQUENCY||LEG1FLOWRATETERM||LEG1FLOWFXFIXING||LEG1FLOWFIXING||LEG1FLOWDAYCOUNT||LEG1FLOWACCRUALSTARTDATE||LEG1FLOWACCRUALENDDATE||LEG1FLOWFXFIXINGDATE||LEG1FLOWFIXINGDATE||LEG1FLOWSTUBTENORDATE1||LEG1FLOWSTUBTENORDATE2||LEG1FLOWTYPE||LEG2FLOWID|11|LEG2FLOWDATESEDITEDYN|N|LEG2FLOWPAYMENTDATE|2009-10-20 00:00:00.000|LEG2FLOWNOTIONAL|-200000000|LEG2FLOWMULTIPLIER|1|LEG2FLOWSPREAD|0|LEG2FLOWEXTRAPAYMENT|0|LEG2FLOWAVERAGINGSTYLE||LEG2FLOWLOOKFREQUENCY||LEG2FLOWRATETERM||LEG2FLOWFXFIXING||LEG2FLOWFIXING|0.00451|LEG2FLOWDAYCOUNT|0.080555555556|LEG2FLOWACCRUALSTARTDATE|2009-09-21 00:00:00.000|LEG2FLOWACCRUALENDDATE|2009-10-20 00:00:00.000|LEG2FLOWFXFIXINGDATE||LEG2FLOWFIXINGDATE|2009-09-17 00:00:00.000|LEG2FLOWSTUBTENORDATE1||LEG2FLOWSTUBTENORDATE2||LEG2FLOWTYPE||BARRIERDATE||UPBARRIER||LOWBARRIER||FIXEDDATE||FIXEDAMOUNT||FLOATINGDATE||FLOATINGSETDATE||FLOATINGSET||FLOATINGAMOUNT||LEG1FLOWSTUBYN||LEG2FLOWSTUBYN|N|LEG1FLOWSTUBTENOR1||LEG1FLOWSTUBTENOR2||LEG2FLOWSTUBTENOR1||LEG2FLOWSTUBTENOR2||LEG1DAYCOUNT||LEG2DAYCOUNT|29|LEG1FLOWEDITEDYN||LEG2FLOWEDITEDYN|N|FLOWPAYMENTDATE|2009-11-20 00:00:00.000|FLOWEDITEDYN|N|LEG1FLOWID|1|LEG1FLOWDATESEDITEDYN|N|LEG1FLOWPAYMENTDATE|2009-11-20 00:00:00.000|LEG1FLOWNOTIONAL|200000000|LEG1FLOWMULTIPLIER|0|LEG1FLOWSPREAD|0.02794|LEG1FLOWEXTRAPAYMENT|0|LEG1FLOWAVERAGINGSTYLE||LEG1FLOWLOOKFREQUENCY||LEG1FLOWRATETERM||LEG1FLOWFXFIXING||LEG1FLOWFIXING||LEG1FLOWDAYCOUNT|1|LEG1FLOWACCRUALSTARTDATE|2008-11-20 00:00:00.000|LEG1FLOWACCRUALENDDATE|2009-11-20 00:00:00.000|LEG1FLOWFXFIXINGDATE||LEG1FLOWFIXINGDATE|2008-11-18 00:00:00.000|LEG1FLOWSTUBTENORDATE1||LEG1FLOWSTUBTENORDATE2||LEG1FLOWTYPE||LEG2FLOWID||LEG2FLOWDATESEDITEDYN||LEG2FLOWPAYMENTDATE||LEG2FLOWNOTIONAL||LEG2FLOWMULTIPLIER||LEG2FLOWSPREAD||LEG2FLOWEXTRAPAYMENT||LEG2FLOWAVERAGINGSTYLE||LEG2FLOWLOOKFREQUENCY||LEG2FLOWRATETERM||LEG2FLOWFXFIXING||LEG2FLOWFIXING||LEG2FLOWDAYCOUNT||LEG2FLOWACCRUALSTARTDATE||LEG2FLOWACCRUALENDDATE||LEG2FLOWFXFIXINGDATE||LEG2FLOWFIXINGDATE||LEG2FLOWSTUBTENORDATE1||LEG2FLOWSTUBTENORDATE2||LEG2FLOWTYPE||BARRIERDATE||UPBARRIER||LOWBARRIER||FIXEDDATE||FIXEDAMOUNT||FLOATINGDATE||FLOATINGSETDATE||FLOATINGSET||FLOATINGAMOUNT||LEG1FLOWSTUBYN|N|LEG2FLOWSTUBYN||LEG1FLOWSTUBTENOR1||LEG1FLOWSTUBTENOR2||LEG2FLOWSTUBTENOR1||LEG2FLOWSTUBTENOR2||LEG1DAYCOUNT|365|LEG2DAYCOUNT||LEG1FLOWEDITEDYN|N|LEG2FLOWEDITEDYN||FLOWPAYMENTDATE|2009-11-20 00:00:00.000|FLOWEDITEDYN|N|LEG1FLOWID||LEG1FLOWDATESEDITEDYN||LEG1FLOWPAYMENTDATE||LEG1FLOWNOTIONAL||LEG1FLOWMULTIPLIER||LEG1FLOWSPREAD||LEG1FLOWEXTRAPAYMENT||LEG1FLOWAVERAGINGSTYLE||LEG1FLOWLOOKFREQUENCY||LEG1FLOWRATETERM||LEG1FLOWFXFIXING||LEG1FLOWFIXING||LEG1FLOWDAYCOUNT||LEG1FLOWACCRUALSTARTDATE||LEG1FLOWACCRUALENDDATE||LEG1FLOWFXFIXINGDATE||LEG1FLOWFIXINGDATE||LEG1FLOWSTUBTENORDATE1||LEG1FLOWSTUBTENORDATE2||LEG1FLOWTYPE||LEG2FLOWID|12|LEG2FLOWDATESEDITEDYN|N|LEG2FLOWPAYMENTDATE|2009-11-20 00:00:00.000|LEG2FLOWNOTIONAL|-200000000|LEG2FLOWMULTIPLIER|1|LEG2FLOWSPREAD|0|LEG2FLOWEXTRAPAYMENT|0|LEG2FLOWAVERAGINGSTYLE||LEG2FLOWLOOKFREQUENCY||LEG2FLOWRATETERM||LEG2FLOWFXFIXING||LEG2FLOWFIXING|0.0043|LEG2FLOWDAYCOUNT|0.086111111111|LEG2FLOWACCRUALSTARTDATE|2009-10-20 00:00:00.000|LEG2FLOWACCRUALENDDATE|2009-11-20 00:00:00.000|LEG2FLOWFXFIXINGDATE||LEG2FLOWFIXINGDATE|2009-10-16 00:00:00.000|LEG2FLOWSTUBTENORDATE1||LEG2FLOWSTUBTENORDATE2||LEG2FLOWTYPE||BARRIERDATE||UPBARRIER||LOWBARRIER||FIXEDDATE||FIXEDAMOUNT||FLOATINGDATE||FLOATINGSETDATE||FLOATINGSET||FLOATINGAMOUNT||LEG1FLOWSTUBYN||LEG2FLOWSTUBYN|N|LEG1FLOWSTUBTENOR1||LEG1FLOWSTUBTENOR2||LEG2FLOWSTUBTENOR1||LEG2FLOWSTUBTENOR2||LEG1DAYCOUNT||LEG2DAYCOUNT|31|LEG1FLOWEDITEDYN||LEG2FLOWEDITEDYN|N|FLOWPAYMENTDATE|2009-12-21 00:00:00.000|FLOWEDITEDYN|N|LEG1FLOWID||LEG1FLOWDATESEDITEDYN||LEG1FLOWPAYMENTDATE||LEG1FLOWNOTIONAL||LEG1FLOWMULTIPLIER||LEG1FLOWSPREAD||LEG1FLOWEXTRAPAYMENT||LEG1FLOWAVERAGINGSTYLE||LEG1FLOWLOOKFREQUENCY||LEG1FLOWRATETERM||LEG1FLOWFXFIXING||LEG1FLOWFIXING||LEG1FLOWDAYCOUNT||LEG1FLOWACCRUALSTARTDATE||LEG1FLOWACCRUALENDDATE||LEG1FLOWFXFIXINGDATE||LEG1FLOWFIXINGDATE||LEG1FLOWSTUBTENORDATE1||LEG1FLOWSTUBTENORDATE2||LEG1FLOWTYPE||LEG2FLOWID|13|LEG2FLOWDATESEDITEDYN|N|LEG2FLOWPAYMENTDATE|2009-12-21 00:00:00.000|LEG2FLOWNOTIONAL|-200000000|LEG2FLOWMULTIPLIER|1|LEG2FLOWSPREAD|0|LEG2FLOWEXTRAPAYMENT|0|LEG2FLOWAVERAGINGSTYLE||LEG2FLOWLOOKFREQUENCY||LEG2FLOWRATETERM||LEG2FLOWFXFIXING||LEG2FLOWFIXING|0.00433|LEG2FLOWDAYCOUNT|0.086111111111|LEG2FLOWACCRUALSTARTDATE|2009-11-20 00:00:00.000|LEG2FLOWACCRUALENDDATE|2009-12-21 00:00:00.000|LEG2FLOWFXFIXINGDATE||LEG2FLOWFIXINGDATE|2009-11-18 00:00:00.000|LEG2FLOWSTUBTENORDATE1||LEG2FLOWSTUBTENORDATE2||LEG2FLOWTYPE||BARRIERDATE||UPBARRIER||LOWBARRIER||FIXEDDATE||FIXEDAMOUNT||FLOATINGDATE||FLOATINGSETDATE||FLOATINGSET||FLOATINGAMOUNT||LEG1FLOWSTUBYN||LEG2FLOWSTUBYN|N|LEG1FLOWSTUBTENOR1||LEG1FLOWSTUBTENOR2||LEG2FLOWSTUBTENOR1||LEG2FLOWSTUBTENOR2||LEG1DAYCOUNT||LEG2DAYCOUNT|31|LEG1FLOWEDITEDYN||LEG2FLOWEDITEDYN|N|FLOWPAYMENTDATE|2010-01-20 00:00:00.000|FLOWEDITEDYN|N|LEG1FLOWID||LEG1FLOWDATESEDITEDYN||LEG1FLOWPAYMENTDATE||LEG1FLOWNOTIONAL||LEG1FLOWMULTIPLIER||LEG1FLOWSPREAD||LEG1FLOWEXTRAPAYMENT||LEG1FLOWAVERAGINGSTYLE||LEG1FLOWLOOKFREQUENCY||LEG1FLOWRATETERM||LEG1FLOWFXFIXING||LEG1FLOWFIXING||LEG1FLOWDAYCOUNT||LEG1FLOWACCRUALSTARTDATE||LEG1FLOWACCRUALENDDATE||LEG1FLOWFXFIXINGDATE||LEG1FLOWFIXINGDATE||LEG1FLOWSTUBTENORDATE1||LEG1FLOWSTUBTENORDATE2||LEG1FLOWTYPE||LEG2FLOWID|14|LEG2FLOWDATESEDITEDYN|N|LEG2FLOWPAYMENTDATE|2010-01-20 00:00:00.000|LEG2FLOWNOTIONAL|-200000000|LEG2FLOWMULTIPLIER|1|LEG2FLOWSPREAD|0|LEG2FLOWEXTRAPAYMENT|0|LEG2FLOWAVERAGINGSTYLE||LEG2FLOWLOOKFREQUENCY||LEG2FLOWRATETERM||LEG2FLOWFXFIXING||LEG2FLOWFIXING|0.00483|LEG2FLOWDAYCOUNT|0.083333333333|LEG2FLOWACCRUALSTARTDATE|2009-12-21 00:00:00.000|LEG2FLOWACCRUALENDDATE|2010-01-20 00:00:00.000|LEG2FLOWFXFIXINGDATE||LEG2FLOWFIXINGDATE|2009-12-17 00:00:00.000|LEG2FLOWSTUBTENORDATE1||LEG2FLOWSTUBTENORDATE2||LEG2FLOWTYPE||BARRIERDATE||UPBARRIER||LOWBARRIER||FIXEDDATE||FIXEDAMOUNT||FLOATINGDATE||FLOATINGSETDATE||FLOATINGSET||FLOATINGAMOUNT||LEG1FLOWSTUBYN||LEG2FLOWSTUBYN|N|LEG1FLOWSTUBTENOR1||LEG1FLOWSTUBTENOR2||LEG2FLOWSTUBTENOR1||LEG2FLOWSTUBTENOR2||LEG1DAYCOUNT||LEG2DAYCOUNT|30|LEG1FLOWEDITEDYN||LEG2FLOWEDITEDYN|N|FLOWPAYMENTDATE|2010-02-22 00:00:00.000|FLOWEDITEDYN|N|LEG1FLOWID||LEG1FLOWDATESEDITEDYN||LEG1FLOWPAYMENTDATE||LEG1FLOWNOTIONAL||LEG1FLOWMULTIPLIER||LEG1FLOWSPREAD||LEG1FLOWEXTRAPAYMENT||LEG1FLOWAVERAGINGSTYLE||LEG1FLOWLOOKFREQUENCY||LEG1FLOWRATETERM||LEG1FLOWFXFIXING||LEG1FLOWFIXING||LEG1FLOWDAYCOUNT||LEG1FLOWACCRUALSTARTDATE||LEG1FLOWACCRUALENDDATE||LEG1FLOWFXFIXINGDATE||LEG1FLOWFIXINGDATE||LEG1FLOWSTUBTENORDATE1||LEG1FLOWSTUBTENORDATE2||LEG1FLOWTYPE||LEG2FLOWID|15|LEG2FLOWDATESEDITEDYN|N|LEG2FLOWPAYMENTDATE|2010-02-22 00:00:00.000|LEG2FLOWNOTIONAL|-200000000|LEG2FLOWMULTIPLIER|1|LEG2FLOWSPREAD|0|LEG2FLOWEXTRAPAYMENT|0|LEG2FLOWAVERAGINGSTYLE||LEG2FLOWLOOKFREQUENCY||LEG2FLOWRATETERM||LEG2FLOWFXFIXING||LEG2FLOWFIXING|0.00435|LEG2FLOWDAYCOUNT|0.091666666667|LEG2FLOWACCRUALSTARTDATE|2010-01-20 00:00:00.000|LEG2FLOWACCRUALENDDATE|2010-02-22 00:00:00.000|LEG2FLOWFXFIXINGDATE||LEG2FLOWFIXINGDATE|2010-01-18 00:00:00.000|LEG2FLOWSTUBTENORDATE1||LEG2FLOWSTUBTENORDATE2||LEG2FLOWTYPE||BARRIERDATE||UPBARRIER||LOWBARRIER||FIXEDDATE||FIXEDAMOUNT||FLOATINGDATE||FLOATINGSETDATE||FLOATINGSET||FLOATINGAMOUNT||LEG1FLOWSTUBYN||LEG2FLOWSTUBYN|N|LEG1FLOWSTUBTENOR1||LEG1FLOWSTUBTENOR2||LEG2FLOWSTUBTENOR1||LEG2FLOWSTUBTENOR2||LEG1DAYCOUNT||LEG2DAYCOUNT|33|LEG1FLOWEDITEDYN||LEG2FLOWEDITEDYN|N|FLOWPAYMENTDATE|2010-03-22 00:00:00.000|FLOWEDITEDYN|N|LEG1FLOWID||LEG1FLOWDATESEDITEDYN||LEG1FLOWPAYMENTDATE||LEG1FLOWNOTIONAL||LEG1FLOWMULTIPLIER||LEG1FLOWSPREAD||LEG1FLOWEXTRAPAYMENT||LEG1FLOWAVERAGINGSTYLE||LEG1FLOWLOOKFREQUENCY||LEG1FLOWRATETERM||LEG1FLOWFXFIXING||LEG1FLOWFIXING||LEG1FLOWDAYCOUNT||LEG1FLOWACCRUALSTARTDATE||LEG1FLOWACCRUALENDDATE||LEG1FLOWFXFIXINGDATE||LEG1FLOWFIXINGDATE||LEG1FLOWSTUBTENORDATE1||LEG1FLOWSTUBTENORDATE2||LEG1FLOWTYPE||LEG2FLOWID|16|LEG2FLOWDATESEDITEDYN|N|LEG2FLOWPAYMENTDATE|2010-03-22 00:00:00.000|LEG2FLOWNOTIONAL|-200000000|LEG2FLOWMULTIPLIER|1|LEG2FLOWSPREAD|0|LEG2FLOWEXTRAPAYMENT|0|LEG2FLOWAVERAGINGSTYLE||LEG2FLOWLOOKFREQUENCY||LEG2FLOWRATETERM||LEG2FLOWFXFIXING||LEG2FLOWFIXING|0.00419|LEG2FLOWDAYCOUNT|0.077777777778|LEG2FLOWACCRUALSTARTDATE|2010-02-22 00:00:00.000|LEG2FLOWACCRUALENDDATE|2010-03-22 00:00:00.000|LEG2FLOWFXFIXINGDATE||LEG2FLOWFIXINGDATE|2010-02-18 00:00:00.000|LEG2FLOWSTUBTENORDATE1||LEG2FLOWSTUBTENORDATE2||LEG2FLOWTYPE||BARRIERDATE||UPBARRIER||LOWBARRIER||FIXEDDATE||FIXEDAMOUNT||FLOATINGDATE||FLOATINGSETDATE||FLOATINGSET||FLOATINGAMOUNT||LEG1FLOWSTUBYN||LEG2FLOWSTUBYN|N|LEG1FLOWSTUBTENOR1||LEG1FLOWSTUBTENOR2||LEG2FLOWSTUBTENOR1||LEG2FLOWSTUBTENOR2||LEG1DAYCOUNT||LEG2DAYCOUNT|28|LEG1FLOWEDITEDYN||LEG2FLOWEDITEDYN|N|FLOWPAYMENTDATE|2010-04-20 00:00:00.000|FLOWEDITEDYN|N|LEG1FLOWID||LEG1FLOWDATESEDITEDYN||LEG1FLOWPAYMENTDATE||LEG1FLOWNOTIONAL||LEG1FLOWMULTIPLIER||LEG1FLOWSPREAD||LEG1FLOWEXTRAPAYMENT||LEG1FLOWAVERAGINGSTYLE||LEG1FLOWLOOKFREQUENCY||LEG1FLOWRATETERM||LEG1FLOWFXFIXING||LEG1FLOWFIXING||LEG1FLOWDAYCOUNT||LEG1FLOWACCRUALSTARTDATE||LEG1FLOWACCRUALENDDATE||LEG1FLOWFXFIXINGDATE||LEG1FLOWFIXINGDATE||LEG1FLOWSTUBTENORDATE1||LEG1FLOWSTUBTENORDATE2||LEG1FLOWTYPE||LEG2FLOWID|17|LEG2FLOWDATESEDITEDYN|N|LEG2FLOWPAYMENTDATE|2010-04-20 00:00:00.000|LEG2FLOWNOTIONAL|-200000000|LEG2FLOWMULTIPLIER|1|LEG2FLOWSPREAD|0|LEG2FLOWEXTRAPAYMENT|0|LEG2FLOWAVERAGINGSTYLE||LEG2FLOWLOOKFREQUENCY||LEG2FLOWRATETERM||LEG2FLOWFXFIXING||LEG2FLOWFIXING|0.00402|LEG2FLOWDAYCOUNT|0.080555555556|LEG2FLOWACCRUALSTARTDATE|2010-03-22 00:00:00.000|LEG2FLOWACCRUALENDDATE|2010-04-20 00:00:00.000|LEG2FLOWFXFIXINGDATE||LEG2FLOWFIXINGDATE|2010-03-18 00:00:00.000|LEG2FLOWSTUBTENORDATE1||LEG2FLOWSTUBTENORDATE2||LEG2FLOWTYPE||BARRIERDATE||UPBARRIER||LOWBARRIER||FIXEDDATE||FIXEDAMOUNT||FLOATINGDATE||FLOATINGSETDATE||FLOATINGSET||FLOATINGAMOUNT||LEG1FLOWSTUBYN||LEG2FLOWSTUBYN|N|LEG1FLOWSTUBTENOR1||LEG1FLOWSTUBTENOR2||LEG2FLOWSTUBTENOR1||LEG2FLOWSTUBTENOR2||LEG1DAYCOUNT||LEG2DAYCOUNT|29|LEG1FLOWEDITEDYN||LEG2FLOWEDITEDYN|N|FLOWPAYMENTDATE|2010-05-20 00:00:00.000|FLOWEDITEDYN|N|LEG1FLOWID||LEG1FLOWDATESEDITEDYN||LEG1FLOWPAYMENTDATE||LEG1FLOWNOTIONAL||LEG1FLOWMULTIPLIER||LEG1FLOWSPREAD||LEG1FLOWEXTRAPAYMENT||LEG1FLOWAVERAGINGSTYLE||LEG1FLOWLOOKFREQUENCY||LEG1FLOWRATETERM||LEG1FLOWFXFIXING||LEG1FLOWFIXING||LEG1FLOWDAYCOUNT||LEG1FLOWACCRUALSTARTDATE||LEG1FLOWACCRUALENDDATE||LEG1FLOWFXFIXINGDATE||LEG1FLOWFIXINGDATE||LEG1FLOWSTUBTENORDATE1||LEG1FLOWSTUBTENORDATE2||LEG1FLOWTYPE||LEG2FLOWID|18|LEG2FLOWDATESEDITEDYN|N|LEG2FLOWPAYMENTDATE|2010-05-20 00:00:00.000|LEG2FLOWNOTIONAL|-200000000|LEG2FLOWMULTIPLIER|1|LEG2FLOWSPREAD|0|LEG2FLOWEXTRAPAYMENT|0|LEG2FLOWAVERAGINGSTYLE||LEG2FLOWLOOKFREQUENCY||LEG2FLOWRATETERM||LEG2FLOWFXFIXING||LEG2FLOWFIXING|0.00405|LEG2FLOWDAYCOUNT|0.083333333333|LEG2FLOWACCRUALSTARTDATE|2010-04-20 00:00:00.000|LEG2FLOWACCRUALENDDATE|2010-05-20 00:00:00.000|LEG2FLOWFXFIXINGDATE||LEG2FLOWFIXINGDATE|2010-04-16 00:00:00.000|LEG2FLOWSTUBTENORDATE1||LEG2FLOWSTUBTENORDATE2||LEG2FLOWTYPE||BARRIERDATE||UPBARRIER||LOWBARRIER||FIXEDDATE||FIXEDAMOUNT||FLOATINGDATE||FLOATINGSETDATE||FLOATINGSET||FLOATINGAMOUNT||LEG1FLOWSTUBYN||LEG2FLOWSTUBYN|N|LEG1FLOWSTUBTENOR1||LEG1FLOWSTUBTENOR2||LEG2FLOWSTUBTENOR1||LEG2FLOWSTUBTENOR2||LEG1DAYCOUNT||LEG2DAYCOUNT|30|LEG1FLOWEDITEDYN||LEG2FLOWEDITEDYN|N|FLOWPAYMENTDATE|2010-06-21 00:00:00.000|FLOWEDITEDYN|N|LEG1FLOWID||LEG1FLOWDATESEDITEDYN||LEG1FLOWPAYMENTDATE||LEG1FLOWNOTIONAL||LEG1FLOWMULTIPLIER||LEG1FLOWSPREAD||LEG1FLOWEXTRAPAYMENT||LEG1FLOWAVERAGINGSTYLE||LEG1FLOWLOOKFREQUENCY||LEG1FLOWRATETERM||LEG1FLOWFXFIXING||LEG1FLOWFIXING||LEG1FLOWDAYCOUNT||LEG1FLOWACCRUALSTARTDATE||LEG1FLOWACCRUALENDDATE||LEG1FLOWFXFIXINGDATE||LEG1FLOWFIXINGDATE||LEG1FLOWSTUBTENORDATE1||LEG1FLOWSTUBTENORDATE2||LEG1FLOWTYPE||LEG2FLOWID|19|LEG2FLOWDATESEDITEDYN|N|LEG2FLOWPAYMENTDATE|2010-06-21 00:00:00.000|LEG2FLOWNOTIONAL|-200000000|LEG2FLOWMULTIPLIER|1|LEG2FLOWSPREAD|0|LEG2FLOWEXTRAPAYMENT|0|LEG2FLOWAVERAGINGSTYLE||LEG2FLOWLOOKFREQUENCY||LEG2FLOWRATETERM||LEG2FLOWFXFIXING||LEG2FLOWFIXING|0.00423|LEG2FLOWDAYCOUNT|0.088888888889|LEG2FLOWACCRUALSTARTDATE|2010-05-20 00:00:00.000|LEG2FLOWACCRUALENDDATE|2010-06-21 00:00:00.000|LEG2FLOWFXFIXINGDATE||LEG2FLOWFIXINGDATE|2010-05-18 00:00:00.000|LEG2FLOWSTUBTENORDATE1||LEG2FLOWSTUBTENORDATE2||LEG2FLOWTYPE||BARRIERDATE||UPBARRIER||LOWBARRIER||FIXEDDATE||FIXEDAMOUNT||FLOATINGDATE||FLOATINGSETDATE||FLOATINGSET||FLOATINGAMOUNT||LEG1FLOWSTUBYN||LEG2FLOWSTUBYN|N|LEG1FLOWSTUBTENOR1||LEG1FLOWSTUBTENOR2||LEG2FLOWSTUBTENOR1||LEG2FLOWSTUBTENOR2||LEG1DAYCOUNT||LEG2DAYCOUNT|32|LEG1FLOWEDITEDYN||LEG2FLOWEDITEDYN|N|FLOWPAYMENTDATE|2010-07-20 00:00:00.000|FLOWEDITEDYN|N|LEG1FLOWID||LEG1FLOWDATESEDITEDYN||LEG1FLOWPAYMENTDATE||LEG1FLOWNOTIONAL||LEG1FLOWMULTIPLIER||LEG1FLOWSPREAD||LEG1FLOWEXTRAPAYMENT||LEG1FLOWAVERAGINGSTYLE||LEG1FLOWLOOKFREQUENCY||LEG1FLOWRATETERM||LEG1FLOWFXFIXING||LEG1FLOWFIXING||LEG1FLOWDAYCOUNT||LEG1FLOWACCRUALSTARTDATE||LEG1FLOWACCRUALENDDATE||LEG1FLOWFXFIXINGDATE||LEG1FLOWFIXINGDATE||LEG1FLOWSTUBTENORDATE1||LEG1FLOWSTUBTENORDATE2||LEG1FLOWTYPE||LEG2FLOWID|20|LEG2FLOWDATESEDITEDYN|N|LEG2FLOWPAYMENTDATE|2010-07-20 00:00:00.000|LEG2FLOWNOTIONAL|-200000000|LEG2FLOWMULTIPLIER|1|LEG2FLOWSPREAD|0|LEG2FLOWEXTRAPAYMENT|0|LEG2FLOWAVERAGINGSTYLE||LEG2FLOWLOOKFREQUENCY||LEG2FLOWRATETERM||LEG2FLOWFXFIXING||LEG2FLOWFIXING|0.00443|LEG2FLOWDAYCOUNT|0.080555555556|LEG2FLOWACCRUALSTARTDATE|2010-06-21 00:00:00.000|LEG2FLOWACCRUALENDDATE|2010-07-20 00:00:00.000|LEG2FLOWFXFIXINGDATE||LEG2FLOWFIXINGDATE|2010-06-17 00:00:00.000|LEG2FLOWSTUBTENORDATE1||LEG2FLOWSTUBTENORDATE2||LEG2FLOWTYPE||BARRIERDATE||UPBARRIER||LOWBARRIER||FIXEDDATE||FIXEDAMOUNT||FLOATINGDATE||FLOATINGSETDATE||FLOATINGSET||FLOATINGAMOUNT||LEG1FLOWSTUBYN||LEG2FLOWSTUBYN|N|LEG1FLOWSTUBTENOR1||LEG1FLOWSTUBTENOR2||LEG2FLOWSTUBTENOR1||LEG2FLOWSTUBTENOR2||LEG1DAYCOUNT||LEG2DAYCOUNT|29|LEG1FLOWEDITEDYN||LEG2FLOWEDITEDYN|N|FLOWPAYMENTDATE|2010-08-20 00:00:00.000|FLOWEDITEDYN|N|LEG1FLOWID||LEG1FLOWDATESEDITEDYN||LEG1FLOWPAYMENTDATE||LEG1FLOWNOTIONAL||LEG1FLOWMULTIPLIER||LEG1FLOWSPREAD||LEG1FLOWEXTRAPAYMENT||LEG1FLOWAVERAGINGSTYLE||LEG1FLOWLOOKFREQUENCY||LEG1FLOWRATETERM||LEG1FLOWFXFIXING||LEG1FLOWFIXING||LEG1FLOWDAYCOUNT||LEG1FLOWACCRUALSTARTDATE||LEG1FLOWACCRUALENDDATE||LEG1FLOWFXFIXINGDATE||LEG1FLOWFIXINGDATE||LEG1FLOWSTUBTENORDATE1||LEG1FLOWSTUBTENORDATE2||LEG1FLOWTYPE||LEG2FLOWID|21|LEG2FLOWDATESEDITEDYN|N|LEG2FLOWPAYMENTDATE|2010-08-20 00:00:00.000|LEG2FLOWNOTIONAL|-200000000|LEG2FLOWMULTIPLIER|1|LEG2FLOWSPREAD|0|LEG2FLOWEXTRAPAYMENT|0|LEG2FLOWAVERAGINGSTYLE||LEG2FLOWLOOKFREQUENCY||LEG2FLOWRATETERM||LEG2FLOWFXFIXING||LEG2FLOWFIXING|0.00597|LEG2FLOWDAYCOUNT|0.086111111111|LEG2FLOWACCRUALSTARTDATE|2010-07-20 00:00:00.000|LEG2FLOWACCRUALENDDATE|2010-08-20 00:00:00.000|LEG2FLOWFXFIXINGDATE||LEG2FLOWFIXINGDATE|2010-07-16 00:00:00.000|LEG2FLOWSTUBTENORDATE1||LEG2FLOWSTUBTENORDATE2||LEG2FLOWTYPE||BARRIERDATE||UPBARRIER||LOWBARRIER||FIXEDDATE||FIXEDAMOUNT||FLOATINGDATE||FLOATINGSETDATE||FLOATINGSET||FLOATINGAMOUNT||LEG1FLOWSTUBYN||LEG2FLOWSTUBYN|N|LEG1FLOWSTUBTENOR1||LEG1FLOWSTUBTENOR2||LEG2FLOWSTUBTENOR1||LEG2FLOWSTUBTENOR2||LEG1DAYCOUNT||LEG2DAYCOUNT|31|LEG1FLOWEDITEDYN||LEG2FLOWEDITEDYN|N|FLOWPAYMENTDATE|2010-09-20 00:00:00.000|FLOWEDITEDYN|N|LEG1FLOWID||LEG1FLOWDATESEDITEDYN||LEG1FLOWPAYMENTDATE||LEG1FLOWNOTIONAL||LEG1FLOWMULTIPLIER||LEG1FLOWSPREAD||LEG1FLOWEXTRAPAYMENT||LEG1FLOWAVERAGINGSTYLE||LEG1FLOWLOOKFREQUENCY||LEG1FLOWRATETERM||LEG1FLOWFXFIXING||LEG1FLOWFIXING||LEG1FLOWDAYCOUNT||LEG1FLOWACCRUALSTARTDATE||LEG1FLOWACCRUALENDDATE||LEG1FLOWFXFIXINGDATE||LEG1FLOWFIXINGDATE||LEG1FLOWSTUBTENORDATE1||LEG1FLOWSTUBTENORDATE2||LEG1FLOWTYPE||LEG2FLOWID|22|LEG2FLOWDATESEDITEDYN|N|LEG2FLOWPAYMENTDATE|2010-09-20 00:00:00.000|LEG2FLOWNOTIONAL|-200000000|LEG2FLOWMULTIPLIER|1|LEG2FLOWSPREAD|0|LEG2FLOWEXTRAPAYMENT|0|LEG2FLOWAVERAGINGSTYLE||LEG2FLOWLOOKFREQUENCY||LEG2FLOWRATETERM||LEG2FLOWFXFIXING||LEG2FLOWFIXING|0.00641|LEG2FLOWDAYCOUNT|0.086111111111|LEG2FLOWACCRUALSTARTDATE|2010-08-20 00:00:00.000|LEG2FLOWACCRUALENDDATE|2010-09-20 00:00:00.000|LEG2FLOWFXFIXINGDATE||LEG2FLOWFIXINGDATE|2010-08-18 00:00:00.000|LEG2FLOWSTUBTENORDATE1||LEG2FLOWSTUBTENORDATE2||LEG2FLOWTYPE||BARRIERDATE||UPBARRIER||LOWBARRIER||FIXEDDATE||FIXEDAMOUNT||FLOATINGDATE||FLOATINGSETDATE||FLOATINGSET||FLOATINGAMOUNT||LEG1FLOWSTUBYN||LEG2FLOWSTUBYN|N|LEG1FLOWSTUBTENOR1||LEG1FLOWSTUBTENOR2||LEG2FLOWSTUBTENOR1||LEG2FLOWSTUBTENOR2||LEG1DAYCOUNT||LEG2DAYCOUNT|31|LEG1FLOWEDITEDYN||LEG2FLOWEDITEDYN|N|FLOWPAYMENTDATE|2010-10-20 00:00:00.000|FLOWEDITEDYN|N|LEG1FLOWID||LEG1FLOWDATESEDITEDYN||LEG1FLOWPAYMENTDATE||LEG1FLOWNOTIONAL||LEG1FLOWMULTIPLIER||LEG1FLOWSPREAD||LEG1FLOWEXTRAPAYMENT||LEG1FLOWAVERAGINGSTYLE||LEG1FLOWLOOKFREQUENCY||LEG1FLOWRATETERM||LEG1FLOWFXFIXING||LEG1FLOWFIXING||LEG1FLOWDAYCOUNT||LEG1FLOWACCRUALSTARTDATE||LEG1FLOWACCRUALENDDATE||LEG1FLOWFXFIXINGDATE||LEG1FLOWFIXINGDATE||LEG1FLOWSTUBTENORDATE1||LEG1FLOWSTUBTENORDATE2||LEG1FLOWTYPE||LEG2FLOWID|23|LEG2FLOWDATESEDITEDYN|N|LEG2FLOWPAYMENTDATE|2010-10-20 00:00:00.000|LEG2FLOWNOTIONAL|-200000000|LEG2FLOWMULTIPLIER|1|LEG2FLOWSPREAD|0|LEG2FLOWEXTRAPAYMENT|0|LEG2FLOWAVERAGINGSTYLE||LEG2FLOWLOOKFREQUENCY||LEG2FLOWRATETERM||LEG2FLOWFXFIXING||LEG2FLOWFIXING|0.00617|LEG2FLOWDAYCOUNT|0.083333333333|LEG2FLOWACCRUALSTARTDATE|2010-09-20 00:00:00.000|LEG2FLOWACCRUALENDDATE|2010-10-20 00:00:00.000|LEG2FLOWFXFIXINGDATE||LEG2FLOWFIXINGDATE|2010-09-16 00:00:00.000|LEG2FLOWSTUBTENORDATE1||LEG2FLOWSTUBTENORDATE2||LEG2FLOWTYPE||BARRIERDATE||UPBARRIER||LOWBARRIER||FIXEDDATE||FIXEDAMOUNT||FLOATINGDATE||FLOATINGSETDATE||FLOATINGSET||FLOATINGAMOUNT||LEG1FLOWSTUBYN||LEG2FLOWSTUBYN|N|LEG1FLOWSTUBTENOR1||LEG1FLOWSTUBTENOR2||LEG2FLOWSTUBTENOR1||LEG2FLOWSTUBTENOR2||LEG1DAYCOUNT||LEG2DAYCOUNT|30|LEG1FLOWEDITEDYN||LEG2FLOWEDITEDYN|N|FLOWPAYMENTDATE|2010-11-22 00:00:00.000|FLOWEDITEDYN|N|LEG1FLOWID|2|LEG1FLOWDATESEDITEDYN|N|LEG1FLOWPAYMENTDATE|2010-11-22 00:00:00.000|LEG1FLOWNOTIONAL|200000000|LEG1FLOWMULTIPLIER|0|LEG1FLOWSPREAD|0.02794|LEG1FLOWEXTRAPAYMENT|0|LEG1FLOWAVERAGINGSTYLE||LEG1FLOWLOOKFREQUENCY||LEG1FLOWRATETERM||LEG1FLOWFXFIXING||LEG1FLOWFIXING||LEG1FLOWDAYCOUNT|1.005555555556|LEG1FLOWACCRUALSTARTDATE|2009-11-20 00:00:00.000|LEG1FLOWACCRUALENDDATE|2010-11-22 00:00:00.000|LEG1FLOWFXFIXINGDATE||LEG1FLOWFIXINGDATE|2009-11-18 00:00:00.000|LEG1FLOWSTUBTENORDATE1||LEG1FLOWSTUBTENORDATE2||LEG1FLOWTYPE||LEG2FLOWID||LEG2FLOWDATESEDITEDYN||LEG2FLOWPAYMENTDATE||LEG2FLOWNOTIONAL||LEG2FLOWMULTIPLIER||LEG2FLOWSPREAD||LEG2FLOWEXTRAPAYMENT||LEG2FLOWAVERAGINGSTYLE||LEG2FLOWLOOKFREQUENCY||LEG2FLOWRATETERM||LEG2FLOWFXFIXING||LEG2FLOWFIXING||LEG2FLOWDAYCOUNT||LEG2FLOWACCRUALSTARTDATE||LEG2FLOWACCRUALENDDATE||LEG2FLOWFXFIXINGDATE||LEG2FLOWFIXINGDATE||LEG2FLOWSTUBTENORDATE1||LEG2FLOWSTUBTENORDATE2||LEG2FLOWTYPE||BARRIERDATE||UPBARRIER||LOWBARRIER||FIXEDDATE||FIXEDAMOUNT||FLOATINGDATE||FLOATINGSETDATE||FLOATINGSET||FLOATINGAMOUNT||LEG1FLOWSTUBYN|N|LEG2FLOWSTUBYN||LEG1FLOWSTUBTENOR1||LEG1FLOWSTUBTENOR2||LEG2FLOWSTUBTENOR1||LEG2FLOWSTUBTENOR2||LEG1DAYCOUNT|367|LEG2DAYCOUNT||LEG1FLOWEDITEDYN|N|LEG2FLOWEDITEDYN||FLOWPAYMENTDATE|2010-11-22 00:00:00.000|FLOWEDITEDYN|N|LEG1FLOWID||LEG1FLOWDATESEDITEDYN||LEG1FLOWPAYMENTDATE||LEG1FLOWNOTIONAL||LEG1FLOWMULTIPLIER||LEG1FLOWSPREAD||LEG1FLOWEXTRAPAYMENT||LEG1FLOWAVERAGINGSTYLE||LEG1FLOWLOOKFREQUENCY||LEG1FLOWRATETERM||LEG1FLOWFXFIXING||LEG1FLOWFIXING||LEG1FLOWDAYCOUNT||LEG1FLOWACCRUALSTARTDATE||LEG1FLOWACCRUALENDDATE||LEG1FLOWFXFIXINGDATE||LEG1FLOWFIXINGDATE||LEG1FLOWSTUBTENORDATE1||LEG1FLOWSTUBTENORDATE2||LEG1FLOWTYPE||LEG2FLOWID|24|LEG2FLOWDATESEDITEDYN|N|LEG2FLOWPAYMENTDATE|2010-11-22 00:00:00.000|LEG2FLOWNOTIONAL|-200000000|LEG2FLOWMULTIPLIER|1|LEG2FLOWSPREAD|0|LEG2FLOWEXTRAPAYMENT|0|LEG2FLOWAVERAGINGSTYLE||LEG2FLOWLOOKFREQUENCY||LEG2FLOWRATETERM||LEG2FLOWFXFIXING||LEG2FLOWFIXING||LEG2FLOWDAYCOUNT|0.091666666667|LEG2FLOWACCRUALSTARTDATE|2010-10-20 00:00:00.000|LEG2FLOWACCRUALENDDATE|2010-11-22 00:00:00.000|LEG2FLOWFXFIXINGDATE||LEG2FLOWFIXINGDATE|2010-10-18 00:00:00.000|LEG2FLOWSTUBTENORDATE1||LEG2FLOWSTUBTENORDATE2||LEG2FLOWTYPE||BARRIERDATE||UPBARRIER||LOWBARRIER||FIXEDDATE||FIXEDAMOUNT||FLOATINGDATE||FLOATINGSETDATE||FLOATINGSET||FLOATINGAMOUNT||LEG1FLOWSTUBYN||LEG2FLOWSTUBYN|N|LEG1FLOWSTUBTENOR1||LEG1FLOWSTUBTENOR2||LEG2FLOWSTUBTENOR1||LEG2FLOWSTUBTENOR2||LEG1DAYCOUNT||LEG2DAYCOUNT|33|LEG1FLOWEDITEDYN||LEG2FLOWEDITEDYN|N|BOOK_CPTY_CDRMNEMONIC|DTCH L  7KB|PROFIT_CENTRE|0100GMFMMD|BOOKBRANCHPARENT|Non GFX Business|HIGH_LEVEL_CPTY_CDRMNEMONIC|MERTAHEL|HIGH_LEVEL_BOOK_CPTY_CDRM|DTCH L|BOOK_CPYT_SRC_SYSTEM|RMS|SUBBRANCH|FFT|CPTY_CDRMNEMONIC|MERTAHEL|AMI_CODE|0100|BOOK_CPTY|FFMMDEURBS|PUBLICATIONTIME|2010-09-24 15:58:58.105|DBLEGALENTITY|London|ISLIVEYN|Y</Text>
</Message>
