<?xml version="1.0" encoding="UTF-8"?>
<Message>
    <SystemInfo>
        <JMSDestination>Topic[exodus.pipe.demo]</JMSDestination>
        <JMSReplyTo/>
        <JMSDeliveryMode>2</JMSDeliveryMode>
        <JMSRedelivered>false</JMSRedelivered>
        <JMSCorrelationID>null</JMSCorrelationID>
        <JMSType>null</JMSType>
        <JMSTimestamp>1285344087613</JMSTimestamp>
        <JMSExpiration>0</JMSExpiration>
        <JMSPriority>4</JMSPriority>
    </SystemInfo>
    <ApplicationInfo>
        <SYSTEMID>243828655</SYSTEMID>
        <TRADEGROUP>INTERESTRATESWAP</TRADEGROUP>
        <VERSION>3</VERSION>
        <COUNTERPARTY>EURO_OPT</COUNTERPARTY>
        <MESSAGE_TYPE>RMS_TRADE</MESSAGE_TYPE>
        <TRADETYPE>IRSwaption</TRADETYPE>
        <BOOK>LNMMDCYBPRP</BOOK>
        <ACTION>NonEconomic</ACTION>
        <STATUS>Open</STATUS>
    </ApplicationInfo>
    <Text>STRUCTUREID|140363698|PRODUCTID|236885987|SYSTEMID|243828655|TRADETYPE|IRSwaption|TRADEID|140363698A|SOURCESYSTEM|RMS|DEALCAPTURESYSTEM|RMS|BOOK|LNMMDCYBPRP|BLOTTER||COUNTERPARTY|EURO_OPT|COUNTERPARTYSOURCESYSTEM|RMS|COUNTERPARTYNAME|DEUTSCHE BANK AG|DBICOUNTERPARTYID||CUSTOMER|EURO_OPT|CUSTOMERSOURCESYSTEM|RMS|STATUS|Open|PREMIUMCURRENCY||PREMIUMAMOUNT||PREMIUMDATE||PREMIUMHASPAIDYN||UNWINDRATE||UNWINDPREMIUMCURRENCY||UNWINDPREMIUMAMOUNT||UNWINDPREMIUMDATE||MARGINPAYMENTCURRENCY||MARGINPAYMENTAMOUNT||ASSETLOCATION||TRADEDATE|2010-01-11 00:00:00.000|LASTUPDATED|2010-01-18 14:57:09.000|ACTION|NonEconomic|ACTIONEFFECTIVEDATE|2010-01-18 00:00:00.000|SOURCESYSTEMBOOK|LNMMDCYBPRP|SOURCESYSTEMPROFITCENTRE||LEGALENTITY|London|BOOKINGLOCATION|London|SALESPERSON||TRADER||ENTEREDBY|GILLIAN|FUNDSPLITID||FUNDSPLITVERSION||STRUCTURENAME||MARKUPAMT||MARKUPCCY||MARKUPLOCATION||ATRISKAMT||ATRISKCCY||ATRISKLOCATION||ATRISKINDICATOR||REASON||NOTES||BROKER||BROKERAMT||BROKERCCY||LINKSYSTEMID||LINKTYPE||SOURCESYSTEMID|243828655|DEALCAPTURESYSTEMID|243828655|DATECREATED|2010-01-12 00:30:10.000|CONFIRMAS||PRODUCTVERSION|1|PRODUCTLEGID||VERSION|3|LATESTVERSIONYN|Y|CALCULATIONAGENT|DB|BACKOFFICEPROCESSING|Standard|BACKOFFICESYSTEM|Summit|BACKOFFICESYSTEMID|3290513M|CANCELSSOURCESYSTEMID||CANCELLEDBYSOURCESYSTEMID||CANCELLINGHALFSOURCESYSTEMID||CORRECTSSOURCESYSTEMID||CORRECTEDBYSOURCESYSTEMID||CLOSESSOURCESYSTEMID||CLOSEDBYSOURCESYSTEMID||EXERCISEDINTOSOURCESYSTEMID||EXERCISEDFROMSOURCESYSTEMID||VERSIONVALIDUNTILDATE||TRADEEXTRADETAILID|0|TRADEEXTRADETAILVERSION|0|TRADECLASSIFICATION|1|DEALCAPTURESALESUSER|RMS_GILLIAN|FUNDSPLITALLOCATIONID||FUNDSPLITALLOCATIONLEGID||TEARUPID||ACCCURRENCY||BACKOFFICEACCEPTED||BACKOFFICEENDDATE||BACKOFFICEEVENT||BACKOFFICEBRANCHACCEPTED||BACKOFFICEBRANCHEVENT||ELECTEDCONFIRMATIONSYSTEM|///|ELECTEDCONFIRMATIONRULEID|88|PREVIOUSCONFIRMATIONSYSTEM|///|ELECTEDSETTLEMENTSYSTEM|///|ELECTEDSETTLEMENTRULEID|88|PREVIOUSSETTLEMENTSYSTEM|///|TRADETABLE|INTERESTRATESWAP|PRODUCTTYPE||PRODUCTINSTANCE||USERENTEREDTRADEDATE||CLOSINGDATE||CREDITADJUSTEDNOTIONALSYN||EXPIRYDATE|2011-01-11 00:00:00.000|CP||BUYSELL|B|PHYSICALLYDELIVERABLEYN|N|SETTLEMENTDATE|2011-01-13 00:00:00.000|LEG1CURRENCY|EUR|LEG1NOTIONAL|1000000000|LEG1INITIALNOTIONAL||LEG1FINALNOTIONAL||LEG1EFFECTIVEDATE|2011-01-13 00:00:00.000|LEG1ROLLDATE|2011-01-13 00:00:00.000|LEG1LASTROLLDATE||LEG1ENDDATE|2012-01-13 00:00:00.000|LEG1LASTFIXEDDATE||LEG1DATECONVENTION|Mod Foll|LEG1BASIS|30/360|LEG1MULTIPLIER|0|LEG1SPREAD|0.014|LEG1PAYMENTCITIES|EUR|LEG1FIXINGCITIES||LEG1FIXINGREFERENCE||LEG1INITIALEXCHANGEDYN||LEG1FINALEXCHANGEDYN||LEG1AVERAGINGSTYLE|NONE|LEG1LOOKFREQUENCY||LEG1RATETERM||LEG1ADJUSTEDDAYCOUNTYN|Y|LEG1FIXINARREARSYN|N|LEG1FIXINGDELAYOVERRIDE||LEG1OISDELAYOVERRIDE||LEG1SPECIALROLLTYPE|EOM_CAL|LEG1COMPOUNDINGTYPE||LEG1OISPAYMENTDELAYYN|N|LEG1NUMFLOWSHAVEPAID||LEG1CREDITADJUSTEDNOTIONALYN||LEG1FXFIXINGCITIES||LEG1FXFIXINGREFERENCE||LEG1RESETROLLDATE||LEG1EXCHANGECITIES||LEG1EXCHANGECONVENTION||LEG1DISCOUNTUSINGGOVERNMENTYN||LEG1ISIN||LEG1IGNOREHOLSINSUBSCHEDULEYN|N|LEG1LOOKDAY||LEG2CURRENCY|EUR|LEG2NOTIONAL|-1000000000|LEG2INITIALNOTIONAL||LEG2FINALNOTIONAL||LEG2EFFECTIVEDATE|2011-01-13 00:00:00.000|LEG2ROLLDATE|2011-01-13 00:00:00.000|LEG2LASTROLLDATE||LEG2ENDDATE|2012-01-13 00:00:00.000|LEG2LASTFIXEDDATE||LEG2DATECONVENTION|Mod Foll|LEG2BASIS|Act/360|LEG2MULTIPLIER|1|LEG2SPREAD|0|LEG2PAYMENTCITIES|EUR|LEG2FIXINGCITIES|EUR|LEG2FIXINGREFERENCE|EURIBOR|LEG2INITIALEXCHANGEDYN||LEG2FINALEXCHANGEDYN||LEG2AVERAGINGSTYLE|NONE|LEG2LOOKFREQUENCY||LEG2RATETERM||LEG2ADJUSTEDDAYCOUNTYN|Y|LEG2FIXINARREARSYN|N|LEG2FIXINGDELAYOVERRIDE||LEG2OISDELAYOVERRIDE||LEG2SPECIALROLLTYPE|EOM_CAL|LEG2COMPOUNDINGTYPE||LEG2OISPAYMENTDELAYYN|N|LEG2NUMFLOWSHAVEPAID||LEG2CREDITADJUSTEDNOTIONALYN||LEG2FXFIXINGCITIES||LEG2FXFIXINGREFERENCE||LEG2RESETROLLDATE||LEG2EXCHANGECITIES||LEG2EXCHANGECONVENTION||LEG2DISCOUNTUSINGGOVERNMENTYN||LEG2ISIN||LEG2IGNOREHOLSINSUBSCHEDULEYN|N|LEG2LOOKDAY||CURRENCY|EUR|PAYCURRENCY||FXFIXINGREFERENCE||FIXEDHAVEPAID||FLOATINGHAVESET||FLOATINGHAVEPAID||BARRIERUNDERCURRENCY||BARRIERACCCURRENCY||FORWARDSETTINGSTYLE||FORWARDSETTINGDATE||FINALEXCHANGESTRIKE||MODELTYPE||SUMMITNAME|DB_LN_CYBPRP|SUMMITCPBOOK||GROUPID||GROUPREASON||LEG1AVERAGING||LEG2AVERAGING||LEG1COMPMETHOD||LEG2COMPMETHOD||LEG1EOM||LEG2EOM||LEG1ROLLDOW|THU|LEG1ROLLDOM|13|LEG2ROLLDOW|THU|LEG2ROLLDOM|13|LEG1BROKERRATE||LEG2BROKERRATE|0|LEG1FREQUENCY|1Y|LEG2FREQUENCY|3M|LEG1OFFSET||LEG2OFFSET||LEG1PAYMENTOFFSET|0|LEG2PAYMENTOFFSET|0|LEG1CUTOFFDAYS||LEG2CUTOFFDAYS||SETTLEMENTSYSTEM||PRODUCTTYPEID|////|FLOWPAYMENTDATE|2011-04-13 00:00:00.000|FLOWEDITEDYN|N|LEG1FLOWID||LEG1FLOWDATESEDITEDYN||LEG1FLOWPAYMENTDATE||LEG1FLOWNOTIONAL||LEG1FLOWMULTIPLIER||LEG1FLOWSPREAD||LEG1FLOWEXTRAPAYMENT||LEG1FLOWAVERAGINGSTYLE||LEG1FLOWLOOKFREQUENCY||LEG1FLOWRATETERM||LEG1FLOWFXFIXING||LEG1FLOWFIXING||LEG1FLOWDAYCOUNT||LEG1FLOWACCRUALSTARTDATE||LEG1FLOWACCRUALENDDATE||LEG1FLOWFXFIXINGDATE||LEG1FLOWFIXINGDATE||LEG1FLOWSTUBTENORDATE1||LEG1FLOWSTUBTENORDATE2||LEG1FLOWTYPE||LEG2FLOWID|1|LEG2FLOWDATESEDITEDYN||LEG2FLOWPAYMENTDATE|2011-04-13 00:00:00.000|LEG2FLOWNOTIONAL|-1000000000|LEG2FLOWMULTIPLIER|1|LEG2FLOWSPREAD|0|LEG2FLOWEXTRAPAYMENT|0|LEG2FLOWAVERAGINGSTYLE||LEG2FLOWLOOKFREQUENCY||LEG2FLOWRATETERM||LEG2FLOWFXFIXING||LEG2FLOWFIXING||LEG2FLOWDAYCOUNT|0.25|LEG2FLOWACCRUALSTARTDATE|2011-01-13 00:00:00.000|LEG2FLOWACCRUALENDDATE|2011-04-13 00:00:00.000|LEG2FLOWFXFIXINGDATE||LEG2FLOWFIXINGDATE|2011-01-11 00:00:00.000|LEG2FLOWSTUBTENORDATE1||LEG2FLOWSTUBTENORDATE2||LEG2FLOWTYPE||BARRIERDATE||UPBARRIER||LOWBARRIER||FIXEDDATE||FIXEDAMOUNT||FLOATINGDATE||FLOATINGSETDATE||FLOATINGSET||FLOATINGAMOUNT||LEG1FLOWSTUBYN||LEG2FLOWSTUBYN|N|LEG1FLOWSTUBTENOR1||LEG1FLOWSTUBTENOR2||LEG2FLOWSTUBTENOR1||LEG2FLOWSTUBTENOR2||LEG1DAYCOUNT||LEG2DAYCOUNT||LEG1FLOWEDITEDYN||LEG2FLOWEDITEDYN|N|FLOWPAYMENTDATE|2011-07-13 00:00:00.000|FLOWEDITEDYN|N|LEG1FLOWID||LEG1FLOWDATESEDITEDYN||LEG1FLOWPAYMENTDATE||LEG1FLOWNOTIONAL||LEG1FLOWMULTIPLIER||LEG1FLOWSPREAD||LEG1FLOWEXTRAPAYMENT||LEG1FLOWAVERAGINGSTYLE||LEG1FLOWLOOKFREQUENCY||LEG1FLOWRATETERM||LEG1FLOWFXFIXING||LEG1FLOWFIXING||LEG1FLOWDAYCOUNT||LEG1FLOWACCRUALSTARTDATE||LEG1FLOWACCRUALENDDATE||LEG1FLOWFXFIXINGDATE||LEG1FLOWFIXINGDATE||LEG1FLOWSTUBTENORDATE1||LEG1FLOWSTUBTENORDATE2||LEG1FLOWTYPE||LEG2FLOWID|2|LEG2FLOWDATESEDITEDYN||LEG2FLOWPAYMENTDATE|2011-07-13 00:00:00.000|LEG2FLOWNOTIONAL|-1000000000|LEG2FLOWMULTIPLIER|1|LEG2FLOWSPREAD|0|LEG2FLOWEXTRAPAYMENT|0|LEG2FLOWAVERAGINGSTYLE||LEG2FLOWLOOKFREQUENCY||LEG2FLOWRATETERM||LEG2FLOWFXFIXING||LEG2FLOWFIXING||LEG2FLOWDAYCOUNT|0.252777777778|LEG2FLOWACCRUALSTARTDATE|2011-04-13 00:00:00.000|LEG2FLOWACCRUALENDDATE|2011-07-13 00:00:00.000|LEG2FLOWFXFIXINGDATE||LEG2FLOWFIXINGDATE|2011-04-11 00:00:00.000|LEG2FLOWSTUBTENORDATE1||LEG2FLOWSTUBTENORDATE2||LEG2FLOWTYPE||BARRIERDATE||UPBARRIER||LOWBARRIER||FIXEDDATE||FIXEDAMOUNT||FLOATINGDATE||FLOATINGSETDATE||FLOATINGSET||FLOATINGAMOUNT||LEG1FLOWSTUBYN||LEG2FLOWSTUBYN|N|LEG1FLOWSTUBTENOR1||LEG1FLOWSTUBTENOR2||LEG2FLOWSTUBTENOR1||LEG2FLOWSTUBTENOR2||LEG1DAYCOUNT||LEG2DAYCOUNT||LEG1FLOWEDITEDYN||LEG2FLOWEDITEDYN|N|FLOWPAYMENTDATE|2011-10-13 00:00:00.000|FLOWEDITEDYN|N|LEG1FLOWID||LEG1FLOWDATESEDITEDYN||LEG1FLOWPAYMENTDATE||LEG1FLOWNOTIONAL||LEG1FLOWMULTIPLIER||LEG1FLOWSPREAD||LEG1FLOWEXTRAPAYMENT||LEG1FLOWAVERAGINGSTYLE||LEG1FLOWLOOKFREQUENCY||LEG1FLOWRATETERM||LEG1FLOWFXFIXING||LEG1FLOWFIXING||LEG1FLOWDAYCOUNT||LEG1FLOWACCRUALSTARTDATE||LEG1FLOWACCRUALENDDATE||LEG1FLOWFXFIXINGDATE||LEG1FLOWFIXINGDATE||LEG1FLOWSTUBTENORDATE1||LEG1FLOWSTUBTENORDATE2||LEG1FLOWTYPE||LEG2FLOWID|3|LEG2FLOWDATESEDITEDYN||LEG2FLOWPAYMENTDATE|2011-10-13 00:00:00.000|LEG2FLOWNOTIONAL|-1000000000|LEG2FLOWMULTIPLIER|1|LEG2FLOWSPREAD|0|LEG2FLOWEXTRAPAYMENT|0|LEG2FLOWAVERAGINGSTYLE||LEG2FLOWLOOKFREQUENCY||LEG2FLOWRATETERM||LEG2FLOWFXFIXING||LEG2FLOWFIXING||LEG2FLOWDAYCOUNT|0.255555555556|LEG2FLOWACCRUALSTARTDATE|2011-07-13 00:00:00.000|LEG2FLOWACCRUALENDDATE|2011-10-13 00:00:00.000|LEG2FLOWFXFIXINGDATE||LEG2FLOWFIXINGDATE|2011-07-11 00:00:00.000|LEG2FLOWSTUBTENORDATE1||LEG2FLOWSTUBTENORDATE2||LEG2FLOWTYPE||BARRIERDATE||UPBARRIER||LOWBARRIER||FIXEDDATE||FIXEDAMOUNT||FLOATINGDATE||FLOATINGSETDATE||FLOATINGSET||FLOATINGAMOUNT||LEG1FLOWSTUBYN||LEG2FLOWSTUBYN|N|LEG1FLOWSTUBTENOR1||LEG1FLOWSTUBTENOR2||LEG2FLOWSTUBTENOR1||LEG2FLOWSTUBTENOR2||LEG1DAYCOUNT||LEG2DAYCOUNT||LEG1FLOWEDITEDYN||LEG2FLOWEDITEDYN|N|FLOWPAYMENTDATE|2012-01-13 00:00:00.000|FLOWEDITEDYN|N|LEG1FLOWID|1|LEG1FLOWDATESEDITEDYN||LEG1FLOWPAYMENTDATE|2012-01-13 00:00:00.000|LEG1FLOWNOTIONAL|1000000000|LEG1FLOWMULTIPLIER|0|LEG1FLOWSPREAD|0.014|LEG1FLOWEXTRAPAYMENT|0|LEG1FLOWAVERAGINGSTYLE||LEG1FLOWLOOKFREQUENCY||LEG1FLOWRATETERM||LEG1FLOWFXFIXING||LEG1FLOWFIXING||LEG1FLOWDAYCOUNT|1|LEG1FLOWACCRUALSTARTDATE|2011-01-13 00:00:00.000|LEG1FLOWACCRUALENDDATE|2012-01-13 00:00:00.000|LEG1FLOWFXFIXINGDATE||LEG1FLOWFIXINGDATE|2011-01-11 00:00:00.000|LEG1FLOWSTUBTENORDATE1||LEG1FLOWSTUBTENORDATE2||LEG1FLOWTYPE||LEG2FLOWID||LEG2FLOWDATESEDITEDYN||LEG2FLOWPAYMENTDATE||LEG2FLOWNOTIONAL||LEG2FLOWMULTIPLIER||LEG2FLOWSPREAD||LEG2FLOWEXTRAPAYMENT||LEG2FLOWAVERAGINGSTYLE||LEG2FLOWLOOKFREQUENCY||LEG2FLOWRATETERM||LEG2FLOWFXFIXING||LEG2FLOWFIXING||LEG2FLOWDAYCOUNT||LEG2FLOWACCRUALSTARTDATE||LEG2FLOWACCRUALENDDATE||LEG2FLOWFXFIXINGDATE||LEG2FLOWFIXINGDATE||LEG2FLOWSTUBTENORDATE1||LEG2FLOWSTUBTENORDATE2||LEG2FLOWTYPE||BARRIERDATE||UPBARRIER||LOWBARRIER||FIXEDDATE||FIXEDAMOUNT||FLOATINGDATE||FLOATINGSETDATE||FLOATINGSET||FLOATINGAMOUNT||LEG1FLOWSTUBYN|N|LEG2FLOWSTUBYN||LEG1FLOWSTUBTENOR1||LEG1FLOWSTUBTENOR2||LEG2FLOWSTUBTENOR1||LEG2FLOWSTUBTENOR2||LEG1DAYCOUNT||LEG2DAYCOUNT||LEG1FLOWEDITEDYN|N|LEG2FLOWEDITEDYN||FLOWPAYMENTDATE|2012-01-13 00:00:00.000|FLOWEDITEDYN|N|LEG1FLOWID||LEG1FLOWDATESEDITEDYN||LEG1FLOWPAYMENTDATE||LEG1FLOWNOTIONAL||LEG1FLOWMULTIPLIER||LEG1FLOWSPREAD||LEG1FLOWEXTRAPAYMENT||LEG1FLOWAVERAGINGSTYLE||LEG1FLOWLOOKFREQUENCY||LEG1FLOWRATETERM||LEG1FLOWFXFIXING||LEG1FLOWFIXING||LEG1FLOWDAYCOUNT||LEG1FLOWACCRUALSTARTDATE||LEG1FLOWACCRUALENDDATE||LEG1FLOWFXFIXINGDATE||LEG1FLOWFIXINGDATE||LEG1FLOWSTUBTENORDATE1||LEG1FLOWSTUBTENORDATE2||LEG1FLOWTYPE||LEG2FLOWID|4|LEG2FLOWDATESEDITEDYN||LEG2FLOWPAYMENTDATE|2012-01-13 00:00:00.000|LEG2FLOWNOTIONAL|-1000000000|LEG2FLOWMULTIPLIER|1|LEG2FLOWSPREAD|0|LEG2FLOWEXTRAPAYMENT|0|LEG2FLOWAVERAGINGSTYLE||LEG2FLOWLOOKFREQUENCY||LEG2FLOWRATETERM||LEG2FLOWFXFIXING||LEG2FLOWFIXING||LEG2FLOWDAYCOUNT|0.255555555556|LEG2FLOWACCRUALSTARTDATE|2011-10-13 00:00:00.000|LEG2FLOWACCRUALENDDATE|2012-01-13 00:00:00.000|LEG2FLOWFXFIXINGDATE||LEG2FLOWFIXINGDATE|2011-10-11 00:00:00.000|LEG2FLOWSTUBTENORDATE1||LEG2FLOWSTUBTENORDATE2||LEG2FLOWTYPE||BARRIERDATE||UPBARRIER||LOWBARRIER||FIXEDDATE||FIXEDAMOUNT||FLOATINGDATE||FLOATINGSETDATE||FLOATINGSET||FLOATINGAMOUNT||LEG1FLOWSTUBYN||LEG2FLOWSTUBYN|N|LEG1FLOWSTUBTENOR1||LEG1FLOWSTUBTENOR2||LEG2FLOWSTUBTENOR1||LEG2FLOWSTUBTENOR2||LEG1DAYCOUNT||LEG2DAYCOUNT||LEG1FLOWEDITEDYN||LEG2FLOWEDITEDYN|N|BOOK_CPTY_CDRMNEMONIC|DTCH L  G3L|PROFIT_CENTRE|FRJ0|BOOKBRANCHPARENT|Non GFX Business|HIGH_LEVEL_CPTY_CDRMNEMONIC|DTCH F|HIGH_LEVEL_BOOK_CPTY_CDRM|DTCH L|BOOK_CPYT_SRC_SYSTEM|RMS|SUBBRANCH|SNG|CPTY_CDRMNEMONIC|DTCH F|AMI_CODE|0840|BOOK_CPTY|DB_LN_CYBPRP|PUBLICATIONTIME|2010-09-24 16:01:27.610|DBLEGALENTITY|London|ISLIVEYN|Y</Text>
</Message>
