<?xml version="1.0" encoding="UTF-8"?>
<Message>
    <SystemInfo>
        <JMSDestination>Topic[exodus.pipe.demo]</JMSDestination>
        <JMSReplyTo/>
        <JMSDeliveryMode>2</JMSDeliveryMode>
        <JMSRedelivered>false</JMSRedelivered>
        <JMSCorrelationID>null</JMSCorrelationID>
        <JMSType>null</JMSType>
        <JMSTimestamp>1285343816172</JMSTimestamp>
        <JMSExpiration>0</JMSExpiration>
        <JMSPriority>4</JMSPriority>
    </SystemInfo>
    <ApplicationInfo>
        <SYSTEMID>17234500</SYSTEMID>
        <TRADEGROUP>EXOTIC</TRADEGROUP>
        <VERSION>5</VERSION>
        <COUNTERPARTY>DBMI</COUNTERPARTY>
        <MESSAGE_TYPE>RMS_TRADE</MESSAGE_TYPE>
        <TRADETYPE>MatrixIAS</TRADETYPE>
        <BOOK>IRATE</BOOK>
        <ACTION>Economic</ACTION>
        <STATUS>Open</STATUS>
    </ApplicationInfo>
    <Text>SYSTEMID|17234500|TRADETYPE|MatrixIAS|TRADEID|17234500|SOURCESYSTEM|Excel|BOOK|IRATE|BLOTTER||COUNTERPARTY|DBMI|COUNTERPARTYSOURCESYSTEM||DBICOUNTERPARTYID||CUSTOMER|UMCU|CUSTOMERSOURCESYSTEM||STATUS|Open|SHOWINRMSYN|Y|SECTION|Inputs|ORDERFIELD|172|INPUTS|NVPair|PARAMETERTEXT|0|PARAMETERNUMBER||PARAMETERDATE||PRODUCTID|15615633|PRODUCTVERSION|6|PRODUCTLEGID||STRUCTUREID|8728019|TRADEDATE|2004-04-21 00:00:00.000|LASTUPDATED|2004-11-18 19:29:12.000|ACTION|Economic|ACTIONEFFECTIVEDATE|2004-11-18 19:29:12.000|SOURCESYSTEMBOOK|IRATE|SOURCESYSTEMPROFITCENTRE||SALESPERSON|ANGELO MORMINA|TRADER|ADRIAN MCGOWAN|ENTEREDBY|mcgoad|FUNDSPLITID||FUNDSPLITVERSION||STRUCTURENAME||MARKUPAMT|260000|MARKUPCCY|EUR|MARKUPLOCATION|London|ATRISKAMT|120000|ATRISKCCY|EUR|ATRISKLOCATION|London|ATRISKINDICATOR||REASON||ASSETLOCATION||NOTES||BROKER||BROKERAMT||BROKERCCY||LINKSYSTEMID||LINKTYPE||SOURCESYSTEMID|17234500|DATECREATED|2004-07-28 00:56:02.000|CONFIRMAS||VERSION|5|CANCELSSOURCESYSTEMID||CANCELLEDBYSOURCESYSTEMID||CANCELLINGHALFSOURCESYSTEMID||CORRECTSSOURCESYSTEMID||CORRECTEDBYSOURCESYSTEMID||CLOSESSOURCESYSTEMID||CLOSEDBYSOURCESYSTEMID||EXERCISEDINTOSOURCESYSTEMID||EXERCISEDFROMSOURCESYSTEMID||LATESTVERSIONYN|N|CLOSINGDATE||LEGALENTITY|London|DEALCAPTURESYSTEM|Excel|DEALCAPTURESYSTEMID|17234500|BOOKINGLOCATION|London|PRODUCTTYPE||PRODUCTINSTANCE||BACKOFFICESYSTEM||BACKOFFICESYSTEMID||VERSIONVALIDUNTILDATE|2005-03-31 22:01:36.000|TRADEEXTRADETAILID||TRADEEXTRADETAILVERSION||TRADECLASSIFICATION|1|DEALCAPTURESALESUSER||FUNDSPLITALLOCATIONID||FUNDSPLITALLOCATIONLEGID||TEARUPID||ELECTEDCONFIRMATIONSYSTEM||ELECTEDCONFIRMATIONRULEID||PREVIOUSCONFIRMATIONSYSTEM||ELECTEDSETTLEMENTSYSTEM||ELECTEDSETTLEMENTRULEID||PREVIOUSSETTLEMENTSYSTEM||BACKOFFICEPROCESSING||CALCULATIONAGENT|DB|CLOSEDBY_PRODUCTID|15615633|CLOSES_PRODUCTID|15615633|LINK_PRODUCTID|15615633|PRODUCTTYPEID|SWAPVVVANILLA|PREMIUMHASPAIDYN||UNWINDRATE||BACKOFFICEACCEPTED|N|BACKOFFICEENDDATE||BACKOFFICEEVENT||BACKOFFICEBRANCHACCEPTED|N|BACKOFFICEBRANCHEVENT||TRADETABLE|EXOTIC|USERENTEREDTRADEDATE||WORKBOOK|MatrixIASTradeEntry|WORKSHEET|FX_Ladder_EURUSD_CALL_21APR_Mk2|CURRENCY|DOMESTIC/FOREIGN|ACCCURRENCY|USD|UNDERCURRENCY|EUR|HOLIDAYCITIES|EUR|DATEBUMPS|MOD FOLL|DOMESTICCURVE|FORECAST|FOREIGNCURVE|FORECAST|LEG1NOTIONAL|50000|LEG1EFFECTIVEDATE|2004-10-25 00:00:00.000|LEG1ROLLDATE|2005-04-23 00:00:00.000|LEG1ENDDATE|2008-04-23 00:00:00.000|LEG1FREQUENCY|SEMI|LEG1SETFRACTION|0|LEG1DAYSOFFSET|0|LEG1ARREARINTERVAL|6m|LEG1NUMRATES|1|LEG1NUMRATESID|1|LEG1RATESTARTINGTIME||LEG1RATETERM|6m|LEG1RATEINDEXTYPE|FIXED|LEG1RATEFREQUENCY|ZERO|LEG1RATEDECOMPFREQ|ZERO|LEG1RATEBASIS|ACT/360|LEG1RATECURRENCY|FOREIGN|LEG1RATECOUPON|0|LEG1POWER|1|LEG1MULTIPLIER|0|LEG1SPREAD|1|LEG1COUPONDECOMP|1|LEG1ABSOLUTECAP|9.99|LEG1ABSOLUTEFLOOR|-9.99|LEG1PERIODICCAP|9.99|LEG1PERIODICFLOOR|9.99|LEG1PERIODICPAYTYPE|NORMAL|LEG1PREVIOUSCOUPON|0|LEG1PAYBASIS|ACT/360|LEG1PAYCURRENCY|FOREIGN|LEG1MANYFLOWS|0|LEG1PAYOFFTABLESIZE|0|LEG1DEFAULTENDDATE||LEG2NOTIONAL|10000000|LEG2EFFECTIVEDATE|2004-10-25 00:00:00.000|LEG2ROLLDATE|2005-04-23 00:00:00.000|LEG2ENDDATE|2008-04-23 00:00:00.000|LEG2FREQUENCY|SEMI|LEG2SETFRACTION|0|LEG2DAYSOFFSET|0|LEG2ARREARINTERVAL|6m|LEG2NUMRATES|1|LEG2NUMRATESID|1|LEG2RATESTARTINGTIME||LEG2RATETERM|6m|LEG2RATEINDEXTYPE|FIXED|LEG2RATEFREQUENCY|ZERO|LEG2RATEDECOMPFREQ|ZERO|LEG2RATEBASIS|ACT/360|LEG2RATECURRENCY|FOREIGN|LEG2RATECOUPON|0|LEG2POWER|1|LEG2MULTIPLIER|0|LEG2SPREAD|0.02|LEG2COUPONDECOMP|1|LEG2ABSOLUTECAP|9.99|LEG2ABSOLUTEFLOOR|-9.99|LEG2PERIODICCAP|9.99|LEG2PERIODICFLOOR|9.99|LEG2PERIODICPAYTYPE|NORMAL|LEG2PREVIOUSCOUPON|0|LEG2PAYBASIS|ACT/360|LEG2PAYCURRENCY|FOREIGN|LEG2MANYFLOWS|0|LEG2PAYOFFTABLESIZE|0|LEG2DEFAULTENDDATE|0|LEG1AMORTFREQ|SEMI|LEG1AMORTSTARTDATE|38465|LEG1AMORTENDDATE|39561|LEG1AMORTTYPE|ORIGINAL|LEG1AMORTTABLEMETHOD|SINGLE|LEG1AMORTCLEANUP|-999.99|LEG1REFERENCERATE|-1.535|LEG1MAXPAYOUT|300|LEG1MINPAYOUT|0|LEG1MANYREFERENCERATES|0|LEG1AMORTRATESETFRACTION|1|LEG1AMORTRATEDAYSOFFSET|0|LEG1AMORTRATEARREARINTERVAL|-6m|LEG1NUMAMORTRATES|1|LEG1AMORTRATEID|1|LEG1AMORTRATESTARTINGTIME||LEG1AMORTRATETERM|0m|LEG1AMORTRATEINDEX|FXRATE|LEG1AMORTRATEFREQ|ZERO|LEG1AMORTRATEDECOMPFREQ|ZERO|LEG1AMORTRATEBASIS|ACT/360|LEG1AMORTRATECURRENCY|DOMESTIC/FOREIGN|LEG1AMORTRATECOUPON|0|LEG1AMORTRATEMULTIPLIER|-1|LEG1AMORTTABLESIZE|2|LEG2AMORTSTARTDATE|38283|LEG2AMORTENDDATE|39561|LEG2AMORTFREQ|SEMI|LEG2AMORTTYPE|NONE|LEG2AMORTTABLEMETHOD|SINGLE|LEG2AMORTCLEANUP|-999.99|LEG2REFERENCERATE|0|LEG2MAXPAYOUT|9.99|LEG2MINPAYOUT|-9.99|LEG2MANYREFERENCERATES|0|LEG2AMORTRATESETFRACTION|0|LEG2AMORTRATEDAYSOFFSET|0|LEG2AMORTRATEARREARINTERVAL|-6m|LEG2NUMAMORTRATES|1|LEG2AMORTRATEID|1|LEG2AMORTRATESTARTINGTIME||LEG2AMORTRATETERM|6m|LEG2AMORTRATEINDEX|LIBOR|LEG2AMORTRATEFREQ|ZERO|LEG2AMORTRATEDECOMPFREQ|ZERO|LEG2AMORTRATEBASIS|ACT/360|LEG2AMORTRATECURRENCY|DOMESTIC|LEG2AMORTRATECOUPON|0|LEG2AMORTRATEMULTIPLIER|-1|LEG2AMORTTABLESIZE|0|LEG1EXERCISESTARTDATE|38465|LEG1EXERCISEENDDATE|39561|LEG1EXERCISEINTERVAL|6m|LEG1EXERCISEPREMIUM|0|LEG1EXERCISEFRACTION|1|LEG1OPTIONPOSITION|LONG|LEG1OPTIONTYPE|CANCEL|LEG1NOTIFICATION|0d|LEG1MANYEXERCISE|0|LEG1TRIGGERTYPE|NONE|LEG1TRIGGERTERM|6m|LEG1TRIGGERRATEINDEXTYPE|LIBOR|LEG1TRIGGERRATECURRENCY|DOMESTIC|LEG1LOWERTRIGGER|-9.99|LEG1UPPERTRIGGER|9.99|LEG1TRIGGERWEDGE|0|LEG2EXERCISESTARTDATE|38465|LEG2EXERCISEENDDATE|39561|LEG2EXERCISEINTERVAL|6m|LEG2EXERCISEPREMIUM|0|LEG2EXERCISEFRACTION|1|LEG2OPTIONPOSITION|NONE|LEG2OPTIONTYPE|CANCEL|LEG2NOTIFICATION|10b|LEG2MANYEXERCISE|0|LEG2TRIGGERTYPE|NONE|LEG2TRIGGERTERM|6m|LEG2TRIGGERRATEINDEXTYPE|LIBOR|LEG2TRIGGERRATECURRENCY|DOMESTIC|LEG2LOWERTRIGGER|-9.99|LEG2UPPERTRIGGER|9.99|LEG2TRIGGERWEDGE|0|LEG1FLOWAMORTID|1|LEG1FLOWAMORTID|2|LEG1FLOWAMORTDATE|38648|LEG1FLOWAMORTDATE|38648|LEG1FLOWAMORTRATEGRID|-9.99|LEG1FLOWAMORTRATEGRID|9.99|LEG1FLOWAMORTVALUE|-1998|LEG1FLOWAMORTVALUE|1998|NUMBERSIMS|40000|BEGINDOMFORCORRELATION|0.8|BEGINDOMFXCORRELATION|-0.5|BEGINFORFXCORRELATION|0|FINALDOMFORCORRELATION|0.8|FINALDOMFXCORRELATION|-0.5|FINALFORFXCORRELATION|0|FIXINGSCHEDULE|&lt;EMPTY&gt;|BOOK_CPTY_CDRMNEMONIC|DTCH L  K82|PROFIT_CENTRE|FGO0|BOOKBRANCHPARENT|Global|HIGH_LEVEL_CPTY_CDRMNEMONIC|DEUBKM|HIGH_LEVEL_BOOK_CPTY_CDRM|DTCH L|BOOK_CPYT_SRC_SYSTEM|RMS|SUBBRANCH|LDN|CPTY_CDRMNEMONIC|DEUBKM|AMI_CODE|0840|BOOK_CPTY|IRAT|PUBLICATIONTIME|2010-09-24 15:56:56.168|DBLEGALENTITY|London|ISLIVEYN|Y</Text>
</Message>
