<?xml version="1.0" encoding="UTF-8"?>
<Message>
    <SystemInfo>
        <JMSDestination>Topic[exodus.pipe.demo]</JMSDestination>
        <JMSReplyTo/>
        <JMSDeliveryMode>2</JMSDeliveryMode>
        <JMSRedelivered>false</JMSRedelivered>
        <JMSCorrelationID>null</JMSCorrelationID>
        <JMSType>null</JMSType>
        <JMSTimestamp>1285343956641</JMSTimestamp>
        <JMSExpiration>0</JMSExpiration>
        <JMSPriority>4</JMSPriority>
    </SystemInfo>
    <ApplicationInfo>
        <SYSTEMID>217570066</SYSTEMID>
        <TRADEGROUP>INTERESTRATESWAP</TRADEGROUP>
        <VERSION>14</VERSION>
        <COUNTERPARTY>CHAMANBANLDN</COUNTERPARTY>
        <MESSAGE_TYPE>RMS_TRADE</MESSAGE_TYPE>
        <TRADETYPE>NonDeliverableCurrencySwap</TRADETYPE>
        <BOOK>MAMKRW1</BOOK>
        <ACTION>Fixed</ACTION>
        <STATUS>Open</STATUS>
    </ApplicationInfo>
    <Text>STRUCTUREID|126171343|PRODUCTID|211250435|SYSTEMID|217570066|TRADETYPE|NonDeliverableCurrencySwap|TRADEID|126171343A|SOURCESYSTEM|RMS|DEALCAPTURESYSTEM|RMS|BOOK|MAMKRW1|BLOTTER||COUNTERPARTY|CHAMANBANLDN|COUNTERPARTYSOURCESYSTEM|RMS|COUNTERPARTYNAME|JPMORGAN CHASE BANK N A|DBICOUNTERPARTYID||CUSTOMER|CHAMANBANLDN|CUSTOMERSOURCESYSTEM|RMS|STATUS|Open|PREMIUMCURRENCY||PREMIUMAMOUNT||PREMIUMDATE||PREMIUMHASPAIDYN||UNWINDRATE||UNWINDPREMIUMCURRENCY||UNWINDPREMIUMAMOUNT||UNWINDPREMIUMDATE||MARGINPAYMENTCURRENCY||MARGINPAYMENTAMOUNT||ASSETLOCATION||TRADEDATE|2009-08-25 00:00:00.000|LASTUPDATED|2010-08-25 15:10:02.000|ACTION|Fixed|ACTIONEFFECTIVEDATE|2010-08-25 00:00:00.000|SOURCESYSTEMBOOK|MAMKRW1|SOURCESYSTEMPROFITCENTRE||LEGALENTITY|London|BOOKINGLOCATION|London|SALESPERSON||TRADER||ENTEREDBY|HAOCLOC|FUNDSPLITID||FUNDSPLITVERSION||STRUCTURENAME||MARKUPAMT||MARKUPCCY||MARKUPLOCATION||ATRISKAMT||ATRISKCCY||ATRISKLOCATION||ATRISKINDICATOR||REASON||NOTES||BROKER||BROKERAMT||BROKERCCY||LINKSYSTEMID||LINKTYPE||SOURCESYSTEMID|217570066|DEALCAPTURESYSTEMID|217570066|DATECREATED|2009-08-25 15:44:16.000|CONFIRMAS||PRODUCTVERSION|1|PRODUCTLEGID||VERSION|14|LATESTVERSIONYN|N|CALCULATIONAGENT|DB|BACKOFFICEPROCESSING|Standard|BACKOFFICESYSTEM|Summit|BACKOFFICESYSTEMID|A4229864M|CANCELSSOURCESYSTEMID||CANCELLEDBYSOURCESYSTEMID||CANCELLINGHALFSOURCESYSTEMID||CORRECTSSOURCESYSTEMID||CORRECTEDBYSOURCESYSTEMID||CLOSESSOURCESYSTEMID||CLOSEDBYSOURCESYSTEMID||EXERCISEDINTOSOURCESYSTEMID||EXERCISEDFROMSOURCESYSTEMID||VERSIONVALIDUNTILDATE|2010-08-25 15:42:17.000|TRADEEXTRADETAILID|0|TRADEEXTRADETAILVERSION|0|TRADECLASSIFICATION|1|DEALCAPTURESALESUSER|RMS_KIMANDY|FUNDSPLITALLOCATIONID||FUNDSPLITALLOCATIONLEGID||TEARUPID||ACCCURRENCY||BACKOFFICEACCEPTED||BACKOFFICEENDDATE||BACKOFFICEEVENT||BACKOFFICEBRANCHACCEPTED||BACKOFFICEBRANCHEVENT||ELECTEDCONFIRMATIONSYSTEM|///|ELECTEDCONFIRMATIONRULEID|88|PREVIOUSCONFIRMATIONSYSTEM|///|ELECTEDSETTLEMENTSYSTEM|///|ELECTEDSETTLEMENTRULEID|88|PREVIOUSSETTLEMENTSYSTEM|///|TRADETABLE|INTERESTRATESWAP|PRODUCTTYPE||PRODUCTINSTANCE||USERENTEREDTRADEDATE||CLOSINGDATE||CREDITADJUSTEDNOTIONALSYN||EXPIRYDATE||CP||BUYSELL||PHYSICALLYDELIVERABLEYN||SETTLEMENTDATE||LEG1CURRENCY|USD|LEG1NOTIONAL|-10000000|LEG1INITIALNOTIONAL||LEG1FINALNOTIONAL||LEG1EFFECTIVEDATE|2009-08-27 00:00:00.000|LEG1ROLLDATE|2010-02-27 00:00:00.000|LEG1LASTROLLDATE||LEG1ENDDATE|2010-08-27 00:00:00.000|LEG1LASTFIXEDDATE|2010-02-24 00:00:00.000|LEG1DATECONVENTION|Mod Foll|LEG1BASIS|Act/360|LEG1MULTIPLIER|1|LEG1SPREAD|0|LEG1PAYMENTCITIES|SEO,NYC|LEG1FIXINGCITIES|LDN|LEG1FIXINGREFERENCE|LIBOR|LEG1INITIALEXCHANGEDYN||LEG1FINALEXCHANGEDYN||LEG1AVERAGINGSTYLE|NONE|LEG1LOOKFREQUENCY||LEG1RATETERM||LEG1ADJUSTEDDAYCOUNTYN|Y|LEG1FIXINARREARSYN|N|LEG1FIXINGDELAYOVERRIDE||LEG1OISDELAYOVERRIDE||LEG1SPECIALROLLTYPE|EOM_CAL|LEG1COMPOUNDINGTYPE|INCL_SPD|LEG1OISPAYMENTDELAYYN|N|LEG1NUMFLOWSHAVEPAID|1|LEG1CREDITADJUSTEDNOTIONALYN||LEG1FXFIXINGCITIES||LEG1FXFIXINGREFERENCE||LEG1RESETROLLDATE||LEG1EXCHANGECITIES||LEG1EXCHANGECONVENTION||LEG1DISCOUNTUSINGGOVERNMENTYN|N|LEG1ISIN||LEG1IGNOREHOLSINSUBSCHEDULEYN|N|LEG1LOOKDAY||LEG2CURRENCY|KRO|LEG2NOTIONAL|12476000000|LEG2INITIALNOTIONAL||LEG2FINALNOTIONAL||LEG2EFFECTIVEDATE|2009-08-27 00:00:00.000|LEG2ROLLDATE|2010-02-27 00:00:00.000|LEG2LASTROLLDATE||LEG2ENDDATE|2010-08-27 00:00:00.000|LEG2LASTFIXEDDATE|2010-08-25 00:00:00.000|LEG2DATECONVENTION|Mod Foll|LEG2BASIS|Act/365 Fixed|LEG2MULTIPLIER|0|LEG2SPREAD|0.0125|LEG2PAYMENTCITIES|SEO,NYC|LEG2FIXINGCITIES||LEG2FIXINGREFERENCE||LEG2INITIALEXCHANGEDYN||LEG2FINALEXCHANGEDYN||LEG2AVERAGINGSTYLE|NONE|LEG2LOOKFREQUENCY||LEG2RATETERM||LEG2ADJUSTEDDAYCOUNTYN|Y|LEG2FIXINARREARSYN|N|LEG2FIXINGDELAYOVERRIDE||LEG2OISDELAYOVERRIDE||LEG2SPECIALROLLTYPE|EOM_CAL|LEG2COMPOUNDINGTYPE|INCL_SPD|LEG2OISPAYMENTDELAYYN|N|LEG2NUMFLOWSHAVEPAID|1|LEG2CREDITADJUSTEDNOTIONALYN||LEG2FXFIXINGCITIES||LEG2FXFIXINGREFERENCE||LEG2RESETROLLDATE||LEG2EXCHANGECITIES||LEG2EXCHANGECONVENTION||LEG2DISCOUNTUSINGGOVERNMENTYN|N|LEG2ISIN||LEG2IGNOREHOLSINSUBSCHEDULEYN|N|LEG2LOOKDAY||CURRENCY||PAYCURRENCY||FXFIXINGREFERENCE|KFTC18|FIXEDHAVEPAID||FLOATINGHAVESET||FLOATINGHAVEPAID||BARRIERUNDERCURRENCY||BARRIERACCCURRENCY||FORWARDSETTINGSTYLE||FORWARDSETTINGDATE||FINALEXCHANGESTRIKE||MODELTYPE||SUMMITNAME|DB_LN_ASFXMN|SUMMITCPBOOK||GROUPID||GROUPREASON||LEG1AVERAGING||LEG2AVERAGING||LEG1COMPMETHOD||LEG2COMPMETHOD||LEG1EOM||LEG2EOM||LEG1ROLLDOW|SAT|LEG1ROLLDOM|27|LEG2ROLLDOW|SAT|LEG2ROLLDOM|27|LEG1BROKERRATE||LEG2BROKERRATE|0|LEG1FREQUENCY|6M|LEG2FREQUENCY|6M|LEG1OFFSET||LEG2OFFSET||LEG1PAYMENTOFFSET|0|LEG2PAYMENTOFFSET|0|LEG1CUTOFFDAYS||LEG2CUTOFFDAYS||SETTLEMENTSYSTEM||PRODUCTTYPEID|////|FLOWPAYMENTDATE|2010-02-26 00:00:00.000|FLOWEDITEDYN|N|LEG1FLOWID|1|LEG1FLOWDATESEDITEDYN||LEG1FLOWPAYMENTDATE|2010-02-26 00:00:00.000|LEG1FLOWNOTIONAL|-10000000|LEG1FLOWMULTIPLIER|1|LEG1FLOWSPREAD|0|LEG1FLOWEXTRAPAYMENT|0|LEG1FLOWAVERAGINGSTYLE||LEG1FLOWLOOKFREQUENCY||LEG1FLOWRATETERM||LEG1FLOWFXFIXING||LEG1FLOWFIXING|0.00785|LEG1FLOWDAYCOUNT|0.508333333333|LEG1FLOWACCRUALSTARTDATE|2009-08-27 00:00:00.000|LEG1FLOWACCRUALENDDATE|2010-02-26 00:00:00.000|LEG1FLOWFXFIXINGDATE||LEG1FLOWFIXINGDATE|2009-08-25 00:00:00.000|LEG1FLOWSTUBTENORDATE1||LEG1FLOWSTUBTENORDATE2||LEG1FLOWTYPE||LEG2FLOWID||LEG2FLOWDATESEDITEDYN||LEG2FLOWPAYMENTDATE||LEG2FLOWNOTIONAL||LEG2FLOWMULTIPLIER||LEG2FLOWSPREAD||LEG2FLOWEXTRAPAYMENT||LEG2FLOWAVERAGINGSTYLE||LEG2FLOWLOOKFREQUENCY||LEG2FLOWRATETERM||LEG2FLOWFXFIXING||LEG2FLOWFIXING||LEG2FLOWDAYCOUNT||LEG2FLOWACCRUALSTARTDATE||LEG2FLOWACCRUALENDDATE||LEG2FLOWFXFIXINGDATE||LEG2FLOWFIXINGDATE||LEG2FLOWSTUBTENORDATE1||LEG2FLOWSTUBTENORDATE2||LEG2FLOWTYPE||BARRIERDATE||UPBARRIER||LOWBARRIER||FIXEDDATE||FIXEDAMOUNT||FLOATINGDATE||FLOATINGSETDATE||FLOATINGSET||FLOATINGAMOUNT||LEG1FLOWSTUBYN|N|LEG2FLOWSTUBYN||LEG1FLOWSTUBTENOR1||LEG1FLOWSTUBTENOR2||LEG2FLOWSTUBTENOR1||LEG2FLOWSTUBTENOR2||LEG1DAYCOUNT||LEG2DAYCOUNT||LEG1FLOWEDITEDYN|N|LEG2FLOWEDITEDYN||FLOWPAYMENTDATE|2010-02-26 00:00:00.000|FLOWEDITEDYN|N|LEG1FLOWID||LEG1FLOWDATESEDITEDYN||LEG1FLOWPAYMENTDATE||LEG1FLOWNOTIONAL||LEG1FLOWMULTIPLIER||LEG1FLOWSPREAD||LEG1FLOWEXTRAPAYMENT||LEG1FLOWAVERAGINGSTYLE||LEG1FLOWLOOKFREQUENCY||LEG1FLOWRATETERM||LEG1FLOWFXFIXING||LEG1FLOWFIXING||LEG1FLOWDAYCOUNT||LEG1FLOWACCRUALSTARTDATE||LEG1FLOWACCRUALENDDATE||LEG1FLOWFXFIXINGDATE||LEG1FLOWFIXINGDATE||LEG1FLOWSTUBTENORDATE1||LEG1FLOWSTUBTENORDATE2||LEG1FLOWTYPE||LEG2FLOWID|1|LEG2FLOWDATESEDITEDYN||LEG2FLOWPAYMENTDATE|2010-02-26 00:00:00.000|LEG2FLOWNOTIONAL|12476000000|LEG2FLOWMULTIPLIER|0|LEG2FLOWSPREAD|0.0125|LEG2FLOWEXTRAPAYMENT|0|LEG2FLOWAVERAGINGSTYLE||LEG2FLOWLOOKFREQUENCY||LEG2FLOWRATETERM||LEG2FLOWFXFIXING|0.0008649770781|LEG2FLOWFIXING||LEG2FLOWDAYCOUNT|0.501369863014|LEG2FLOWACCRUALSTARTDATE|2009-08-27 00:00:00.000|LEG2FLOWACCRUALENDDATE|2010-02-26 00:00:00.000|LEG2FLOWFXFIXINGDATE|2010-02-24 00:00:00.000|LEG2FLOWFIXINGDATE|2009-08-26 00:00:00.000|LEG2FLOWSTUBTENORDATE1||LEG2FLOWSTUBTENORDATE2||LEG2FLOWTYPE||BARRIERDATE||UPBARRIER||LOWBARRIER||FIXEDDATE||FIXEDAMOUNT||FLOATINGDATE||FLOATINGSETDATE||FLOATINGSET||FLOATINGAMOUNT||LEG1FLOWSTUBYN||LEG2FLOWSTUBYN|N|LEG1FLOWSTUBTENOR1||LEG1FLOWSTUBTENOR2||LEG2FLOWSTUBTENOR1||LEG2FLOWSTUBTENOR2||LEG1DAYCOUNT||LEG2DAYCOUNT||LEG1FLOWEDITEDYN||LEG2FLOWEDITEDYN|N|FLOWPAYMENTDATE|2010-08-27 00:00:00.000|FLOWEDITEDYN|Y|LEG1FLOWID|2|LEG1FLOWDATESEDITEDYN||LEG1FLOWPAYMENTDATE|2010-08-27 00:00:00.000|LEG1FLOWNOTIONAL|-10000000|LEG1FLOWMULTIPLIER|1|LEG1FLOWSPREAD|0|LEG1FLOWEXTRAPAYMENT|-10000000|LEG1FLOWAVERAGINGSTYLE||LEG1FLOWLOOKFREQUENCY||LEG1FLOWRATETERM||LEG1FLOWFXFIXING||LEG1FLOWFIXING|0.0039125|LEG1FLOWDAYCOUNT|0.505555555556|LEG1FLOWACCRUALSTARTDATE|2010-02-26 00:00:00.000|LEG1FLOWACCRUALENDDATE|2010-08-27 00:00:00.000|LEG1FLOWFXFIXINGDATE||LEG1FLOWFIXINGDATE|2010-02-24 00:00:00.000|LEG1FLOWSTUBTENORDATE1||LEG1FLOWSTUBTENORDATE2||LEG1FLOWTYPE||LEG2FLOWID||LEG2FLOWDATESEDITEDYN||LEG2FLOWPAYMENTDATE||LEG2FLOWNOTIONAL||LEG2FLOWMULTIPLIER||LEG2FLOWSPREAD||LEG2FLOWEXTRAPAYMENT||LEG2FLOWAVERAGINGSTYLE||LEG2FLOWLOOKFREQUENCY||LEG2FLOWRATETERM||LEG2FLOWFXFIXING||LEG2FLOWFIXING||LEG2FLOWDAYCOUNT||LEG2FLOWACCRUALSTARTDATE||LEG2FLOWACCRUALENDDATE||LEG2FLOWFXFIXINGDATE||LEG2FLOWFIXINGDATE||LEG2FLOWSTUBTENORDATE1||LEG2FLOWSTUBTENORDATE2||LEG2FLOWTYPE||BARRIERDATE||UPBARRIER||LOWBARRIER||FIXEDDATE||FIXEDAMOUNT||FLOATINGDATE||FLOATINGSETDATE||FLOATINGSET||FLOATINGAMOUNT||LEG1FLOWSTUBYN|N|LEG2FLOWSTUBYN||LEG1FLOWSTUBTENOR1||LEG1FLOWSTUBTENOR2||LEG2FLOWSTUBTENOR1||LEG2FLOWSTUBTENOR2||LEG1DAYCOUNT||LEG2DAYCOUNT||LEG1FLOWEDITEDYN|Y|LEG2FLOWEDITEDYN||FLOWPAYMENTDATE|2010-08-27 00:00:00.000|FLOWEDITEDYN|Y|LEG1FLOWID||LEG1FLOWDATESEDITEDYN||LEG1FLOWPAYMENTDATE||LEG1FLOWNOTIONAL||LEG1FLOWMULTIPLIER||LEG1FLOWSPREAD||LEG1FLOWEXTRAPAYMENT||LEG1FLOWAVERAGINGSTYLE||LEG1FLOWLOOKFREQUENCY||LEG1FLOWRATETERM||LEG1FLOWFXFIXING||LEG1FLOWFIXING||LEG1FLOWDAYCOUNT||LEG1FLOWACCRUALSTARTDATE||LEG1FLOWACCRUALENDDATE||LEG1FLOWFXFIXINGDATE||LEG1FLOWFIXINGDATE||LEG1FLOWSTUBTENORDATE1||LEG1FLOWSTUBTENORDATE2||LEG1FLOWTYPE||LEG2FLOWID|2|LEG2FLOWDATESEDITEDYN||LEG2FLOWPAYMENTDATE|2010-08-27 00:00:00.000|LEG2FLOWNOTIONAL|12476000000|LEG2FLOWMULTIPLIER|0|LEG2FLOWSPREAD|0.0125|LEG2FLOWEXTRAPAYMENT|12476000000|LEG2FLOWAVERAGINGSTYLE||LEG2FLOWLOOKFREQUENCY||LEG2FLOWRATETERM||LEG2FLOWFXFIXING|0.00083654007026|LEG2FLOWFIXING||LEG2FLOWDAYCOUNT|0.498630136986|LEG2FLOWACCRUALSTARTDATE|2010-02-26 00:00:00.000|LEG2FLOWACCRUALENDDATE|2010-08-27 00:00:00.000|LEG2FLOWFXFIXINGDATE|2010-08-25 00:00:00.000|LEG2FLOWFIXINGDATE|2010-02-25 00:00:00.000|LEG2FLOWSTUBTENORDATE1||LEG2FLOWSTUBTENORDATE2||LEG2FLOWTYPE||BARRIERDATE||UPBARRIER||LOWBARRIER||FIXEDDATE||FIXEDAMOUNT||FLOATINGDATE||FLOATINGSETDATE||FLOATINGSET||FLOATINGAMOUNT||LEG1FLOWSTUBYN||LEG2FLOWSTUBYN|N|LEG1FLOWSTUBTENOR1||LEG1FLOWSTUBTENOR2||LEG2FLOWSTUBTENOR1||LEG2FLOWSTUBTENOR2||LEG1DAYCOUNT||LEG2DAYCOUNT||LEG1FLOWEDITEDYN||LEG2FLOWEDITEDYN|Y|BOOK_CPTY_CDRMNEMONIC|DTCH L  U85|PROFIT_CENTRE|SNG0|BOOKBRANCHPARENT|Management|HIGH_LEVEL_CPTY_CDRMNEMONIC|CHASEL|HIGH_LEVEL_BOOK_CPTY_CDRM|DTCH L|BOOK_CPYT_SRC_SYSTEM|RMS|SUBBRANCH|SNG|CPTY_CDRMNEMONIC|CHASEL|AMI_CODE|0840|BOOK_CPTY|MAMKRW1|PUBLICATIONTIME|2010-09-24 15:59:16.638|DBLEGALENTITY|London|ISLIVEYN|Y</Text>
</Message>
