<?xml version="1.0" encoding="UTF-8"?>
<Message>
    <SystemInfo>
        <JMSDestination>Topic[exodus.pipe.demo]</JMSDestination>
        <JMSReplyTo/>
        <JMSDeliveryMode>2</JMSDeliveryMode>
        <JMSRedelivered>false</JMSRedelivered>
        <JMSCorrelationID>null</JMSCorrelationID>
        <JMSType>null</JMSType>
        <JMSTimestamp>1285343891716</JMSTimestamp>
        <JMSExpiration>0</JMSExpiration>
        <JMSPriority>4</JMSPriority>
    </SystemInfo>
    <ApplicationInfo>
        <SYSTEMID>178438479</SYSTEMID>
        <TRADEGROUP>INTERESTRATESWAP</TRADEGROUP>
        <VERSION>33</VERSION>
        <COUNTERPARTY>SPFAJOTH</COUNTERPARTY>
        <MESSAGE_TYPE>RMS_TRADE</MESSAGE_TYPE>
        <TRADETYPE>NonDeliverableIRSwap</TRADETYPE>
        <BOOK>NDMYR</BOOK>
        <ACTION>Fixed</ACTION>
        <STATUS>Open</STATUS>
    </ApplicationInfo>
    <Text>STRUCTUREID|102603488|PRODUCTID|172857704|SYSTEMID|178438479|TRADETYPE|NonDeliverableIRSwap|TRADEID|102603488B|SOURCESYSTEM|RMS|DEALCAPTURESYSTEM|RMS|BOOK|NDMYR|BLOTTER||COUNTERPARTY|SPFAJOTH|COUNTERPARTYSOURCESYSTEM|RMS|COUNTERPARTYNAME|DEUTSCHE BANK AG AC BOOK SPFAJOTH|DBICOUNTERPARTYID||CUSTOMER|SPFAJOTH|CUSTOMERSOURCESYSTEM|RMS|STATUS|Open|PREMIUMCURRENCY||PREMIUMAMOUNT||PREMIUMDATE||PREMIUMHASPAIDYN||UNWINDRATE||UNWINDPREMIUMCURRENCY||UNWINDPREMIUMAMOUNT||UNWINDPREMIUMDATE||MARGINPAYMENTCURRENCY||MARGINPAYMENTAMOUNT||ASSETLOCATION||TRADEDATE|2008-12-10 00:00:00.000|LASTUPDATED|2010-09-13 11:17:42.000|ACTION|Fixed|ACTIONEFFECTIVEDATE|2010-09-13 00:00:00.000|SOURCESYSTEMBOOK|NDMYR|SOURCESYSTEMPROFITCENTRE||LEGALENTITY|London|BOOKINGLOCATION|London|SALESPERSON||TRADER||ENTEREDBY|LIMYOUY|FUNDSPLITID||FUNDSPLITVERSION||STRUCTURENAME||MARKUPAMT||MARKUPCCY||MARKUPLOCATION||ATRISKAMT||ATRISKCCY||ATRISKLOCATION||ATRISKINDICATOR||REASON||NOTES|BOOK MOVE by BAAT|BROKER||BROKERAMT||BROKERCCY||LINKSYSTEMID|178438480|LINKTYPE|BackToBackMaster|SOURCESYSTEMID|178438479|DEALCAPTURESYSTEMID|178438479|DATECREATED|2008-12-10 16:59:43.000|CONFIRMAS||PRODUCTVERSION|1|PRODUCTLEGID||VERSION|33|LATESTVERSIONYN|Y|CALCULATIONAGENT|DB|BACKOFFICEPROCESSING|Standard|BACKOFFICESYSTEM|Summit|BACKOFFICESYSTEMID|A4199166M|CANCELSSOURCESYSTEMID||CANCELLEDBYSOURCESYSTEMID||CANCELLINGHALFSOURCESYSTEMID||CORRECTSSOURCESYSTEMID||CORRECTEDBYSOURCESYSTEMID||CLOSESSOURCESYSTEMID||CLOSEDBYSOURCESYSTEMID||EXERCISEDINTOSOURCESYSTEMID||EXERCISEDFROMSOURCESYSTEMID||VERSIONVALIDUNTILDATE||TRADEEXTRADETAILID|0|TRADEEXTRADETAILVERSION|0|TRADECLASSIFICATION|1|DEALCAPTURESALESUSER|RMS_PHANVEE|FUNDSPLITALLOCATIONID||FUNDSPLITALLOCATIONLEGID||TEARUPID||ACCCURRENCY||BACKOFFICEACCEPTED||BACKOFFICEENDDATE||BACKOFFICEEVENT||BACKOFFICEBRANCHACCEPTED||BACKOFFICEBRANCHEVENT||ELECTEDCONFIRMATIONSYSTEM|///|ELECTEDCONFIRMATIONRULEID|88|PREVIOUSCONFIRMATIONSYSTEM|///|ELECTEDSETTLEMENTSYSTEM|///|ELECTEDSETTLEMENTRULEID|88|PREVIOUSSETTLEMENTSYSTEM|///|TRADETABLE|INTERESTRATESWAP|PRODUCTTYPE||PRODUCTINSTANCE||USERENTEREDTRADEDATE||CLOSINGDATE||CREDITADJUSTEDNOTIONALSYN||EXPIRYDATE||CP||BUYSELL||PHYSICALLYDELIVERABLEYN||SETTLEMENTDATE||LEG1CURRENCY|MYR|LEG1NOTIONAL|-100000000|LEG1INITIALNOTIONAL||LEG1FINALNOTIONAL||LEG1EFFECTIVEDATE|2008-12-10 00:00:00.000|LEG1ROLLDATE|2009-03-10 00:00:00.000|LEG1LASTROLLDATE||LEG1ENDDATE|2010-12-10 00:00:00.000|LEG1LASTFIXEDDATE|2010-09-08 00:00:00.000|LEG1DATECONVENTION|Mod Foll|LEG1BASIS|Act/365 Fixed|LEG1MULTIPLIER|0|LEG1SPREAD|0.0291|LEG1PAYMENTCITIES|NYC,KUL|LEG1FIXINGCITIES||LEG1FIXINGREFERENCE||LEG1INITIALEXCHANGEDYN||LEG1FINALEXCHANGEDYN||LEG1AVERAGINGSTYLE|NONE|LEG1LOOKFREQUENCY||LEG1RATETERM||LEG1ADJUSTEDDAYCOUNTYN|Y|LEG1FIXINARREARSYN|N|LEG1FIXINGDELAYOVERRIDE||LEG1OISDELAYOVERRIDE||LEG1SPECIALROLLTYPE|EOM_CAL|LEG1COMPOUNDINGTYPE|INCL_SPD|LEG1OISPAYMENTDELAYYN|N|LEG1NUMFLOWSHAVEPAID|7|LEG1CREDITADJUSTEDNOTIONALYN||LEG1FXFIXINGCITIES||LEG1FXFIXINGREFERENCE||LEG1RESETROLLDATE||LEG1EXCHANGECITIES||LEG1EXCHANGECONVENTION||LEG1DISCOUNTUSINGGOVERNMENTYN||LEG1ISIN||LEG1IGNOREHOLSINSUBSCHEDULEYN|N|LEG1LOOKDAY||LEG2CURRENCY|MYR|LEG2NOTIONAL|100000000|LEG2INITIALNOTIONAL||LEG2FINALNOTIONAL||LEG2EFFECTIVEDATE|2008-12-10 00:00:00.000|LEG2ROLLDATE|2009-03-10 00:00:00.000|LEG2LASTROLLDATE||LEG2ENDDATE|2010-12-10 00:00:00.000|LEG2LASTFIXEDDATE|2010-09-13 00:00:00.000|LEG2DATECONVENTION|Mod Foll|LEG2BASIS|Act/365 Fixed|LEG2MULTIPLIER|1|LEG2SPREAD|0|LEG2PAYMENTCITIES|NYC,KUL|LEG2FIXINGCITIES|KUL|LEG2FIXINGREFERENCE|KLIBOR|LEG2INITIALEXCHANGEDYN||LEG2FINALEXCHANGEDYN||LEG2AVERAGINGSTYLE|NONE|LEG2LOOKFREQUENCY||LEG2RATETERM||LEG2ADJUSTEDDAYCOUNTYN|Y|LEG2FIXINARREARSYN|N|LEG2FIXINGDELAYOVERRIDE||LEG2OISDELAYOVERRIDE||LEG2SPECIALROLLTYPE|EOM_CAL|LEG2COMPOUNDINGTYPE|INCL_SPD|LEG2OISPAYMENTDELAYYN|N|LEG2NUMFLOWSHAVEPAID|7|LEG2CREDITADJUSTEDNOTIONALYN||LEG2FXFIXINGCITIES||LEG2FXFIXINGREFERENCE||LEG2RESETROLLDATE||LEG2EXCHANGECITIES||LEG2EXCHANGECONVENTION||LEG2DISCOUNTUSINGGOVERNMENTYN||LEG2ISIN||LEG2IGNOREHOLSINSUBSCHEDULEYN|N|LEG2LOOKDAY||CURRENCY|MYR|PAYCURRENCY|USD|FXFIXINGREFERENCE|ABSIRFIX01|FIXEDHAVEPAID||FLOATINGHAVESET||FLOATINGHAVEPAID||BARRIERUNDERCURRENCY||BARRIERACCCURRENCY||FORWARDSETTINGSTYLE||FORWARDSETTINGDATE||FINALEXCHANGESTRIKE||MODELTYPE||SUMMITNAME|DB_LN_ASFXMN|SUMMITCPBOOK|DB_LN_SNFXFW|GROUPID||GROUPREASON||LEG1AVERAGING||LEG2AVERAGING||LEG1COMPMETHOD||LEG2COMPMETHOD||LEG1EOM||LEG2EOM||LEG1ROLLDOW|TUE|LEG1ROLLDOM|10|LEG2ROLLDOW|TUE|LEG2ROLLDOM|10|LEG1BROKERRATE||LEG2BROKERRATE|0|LEG1FREQUENCY|3M|LEG2FREQUENCY|3M|LEG1OFFSET||LEG2OFFSET||LEG1PAYMENTOFFSET|0|LEG2PAYMENTOFFSET|0|LEG1CUTOFFDAYS||LEG2CUTOFFDAYS||SETTLEMENTSYSTEM||PRODUCTTYPEID|////|FLOWPAYMENTDATE|2009-03-10 00:00:00.000|FLOWEDITEDYN|N|LEG1FLOWID|1|LEG1FLOWDATESEDITEDYN||LEG1FLOWPAYMENTDATE|2009-03-10 00:00:00.000|LEG1FLOWNOTIONAL|-100000000|LEG1FLOWMULTIPLIER|0|LEG1FLOWSPREAD|0.0291|LEG1FLOWEXTRAPAYMENT|0|LEG1FLOWAVERAGINGSTYLE||LEG1FLOWLOOKFREQUENCY||LEG1FLOWRATETERM||LEG1FLOWFXFIXING|0.268831657616|LEG1FLOWFIXING||LEG1FLOWDAYCOUNT|0.246575342466|LEG1FLOWACCRUALSTARTDATE|2008-12-10 00:00:00.000|LEG1FLOWACCRUALENDDATE|2009-03-10 00:00:00.000|LEG1FLOWFXFIXINGDATE|2009-03-05 00:00:00.000|LEG1FLOWFIXINGDATE|2008-12-10 00:00:00.000|LEG1FLOWSTUBTENORDATE1||LEG1FLOWSTUBTENORDATE2||LEG1FLOWTYPE||LEG2FLOWID||LEG2FLOWDATESEDITEDYN||LEG2FLOWPAYMENTDATE||LEG2FLOWNOTIONAL||LEG2FLOWMULTIPLIER||LEG2FLOWSPREAD||LEG2FLOWEXTRAPAYMENT||LEG2FLOWAVERAGINGSTYLE||LEG2FLOWLOOKFREQUENCY||LEG2FLOWRATETERM||LEG2FLOWFXFIXING||LEG2FLOWFIXING||LEG2FLOWDAYCOUNT||LEG2FLOWACCRUALSTARTDATE||LEG2FLOWACCRUALENDDATE||LEG2FLOWFXFIXINGDATE||LEG2FLOWFIXINGDATE||LEG2FLOWSTUBTENORDATE1||LEG2FLOWSTUBTENORDATE2||LEG2FLOWTYPE||BARRIERDATE||UPBARRIER||LOWBARRIER||FIXEDDATE||FIXEDAMOUNT||FLOATINGDATE||FLOATINGSETDATE||FLOATINGSET||FLOATINGAMOUNT||LEG1FLOWSTUBYN|N|LEG2FLOWSTUBYN||LEG1FLOWSTUBTENOR1||LEG1FLOWSTUBTENOR2||LEG2FLOWSTUBTENOR1||LEG2FLOWSTUBTENOR2||LEG1DAYCOUNT||LEG2DAYCOUNT||LEG1FLOWEDITEDYN|N|LEG2FLOWEDITEDYN||FLOWPAYMENTDATE|2009-03-10 00:00:00.000|FLOWEDITEDYN|N|LEG1FLOWID||LEG1FLOWDATESEDITEDYN||LEG1FLOWPAYMENTDATE||LEG1FLOWNOTIONAL||LEG1FLOWMULTIPLIER||LEG1FLOWSPREAD||LEG1FLOWEXTRAPAYMENT||LEG1FLOWAVERAGINGSTYLE||LEG1FLOWLOOKFREQUENCY||LEG1FLOWRATETERM||LEG1FLOWFXFIXING||LEG1FLOWFIXING||LEG1FLOWDAYCOUNT||LEG1FLOWACCRUALSTARTDATE||LEG1FLOWACCRUALENDDATE||LEG1FLOWFXFIXINGDATE||LEG1FLOWFIXINGDATE||LEG1FLOWSTUBTENORDATE1||LEG1FLOWSTUBTENORDATE2||LEG1FLOWTYPE||LEG2FLOWID|1|LEG2FLOWDATESEDITEDYN||LEG2FLOWPAYMENTDATE|2009-03-10 00:00:00.000|LEG2FLOWNOTIONAL|100000000|LEG2FLOWMULTIPLIER|1|LEG2FLOWSPREAD|0|LEG2FLOWEXTRAPAYMENT|0|LEG2FLOWAVERAGINGSTYLE||LEG2FLOWLOOKFREQUENCY||LEG2FLOWRATETERM||LEG2FLOWFXFIXING|0.268831657616|LEG2FLOWFIXING|0.0338|LEG2FLOWDAYCOUNT|0.246575342466|LEG2FLOWACCRUALSTARTDATE|2008-12-10 00:00:00.000|LEG2FLOWACCRUALENDDATE|2009-03-10 00:00:00.000|LEG2FLOWFXFIXINGDATE|2009-03-05 00:00:00.000|LEG2FLOWFIXINGDATE|2008-12-10 00:00:00.000|LEG2FLOWSTUBTENORDATE1||LEG2FLOWSTUBTENORDATE2||LEG2FLOWTYPE||BARRIERDATE||UPBARRIER||LOWBARRIER||FIXEDDATE||FIXEDAMOUNT||FLOATINGDATE||FLOATINGSETDATE||FLOATINGSET||FLOATINGAMOUNT||LEG1FLOWSTUBYN||LEG2FLOWSTUBYN|N|LEG1FLOWSTUBTENOR1||LEG1FLOWSTUBTENOR2||LEG2FLOWSTUBTENOR1||LEG2FLOWSTUBTENOR2||LEG1DAYCOUNT||LEG2DAYCOUNT||LEG1FLOWEDITEDYN||LEG2FLOWEDITEDYN|N|FLOWPAYMENTDATE|2009-06-10 00:00:00.000|FLOWEDITEDYN|N|LEG1FLOWID|2|LEG1FLOWDATESEDITEDYN||LEG1FLOWPAYMENTDATE|2009-06-10 00:00:00.000|LEG1FLOWNOTIONAL|-100000000|LEG1FLOWMULTIPLIER|0|LEG1FLOWSPREAD|0.0291|LEG1FLOWEXTRAPAYMENT|0|LEG1FLOWAVERAGINGSTYLE||LEG1FLOWLOOKFREQUENCY||LEG1FLOWRATETERM||LEG1FLOWFXFIXING|0.2845354958031|LEG1FLOWFIXING||LEG1FLOWDAYCOUNT|0.252054794521|LEG1FLOWACCRUALSTARTDATE|2009-03-10 00:00:00.000|LEG1FLOWACCRUALENDDATE|2009-06-10 00:00:00.000|LEG1FLOWFXFIXINGDATE|2009-06-08 00:00:00.000|LEG1FLOWFIXINGDATE|2009-03-10 00:00:00.000|LEG1FLOWSTUBTENORDATE1||LEG1FLOWSTUBTENORDATE2||LEG1FLOWTYPE||LEG2FLOWID||LEG2FLOWDATESEDITEDYN||LEG2FLOWPAYMENTDATE||LEG2FLOWNOTIONAL||LEG2FLOWMULTIPLIER||LEG2FLOWSPREAD||LEG2FLOWEXTRAPAYMENT||LEG2FLOWAVERAGINGSTYLE||LEG2FLOWLOOKFREQUENCY||LEG2FLOWRATETERM||LEG2FLOWFXFIXING||LEG2FLOWFIXING||LEG2FLOWDAYCOUNT||LEG2FLOWACCRUALSTARTDATE||LEG2FLOWACCRUALENDDATE||LEG2FLOWFXFIXINGDATE||LEG2FLOWFIXINGDATE||LEG2FLOWSTUBTENORDATE1||LEG2FLOWSTUBTENORDATE2||LEG2FLOWTYPE||BARRIERDATE||UPBARRIER||LOWBARRIER||FIXEDDATE||FIXEDAMOUNT||FLOATINGDATE||FLOATINGSETDATE||FLOATINGSET||FLOATINGAMOUNT||LEG1FLOWSTUBYN|N|LEG2FLOWSTUBYN||LEG1FLOWSTUBTENOR1||LEG1FLOWSTUBTENOR2||LEG2FLOWSTUBTENOR1||LEG2FLOWSTUBTENOR2||LEG1DAYCOUNT||LEG2DAYCOUNT||LEG1FLOWEDITEDYN|N|LEG2FLOWEDITEDYN||FLOWPAYMENTDATE|2009-06-10 00:00:00.000|FLOWEDITEDYN|N|LEG1FLOWID||LEG1FLOWDATESEDITEDYN||LEG1FLOWPAYMENTDATE||LEG1FLOWNOTIONAL||LEG1FLOWMULTIPLIER||LEG1FLOWSPREAD||LEG1FLOWEXTRAPAYMENT||LEG1FLOWAVERAGINGSTYLE||LEG1FLOWLOOKFREQUENCY||LEG1FLOWRATETERM||LEG1FLOWFXFIXING||LEG1FLOWFIXING||LEG1FLOWDAYCOUNT||LEG1FLOWACCRUALSTARTDATE||LEG1FLOWACCRUALENDDATE||LEG1FLOWFXFIXINGDATE||LEG1FLOWFIXINGDATE||LEG1FLOWSTUBTENORDATE1||LEG1FLOWSTUBTENORDATE2||LEG1FLOWTYPE||LEG2FLOWID|2|LEG2FLOWDATESEDITEDYN||LEG2FLOWPAYMENTDATE|2009-06-10 00:00:00.000|LEG2FLOWNOTIONAL|100000000|LEG2FLOWMULTIPLIER|1|LEG2FLOWSPREAD|0|LEG2FLOWEXTRAPAYMENT|0|LEG2FLOWAVERAGINGSTYLE||LEG2FLOWLOOKFREQUENCY||LEG2FLOWRATETERM||LEG2FLOWFXFIXING|0.2845354958031|LEG2FLOWFIXING|0.0212|LEG2FLOWDAYCOUNT|0.252054794521|LEG2FLOWACCRUALSTARTDATE|2009-03-10 00:00:00.000|LEG2FLOWACCRUALENDDATE|2009-06-10 00:00:00.000|LEG2FLOWFXFIXINGDATE|2009-06-08 00:00:00.000|LEG2FLOWFIXINGDATE|2009-03-10 00:00:00.000|LEG2FLOWSTUBTENORDATE1||LEG2FLOWSTUBTENORDATE2||LEG2FLOWTYPE||BARRIERDATE||UPBARRIER||LOWBARRIER||FIXEDDATE||FIXEDAMOUNT||FLOATINGDATE||FLOATINGSETDATE||FLOATINGSET||FLOATINGAMOUNT||LEG1FLOWSTUBYN||LEG2FLOWSTUBYN|N|LEG1FLOWSTUBTENOR1||LEG1FLOWSTUBTENOR2||LEG2FLOWSTUBTENOR1||LEG2FLOWSTUBTENOR2||LEG1DAYCOUNT||LEG2DAYCOUNT||LEG1FLOWEDITEDYN||LEG2FLOWEDITEDYN|N|FLOWPAYMENTDATE|2009-09-10 00:00:00.000|FLOWEDITEDYN|N|LEG1FLOWID|3|LEG1FLOWDATESEDITEDYN||LEG1FLOWPAYMENTDATE|2009-09-10 00:00:00.000|LEG1FLOWNOTIONAL|-100000000|LEG1FLOWMULTIPLIER|0|LEG1FLOWSPREAD|0.0291|LEG1FLOWEXTRAPAYMENT|0|LEG1FLOWAVERAGINGSTYLE||LEG1FLOWLOOKFREQUENCY||LEG1FLOWRATETERM||LEG1FLOWFXFIXING|0.2848678213309|LEG1FLOWFIXING||LEG1FLOWDAYCOUNT|0.252054794521|LEG1FLOWACCRUALSTARTDATE|2009-06-10 00:00:00.000|LEG1FLOWACCRUALENDDATE|2009-09-10 00:00:00.000|LEG1FLOWFXFIXINGDATE|2009-09-08 00:00:00.000|LEG1FLOWFIXINGDATE|2009-06-10 00:00:00.000|LEG1FLOWSTUBTENORDATE1||LEG1FLOWSTUBTENORDATE2||LEG1FLOWTYPE||LEG2FLOWID||LEG2FLOWDATESEDITEDYN||LEG2FLOWPAYMENTDATE||LEG2FLOWNOTIONAL||LEG2FLOWMULTIPLIER||LEG2FLOWSPREAD||LEG2FLOWEXTRAPAYMENT||LEG2FLOWAVERAGINGSTYLE||LEG2FLOWLOOKFREQUENCY||LEG2FLOWRATETERM||LEG2FLOWFXFIXING||LEG2FLOWFIXING||LEG2FLOWDAYCOUNT||LEG2FLOWACCRUALSTARTDATE||LEG2FLOWACCRUALENDDATE||LEG2FLOWFXFIXINGDATE||LEG2FLOWFIXINGDATE||LEG2FLOWSTUBTENORDATE1||LEG2FLOWSTUBTENORDATE2||LEG2FLOWTYPE||BARRIERDATE||UPBARRIER||LOWBARRIER||FIXEDDATE||FIXEDAMOUNT||FLOATINGDATE||FLOATINGSETDATE||FLOATINGSET||FLOATINGAMOUNT||LEG1FLOWSTUBYN|N|LEG2FLOWSTUBYN||LEG1FLOWSTUBTENOR1||LEG1FLOWSTUBTENOR2||LEG2FLOWSTUBTENOR1||LEG2FLOWSTUBTENOR2||LEG1DAYCOUNT||LEG2DAYCOUNT||LEG1FLOWEDITEDYN|N|LEG2FLOWEDITEDYN||FLOWPAYMENTDATE|2009-09-10 00:00:00.000|FLOWEDITEDYN|N|LEG1FLOWID||LEG1FLOWDATESEDITEDYN||LEG1FLOWPAYMENTDATE||LEG1FLOWNOTIONAL||LEG1FLOWMULTIPLIER||LEG1FLOWSPREAD||LEG1FLOWEXTRAPAYMENT||LEG1FLOWAVERAGINGSTYLE||LEG1FLOWLOOKFREQUENCY||LEG1FLOWRATETERM||LEG1FLOWFXFIXING||LEG1FLOWFIXING||LEG1FLOWDAYCOUNT||LEG1FLOWACCRUALSTARTDATE||LEG1FLOWACCRUALENDDATE||LEG1FLOWFXFIXINGDATE||LEG1FLOWFIXINGDATE||LEG1FLOWSTUBTENORDATE1||LEG1FLOWSTUBTENORDATE2||LEG1FLOWTYPE||LEG2FLOWID|3|LEG2FLOWDATESEDITEDYN||LEG2FLOWPAYMENTDATE|2009-09-10 00:00:00.000|LEG2FLOWNOTIONAL|100000000|LEG2FLOWMULTIPLIER|1|LEG2FLOWSPREAD|0|LEG2FLOWEXTRAPAYMENT|0|LEG2FLOWAVERAGINGSTYLE||LEG2FLOWLOOKFREQUENCY||LEG2FLOWRATETERM||LEG2FLOWFXFIXING|0.2848678213309|LEG2FLOWFIXING|0.0213|LEG2FLOWDAYCOUNT|0.252054794521|LEG2FLOWACCRUALSTARTDATE|2009-06-10 00:00:00.000|LEG2FLOWACCRUALENDDATE|2009-09-10 00:00:00.000|LEG2FLOWFXFIXINGDATE|2009-09-08 00:00:00.000|LEG2FLOWFIXINGDATE|2009-06-10 00:00:00.000|LEG2FLOWSTUBTENORDATE1||LEG2FLOWSTUBTENORDATE2||LEG2FLOWTYPE||BARRIERDATE||UPBARRIER||LOWBARRIER||FIXEDDATE||FIXEDAMOUNT||FLOATINGDATE||FLOATINGSETDATE||FLOATINGSET||FLOATINGAMOUNT||LEG1FLOWSTUBYN||LEG2FLOWSTUBYN|N|LEG1FLOWSTUBTENOR1||LEG1FLOWSTUBTENOR2||LEG2FLOWSTUBTENOR1||LEG2FLOWSTUBTENOR2||LEG1DAYCOUNT||LEG2DAYCOUNT||LEG1FLOWEDITEDYN||LEG2FLOWEDITEDYN|N|FLOWPAYMENTDATE|2009-12-10 00:00:00.000|FLOWEDITEDYN|N|LEG1FLOWID|4|LEG1FLOWDATESEDITEDYN||LEG1FLOWPAYMENTDATE|2009-12-10 00:00:00.000|LEG1FLOWNOTIONAL|-100000000|LEG1FLOWMULTIPLIER|0|LEG1FLOWSPREAD|0.0291|LEG1FLOWEXTRAPAYMENT|0|LEG1FLOWAVERAGINGSTYLE||LEG1FLOWLOOKFREQUENCY||LEG1FLOWRATETERM||LEG1FLOWFXFIXING|0.29478524894614|LEG1FLOWFIXING||LEG1FLOWDAYCOUNT|0.249315068493|LEG1FLOWACCRUALSTARTDATE|2009-09-10 00:00:00.000|LEG1FLOWACCRUALENDDATE|2009-12-10 00:00:00.000|LEG1FLOWFXFIXINGDATE|2009-12-08 00:00:00.000|LEG1FLOWFIXINGDATE|2009-09-10 00:00:00.000|LEG1FLOWSTUBTENORDATE1||LEG1FLOWSTUBTENORDATE2||LEG1FLOWTYPE||LEG2FLOWID||LEG2FLOWDATESEDITEDYN||LEG2FLOWPAYMENTDATE||LEG2FLOWNOTIONAL||LEG2FLOWMULTIPLIER||LEG2FLOWSPREAD||LEG2FLOWEXTRAPAYMENT||LEG2FLOWAVERAGINGSTYLE||LEG2FLOWLOOKFREQUENCY||LEG2FLOWRATETERM||LEG2FLOWFXFIXING||LEG2FLOWFIXING||LEG2FLOWDAYCOUNT||LEG2FLOWACCRUALSTARTDATE||LEG2FLOWACCRUALENDDATE||LEG2FLOWFXFIXINGDATE||LEG2FLOWFIXINGDATE||LEG2FLOWSTUBTENORDATE1||LEG2FLOWSTUBTENORDATE2||LEG2FLOWTYPE||BARRIERDATE||UPBARRIER||LOWBARRIER||FIXEDDATE||FIXEDAMOUNT||FLOATINGDATE||FLOATINGSETDATE||FLOATINGSET||FLOATINGAMOUNT||LEG1FLOWSTUBYN|N|LEG2FLOWSTUBYN||LEG1FLOWSTUBTENOR1||LEG1FLOWSTUBTENOR2||LEG2FLOWSTUBTENOR1||LEG2FLOWSTUBTENOR2||LEG1DAYCOUNT||LEG2DAYCOUNT||LEG1FLOWEDITEDYN|N|LEG2FLOWEDITEDYN||FLOWPAYMENTDATE|2009-12-10 00:00:00.000|FLOWEDITEDYN|N|LEG1FLOWID||LEG1FLOWDATESEDITEDYN||LEG1FLOWPAYMENTDATE||LEG1FLOWNOTIONAL||LEG1FLOWMULTIPLIER||LEG1FLOWSPREAD||LEG1FLOWEXTRAPAYMENT||LEG1FLOWAVERAGINGSTYLE||LEG1FLOWLOOKFREQUENCY||LEG1FLOWRATETERM||LEG1FLOWFXFIXING||LEG1FLOWFIXING||LEG1FLOWDAYCOUNT||LEG1FLOWACCRUALSTARTDATE||LEG1FLOWACCRUALENDDATE||LEG1FLOWFXFIXINGDATE||LEG1FLOWFIXINGDATE||LEG1FLOWSTUBTENORDATE1||LEG1FLOWSTUBTENORDATE2||LEG1FLOWTYPE||LEG2FLOWID|4|LEG2FLOWDATESEDITEDYN||LEG2FLOWPAYMENTDATE|2009-12-10 00:00:00.000|LEG2FLOWNOTIONAL|100000000|LEG2FLOWMULTIPLIER|1|LEG2FLOWSPREAD|0|LEG2FLOWEXTRAPAYMENT|0|LEG2FLOWAVERAGINGSTYLE||LEG2FLOWLOOKFREQUENCY||LEG2FLOWRATETERM||LEG2FLOWFXFIXING|0.29478524894614|LEG2FLOWFIXING|0.0214|LEG2FLOWDAYCOUNT|0.249315068493|LEG2FLOWACCRUALSTARTDATE|2009-09-10 00:00:00.000|LEG2FLOWACCRUALENDDATE|2009-12-10 00:00:00.000|LEG2FLOWFXFIXINGDATE|2009-12-08 00:00:00.000|LEG2FLOWFIXINGDATE|2009-09-10 00:00:00.000|LEG2FLOWSTUBTENORDATE1||LEG2FLOWSTUBTENORDATE2||LEG2FLOWTYPE||BARRIERDATE||UPBARRIER||LOWBARRIER||FIXEDDATE||FIXEDAMOUNT||FLOATINGDATE||FLOATINGSETDATE||FLOATINGSET||FLOATINGAMOUNT||LEG1FLOWSTUBYN||LEG2FLOWSTUBYN|N|LEG1FLOWSTUBTENOR1||LEG1FLOWSTUBTENOR2||LEG2FLOWSTUBTENOR1||LEG2FLOWSTUBTENOR2||LEG1DAYCOUNT||LEG2DAYCOUNT||LEG1FLOWEDITEDYN||LEG2FLOWEDITEDYN|N|FLOWPAYMENTDATE|2010-03-10 00:00:00.000|FLOWEDITEDYN|N|LEG1FLOWID|5|LEG1FLOWDATESEDITEDYN||LEG1FLOWPAYMENTDATE|2010-03-10 00:00:00.000|LEG1FLOWNOTIONAL|-100000000|LEG1FLOWMULTIPLIER|0|LEG1FLOWSPREAD|0.0291|LEG1FLOWEXTRAPAYMENT|0|LEG1FLOWAVERAGINGSTYLE||LEG1FLOWLOOKFREQUENCY||LEG1FLOWRATETERM||LEG1FLOWFXFIXING|0.29917726252804|LEG1FLOWFIXING||LEG1FLOWDAYCOUNT|0.246575342466|LEG1FLOWACCRUALSTARTDATE|2009-12-10 00:00:00.000|LEG1FLOWACCRUALENDDATE|2010-03-10 00:00:00.000|LEG1FLOWFXFIXINGDATE|2010-03-08 00:00:00.000|LEG1FLOWFIXINGDATE|2009-12-10 00:00:00.000|LEG1FLOWSTUBTENORDATE1||LEG1FLOWSTUBTENORDATE2||LEG1FLOWTYPE||LEG2FLOWID||LEG2FLOWDATESEDITEDYN||LEG2FLOWPAYMENTDATE||LEG2FLOWNOTIONAL||LEG2FLOWMULTIPLIER||LEG2FLOWSPREAD||LEG2FLOWEXTRAPAYMENT||LEG2FLOWAVERAGINGSTYLE||LEG2FLOWLOOKFREQUENCY||LEG2FLOWRATETERM||LEG2FLOWFXFIXING||LEG2FLOWFIXING||LEG2FLOWDAYCOUNT||LEG2FLOWACCRUALSTARTDATE||LEG2FLOWACCRUALENDDATE||LEG2FLOWFXFIXINGDATE||LEG2FLOWFIXINGDATE||LEG2FLOWSTUBTENORDATE1||LEG2FLOWSTUBTENORDATE2||LEG2FLOWTYPE||BARRIERDATE||UPBARRIER||LOWBARRIER||FIXEDDATE||FIXEDAMOUNT||FLOATINGDATE||FLOATINGSETDATE||FLOATINGSET||FLOATINGAMOUNT||LEG1FLOWSTUBYN|N|LEG2FLOWSTUBYN||LEG1FLOWSTUBTENOR1||LEG1FLOWSTUBTENOR2||LEG2FLOWSTUBTENOR1||LEG2FLOWSTUBTENOR2||LEG1DAYCOUNT||LEG2DAYCOUNT||LEG1FLOWEDITEDYN|N|LEG2FLOWEDITEDYN||FLOWPAYMENTDATE|2010-03-10 00:00:00.000|FLOWEDITEDYN|N|LEG1FLOWID||LEG1FLOWDATESEDITEDYN||LEG1FLOWPAYMENTDATE||LEG1FLOWNOTIONAL||LEG1FLOWMULTIPLIER||LEG1FLOWSPREAD||LEG1FLOWEXTRAPAYMENT||LEG1FLOWAVERAGINGSTYLE||LEG1FLOWLOOKFREQUENCY||LEG1FLOWRATETERM||LEG1FLOWFXFIXING||LEG1FLOWFIXING||LEG1FLOWDAYCOUNT||LEG1FLOWACCRUALSTARTDATE||LEG1FLOWACCRUALENDDATE||LEG1FLOWFXFIXINGDATE||LEG1FLOWFIXINGDATE||LEG1FLOWSTUBTENORDATE1||LEG1FLOWSTUBTENORDATE2||LEG1FLOWTYPE||LEG2FLOWID|5|LEG2FLOWDATESEDITEDYN||LEG2FLOWPAYMENTDATE|2010-03-10 00:00:00.000|LEG2FLOWNOTIONAL|100000000|LEG2FLOWMULTIPLIER|1|LEG2FLOWSPREAD|0|LEG2FLOWEXTRAPAYMENT|0|LEG2FLOWAVERAGINGSTYLE||LEG2FLOWLOOKFREQUENCY||LEG2FLOWRATETERM||LEG2FLOWFXFIXING|0.29917726252804|LEG2FLOWFIXING|0.0217|LEG2FLOWDAYCOUNT|0.246575342466|LEG2FLOWACCRUALSTARTDATE|2009-12-10 00:00:00.000|LEG2FLOWACCRUALENDDATE|2010-03-10 00:00:00.000|LEG2FLOWFXFIXINGDATE|2010-03-08 00:00:00.000|LEG2FLOWFIXINGDATE|2009-12-10 00:00:00.000|LEG2FLOWSTUBTENORDATE1||LEG2FLOWSTUBTENORDATE2||LEG2FLOWTYPE||BARRIERDATE||UPBARRIER||LOWBARRIER||FIXEDDATE||FIXEDAMOUNT||FLOATINGDATE||FLOATINGSETDATE||FLOATINGSET||FLOATINGAMOUNT||LEG1FLOWSTUBYN||LEG2FLOWSTUBYN|N|LEG1FLOWSTUBTENOR1||LEG1FLOWSTUBTENOR2||LEG2FLOWSTUBTENOR1||LEG2FLOWSTUBTENOR2||LEG1DAYCOUNT||LEG2DAYCOUNT||LEG1FLOWEDITEDYN||LEG2FLOWEDITEDYN|N|FLOWPAYMENTDATE|2010-06-10 00:00:00.000|FLOWEDITEDYN|N|LEG1FLOWID|6|LEG1FLOWDATESEDITEDYN||LEG1FLOWPAYMENTDATE|2010-06-10 00:00:00.000|LEG1FLOWNOTIONAL|-100000000|LEG1FLOWMULTIPLIER|0|LEG1FLOWSPREAD|0.0291|LEG1FLOWEXTRAPAYMENT|0|LEG1FLOWAVERAGINGSTYLE||LEG1FLOWLOOKFREQUENCY||LEG1FLOWRATETERM||LEG1FLOWFXFIXING|0.30110505555388|LEG1FLOWFIXING||LEG1FLOWDAYCOUNT|0.252054794521|LEG1FLOWACCRUALSTARTDATE|2010-03-10 00:00:00.000|LEG1FLOWACCRUALENDDATE|2010-06-10 00:00:00.000|LEG1FLOWFXFIXINGDATE|2010-06-08 00:00:00.000|LEG1FLOWFIXINGDATE|2010-03-10 00:00:00.000|LEG1FLOWSTUBTENORDATE1||LEG1FLOWSTUBTENORDATE2||LEG1FLOWTYPE||LEG2FLOWID||LEG2FLOWDATESEDITEDYN||LEG2FLOWPAYMENTDATE||LEG2FLOWNOTIONAL||LEG2FLOWMULTIPLIER||LEG2FLOWSPREAD||LEG2FLOWEXTRAPAYMENT||LEG2FLOWAVERAGINGSTYLE||LEG2FLOWLOOKFREQUENCY||LEG2FLOWRATETERM||LEG2FLOWFXFIXING||LEG2FLOWFIXING||LEG2FLOWDAYCOUNT||LEG2FLOWACCRUALSTARTDATE||LEG2FLOWACCRUALENDDATE||LEG2FLOWFXFIXINGDATE||LEG2FLOWFIXINGDATE||LEG2FLOWSTUBTENORDATE1||LEG2FLOWSTUBTENORDATE2||LEG2FLOWTYPE||BARRIERDATE||UPBARRIER||LOWBARRIER||FIXEDDATE||FIXEDAMOUNT||FLOATINGDATE||FLOATINGSETDATE||FLOATINGSET||FLOATINGAMOUNT||LEG1FLOWSTUBYN|N|LEG2FLOWSTUBYN||LEG1FLOWSTUBTENOR1||LEG1FLOWSTUBTENOR2||LEG2FLOWSTUBTENOR1||LEG2FLOWSTUBTENOR2||LEG1DAYCOUNT||LEG2DAYCOUNT||LEG1FLOWEDITEDYN|N|LEG2FLOWEDITEDYN||FLOWPAYMENTDATE|2010-06-10 00:00:00.000|FLOWEDITEDYN|N|LEG1FLOWID||LEG1FLOWDATESEDITEDYN||LEG1FLOWPAYMENTDATE||LEG1FLOWNOTIONAL||LEG1FLOWMULTIPLIER||LEG1FLOWSPREAD||LEG1FLOWEXTRAPAYMENT||LEG1FLOWAVERAGINGSTYLE||LEG1FLOWLOOKFREQUENCY||LEG1FLOWRATETERM||LEG1FLOWFXFIXING||LEG1FLOWFIXING||LEG1FLOWDAYCOUNT||LEG1FLOWACCRUALSTARTDATE||LEG1FLOWACCRUALENDDATE||LEG1FLOWFXFIXINGDATE||LEG1FLOWFIXINGDATE||LEG1FLOWSTUBTENORDATE1||LEG1FLOWSTUBTENORDATE2||LEG1FLOWTYPE||LEG2FLOWID|6|LEG2FLOWDATESEDITEDYN||LEG2FLOWPAYMENTDATE|2010-06-10 00:00:00.000|LEG2FLOWNOTIONAL|100000000|LEG2FLOWMULTIPLIER|1|LEG2FLOWSPREAD|0|LEG2FLOWEXTRAPAYMENT|0|LEG2FLOWAVERAGINGSTYLE||LEG2FLOWLOOKFREQUENCY||LEG2FLOWRATETERM||LEG2FLOWFXFIXING|0.30110505555388|LEG2FLOWFIXING|0.0243|LEG2FLOWDAYCOUNT|0.252054794521|LEG2FLOWACCRUALSTARTDATE|2010-03-10 00:00:00.000|LEG2FLOWACCRUALENDDATE|2010-06-10 00:00:00.000|LEG2FLOWFXFIXINGDATE|2010-06-08 00:00:00.000|LEG2FLOWFIXINGDATE|2010-03-10 00:00:00.000|LEG2FLOWSTUBTENORDATE1||LEG2FLOWSTUBTENORDATE2||LEG2FLOWTYPE||BARRIERDATE||UPBARRIER||LOWBARRIER||FIXEDDATE||FIXEDAMOUNT||FLOATINGDATE||FLOATINGSETDATE||FLOATINGSET||FLOATINGAMOUNT||LEG1FLOWSTUBYN||LEG2FLOWSTUBYN|N|LEG1FLOWSTUBTENOR1||LEG1FLOWSTUBTENOR2||LEG2FLOWSTUBTENOR1||LEG2FLOWSTUBTENOR2||LEG1DAYCOUNT||LEG2DAYCOUNT||LEG1FLOWEDITEDYN||LEG2FLOWEDITEDYN|N|FLOWPAYMENTDATE|2010-09-13 00:00:00.000|FLOWEDITEDYN|N|LEG1FLOWID|7|LEG1FLOWDATESEDITEDYN||LEG1FLOWPAYMENTDATE|2010-09-13 00:00:00.000|LEG1FLOWNOTIONAL|-100000000|LEG1FLOWMULTIPLIER|0|LEG1FLOWSPREAD|0.0291|LEG1FLOWEXTRAPAYMENT|0|LEG1FLOWAVERAGINGSTYLE||LEG1FLOWLOOKFREQUENCY||LEG1FLOWRATETERM||LEG1FLOWFXFIXING|0.32114069173705|LEG1FLOWFIXING||LEG1FLOWDAYCOUNT|0.260273972603|LEG1FLOWACCRUALSTARTDATE|2010-06-10 00:00:00.000|LEG1FLOWACCRUALENDDATE|2010-09-13 00:00:00.000|LEG1FLOWFXFIXINGDATE|2010-09-08 00:00:00.000|LEG1FLOWFIXINGDATE|2010-06-10 00:00:00.000|LEG1FLOWSTUBTENORDATE1||LEG1FLOWSTUBTENORDATE2||LEG1FLOWTYPE||LEG2FLOWID||LEG2FLOWDATESEDITEDYN||LEG2FLOWPAYMENTDATE||LEG2FLOWNOTIONAL||LEG2FLOWMULTIPLIER||LEG2FLOWSPREAD||LEG2FLOWEXTRAPAYMENT||LEG2FLOWAVERAGINGSTYLE||LEG2FLOWLOOKFREQUENCY||LEG2FLOWRATETERM||LEG2FLOWFXFIXING||LEG2FLOWFIXING||LEG2FLOWDAYCOUNT||LEG2FLOWACCRUALSTARTDATE||LEG2FLOWACCRUALENDDATE||LEG2FLOWFXFIXINGDATE||LEG2FLOWFIXINGDATE||LEG2FLOWSTUBTENORDATE1||LEG2FLOWSTUBTENORDATE2||LEG2FLOWTYPE||BARRIERDATE||UPBARRIER||LOWBARRIER||FIXEDDATE||FIXEDAMOUNT||FLOATINGDATE||FLOATINGSETDATE||FLOATINGSET||FLOATINGAMOUNT||LEG1FLOWSTUBYN|N|LEG2FLOWSTUBYN||LEG1FLOWSTUBTENOR1||LEG1FLOWSTUBTENOR2||LEG2FLOWSTUBTENOR1||LEG2FLOWSTUBTENOR2||LEG1DAYCOUNT||LEG2DAYCOUNT||LEG1FLOWEDITEDYN|N|LEG2FLOWEDITEDYN||FLOWPAYMENTDATE|2010-09-13 00:00:00.000|FLOWEDITEDYN|N|LEG1FLOWID||LEG1FLOWDATESEDITEDYN||LEG1FLOWPAYMENTDATE||LEG1FLOWNOTIONAL||LEG1FLOWMULTIPLIER||LEG1FLOWSPREAD||LEG1FLOWEXTRAPAYMENT||LEG1FLOWAVERAGINGSTYLE||LEG1FLOWLOOKFREQUENCY||LEG1FLOWRATETERM||LEG1FLOWFXFIXING||LEG1FLOWFIXING||LEG1FLOWDAYCOUNT||LEG1FLOWACCRUALSTARTDATE||LEG1FLOWACCRUALENDDATE||LEG1FLOWFXFIXINGDATE||LEG1FLOWFIXINGDATE||LEG1FLOWSTUBTENORDATE1||LEG1FLOWSTUBTENORDATE2||LEG1FLOWTYPE||LEG2FLOWID|7|LEG2FLOWDATESEDITEDYN||LEG2FLOWPAYMENTDATE|2010-09-13 00:00:00.000|LEG2FLOWNOTIONAL|100000000|LEG2FLOWMULTIPLIER|1|LEG2FLOWSPREAD|0|LEG2FLOWEXTRAPAYMENT|0|LEG2FLOWAVERAGINGSTYLE||LEG2FLOWLOOKFREQUENCY||LEG2FLOWRATETERM||LEG2FLOWFXFIXING|0.32114069173705|LEG2FLOWFIXING|0.0272|LEG2FLOWDAYCOUNT|0.260273972603|LEG2FLOWACCRUALSTARTDATE|2010-06-10 00:00:00.000|LEG2FLOWACCRUALENDDATE|2010-09-13 00:00:00.000|LEG2FLOWFXFIXINGDATE|2010-09-08 00:00:00.000|LEG2FLOWFIXINGDATE|2010-06-10 00:00:00.000|LEG2FLOWSTUBTENORDATE1||LEG2FLOWSTUBTENORDATE2||LEG2FLOWTYPE||BARRIERDATE||UPBARRIER||LOWBARRIER||FIXEDDATE||FIXEDAMOUNT||FLOATINGDATE||FLOATINGSETDATE||FLOATINGSET||FLOATINGAMOUNT||LEG1FLOWSTUBYN||LEG2FLOWSTUBYN|N|LEG1FLOWSTUBTENOR1||LEG1FLOWSTUBTENOR2||LEG2FLOWSTUBTENOR1||LEG2FLOWSTUBTENOR2||LEG1DAYCOUNT||LEG2DAYCOUNT||LEG1FLOWEDITEDYN||LEG2FLOWEDITEDYN|N|FLOWPAYMENTDATE|2010-12-10 00:00:00.000|FLOWEDITEDYN|N|LEG1FLOWID|8|LEG1FLOWDATESEDITEDYN||LEG1FLOWPAYMENTDATE|2010-12-10 00:00:00.000|LEG1FLOWNOTIONAL|-100000000|LEG1FLOWMULTIPLIER|0|LEG1FLOWSPREAD|0.0291|LEG1FLOWEXTRAPAYMENT|0|LEG1FLOWAVERAGINGSTYLE||LEG1FLOWLOOKFREQUENCY||LEG1FLOWRATETERM||LEG1FLOWFXFIXING||LEG1FLOWFIXING||LEG1FLOWDAYCOUNT|0.241095890411|LEG1FLOWACCRUALSTARTDATE|2010-09-13 00:00:00.000|LEG1FLOWACCRUALENDDATE|2010-12-10 00:00:00.000|LEG1FLOWFXFIXINGDATE|2010-12-08 00:00:00.000|LEG1FLOWFIXINGDATE|2010-09-13 00:00:00.000|LEG1FLOWSTUBTENORDATE1||LEG1FLOWSTUBTENORDATE2||LEG1FLOWTYPE||LEG2FLOWID||LEG2FLOWDATESEDITEDYN||LEG2FLOWPAYMENTDATE||LEG2FLOWNOTIONAL||LEG2FLOWMULTIPLIER||LEG2FLOWSPREAD||LEG2FLOWEXTRAPAYMENT||LEG2FLOWAVERAGINGSTYLE||LEG2FLOWLOOKFREQUENCY||LEG2FLOWRATETERM||LEG2FLOWFXFIXING||LEG2FLOWFIXING||LEG2FLOWDAYCOUNT||LEG2FLOWACCRUALSTARTDATE||LEG2FLOWACCRUALENDDATE||LEG2FLOWFXFIXINGDATE||LEG2FLOWFIXINGDATE||LEG2FLOWSTUBTENORDATE1||LEG2FLOWSTUBTENORDATE2||LEG2FLOWTYPE||BARRIERDATE||UPBARRIER||LOWBARRIER||FIXEDDATE||FIXEDAMOUNT||FLOATINGDATE||FLOATINGSETDATE||FLOATINGSET||FLOATINGAMOUNT||LEG1FLOWSTUBYN|N|LEG2FLOWSTUBYN||LEG1FLOWSTUBTENOR1||LEG1FLOWSTUBTENOR2||LEG2FLOWSTUBTENOR1||LEG2FLOWSTUBTENOR2||LEG1DAYCOUNT||LEG2DAYCOUNT||LEG1FLOWEDITEDYN|N|LEG2FLOWEDITEDYN||FLOWPAYMENTDATE|2010-12-10 00:00:00.000|FLOWEDITEDYN|N|LEG1FLOWID||LEG1FLOWDATESEDITEDYN||LEG1FLOWPAYMENTDATE||LEG1FLOWNOTIONAL||LEG1FLOWMULTIPLIER||LEG1FLOWSPREAD||LEG1FLOWEXTRAPAYMENT||LEG1FLOWAVERAGINGSTYLE||LEG1FLOWLOOKFREQUENCY||LEG1FLOWRATETERM||LEG1FLOWFXFIXING||LEG1FLOWFIXING||LEG1FLOWDAYCOUNT||LEG1FLOWACCRUALSTARTDATE||LEG1FLOWACCRUALENDDATE||LEG1FLOWFXFIXINGDATE||LEG1FLOWFIXINGDATE||LEG1FLOWSTUBTENORDATE1||LEG1FLOWSTUBTENORDATE2||LEG1FLOWTYPE||LEG2FLOWID|8|LEG2FLOWDATESEDITEDYN||LEG2FLOWPAYMENTDATE|2010-12-10 00:00:00.000|LEG2FLOWNOTIONAL|100000000|LEG2FLOWMULTIPLIER|1|LEG2FLOWSPREAD|0|LEG2FLOWEXTRAPAYMENT|0|LEG2FLOWAVERAGINGSTYLE||LEG2FLOWLOOKFREQUENCY||LEG2FLOWRATETERM||LEG2FLOWFXFIXING||LEG2FLOWFIXING|0.0292|LEG2FLOWDAYCOUNT|0.241095890411|LEG2FLOWACCRUALSTARTDATE|2010-09-13 00:00:00.000|LEG2FLOWACCRUALENDDATE|2010-12-10 00:00:00.000|LEG2FLOWFXFIXINGDATE|2010-12-08 00:00:00.000|LEG2FLOWFIXINGDATE|2010-09-13 00:00:00.000|LEG2FLOWSTUBTENORDATE1||LEG2FLOWSTUBTENORDATE2||LEG2FLOWTYPE||BARRIERDATE||UPBARRIER||LOWBARRIER||FIXEDDATE||FIXEDAMOUNT||FLOATINGDATE||FLOATINGSETDATE||FLOATINGSET||FLOATINGAMOUNT||LEG1FLOWSTUBYN||LEG2FLOWSTUBYN|N|LEG1FLOWSTUBTENOR1||LEG1FLOWSTUBTENOR2||LEG2FLOWSTUBTENOR1||LEG2FLOWSTUBTENOR2||LEG1DAYCOUNT||LEG2DAYCOUNT||LEG1FLOWEDITEDYN||LEG2FLOWEDITEDYN|N|BOOK_CPTY_CDRMNEMONIC|DTCH L  3HP|PROFIT_CENTRE|SNG0|BOOKBRANCHPARENT|Management|HIGH_LEVEL_CPTY_CDRMNEMONIC|DTCH L|HIGH_LEVEL_BOOK_CPTY_CDRM|DTCH L|BOOK_CPYT_SRC_SYSTEM|RMS|SUBBRANCH|SNG|CPTY_CDRMNEMONIC|DTCH L  89F|AMI_CODE|0840|BOOK_CPTY|NDMYR|PUBLICATIONTIME|2010-09-24 15:58:11.709|DBLEGALENTITY|London|ISLIVEYN|Y</Text>
</Message>
