<?xml version="1.0" encoding="UTF-8"?>
<Message>
    <SystemInfo>
        <JMSDestination>Topic[exodus.pipe.demo]</JMSDestination>
        <JMSReplyTo/>
        <JMSDeliveryMode>2</JMSDeliveryMode>
        <JMSRedelivered>false</JMSRedelivered>
        <JMSCorrelationID>null</JMSCorrelationID>
        <JMSType>null</JMSType>
        <JMSTimestamp>1285343897850</JMSTimestamp>
        <JMSExpiration>0</JMSExpiration>
        <JMSPriority>4</JMSPriority>
    </SystemInfo>
    <ApplicationInfo>
        <SYSTEMID>181493945</SYSTEMID>
        <TRADEGROUP>INTERESTRATESWAP</TRADEGROUP>
        <VERSION>422</VERSION>
        <COUNTERPARTY>SPFAPROP</COUNTERPARTY>
        <MESSAGE_TYPE>RMS_TRADE</MESSAGE_TYPE>
        <TRADETYPE>NonDeliverableOIS</TRADETYPE>
        <BOOK>NDINR</BOOK>
        <ACTION>Fixed</ACTION>
        <STATUS>Open</STATUS>
    </ApplicationInfo>
    <Text>STRUCTUREID|104511507|PRODUCTID|175879043|SYSTEMID|181493945|TRADETYPE|NonDeliverableOIS|TRADEID|104511507A|SOURCESYSTEM|RMS|DEALCAPTURESYSTEM|RMS|BOOK|NDINR|BLOTTER||COUNTERPARTY|SPFAPROP|COUNTERPARTYSOURCESYSTEM|RMS|COUNTERPARTYNAME|BOOK SPFAPROP|DBICOUNTERPARTYID||CUSTOMER|SPFAPROP|CUSTOMERSOURCESYSTEM|RMS|STATUS|Open|PREMIUMCURRENCY||PREMIUMAMOUNT||PREMIUMDATE||PREMIUMHASPAIDYN||UNWINDRATE||UNWINDPREMIUMCURRENCY||UNWINDPREMIUMAMOUNT||UNWINDPREMIUMDATE||MARGINPAYMENTCURRENCY||MARGINPAYMENTAMOUNT||ASSETLOCATION||TRADEDATE|2009-01-05 00:00:00.000|LASTUPDATED|2010-09-07 12:36:37.000|ACTION|Fixed|ACTIONEFFECTIVEDATE|2010-09-07 00:00:00.000|SOURCESYSTEMBOOK|NDINR|SOURCESYSTEMPROFITCENTRE||LEGALENTITY|London|BOOKINGLOCATION|London|SALESPERSON||TRADER||ENTEREDBY|COSTROM|FUNDSPLITID||FUNDSPLITVERSION||STRUCTURENAME||MARKUPAMT||MARKUPCCY||MARKUPLOCATION||ATRISKAMT||ATRISKCCY||ATRISKLOCATION||ATRISKINDICATOR||REASON||NOTES||BROKER||BROKERAMT||BROKERCCY||LINKSYSTEMID|181626473|LINKTYPE|BackToBackMaster|SOURCESYSTEMID|181493945|DEALCAPTURESYSTEMID|181493945|DATECREATED|2009-01-05 17:19:07.000|CONFIRMAS||PRODUCTVERSION|1|PRODUCTLEGID||VERSION|422|LATESTVERSIONYN|N|CALCULATIONAGENT|DB|BACKOFFICEPROCESSING|Standard|BACKOFFICESYSTEM|Summit|BACKOFFICESYSTEMID|A4201736M|CANCELSSOURCESYSTEMID||CANCELLEDBYSOURCESYSTEMID||CANCELLINGHALFSOURCESYSTEMID||CORRECTSSOURCESYSTEMID||CORRECTEDBYSOURCESYSTEMID||CLOSESSOURCESYSTEMID||CLOSEDBYSOURCESYSTEMID||EXERCISEDINTOSOURCESYSTEMID||EXERCISEDFROMSOURCESYSTEMID||VERSIONVALIDUNTILDATE|2010-09-08 13:15:00.000|TRADEEXTRADETAILID|0|TRADEEXTRADETAILVERSION|0|TRADECLASSIFICATION|1|DEALCAPTURESALESUSER|RMS_JOHRABH|FUNDSPLITALLOCATIONID||FUNDSPLITALLOCATIONLEGID||TEARUPID||ACCCURRENCY||BACKOFFICEACCEPTED||BACKOFFICEENDDATE||BACKOFFICEEVENT||BACKOFFICEBRANCHACCEPTED||BACKOFFICEBRANCHEVENT||ELECTEDCONFIRMATIONSYSTEM|///|ELECTEDCONFIRMATIONRULEID|88|PREVIOUSCONFIRMATIONSYSTEM|///|ELECTEDSETTLEMENTSYSTEM|///|ELECTEDSETTLEMENTRULEID|88|PREVIOUSSETTLEMENTSYSTEM|///|TRADETABLE|INTERESTRATESWAP|PRODUCTTYPE||PRODUCTINSTANCE||USERENTEREDTRADEDATE||CLOSINGDATE||CREDITADJUSTEDNOTIONALSYN||EXPIRYDATE||CP||BUYSELL||PHYSICALLYDELIVERABLEYN||SETTLEMENTDATE||LEG1CURRENCY|INR|LEG1NOTIONAL|-650000000|LEG1INITIALNOTIONAL||LEG1FINALNOTIONAL||LEG1EFFECTIVEDATE|2009-01-07 00:00:00.000|LEG1ROLLDATE|2009-07-07 00:00:00.000|LEG1LASTROLLDATE||LEG1ENDDATE|2013-01-07 00:00:00.000|LEG1LASTFIXEDDATE|2010-07-02 00:00:00.000|LEG1DATECONVENTION|Mod Foll|LEG1BASIS|Act/365 Fixed|LEG1MULTIPLIER|0|LEG1SPREAD|0.0435|LEG1PAYMENTCITIES|BOM,NYC|LEG1FIXINGCITIES||LEG1FIXINGREFERENCE||LEG1INITIALEXCHANGEDYN||LEG1FINALEXCHANGEDYN||LEG1AVERAGINGSTYLE|NONE|LEG1LOOKFREQUENCY||LEG1RATETERM||LEG1ADJUSTEDDAYCOUNTYN|Y|LEG1FIXINARREARSYN|N|LEG1FIXINGDELAYOVERRIDE||LEG1OISDELAYOVERRIDE||LEG1SPECIALROLLTYPE|EOM_CAL|LEG1COMPOUNDINGTYPE|INCL_SPD|LEG1OISPAYMENTDELAYYN|N|LEG1NUMFLOWSHAVEPAID|3|LEG1CREDITADJUSTEDNOTIONALYN||LEG1FXFIXINGCITIES||LEG1FXFIXINGREFERENCE||LEG1RESETROLLDATE||LEG1EXCHANGECITIES||LEG1EXCHANGECONVENTION||LEG1DISCOUNTUSINGGOVERNMENTYN||LEG1ISIN||LEG1IGNOREHOLSINSUBSCHEDULEYN|N|LEG1LOOKDAY||LEG2CURRENCY|INR|LEG2NOTIONAL|650000000|LEG2INITIALNOTIONAL||LEG2FINALNOTIONAL||LEG2EFFECTIVEDATE|2009-01-07 00:00:00.000|LEG2ROLLDATE|2009-07-07 00:00:00.000|LEG2LASTROLLDATE||LEG2ENDDATE|2013-01-07 00:00:00.000|LEG2LASTFIXEDDATE|2010-09-07 00:00:00.000|LEG2DATECONVENTION|Mod Foll|LEG2BASIS|Act/365 Fixed|LEG2MULTIPLIER|1|LEG2SPREAD|0|LEG2PAYMENTCITIES|BOM,NYC|LEG2FIXINGCITIES|BOM|LEG2FIXINGREFERENCE|MIBR|LEG2INITIALEXCHANGEDYN||LEG2FINALEXCHANGEDYN||LEG2AVERAGINGSTYLE|EONIA|LEG2LOOKFREQUENCY|1B|LEG2RATETERM|1B|LEG2ADJUSTEDDAYCOUNTYN|Y|LEG2FIXINARREARSYN|N|LEG2FIXINGDELAYOVERRIDE||LEG2OISDELAYOVERRIDE||LEG2SPECIALROLLTYPE|EOM_CAL|LEG2COMPOUNDINGTYPE|INCL_SPD|LEG2OISPAYMENTDELAYYN|N|LEG2NUMFLOWSHAVEPAID|3|LEG2CREDITADJUSTEDNOTIONALYN||LEG2FXFIXINGCITIES||LEG2FXFIXINGREFERENCE||LEG2RESETROLLDATE||LEG2EXCHANGECITIES||LEG2EXCHANGECONVENTION||LEG2DISCOUNTUSINGGOVERNMENTYN||LEG2ISIN||LEG2IGNOREHOLSINSUBSCHEDULEYN|N|LEG2LOOKDAY||CURRENCY|INR|PAYCURRENCY|USD|FXFIXINGREFERENCE|RBIB|FIXEDHAVEPAID||FLOATINGHAVESET||FLOATINGHAVEPAID||BARRIERUNDERCURRENCY||BARRIERACCCURRENCY||FORWARDSETTINGSTYLE||FORWARDSETTINGDATE||FINALEXCHANGESTRIKE||MODELTYPE||SUMMITNAME|DB_LN_ASFXMN|SUMMITCPBOOK|DB_LN_SNFXFW|GROUPID||GROUPREASON||LEG1AVERAGING||LEG2AVERAGING||LEG1COMPMETHOD||LEG2COMPMETHOD||LEG1EOM||LEG2EOM||LEG1ROLLDOW|TUE|LEG1ROLLDOM|7|LEG2ROLLDOW|TUE|LEG2ROLLDOM|7|LEG1BROKERRATE||LEG2BROKERRATE|0|LEG1FREQUENCY|6M|LEG2FREQUENCY|6M|LEG1OFFSET||LEG2OFFSET||LEG1PAYMENTOFFSET|0|LEG2PAYMENTOFFSET|0|LEG1CUTOFFDAYS||LEG2CUTOFFDAYS||SETTLEMENTSYSTEM||PRODUCTTYPEID|////|FLOWPAYMENTDATE|2009-07-07 00:00:00.000|FLOWEDITEDYN|N|LEG1FLOWID|1|LEG1FLOWDATESEDITEDYN||LEG1FLOWPAYMENTDATE|2009-07-07 00:00:00.000|LEG1FLOWNOTIONAL|-650000000|LEG1FLOWMULTIPLIER|0|LEG1FLOWSPREAD|0.0435|LEG1FLOWEXTRAPAYMENT|0|LEG1FLOWAVERAGINGSTYLE||LEG1FLOWLOOKFREQUENCY||LEG1FLOWRATETERM||LEG1FLOWFXFIXING|0.0208377|LEG1FLOWFIXING||LEG1FLOWDAYCOUNT|0.495890410959|LEG1FLOWACCRUALSTARTDATE|2009-01-07 00:00:00.000|LEG1FLOWACCRUALENDDATE|2009-07-07 00:00:00.000|LEG1FLOWFXFIXINGDATE|2009-07-03 00:00:00.000|LEG1FLOWFIXINGDATE|2009-01-05 00:00:00.000|LEG1FLOWSTUBTENORDATE1||LEG1FLOWSTUBTENORDATE2||LEG1FLOWTYPE||LEG2FLOWID||LEG2FLOWDATESEDITEDYN||LEG2FLOWPAYMENTDATE||LEG2FLOWNOTIONAL||LEG2FLOWMULTIPLIER||LEG2FLOWSPREAD||LEG2FLOWEXTRAPAYMENT||LEG2FLOWAVERAGINGSTYLE||LEG2FLOWLOOKFREQUENCY||LEG2FLOWRATETERM||LEG2FLOWFXFIXING||LEG2FLOWFIXING||LEG2FLOWDAYCOUNT||LEG2FLOWACCRUALSTARTDATE||LEG2FLOWACCRUALENDDATE||LEG2FLOWFXFIXINGDATE||LEG2FLOWFIXINGDATE||LEG2FLOWSTUBTENORDATE1||LEG2FLOWSTUBTENORDATE2||LEG2FLOWTYPE||BARRIERDATE||UPBARRIER||LOWBARRIER||FIXEDDATE||FIXEDAMOUNT||FLOATINGDATE||FLOATINGSETDATE||FLOATINGSET||FLOATINGAMOUNT||LEG1FLOWSTUBYN|N|LEG2FLOWSTUBYN||LEG1FLOWSTUBTENOR1||LEG1FLOWSTUBTENOR2||LEG2FLOWSTUBTENOR1||LEG2FLOWSTUBTENOR2||LEG1DAYCOUNT||LEG2DAYCOUNT||LEG1FLOWEDITEDYN|N|LEG2FLOWEDITEDYN||FLOWPAYMENTDATE|2009-07-07 00:00:00.000|FLOWEDITEDYN|N|LEG1FLOWID||LEG1FLOWDATESEDITEDYN||LEG1FLOWPAYMENTDATE||LEG1FLOWNOTIONAL||LEG1FLOWMULTIPLIER||LEG1FLOWSPREAD||LEG1FLOWEXTRAPAYMENT||LEG1FLOWAVERAGINGSTYLE||LEG1FLOWLOOKFREQUENCY||LEG1FLOWRATETERM||LEG1FLOWFXFIXING||LEG1FLOWFIXING||LEG1FLOWDAYCOUNT||LEG1FLOWACCRUALSTARTDATE||LEG1FLOWACCRUALENDDATE||LEG1FLOWFXFIXINGDATE||LEG1FLOWFIXINGDATE||LEG1FLOWSTUBTENORDATE1||LEG1FLOWSTUBTENORDATE2||LEG1FLOWTYPE||LEG2FLOWID|1|LEG2FLOWDATESEDITEDYN||LEG2FLOWPAYMENTDATE|2009-07-07 00:00:00.000|LEG2FLOWNOTIONAL|650000000|LEG2FLOWMULTIPLIER|1|LEG2FLOWSPREAD|0|LEG2FLOWEXTRAPAYMENT|0|LEG2FLOWAVERAGINGSTYLE|EONIA|LEG2FLOWLOOKFREQUENCY|1B|LEG2FLOWRATETERM|1B|LEG2FLOWFXFIXING|0.0208377|LEG2FLOWFIXING|0.0381976|LEG2FLOWDAYCOUNT|0.495890410959|LEG2FLOWACCRUALSTARTDATE|2009-01-07 00:00:00.000|LEG2FLOWACCRUALENDDATE|2009-07-07 00:00:00.000|LEG2FLOWFXFIXINGDATE|2009-07-03 00:00:00.000|LEG2FLOWFIXINGDATE|2009-01-07 00:00:00.000|LEG2FLOWSTUBTENORDATE1||LEG2FLOWSTUBTENORDATE2||LEG2FLOWTYPE||BARRIERDATE||UPBARRIER||LOWBARRIER||FIXEDDATE||FIXEDAMOUNT||FLOATINGDATE||FLOATINGSETDATE||FLOATINGSET||FLOATINGAMOUNT||LEG1FLOWSTUBYN||LEG2FLOWSTUBYN|N|LEG1FLOWSTUBTENOR1||LEG1FLOWSTUBTENOR2||LEG2FLOWSTUBTENOR1||LEG2FLOWSTUBTENOR2||LEG1DAYCOUNT||LEG2DAYCOUNT||LEG1FLOWEDITEDYN||LEG2FLOWEDITEDYN|N|FLOWPAYMENTDATE|2010-01-07 00:00:00.000|FLOWEDITEDYN|N|LEG1FLOWID|2|LEG1FLOWDATESEDITEDYN||LEG1FLOWPAYMENTDATE|2010-01-07 00:00:00.000|LEG1FLOWNOTIONAL|-650000000|LEG1FLOWMULTIPLIER|0|LEG1FLOWSPREAD|0.0435|LEG1FLOWEXTRAPAYMENT|0|LEG1FLOWAVERAGINGSTYLE||LEG1FLOWLOOKFREQUENCY||LEG1FLOWRATETERM||LEG1FLOWFXFIXING|0.021645|LEG1FLOWFIXING||LEG1FLOWDAYCOUNT|0.504109589041|LEG1FLOWACCRUALSTARTDATE|2009-07-07 00:00:00.000|LEG1FLOWACCRUALENDDATE|2010-01-07 00:00:00.000|LEG1FLOWFXFIXINGDATE|2010-01-05 00:00:00.000|LEG1FLOWFIXINGDATE|2009-07-03 00:00:00.000|LEG1FLOWSTUBTENORDATE1||LEG1FLOWSTUBTENORDATE2||LEG1FLOWTYPE||LEG2FLOWID||LEG2FLOWDATESEDITEDYN||LEG2FLOWPAYMENTDATE||LEG2FLOWNOTIONAL||LEG2FLOWMULTIPLIER||LEG2FLOWSPREAD||LEG2FLOWEXTRAPAYMENT||LEG2FLOWAVERAGINGSTYLE||LEG2FLOWLOOKFREQUENCY||LEG2FLOWRATETERM||LEG2FLOWFXFIXING||LEG2FLOWFIXING||LEG2FLOWDAYCOUNT||LEG2FLOWACCRUALSTARTDATE||LEG2FLOWACCRUALENDDATE||LEG2FLOWFXFIXINGDATE||LEG2FLOWFIXINGDATE||LEG2FLOWSTUBTENORDATE1||LEG2FLOWSTUBTENORDATE2||LEG2FLOWTYPE||BARRIERDATE||UPBARRIER||LOWBARRIER||FIXEDDATE||FIXEDAMOUNT||FLOATINGDATE||FLOATINGSETDATE||FLOATINGSET||FLOATINGAMOUNT||LEG1FLOWSTUBYN|N|LEG2FLOWSTUBYN||LEG1FLOWSTUBTENOR1||LEG1FLOWSTUBTENOR2||LEG2FLOWSTUBTENOR1||LEG2FLOWSTUBTENOR2||LEG1DAYCOUNT||LEG2DAYCOUNT||LEG1FLOWEDITEDYN|N|LEG2FLOWEDITEDYN||FLOWPAYMENTDATE|2010-01-07 00:00:00.000|FLOWEDITEDYN|N|LEG1FLOWID||LEG1FLOWDATESEDITEDYN||LEG1FLOWPAYMENTDATE||LEG1FLOWNOTIONAL||LEG1FLOWMULTIPLIER||LEG1FLOWSPREAD||LEG1FLOWEXTRAPAYMENT||LEG1FLOWAVERAGINGSTYLE||LEG1FLOWLOOKFREQUENCY||LEG1FLOWRATETERM||LEG1FLOWFXFIXING||LEG1FLOWFIXING||LEG1FLOWDAYCOUNT||LEG1FLOWACCRUALSTARTDATE||LEG1FLOWACCRUALENDDATE||LEG1FLOWFXFIXINGDATE||LEG1FLOWFIXINGDATE||LEG1FLOWSTUBTENORDATE1||LEG1FLOWSTUBTENORDATE2||LEG1FLOWTYPE||LEG2FLOWID|2|LEG2FLOWDATESEDITEDYN||LEG2FLOWPAYMENTDATE|2010-01-07 00:00:00.000|LEG2FLOWNOTIONAL|650000000|LEG2FLOWMULTIPLIER|1|LEG2FLOWSPREAD|0|LEG2FLOWEXTRAPAYMENT|0|LEG2FLOWAVERAGINGSTYLE|EONIA|LEG2FLOWLOOKFREQUENCY|1B|LEG2FLOWRATETERM|1B|LEG2FLOWFXFIXING|0.021645|LEG2FLOWFIXING|0.0332933|LEG2FLOWDAYCOUNT|0.504109589041|LEG2FLOWACCRUALSTARTDATE|2009-07-07 00:00:00.000|LEG2FLOWACCRUALENDDATE|2010-01-07 00:00:00.000|LEG2FLOWFXFIXINGDATE|2010-01-05 00:00:00.000|LEG2FLOWFIXINGDATE|2009-07-07 00:00:00.000|LEG2FLOWSTUBTENORDATE1||LEG2FLOWSTUBTENORDATE2||LEG2FLOWTYPE||BARRIERDATE||UPBARRIER||LOWBARRIER||FIXEDDATE||FIXEDAMOUNT||FLOATINGDATE||FLOATINGSETDATE||FLOATINGSET||FLOATINGAMOUNT||LEG1FLOWSTUBYN||LEG2FLOWSTUBYN|N|LEG1FLOWSTUBTENOR1||LEG1FLOWSTUBTENOR2||LEG2FLOWSTUBTENOR1||LEG2FLOWSTUBTENOR2||LEG1DAYCOUNT||LEG2DAYCOUNT||LEG1FLOWEDITEDYN||LEG2FLOWEDITEDYN|N|FLOWPAYMENTDATE|2010-07-07 00:00:00.000|FLOWEDITEDYN|N|LEG1FLOWID|3|LEG1FLOWDATESEDITEDYN||LEG1FLOWPAYMENTDATE|2010-07-07 00:00:00.000|LEG1FLOWNOTIONAL|-650000000|LEG1FLOWMULTIPLIER|0|LEG1FLOWSPREAD|0.0435|LEG1FLOWEXTRAPAYMENT|0|LEG1FLOWAVERAGINGSTYLE||LEG1FLOWLOOKFREQUENCY||LEG1FLOWRATETERM||LEG1FLOWFXFIXING|0.0214225|LEG1FLOWFIXING||LEG1FLOWDAYCOUNT|0.495890410959|LEG1FLOWACCRUALSTARTDATE|2010-01-07 00:00:00.000|LEG1FLOWACCRUALENDDATE|2010-07-07 00:00:00.000|LEG1FLOWFXFIXINGDATE|2010-07-02 00:00:00.000|LEG1FLOWFIXINGDATE|2010-01-05 00:00:00.000|LEG1FLOWSTUBTENORDATE1||LEG1FLOWSTUBTENORDATE2||LEG1FLOWTYPE||LEG2FLOWID||LEG2FLOWDATESEDITEDYN||LEG2FLOWPAYMENTDATE||LEG2FLOWNOTIONAL||LEG2FLOWMULTIPLIER||LEG2FLOWSPREAD||LEG2FLOWEXTRAPAYMENT||LEG2FLOWAVERAGINGSTYLE||LEG2FLOWLOOKFREQUENCY||LEG2FLOWRATETERM||LEG2FLOWFXFIXING||LEG2FLOWFIXING||LEG2FLOWDAYCOUNT||LEG2FLOWACCRUALSTARTDATE||LEG2FLOWACCRUALENDDATE||LEG2FLOWFXFIXINGDATE||LEG2FLOWFIXINGDATE||LEG2FLOWSTUBTENORDATE1||LEG2FLOWSTUBTENORDATE2||LEG2FLOWTYPE||BARRIERDATE||UPBARRIER||LOWBARRIER||FIXEDDATE||FIXEDAMOUNT||FLOATINGDATE||FLOATINGSETDATE||FLOATINGSET||FLOATINGAMOUNT||LEG1FLOWSTUBYN|N|LEG2FLOWSTUBYN||LEG1FLOWSTUBTENOR1||LEG1FLOWSTUBTENOR2||LEG2FLOWSTUBTENOR1||LEG2FLOWSTUBTENOR2||LEG1DAYCOUNT||LEG2DAYCOUNT||LEG1FLOWEDITEDYN|N|LEG2FLOWEDITEDYN||FLOWPAYMENTDATE|2010-07-07 00:00:00.000|FLOWEDITEDYN|N|LEG1FLOWID||LEG1FLOWDATESEDITEDYN||LEG1FLOWPAYMENTDATE||LEG1FLOWNOTIONAL||LEG1FLOWMULTIPLIER||LEG1FLOWSPREAD||LEG1FLOWEXTRAPAYMENT||LEG1FLOWAVERAGINGSTYLE||LEG1FLOWLOOKFREQUENCY||LEG1FLOWRATETERM||LEG1FLOWFXFIXING||LEG1FLOWFIXING||LEG1FLOWDAYCOUNT||LEG1FLOWACCRUALSTARTDATE||LEG1FLOWACCRUALENDDATE||LEG1FLOWFXFIXINGDATE||LEG1FLOWFIXINGDATE||LEG1FLOWSTUBTENORDATE1||LEG1FLOWSTUBTENORDATE2||LEG1FLOWTYPE||LEG2FLOWID|3|LEG2FLOWDATESEDITEDYN||LEG2FLOWPAYMENTDATE|2010-07-07 00:00:00.000|LEG2FLOWNOTIONAL|650000000|LEG2FLOWMULTIPLIER|1|LEG2FLOWSPREAD|0|LEG2FLOWEXTRAPAYMENT|0|LEG2FLOWAVERAGINGSTYLE|EONIA|LEG2FLOWLOOKFREQUENCY|1B|LEG2FLOWRATETERM|1B|LEG2FLOWFXFIXING|0.0214225|LEG2FLOWFIXING|0.0406041|LEG2FLOWDAYCOUNT|0.495890410959|LEG2FLOWACCRUALSTARTDATE|2010-01-07 00:00:00.000|LEG2FLOWACCRUALENDDATE|2010-07-07 00:00:00.000|LEG2FLOWFXFIXINGDATE|2010-07-02 00:00:00.000|LEG2FLOWFIXINGDATE|2010-01-07 00:00:00.000|LEG2FLOWSTUBTENORDATE1||LEG2FLOWSTUBTENORDATE2||LEG2FLOWTYPE||BARRIERDATE||UPBARRIER||LOWBARRIER||FIXEDDATE||FIXEDAMOUNT||FLOATINGDATE||FLOATINGSETDATE||FLOATINGSET||FLOATINGAMOUNT||LEG1FLOWSTUBYN||LEG2FLOWSTUBYN|N|LEG1FLOWSTUBTENOR1||LEG1FLOWSTUBTENOR2||LEG2FLOWSTUBTENOR1||LEG2FLOWSTUBTENOR2||LEG1DAYCOUNT||LEG2DAYCOUNT||LEG1FLOWEDITEDYN||LEG2FLOWEDITEDYN|N|FLOWPAYMENTDATE|2011-01-07 00:00:00.000|FLOWEDITEDYN|N|LEG1FLOWID|4|LEG1FLOWDATESEDITEDYN||LEG1FLOWPAYMENTDATE|2011-01-07 00:00:00.000|LEG1FLOWNOTIONAL|-650000000|LEG1FLOWMULTIPLIER|0|LEG1FLOWSPREAD|0.0435|LEG1FLOWEXTRAPAYMENT|0|LEG1FLOWAVERAGINGSTYLE||LEG1FLOWLOOKFREQUENCY||LEG1FLOWRATETERM||LEG1FLOWFXFIXING||LEG1FLOWFIXING||LEG1FLOWDAYCOUNT|0.504109589041|LEG1FLOWACCRUALSTARTDATE|2010-07-07 00:00:00.000|LEG1FLOWACCRUALENDDATE|2011-01-07 00:00:00.000|LEG1FLOWFXFIXINGDATE|2011-01-05 00:00:00.000|LEG1FLOWFIXINGDATE|2010-07-02 00:00:00.000|LEG1FLOWSTUBTENORDATE1||LEG1FLOWSTUBTENORDATE2||LEG1FLOWTYPE||LEG2FLOWID||LEG2FLOWDATESEDITEDYN||LEG2FLOWPAYMENTDATE||LEG2FLOWNOTIONAL||LEG2FLOWMULTIPLIER||LEG2FLOWSPREAD||LEG2FLOWEXTRAPAYMENT||LEG2FLOWAVERAGINGSTYLE||LEG2FLOWLOOKFREQUENCY||LEG2FLOWRATETERM||LEG2FLOWFXFIXING||LEG2FLOWFIXING||LEG2FLOWDAYCOUNT||LEG2FLOWACCRUALSTARTDATE||LEG2FLOWACCRUALENDDATE||LEG2FLOWFXFIXINGDATE||LEG2FLOWFIXINGDATE||LEG2FLOWSTUBTENORDATE1||LEG2FLOWSTUBTENORDATE2||LEG2FLOWTYPE||BARRIERDATE||UPBARRIER||LOWBARRIER||FIXEDDATE||FIXEDAMOUNT||FLOATINGDATE||FLOATINGSETDATE||FLOATINGSET||FLOATINGAMOUNT||LEG1FLOWSTUBYN|N|LEG2FLOWSTUBYN||LEG1FLOWSTUBTENOR1||LEG1FLOWSTUBTENOR2||LEG2FLOWSTUBTENOR1||LEG2FLOWSTUBTENOR2||LEG1DAYCOUNT||LEG2DAYCOUNT||LEG1FLOWEDITEDYN|N|LEG2FLOWEDITEDYN||FLOWPAYMENTDATE|2011-01-07 00:00:00.000|FLOWEDITEDYN|N|LEG1FLOWID||LEG1FLOWDATESEDITEDYN||LEG1FLOWPAYMENTDATE||LEG1FLOWNOTIONAL||LEG1FLOWMULTIPLIER||LEG1FLOWSPREAD||LEG1FLOWEXTRAPAYMENT||LEG1FLOWAVERAGINGSTYLE||LEG1FLOWLOOKFREQUENCY||LEG1FLOWRATETERM||LEG1FLOWFXFIXING||LEG1FLOWFIXING||LEG1FLOWDAYCOUNT||LEG1FLOWACCRUALSTARTDATE||LEG1FLOWACCRUALENDDATE||LEG1FLOWFXFIXINGDATE||LEG1FLOWFIXINGDATE||LEG1FLOWSTUBTENORDATE1||LEG1FLOWSTUBTENORDATE2||LEG1FLOWTYPE||LEG2FLOWID|4|LEG2FLOWDATESEDITEDYN||LEG2FLOWPAYMENTDATE|2011-01-07 00:00:00.000|LEG2FLOWNOTIONAL|650000000|LEG2FLOWMULTIPLIER|1|LEG2FLOWSPREAD|0|LEG2FLOWEXTRAPAYMENT|0|LEG2FLOWAVERAGINGSTYLE|EONIA|LEG2FLOWLOOKFREQUENCY|1B|LEG2FLOWRATETERM|1B|LEG2FLOWFXFIXING||LEG2FLOWFIXING|0.0538189|LEG2FLOWDAYCOUNT|0.504109589041|LEG2FLOWACCRUALSTARTDATE|2010-07-07 00:00:00.000|LEG2FLOWACCRUALENDDATE|2011-01-07 00:00:00.000|LEG2FLOWFXFIXINGDATE|2011-01-05 00:00:00.000|LEG2FLOWFIXINGDATE|2010-07-07 00:00:00.000|LEG2FLOWSTUBTENORDATE1||LEG2FLOWSTUBTENORDATE2||LEG2FLOWTYPE||BARRIERDATE||UPBARRIER||LOWBARRIER||FIXEDDATE||FIXEDAMOUNT||FLOATINGDATE||FLOATINGSETDATE||FLOATINGSET||FLOATINGAMOUNT||LEG1FLOWSTUBYN||LEG2FLOWSTUBYN|N|LEG1FLOWSTUBTENOR1||LEG1FLOWSTUBTENOR2||LEG2FLOWSTUBTENOR1||LEG2FLOWSTUBTENOR2||LEG1DAYCOUNT||LEG2DAYCOUNT||LEG1FLOWEDITEDYN||LEG2FLOWEDITEDYN|N|FLOWPAYMENTDATE|2011-07-07 00:00:00.000|FLOWEDITEDYN|N|LEG1FLOWID|5|LEG1FLOWDATESEDITEDYN||LEG1FLOWPAYMENTDATE|2011-07-07 00:00:00.000|LEG1FLOWNOTIONAL|-650000000|LEG1FLOWMULTIPLIER|0|LEG1FLOWSPREAD|0.0435|LEG1FLOWEXTRAPAYMENT|0|LEG1FLOWAVERAGINGSTYLE||LEG1FLOWLOOKFREQUENCY||LEG1FLOWRATETERM||LEG1FLOWFXFIXING||LEG1FLOWFIXING||LEG1FLOWDAYCOUNT|0.495890410959|LEG1FLOWACCRUALSTARTDATE|2011-01-07 00:00:00.000|LEG1FLOWACCRUALENDDATE|2011-07-07 00:00:00.000|LEG1FLOWFXFIXINGDATE|2011-07-05 00:00:00.000|LEG1FLOWFIXINGDATE|2011-01-05 00:00:00.000|LEG1FLOWSTUBTENORDATE1||LEG1FLOWSTUBTENORDATE2||LEG1FLOWTYPE||LEG2FLOWID||LEG2FLOWDATESEDITEDYN||LEG2FLOWPAYMENTDATE||LEG2FLOWNOTIONAL||LEG2FLOWMULTIPLIER||LEG2FLOWSPREAD||LEG2FLOWEXTRAPAYMENT||LEG2FLOWAVERAGINGSTYLE||LEG2FLOWLOOKFREQUENCY||LEG2FLOWRATETERM||LEG2FLOWFXFIXING||LEG2FLOWFIXING||LEG2FLOWDAYCOUNT||LEG2FLOWACCRUALSTARTDATE||LEG2FLOWACCRUALENDDATE||LEG2FLOWFXFIXINGDATE||LEG2FLOWFIXINGDATE||LEG2FLOWSTUBTENORDATE1||LEG2FLOWSTUBTENORDATE2||LEG2FLOWTYPE||BARRIERDATE||UPBARRIER||LOWBARRIER||FIXEDDATE||FIXEDAMOUNT||FLOATINGDATE||FLOATINGSETDATE||FLOATINGSET||FLOATINGAMOUNT||LEG1FLOWSTUBYN|N|LEG2FLOWSTUBYN||LEG1FLOWSTUBTENOR1||LEG1FLOWSTUBTENOR2||LEG2FLOWSTUBTENOR1||LEG2FLOWSTUBTENOR2||LEG1DAYCOUNT||LEG2DAYCOUNT||LEG1FLOWEDITEDYN|N|LEG2FLOWEDITEDYN||FLOWPAYMENTDATE|2011-07-07 00:00:00.000|FLOWEDITEDYN|N|LEG1FLOWID||LEG1FLOWDATESEDITEDYN||LEG1FLOWPAYMENTDATE||LEG1FLOWNOTIONAL||LEG1FLOWMULTIPLIER||LEG1FLOWSPREAD||LEG1FLOWEXTRAPAYMENT||LEG1FLOWAVERAGINGSTYLE||LEG1FLOWLOOKFREQUENCY||LEG1FLOWRATETERM||LEG1FLOWFXFIXING||LEG1FLOWFIXING||LEG1FLOWDAYCOUNT||LEG1FLOWACCRUALSTARTDATE||LEG1FLOWACCRUALENDDATE||LEG1FLOWFXFIXINGDATE||LEG1FLOWFIXINGDATE||LEG1FLOWSTUBTENORDATE1||LEG1FLOWSTUBTENORDATE2||LEG1FLOWTYPE||LEG2FLOWID|5|LEG2FLOWDATESEDITEDYN||LEG2FLOWPAYMENTDATE|2011-07-07 00:00:00.000|LEG2FLOWNOTIONAL|650000000|LEG2FLOWMULTIPLIER|1|LEG2FLOWSPREAD|0|LEG2FLOWEXTRAPAYMENT|0|LEG2FLOWAVERAGINGSTYLE|EONIA|LEG2FLOWLOOKFREQUENCY|1B|LEG2FLOWRATETERM|1B|LEG2FLOWFXFIXING||LEG2FLOWFIXING||LEG2FLOWDAYCOUNT|0.495890410959|LEG2FLOWACCRUALSTARTDATE|2011-01-07 00:00:00.000|LEG2FLOWACCRUALENDDATE|2011-07-07 00:00:00.000|LEG2FLOWFXFIXINGDATE|2011-07-05 00:00:00.000|LEG2FLOWFIXINGDATE|2011-01-07 00:00:00.000|LEG2FLOWSTUBTENORDATE1||LEG2FLOWSTUBTENORDATE2||LEG2FLOWTYPE||BARRIERDATE||UPBARRIER||LOWBARRIER||FIXEDDATE||FIXEDAMOUNT||FLOATINGDATE||FLOATINGSETDATE||FLOATINGSET||FLOATINGAMOUNT||LEG1FLOWSTUBYN||LEG2FLOWSTUBYN|N|LEG1FLOWSTUBTENOR1||LEG1FLOWSTUBTENOR2||LEG2FLOWSTUBTENOR1||LEG2FLOWSTUBTENOR2||LEG1DAYCOUNT||LEG2DAYCOUNT||LEG1FLOWEDITEDYN||LEG2FLOWEDITEDYN|N|FLOWPAYMENTDATE|2012-01-09 00:00:00.000|FLOWEDITEDYN|N|LEG1FLOWID|6|LEG1FLOWDATESEDITEDYN||LEG1FLOWPAYMENTDATE|2012-01-09 00:00:00.000|LEG1FLOWNOTIONAL|-650000000|LEG1FLOWMULTIPLIER|0|LEG1FLOWSPREAD|0.0435|LEG1FLOWEXTRAPAYMENT|0|LEG1FLOWAVERAGINGSTYLE||LEG1FLOWLOOKFREQUENCY||LEG1FLOWRATETERM||LEG1FLOWFXFIXING||LEG1FLOWFIXING||LEG1FLOWDAYCOUNT|0.509589041096|LEG1FLOWACCRUALSTARTDATE|2011-07-07 00:00:00.000|LEG1FLOWACCRUALENDDATE|2012-01-09 00:00:00.000|LEG1FLOWFXFIXINGDATE|2012-01-05 00:00:00.000|LEG1FLOWFIXINGDATE|2011-07-05 00:00:00.000|LEG1FLOWSTUBTENORDATE1||LEG1FLOWSTUBTENORDATE2||LEG1FLOWTYPE||LEG2FLOWID||LEG2FLOWDATESEDITEDYN||LEG2FLOWPAYMENTDATE||LEG2FLOWNOTIONAL||LEG2FLOWMULTIPLIER||LEG2FLOWSPREAD||LEG2FLOWEXTRAPAYMENT||LEG2FLOWAVERAGINGSTYLE||LEG2FLOWLOOKFREQUENCY||LEG2FLOWRATETERM||LEG2FLOWFXFIXING||LEG2FLOWFIXING||LEG2FLOWDAYCOUNT||LEG2FLOWACCRUALSTARTDATE||LEG2FLOWACCRUALENDDATE||LEG2FLOWFXFIXINGDATE||LEG2FLOWFIXINGDATE||LEG2FLOWSTUBTENORDATE1||LEG2FLOWSTUBTENORDATE2||LEG2FLOWTYPE||BARRIERDATE||UPBARRIER||LOWBARRIER||FIXEDDATE||FIXEDAMOUNT||FLOATINGDATE||FLOATINGSETDATE||FLOATINGSET||FLOATINGAMOUNT||LEG1FLOWSTUBYN|N|LEG2FLOWSTUBYN||LEG1FLOWSTUBTENOR1||LEG1FLOWSTUBTENOR2||LEG2FLOWSTUBTENOR1||LEG2FLOWSTUBTENOR2||LEG1DAYCOUNT||LEG2DAYCOUNT||LEG1FLOWEDITEDYN|N|LEG2FLOWEDITEDYN||FLOWPAYMENTDATE|2012-01-09 00:00:00.000|FLOWEDITEDYN|N|LEG1FLOWID||LEG1FLOWDATESEDITEDYN||LEG1FLOWPAYMENTDATE||LEG1FLOWNOTIONAL||LEG1FLOWMULTIPLIER||LEG1FLOWSPREAD||LEG1FLOWEXTRAPAYMENT||LEG1FLOWAVERAGINGSTYLE||LEG1FLOWLOOKFREQUENCY||LEG1FLOWRATETERM||LEG1FLOWFXFIXING||LEG1FLOWFIXING||LEG1FLOWDAYCOUNT||LEG1FLOWACCRUALSTARTDATE||LEG1FLOWACCRUALENDDATE||LEG1FLOWFXFIXINGDATE||LEG1FLOWFIXINGDATE||LEG1FLOWSTUBTENORDATE1||LEG1FLOWSTUBTENORDATE2||LEG1FLOWTYPE||LEG2FLOWID|6|LEG2FLOWDATESEDITEDYN||LEG2FLOWPAYMENTDATE|2012-01-09 00:00:00.000|LEG2FLOWNOTIONAL|650000000|LEG2FLOWMULTIPLIER|1|LEG2FLOWSPREAD|0|LEG2FLOWEXTRAPAYMENT|0|LEG2FLOWAVERAGINGSTYLE|EONIA|LEG2FLOWLOOKFREQUENCY|1B|LEG2FLOWRATETERM|1B|LEG2FLOWFXFIXING||LEG2FLOWFIXING||LEG2FLOWDAYCOUNT|0.509589041096|LEG2FLOWACCRUALSTARTDATE|2011-07-07 00:00:00.000|LEG2FLOWACCRUALENDDATE|2012-01-09 00:00:00.000|LEG2FLOWFXFIXINGDATE|2012-01-05 00:00:00.000|LEG2FLOWFIXINGDATE|2011-07-07 00:00:00.000|LEG2FLOWSTUBTENORDATE1||LEG2FLOWSTUBTENORDATE2||LEG2FLOWTYPE||BARRIERDATE||UPBARRIER||LOWBARRIER||FIXEDDATE||FIXEDAMOUNT||FLOATINGDATE||FLOATINGSETDATE||FLOATINGSET||FLOATINGAMOUNT||LEG1FLOWSTUBYN||LEG2FLOWSTUBYN|N|LEG1FLOWSTUBTENOR1||LEG1FLOWSTUBTENOR2||LEG2FLOWSTUBTENOR1||LEG2FLOWSTUBTENOR2||LEG1DAYCOUNT||LEG2DAYCOUNT||LEG1FLOWEDITEDYN||LEG2FLOWEDITEDYN|N|FLOWPAYMENTDATE|2012-07-09 00:00:00.000|FLOWEDITEDYN|N|LEG1FLOWID|7|LEG1FLOWDATESEDITEDYN||LEG1FLOWPAYMENTDATE|2012-07-09 00:00:00.000|LEG1FLOWNOTIONAL|-650000000|LEG1FLOWMULTIPLIER|0|LEG1FLOWSPREAD|0.0435|LEG1FLOWEXTRAPAYMENT|0|LEG1FLOWAVERAGINGSTYLE||LEG1FLOWLOOKFREQUENCY||LEG1FLOWRATETERM||LEG1FLOWFXFIXING||LEG1FLOWFIXING||LEG1FLOWDAYCOUNT|0.498630136986|LEG1FLOWACCRUALSTARTDATE|2012-01-09 00:00:00.000|LEG1FLOWACCRUALENDDATE|2012-07-09 00:00:00.000|LEG1FLOWFXFIXINGDATE|2012-07-05 00:00:00.000|LEG1FLOWFIXINGDATE|2012-01-05 00:00:00.000|LEG1FLOWSTUBTENORDATE1||LEG1FLOWSTUBTENORDATE2||LEG1FLOWTYPE||LEG2FLOWID||LEG2FLOWDATESEDITEDYN||LEG2FLOWPAYMENTDATE||LEG2FLOWNOTIONAL||LEG2FLOWMULTIPLIER||LEG2FLOWSPREAD||LEG2FLOWEXTRAPAYMENT||LEG2FLOWAVERAGINGSTYLE||LEG2FLOWLOOKFREQUENCY||LEG2FLOWRATETERM||LEG2FLOWFXFIXING||LEG2FLOWFIXING||LEG2FLOWDAYCOUNT||LEG2FLOWACCRUALSTARTDATE||LEG2FLOWACCRUALENDDATE||LEG2FLOWFXFIXINGDATE||LEG2FLOWFIXINGDATE||LEG2FLOWSTUBTENORDATE1||LEG2FLOWSTUBTENORDATE2||LEG2FLOWTYPE||BARRIERDATE||UPBARRIER||LOWBARRIER||FIXEDDATE||FIXEDAMOUNT||FLOATINGDATE||FLOATINGSETDATE||FLOATINGSET||FLOATINGAMOUNT||LEG1FLOWSTUBYN|N|LEG2FLOWSTUBYN||LEG1FLOWSTUBTENOR1||LEG1FLOWSTUBTENOR2||LEG2FLOWSTUBTENOR1||LEG2FLOWSTUBTENOR2||LEG1DAYCOUNT||LEG2DAYCOUNT||LEG1FLOWEDITEDYN|N|LEG2FLOWEDITEDYN||FLOWPAYMENTDATE|2012-07-09 00:00:00.000|FLOWEDITEDYN|N|LEG1FLOWID||LEG1FLOWDATESEDITEDYN||LEG1FLOWPAYMENTDATE||LEG1FLOWNOTIONAL||LEG1FLOWMULTIPLIER||LEG1FLOWSPREAD||LEG1FLOWEXTRAPAYMENT||LEG1FLOWAVERAGINGSTYLE||LEG1FLOWLOOKFREQUENCY||LEG1FLOWRATETERM||LEG1FLOWFXFIXING||LEG1FLOWFIXING||LEG1FLOWDAYCOUNT||LEG1FLOWACCRUALSTARTDATE||LEG1FLOWACCRUALENDDATE||LEG1FLOWFXFIXINGDATE||LEG1FLOWFIXINGDATE||LEG1FLOWSTUBTENORDATE1||LEG1FLOWSTUBTENORDATE2||LEG1FLOWTYPE||LEG2FLOWID|7|LEG2FLOWDATESEDITEDYN||LEG2FLOWPAYMENTDATE|2012-07-09 00:00:00.000|LEG2FLOWNOTIONAL|650000000|LEG2FLOWMULTIPLIER|1|LEG2FLOWSPREAD|0|LEG2FLOWEXTRAPAYMENT|0|LEG2FLOWAVERAGINGSTYLE|EONIA|LEG2FLOWLOOKFREQUENCY|1B|LEG2FLOWRATETERM|1B|LEG2FLOWFXFIXING||LEG2FLOWFIXING||LEG2FLOWDAYCOUNT|0.498630136986|LEG2FLOWACCRUALSTARTDATE|2012-01-09 00:00:00.000|LEG2FLOWACCRUALENDDATE|2012-07-09 00:00:00.000|LEG2FLOWFXFIXINGDATE|2012-07-05 00:00:00.000|LEG2FLOWFIXINGDATE|2012-01-09 00:00:00.000|LEG2FLOWSTUBTENORDATE1||LEG2FLOWSTUBTENORDATE2||LEG2FLOWTYPE||BARRIERDATE||UPBARRIER||LOWBARRIER||FIXEDDATE||FIXEDAMOUNT||FLOATINGDATE||FLOATINGSETDATE||FLOATINGSET||FLOATINGAMOUNT||LEG1FLOWSTUBYN||LEG2FLOWSTUBYN|N|LEG1FLOWSTUBTENOR1||LEG1FLOWSTUBTENOR2||LEG2FLOWSTUBTENOR1||LEG2FLOWSTUBTENOR2||LEG1DAYCOUNT||LEG2DAYCOUNT||LEG1FLOWEDITEDYN||LEG2FLOWEDITEDYN|N|FLOWPAYMENTDATE|2013-01-07 00:00:00.000|FLOWEDITEDYN|N|LEG1FLOWID|8|LEG1FLOWDATESEDITEDYN||LEG1FLOWPAYMENTDATE|2013-01-07 00:00:00.000|LEG1FLOWNOTIONAL|-650000000|LEG1FLOWMULTIPLIER|0|LEG1FLOWSPREAD|0.0435|LEG1FLOWEXTRAPAYMENT|0|LEG1FLOWAVERAGINGSTYLE||LEG1FLOWLOOKFREQUENCY||LEG1FLOWRATETERM||LEG1FLOWFXFIXING||LEG1FLOWFIXING||LEG1FLOWDAYCOUNT|0.498630136986|LEG1FLOWACCRUALSTARTDATE|2012-07-09 00:00:00.000|LEG1FLOWACCRUALENDDATE|2013-01-07 00:00:00.000|LEG1FLOWFXFIXINGDATE|2013-01-03 00:00:00.000|LEG1FLOWFIXINGDATE|2012-07-05 00:00:00.000|LEG1FLOWSTUBTENORDATE1||LEG1FLOWSTUBTENORDATE2||LEG1FLOWTYPE||LEG2FLOWID||LEG2FLOWDATESEDITEDYN||LEG2FLOWPAYMENTDATE||LEG2FLOWNOTIONAL||LEG2FLOWMULTIPLIER||LEG2FLOWSPREAD||LEG2FLOWEXTRAPAYMENT||LEG2FLOWAVERAGINGSTYLE||LEG2FLOWLOOKFREQUENCY||LEG2FLOWRATETERM||LEG2FLOWFXFIXING||LEG2FLOWFIXING||LEG2FLOWDAYCOUNT||LEG2FLOWACCRUALSTARTDATE||LEG2FLOWACCRUALENDDATE||LEG2FLOWFXFIXINGDATE||LEG2FLOWFIXINGDATE||LEG2FLOWSTUBTENORDATE1||LEG2FLOWSTUBTENORDATE2||LEG2FLOWTYPE||BARRIERDATE||UPBARRIER||LOWBARRIER||FIXEDDATE||FIXEDAMOUNT||FLOATINGDATE||FLOATINGSETDATE||FLOATINGSET||FLOATINGAMOUNT||LEG1FLOWSTUBYN|N|LEG2FLOWSTUBYN||LEG1FLOWSTUBTENOR1||LEG1FLOWSTUBTENOR2||LEG2FLOWSTUBTENOR1||LEG2FLOWSTUBTENOR2||LEG1DAYCOUNT||LEG2DAYCOUNT||LEG1FLOWEDITEDYN|N|LEG2FLOWEDITEDYN||FLOWPAYMENTDATE|2013-01-07 00:00:00.000|FLOWEDITEDYN|N|LEG1FLOWID||LEG1FLOWDATESEDITEDYN||LEG1FLOWPAYMENTDATE||LEG1FLOWNOTIONAL||LEG1FLOWMULTIPLIER||LEG1FLOWSPREAD||LEG1FLOWEXTRAPAYMENT||LEG1FLOWAVERAGINGSTYLE||LEG1FLOWLOOKFREQUENCY||LEG1FLOWRATETERM||LEG1FLOWFXFIXING||LEG1FLOWFIXING||LEG1FLOWDAYCOUNT||LEG1FLOWACCRUALSTARTDATE||LEG1FLOWACCRUALENDDATE||LEG1FLOWFXFIXINGDATE||LEG1FLOWFIXINGDATE||LEG1FLOWSTUBTENORDATE1||LEG1FLOWSTUBTENORDATE2||LEG1FLOWTYPE||LEG2FLOWID|8|LEG2FLOWDATESEDITEDYN||LEG2FLOWPAYMENTDATE|2013-01-07 00:00:00.000|LEG2FLOWNOTIONAL|650000000|LEG2FLOWMULTIPLIER|1|LEG2FLOWSPREAD|0|LEG2FLOWEXTRAPAYMENT|0|LEG2FLOWAVERAGINGSTYLE|EONIA|LEG2FLOWLOOKFREQUENCY|1B|LEG2FLOWRATETERM|1B|LEG2FLOWFXFIXING||LEG2FLOWFIXING||LEG2FLOWDAYCOUNT|0.498630136986|LEG2FLOWACCRUALSTARTDATE|2012-07-09 00:00:00.000|LEG2FLOWACCRUALENDDATE|2013-01-07 00:00:00.000|LEG2FLOWFXFIXINGDATE|2013-01-03 00:00:00.000|LEG2FLOWFIXINGDATE|2012-07-09 00:00:00.000|LEG2FLOWSTUBTENORDATE1||LEG2FLOWSTUBTENORDATE2||LEG2FLOWTYPE||BARRIERDATE||UPBARRIER||LOWBARRIER||FIXEDDATE||FIXEDAMOUNT||FLOATINGDATE||FLOATINGSETDATE||FLOATINGSET||FLOATINGAMOUNT||LEG1FLOWSTUBYN||LEG2FLOWSTUBYN|N|LEG1FLOWSTUBTENOR1||LEG1FLOWSTUBTENOR2||LEG2FLOWSTUBTENOR1||LEG2FLOWSTUBTENOR2||LEG1DAYCOUNT||LEG2DAYCOUNT||LEG1FLOWEDITEDYN||LEG2FLOWEDITEDYN|N|BOOK_CPTY_CDRMNEMONIC|DTCH L  3HQ|PROFIT_CENTRE|SNG0|BOOKBRANCHPARENT|Management|HIGH_LEVEL_CPTY_CDRMNEMONIC|DTCH L|HIGH_LEVEL_BOOK_CPTY_CDRM|DTCH L|BOOK_CPYT_SRC_SYSTEM|RMS|SUBBRANCH|SNG|CPTY_CDRMNEMONIC|DTCH L  6WO|AMI_CODE|0840|BOOK_CPTY|NDINR|PUBLICATIONTIME|2010-09-24 15:58:17.843|DBLEGALENTITY|London|ISLIVEYN|Y</Text>
</Message>
