<?xml version="1.0" encoding="UTF-8"?>
<Message>
    <SystemInfo>
        <JMSDestination>Topic[exodus.pipe.demo]</JMSDestination>
        <JMSReplyTo/>
        <JMSDeliveryMode>2</JMSDeliveryMode>
        <JMSRedelivered>false</JMSRedelivered>
        <JMSCorrelationID>null</JMSCorrelationID>
        <JMSType>null</JMSType>
        <JMSTimestamp>1285343840869</JMSTimestamp>
        <JMSExpiration>0</JMSExpiration>
        <JMSPriority>4</JMSPriority>
    </SystemInfo>
    <ApplicationInfo>
        <SYSTEMID>307362823</SYSTEMID>
        <TRADEGROUP>INTERESTRATEFUTURE</TRADEGROUP>
        <VERSION>1</VERSION>
        <COUNTERPARTY>SDFX</COUNTERPARTY>
        <MESSAGE_TYPE>RMS_TRADE</MESSAGE_TYPE>
        <TRADETYPE>OvernightIndexFuture</TRADETYPE>
        <BOOK>SYFAUUS</BOOK>
        <ACTION>New</ACTION>
        <STATUS>Open</STATUS>
    </ApplicationInfo>
    <Text>SYSTEMID|307362823|TRADETYPE|OvernightIndexFuture|TRADEID|174109491B|SOURCESYSTEM|ABFO|BOOK|SYFAUUS|BLOTTER||COUNTERPARTY|SDFX|COUNTERPARTYSOURCESYSTEM|RMS|COUNTERPARTYNAME|SYDNEY FUTURES EXCHANGE|DBICOUNTERPARTYID||CUSTOMER|SDFX|CUSTOMERSOURCESYSTEM|RMS|STATUS|Open|CURRENCY|AUD|CONTRACTCURRENCY|AUD|NUMBEROFCONTRACTS|-1000|NOTIONAL||FUTURESEXPIRYDATE|2010-08-01 00:00:00.000|FUTURESPRICEPAID|95.505|FUTURESMATURITYDATE||FUTURECODE|AU30DT_SFE|CALCULATEDEXPIRYDATE||CP||EXPIRYDATE||OPTIONEXPIRYDATE||STRIKE||SETTLEMENTDATE||OPTIONPRICEPAID||ZONECUT||MODELTYPE||ASSETLOCATION||PREMIUMCURRENCY||PREMIUMAMOUNT||PREMIUMDATE||PREMIUMHASPAIDYN||UNWINDRATE||UNWINDPREMIUMCURRENCY||UNWINDPREMIUMAMOUNT||UNWINDPREMIUMDATE||MARGINPAYMENTCURRENCY||MARGINPAYMENTAMOUNT||PRODUCTID|299268981|PRODUCTVERSION|1|PRODUCTLEGID||STRUCTUREID|174109491|TRADEDATE|2010-08-24 00:00:00.000|LASTUPDATED|2010-08-25 06:33:30.000|ACTION|New|ACTIONEFFECTIVEDATE|2010-08-25 00:00:00.000|SOURCESYSTEMBOOK|SYFAUUS|SOURCESYSTEMPROFITCENTRE||SALESPERSON||TRADER|JAMES.CLARKE@DB.COM|ENTEREDBY|ABFO2RMSFEED|FUNDSPLITID||FUNDSPLITVERSION||STRUCTURENAME||MARKUPAMT||MARKUPCCY||MARKUPLOCATION||ATRISKAMT||ATRISKCCY||ATRISKLOCATION||ATRISKINDICATOR||REASON||NOTES|Comments:-|BROKER|DBMG|BROKERAMT||BROKERCCY||LINKSYSTEMID||LINKTYPE||SOURCESYSTEMID|ABFOLDN:745531|DATECREATED|2010-08-25 06:33:30.000|CONFIRMAS||VERSION|1|CANCELSSOURCESYSTEMID||CANCELLEDBYSOURCESYSTEMID||CANCELLINGHALFSOURCESYSTEMID||CORRECTSSOURCESYSTEMID||CORRECTEDBYSOURCESYSTEMID||CLOSESSOURCESYSTEMID||CLOSEDBYSOURCESYSTEMID||EXERCISEDINTOSOURCESYSTEMID||EXERCISEDFROMSOURCESYSTEMID||LATESTVERSIONYN|N|CLOSINGDATE||LEGALENTITY|London|DEALCAPTURESYSTEM|ABFO2RMSFeed|DEALCAPTURESYSTEMID|ABFOLDN:745531:1:2|BOOKINGLOCATION|London|PRODUCTTYPE||PRODUCTINSTANCE||BACKOFFICESYSTEM||BACKOFFICESYSTEMID||VERSIONVALIDUNTILDATE|2010-09-01 03:28:43.000|TRADEEXTRADETAILID||TRADEEXTRADETAILVERSION||TRADECLASSIFICATION||DEALCAPTURESALESUSER||FUNDSPLITALLOCATIONID||FUNDSPLITALLOCATIONLEGID||FUTURESRATEPAID||TEARUPID||ELECTEDCONFIRMATIONSYSTEM|///|ELECTEDCONFIRMATIONRULEID|87|PREVIOUSCONFIRMATIONSYSTEM|NNN|ELECTEDSETTLEMENTSYSTEM|///|ELECTEDSETTLEMENTRULEID|87|PREVIOUSSETTLEMENTSYSTEM|NNN|BACKOFFICEPROCESSING||CALCULATIONAGENT|DB|CLOSEDBY_PRODUCTID||CLOSES_PRODUCTID||LINK_PRODUCTID||PRODUCTTYPEID|INTERNAL|FOEXPIRYDATE|2010-08-01 00:00:00.000|FOPRICEPAID|95.505|ACCCURRENCY||BACKOFFICEACCEPTED||BACKOFFICEENDDATE||BACKOFFICEEVENT||BACKOFFICEBRANCHACCEPTED||BACKOFFICEBRANCHEVENT||TRADETABLE|INTERESTRATEFUTURE|USERENTEREDTRADEDATE||LOGICALDELETEYN|N|FUTSELECTOPTSETTLEMENT||FUTSELECTZONECUT||FUTURETYPE|OvernightIndexFuture|FUTURESUBTYPE|Future.OvernightIndex|FUTURESHORTCODE|YIB|ORDERFIELD|0|EXCHANGE|SFE|DESCRIPTION|30 day Interbank Cash Rate|UNDERCURRENCY||CURRENCYMEASUREMENTUNIT||CONTRACTMEASUREMENTUNIT||MEASUREMENTUNITCONVERSION|1|CONTRACTSIZE|3000000|TICKSIZE|24.66|TICKVALUE|0.005|DECAYRATE|0|BASEVOL|0|MEANREVERSION|0|PRICECURVE||VOLCURVE||VOLBLEND|0|VOLPRICESHIFT|0|VOLSURFACE||WSSCONTRACTCODE|SIB|RRATESCONTRACTCODE||COUNTERPARTYID|SDFX|CONFIRMATIONUNIT||CONFIRMATIONSTATISTICSTATION||DATECALCULATIONRULE||COMPOSITIONTYPE||COMPOSITIONSOURCE||COMPOSITIONOPTION||COMPOSITIONWEIGHTING||SPOTCURVE||UNDERLYINGSPOTINDEXCURVE||RICCODE||FUTURESSELECTMAPYN|Y|FUTSELECTOPTTYPE|OvernightIndexFutureOpt|FUTSELECTPRICESCALAR|1|FUTSELECTDELIVERY|C|FUTSELECTFRACTSCALAR|100|FUTSELECTOPTPRICESCALAR|1|FUTSELECTOPTFRACTSCALAR|100|FIXRAW_CURRENCY|AUD|HIGH_LEVEL_CPTY_CDRMNEMONIC|DTCH L  M82|CPTY_CDRMNEMONIC|DTCH L  M82|BOOK_CPTY|SYFAUUS|BOOK_CPTY_CDRMNEMONIC|DTCH L  P32|PROFIT_CENTRE|FSY0|BOOKBRANCHPARENT|Forward|HIGH_LEVEL_BOOK_CPTY_CDRM|DTCH L|BOOK_CPYT_SRC_SYSTEM|RMS|SUBBRANCH|SYD|AMI_CODE|0840|PUBLICATIONTIME|2010-09-24 15:57:20.867|DBLEGALENTITY|London|ISLIVEYN|Y</Text>
</Message>
