<?xml version="1.0" encoding="UTF-8"?>
<Message>
    <SystemInfo>
        <JMSDestination>Topic[exodus.pipe.demo]</JMSDestination>
        <JMSReplyTo/>
        <JMSDeliveryMode>2</JMSDeliveryMode>
        <JMSRedelivered>false</JMSRedelivered>
        <JMSCorrelationID>null</JMSCorrelationID>
        <JMSType>null</JMSType>
        <JMSTimestamp>1285344062610</JMSTimestamp>
        <JMSExpiration>0</JMSExpiration>
        <JMSPriority>4</JMSPriority>
    </SystemInfo>
    <ApplicationInfo>
        <SYSTEMID>307974843</SYSTEMID>
        <TRADEGROUP>INTERESTRATEFUTURE</TRADEGROUP>
        <VERSION>1</VERSION>
        <COUNTERPARTY>CBOT</COUNTERPARTY>
        <MESSAGE_TYPE>RMS_TRADE</MESSAGE_TYPE>
        <TRADETYPE>OvernightIndexFutureOpt</TRADETYPE>
        <BOOK>LNMMDPROP2</BOOK>
        <ACTION>New</ACTION>
        <STATUS>Open</STATUS>
    </ApplicationInfo>
    <Text>SYSTEMID|307974843|TRADETYPE|OvernightIndexFutureOpt|TRADEID|174459264A|SOURCESYSTEM|RMS|BOOK|LNMMDPROP2|BLOTTER||COUNTERPARTY|CBOT|COUNTERPARTYSOURCESYSTEM|RMS|COUNTERPARTYNAME|CHICAGO BOARD OF TRADE|DBICOUNTERPARTYID||CUSTOMER|CBOT|CUSTOMERSOURCESYSTEM|RMS|STATUS|Open|CURRENCY|USD|CONTRACTCURRENCY|USD|NUMBEROFCONTRACTS|2000|NOTIONAL||FUTURESEXPIRYDATE|2010-11-01 00:00:00.000|FUTURESPRICEPAID||FUTURESMATURITYDATE||FUTURECODE|US30DT_CBT|CALCULATEDEXPIRYDATE||CP|C|EXPIRYDATE||OPTIONEXPIRYDATE|2010-11-01 00:00:00.000|STRIKE|99.875|SETTLEMENTDATE||OPTIONPRICEPAID|0.0075|ZONECUT||MODELTYPE||ASSETLOCATION||PREMIUMCURRENCY||PREMIUMAMOUNT||PREMIUMDATE||PREMIUMHASPAIDYN||UNWINDRATE||UNWINDPREMIUMCURRENCY||UNWINDPREMIUMAMOUNT||UNWINDPREMIUMDATE||MARGINPAYMENTCURRENCY||MARGINPAYMENTAMOUNT||PRODUCTID|299872544|PRODUCTVERSION|1|PRODUCTLEGID||STRUCTUREID|174459264|TRADEDATE|2010-08-26 00:00:00.000|LASTUPDATED|2010-08-26 23:49:49.000|ACTION|New|ACTIONEFFECTIVEDATE|2010-08-26 00:00:00.000|SOURCESYSTEMBOOK|LNMMDPROP2|SOURCESYSTEMPROFITCENTRE||SALESPERSON||TRADER||ENTEREDBY|EL_SUBSCRIBER|FUNDSPLITID||FUNDSPLITVERSION||STRUCTURENAME||MARKUPAMT||MARKUPCCY||MARKUPLOCATION||ATRISKAMT||ATRISKCCY||ATRISKLOCATION||ATRISKINDICATOR||REASON||NOTES|Broker:714L  |BROKER|DBMG|BROKERAMT||BROKERCCY||LINKSYSTEMID||LINKTYPE||SOURCESYSTEMID|EL20100826BL100R|DATECREATED|2010-08-26 23:49:49.000|CONFIRMAS||VERSION|1|CANCELSSOURCESYSTEMID||CANCELLEDBYSOURCESYSTEMID||CANCELLINGHALFSOURCESYSTEMID||CORRECTSSOURCESYSTEMID||CORRECTEDBYSOURCESYSTEMID||CLOSESSOURCESYSTEMID||CLOSEDBYSOURCESYSTEMID||EXERCISEDINTOSOURCESYSTEMID||EXERCISEDFROMSOURCESYSTEMID||LATESTVERSIONYN|Y|CLOSINGDATE||LEGALENTITY|London|DEALCAPTURESYSTEM|GMBus|DEALCAPTURESYSTEMID|EL20100826BL100R-1|BOOKINGLOCATION|London|PRODUCTTYPE||PRODUCTINSTANCE||BACKOFFICESYSTEM||BACKOFFICESYSTEMID||VERSIONVALIDUNTILDATE||TRADEEXTRADETAILID||TRADEEXTRADETAILVERSION||TRADECLASSIFICATION|1|DEALCAPTURESALESUSER||FUNDSPLITALLOCATIONID||FUNDSPLITALLOCATIONLEGID||FUTURESRATEPAID||TEARUPID||ELECTEDCONFIRMATIONSYSTEM|///|ELECTEDCONFIRMATIONRULEID|87|PREVIOUSCONFIRMATIONSYSTEM|NNN|ELECTEDSETTLEMENTSYSTEM|///|ELECTEDSETTLEMENTRULEID|87|PREVIOUSSETTLEMENTSYSTEM|NNN|BACKOFFICEPROCESSING||CALCULATIONAGENT|DB|CLOSEDBY_PRODUCTID||CLOSES_PRODUCTID||LINK_PRODUCTID||PRODUCTTYPEID|INTERNAL|FOEXPIRYDATE|2010-11-01 00:00:00.000|FOPRICEPAID|0.0075|ACCCURRENCY||BACKOFFICEACCEPTED||BACKOFFICEENDDATE||BACKOFFICEEVENT||BACKOFFICEBRANCHACCEPTED||BACKOFFICEBRANCHEVENT||TRADETABLE|INTERESTRATEFUTURE|USERENTEREDTRADEDATE||LOGICALDELETEYN|N|FUTSELECTOPTSETTLEMENT||FUTSELECTZONECUT||FUTURETYPE|OvernightIndexFuture|FUTURESUBTYPE|Future.OvernightIndex|FUTURESHORTCODE|FF|ORDERFIELD|1|EXCHANGE|CBOT|DESCRIPTION|30 day Federal Funds|UNDERCURRENCY||CURRENCYMEASUREMENTUNIT||CONTRACTMEASUREMENTUNIT||MEASUREMENTUNITCONVERSION|1|CONTRACTSIZE|5000000|TICKSIZE|41.6666666666667|TICKVALUE|0|DECAYRATE|0|BASEVOL|0|MEANREVERSION|0|PRICECURVE||VOLCURVE||VOLBLEND|0|VOLPRICESHIFT|0|VOLSURFACE||WSSCONTRACTCODE|CIN|RRATESCONTRACTCODE|CIN|COUNTERPARTYID|CBOT|CONFIRMATIONUNIT||CONFIRMATIONSTATISTICSTATION||DATECALCULATIONRULE||COMPOSITIONTYPE||COMPOSITIONSOURCE||COMPOSITIONOPTION||COMPOSITIONWEIGHTING||SPOTCURVE||UNDERLYINGSPOTINDEXCURVE||RICCODE||FUTURESSELECTMAPYN|Y|FUTSELECTOPTTYPE|OvernightIndexFutureOpt|FUTSELECTPRICESCALAR|1|FUTSELECTDELIVERY|C|FUTSELECTFRACTSCALAR|100|FUTSELECTOPTPRICESCALAR|1|FUTSELECTOPTFRACTSCALAR|100|FIXRAW_CURRENCY|USD|HIGH_LEVEL_CPTY_CDRMNEMONIC|DTCH L  M78|CPTY_CDRMNEMONIC|DTCH L  M78|BOOK_CPTY|LNMMDPROP2|BOOK_CPTY_CDRMNEMONIC|DTCH L  QA5|PROFIT_CENTRE|FRJ0|BOOKBRANCHPARENT|Non GFX Business|HIGH_LEVEL_BOOK_CPTY_CDRM|DTCH L|BOOK_CPYT_SRC_SYSTEM|RMS|SUBBRANCH|LDN|AMI_CODE|0840|PUBLICATIONTIME|2010-09-24 16:01:02.609|DBLEGALENTITY|London|ISLIVEYN|Y</Text>
</Message>
