<?xml version="1.0" encoding="UTF-8"?>
<Message>
    <SystemInfo>
        <JMSDestination>Topic[exodus.pipe.demo]</JMSDestination>
        <JMSReplyTo/>
        <JMSDeliveryMode>2</JMSDeliveryMode>
        <JMSRedelivered>false</JMSRedelivered>
        <JMSCorrelationID>null</JMSCorrelationID>
        <JMSType>null</JMSType>
        <JMSTimestamp>1285343845213</JMSTimestamp>
        <JMSExpiration>0</JMSExpiration>
        <JMSPriority>4</JMSPriority>
    </SystemInfo>
    <ApplicationInfo>
        <SYSTEMID>285380435</SYSTEMID>
        <TRADEGROUP>EXOTIC</TRADEGROUP>
        <VERSION>1</VERSION>
        <COUNTERPARTY>PBSELECT</COUNTERPARTY>
        <MESSAGE_TYPE>RMS_TRADE</MESSAGE_TYPE>
        <TRADETYPE>PBIMNote</TRADETYPE>
        <BOOK>NYPBCASH</BOOK>
        <ACTION>New</ACTION>
        <STATUS>Open</STATUS>
    </ApplicationInfo>
    <Text>SYSTEMID|285380435|TRADETYPE|PBIMNote|TRADEID|162767325A|SOURCESYSTEM|RMS|BOOK|NYPBCASH|BLOTTER||COUNTERPARTY|PBSELECT|COUNTERPARTYSOURCESYSTEM|RMS|COUNTERPARTYNAME|DEUTSCHE BANK AG AC PBSELECT|DBICOUNTERPARTYID||CUSTOMER|PBSELECT|CUSTOMERSOURCESYSTEM|RMS|STATUS|Open|SHOWINRMSYN|Y|SECTION|TradeDetails|ORDERFIELD|6|PRICINGSITE|Option|PARAMETERTEXT||PARAMETERNUMBER||PARAMETERDATE||PRODUCTID|277732785|PRODUCTVERSION|3|PRODUCTLEGID||STRUCTUREID|162767325|TRADEDATE|2010-06-01 00:00:00.000|LASTUPDATED|2010-06-02 00:34:24.000|ACTION|New|ACTIONEFFECTIVEDATE|2010-06-01 00:00:00.000|SOURCESYSTEMBOOK|NYPBCASH|SOURCESYSTEMPROFITCENTRE||SALESPERSON||TRADER||ENTEREDBY|LAWPHIL|FUNDSPLITID||FUNDSPLITVERSION||STRUCTURENAME||MARKUPAMT||MARKUPCCY||MARKUPLOCATION||ATRISKAMT||ATRISKCCY||ATRISKLOCATION||ATRISKINDICATOR||REASON||ASSETLOCATION||NOTES||BROKER||BROKERAMT||BROKERCCY||LINKSYSTEMID|285380436|LINKTYPE|BackToBackMaster|SOURCESYSTEMID|285380435|DATECREATED|2010-06-02 00:34:24.000|CONFIRMAS||VERSION|1|CANCELSSOURCESYSTEMID||CANCELLEDBYSOURCESYSTEMID||CANCELLINGHALFSOURCESYSTEMID||CORRECTSSOURCESYSTEMID||CORRECTEDBYSOURCESYSTEMID||CLOSESSOURCESYSTEMID||CLOSEDBYSOURCESYSTEMID||EXERCISEDINTOSOURCESYSTEMID||EXERCISEDFROMSOURCESYSTEMID||LATESTVERSIONYN|Y|CLOSINGDATE||LEGALENTITY|London|DEALCAPTURESYSTEM|RMS|DEALCAPTURESYSTEMID|285380435|BOOKINGLOCATION|London|PRODUCTTYPE||PRODUCTINSTANCE||BACKOFFICESYSTEM||BACKOFFICESYSTEMID||VERSIONVALIDUNTILDATE||TRADEEXTRADETAILID|0|TRADEEXTRADETAILVERSION|0|TRADECLASSIFICATION|1|DEALCAPTURESALESUSER|RMS_LAWPHIL|FUNDSPLITALLOCATIONID||FUNDSPLITALLOCATIONLEGID||TEARUPID||ELECTEDCONFIRMATIONSYSTEM|///|ELECTEDCONFIRMATIONRULEID|71|PREVIOUSCONFIRMATIONSYSTEM|NNN|ELECTEDSETTLEMENTSYSTEM|///|ELECTEDSETTLEMENTRULEID|71|PREVIOUSSETTLEMENTSYSTEM|NNN|BACKOFFICEPROCESSING|Standard|CALCULATIONAGENT|DB|CLOSEDBY_PRODUCTID|277732785|CLOSES_PRODUCTID|277732785|LINK_PRODUCTID|277732785|PRODUCTTYPEID|////|PREMIUMHASPAIDYN||UNWINDRATE||BACKOFFICEACCEPTED|N|BACKOFFICEENDDATE||BACKOFFICEEVENT||BACKOFFICEBRANCHACCEPTED||BACKOFFICEBRANCHEVENT||TRADETABLE|EXOTIC|USERENTEREDTRADEDATE||CURRENCY|USD|COUNTERPARTYLONGNAME|Boronia Capital PTY Limited|CPID|24452|DATEOFFXPBAGREEMENT|40282|ASSETLOCATION||KNOCKEDOUTDATE||FIXINGSCHEDULE|&lt;EMPTY&gt;|BOOK_CPTY_CDRMNEMONIC|DTCH L  AP2|PROFIT_CENTRE|FNY0|BOOKBRANCHPARENT|Prime Brokerage|HIGH_LEVEL_CPTY_CDRMNEMONIC|DTCH L|HIGH_LEVEL_BOOK_CPTY_CDRM|DTCH L|BOOK_CPYT_SRC_SYSTEM|RMS|SUBBRANCH|NYC|CPTY_CDRMNEMONIC|DTCH L  C8A|AMI_CODE|0840|BOOK_CPTY|NYPBCASH|PUBLICATIONTIME|2010-09-24 15:57:25.212|DBLEGALENTITY|London|ISLIVEYN|Y</Text>
</Message>
