<?xml version="1.0" encoding="UTF-8"?>
<Message>
    <SystemInfo>
        <JMSDestination>Topic[exodus.pipe.demo]</JMSDestination>
        <JMSReplyTo/>
        <JMSDeliveryMode>2</JMSDeliveryMode>
        <JMSRedelivered>false</JMSRedelivered>
        <JMSCorrelationID>null</JMSCorrelationID>
        <JMSType>null</JMSType>
        <JMSTimestamp>1285344021104</JMSTimestamp>
        <JMSExpiration>0</JMSExpiration>
        <JMSPriority>4</JMSPriority>
    </SystemInfo>
    <ApplicationInfo>
        <SYSTEMID>303602493</SYSTEMID>
        <TRADEGROUP>EXOTIC</TRADEGROUP>
        <VERSION>1</VERSION>
        <COUNTERPARTY>PBSELECT</COUNTERPARTY>
        <MESSAGE_TYPE>RMS_TRADE</MESSAGE_TYPE>
        <TRADETYPE>PBNote</TRADETYPE>
        <BOOK>NYPBCASH</BOOK>
        <ACTION>New</ACTION>
        <STATUS>Open</STATUS>
    </ApplicationInfo>
    <Text>SYSTEMID|303602493|TRADETYPE|PBNote|TRADEID|162767325AA|SOURCESYSTEM|RMS|BOOK|NYPBCASH|BLOTTER||COUNTERPARTY|PBSELECT|COUNTERPARTYSOURCESYSTEM|RMS|COUNTERPARTYNAME|DEUTSCHE BANK AG AC PBSELECT|DBICOUNTERPARTYID||CUSTOMER|PBSELECT|CUSTOMERSOURCESYSTEM|RMS|STATUS|Open|SHOWINRMSYN|Y|SECTION|TradeDetails|ORDERFIELD|14|PRICINGSITE|Option|PARAMETERTEXT||PARAMETERNUMBER||PARAMETERDATE||PRODUCTID|277732785|PRODUCTVERSION|1|PRODUCTLEGID||STRUCTUREID|162767325|TRADEDATE|2010-06-01 00:00:00.000|LASTUPDATED|2010-08-10 11:06:10.000|ACTION|New|ACTIONEFFECTIVEDATE|2010-08-10 00:00:00.000|SOURCESYSTEMBOOK|NYPBCASH|SOURCESYSTEMPROFITCENTRE||SALESPERSON||TRADER||ENTEREDBY|KENNLIM|FUNDSPLITID||FUNDSPLITVERSION||STRUCTURENAME||MARKUPAMT||MARKUPCCY||MARKUPLOCATION||ATRISKAMT||ATRISKCCY||ATRISKLOCATION||ATRISKINDICATOR||REASON||ASSETLOCATION||NOTES||BROKER||BROKERAMT||BROKERCCY||LINKSYSTEMID|303602497|LINKTYPE|BackToBackMaster|SOURCESYSTEMID|303602493|DATECREATED|2010-08-10 11:06:10.000|CONFIRMAS||VERSION|1|CANCELSSOURCESYSTEMID||CANCELLEDBYSOURCESYSTEMID||CANCELLINGHALFSOURCESYSTEMID||CORRECTSSOURCESYSTEMID||CORRECTEDBYSOURCESYSTEMID||CLOSESSOURCESYSTEMID||CLOSEDBYSOURCESYSTEMID||EXERCISEDINTOSOURCESYSTEMID||EXERCISEDFROMSOURCESYSTEMID||LATESTVERSIONYN|Y|CLOSINGDATE||LEGALENTITY|London|DEALCAPTURESYSTEM|RMS|DEALCAPTURESYSTEMID|303602493|BOOKINGLOCATION|London|PRODUCTTYPE||PRODUCTINSTANCE||BACKOFFICESYSTEM||BACKOFFICESYSTEMID||VERSIONVALIDUNTILDATE||TRADEEXTRADETAILID|0|TRADEEXTRADETAILVERSION|0|TRADECLASSIFICATION|1|DEALCAPTURESALESUSER|_KENNLIM|FUNDSPLITALLOCATIONID||FUNDSPLITALLOCATIONLEGID||TEARUPID||ELECTEDCONFIRMATIONSYSTEM|///|ELECTEDCONFIRMATIONRULEID|71|PREVIOUSCONFIRMATIONSYSTEM|NNN|ELECTEDSETTLEMENTSYSTEM|///|ELECTEDSETTLEMENTRULEID|71|PREVIOUSSETTLEMENTSYSTEM|NNN|BACKOFFICEPROCESSING|Standard|CALCULATIONAGENT|DB|CLOSEDBY_PRODUCTID|277732785|CLOSES_PRODUCTID|277732785|LINK_PRODUCTID|277732785|PRODUCTTYPEID|////|PREMIUMHASPAIDYN||UNWINDRATE||BACKOFFICEACCEPTED||BACKOFFICEENDDATE||BACKOFFICEEVENT||BACKOFFICEBRANCHACCEPTED||BACKOFFICEBRANCHEVENT||TRADETABLE|EXOTIC|USERENTEREDTRADEDATE||COUNTERPARTYLONGNAME|GMF Custodian ATF GMF Unit Trust Prop Trading|CPID|25221|RMSCOUNTERPARTY|GMFPROP|PBNOTETYPE|Fund|PARAGONCOUNTERPARTYTYPE|Fund|CURRENCY|USD|PBIMNOTESYSTEMID|285380435|AGGREGATECEILINGLIMIT|90000000|TIER1CURRENCIES|AUD,CAD,CHF,EUR,GBP,JPY,NZD,USD,NOK,SEK|TIER1CEILINGLIMIT|80000000|TIER1CLOSEOUTRATIO|0.02|TIER1INDEPENDENTAMOUNTRATIO|0.04|ASSETLOCATION||KNOCKEDOUTDATE||FIXINGSCHEDULE|&lt;EMPTY&gt;|BOOK_CPTY_CDRMNEMONIC|DTCH L  AP2|PROFIT_CENTRE|FNY0|BOOKBRANCHPARENT|Prime Brokerage|HIGH_LEVEL_CPTY_CDRMNEMONIC|DTCH L|HIGH_LEVEL_BOOK_CPTY_CDRM|DTCH L|BOOK_CPYT_SRC_SYSTEM|RMS|SUBBRANCH|NYC|CPTY_CDRMNEMONIC|DTCH L  C8A|AMI_CODE|0840|BOOK_CPTY|NYPBCASH|PUBLICATIONTIME|2010-09-24 16:00:21.103|DBLEGALENTITY|London|ISLIVEYN|Y</Text>
</Message>
