<?xml version="1.0" encoding="UTF-8"?>
<Message>
    <SystemInfo>
        <JMSDestination>Topic[exodus.pipe.demo]</JMSDestination>
        <JMSReplyTo/>
        <JMSDeliveryMode>2</JMSDeliveryMode>
        <JMSRedelivered>false</JMSRedelivered>
        <JMSCorrelationID>null</JMSCorrelationID>
        <JMSType>null</JMSType>
        <JMSTimestamp>1285344056876</JMSTimestamp>
        <JMSExpiration>0</JMSExpiration>
        <JMSPriority>4</JMSPriority>
    </SystemInfo>
    <ApplicationInfo>
        <SYSTEMID>179434139</SYSTEMID>
        <TRADEGROUP>EXOTIC</TRADEGROUP>
        <VERSION>437</VERSION>
        <COUNTERPARTY>DBACC19</COUNTERPARTY>
        <MESSAGE_TYPE>RMS_TRADE</MESSAGE_TYPE>
        <TRADETYPE>Security</TRADETYPE>
        <BOOK>SPCISSUE</BOOK>
        <ACTION>Economic</ACTION>
        <STATUS>Open</STATUS>
    </ApplicationInfo>
    <Text>SYSTEMID|179434139|TRADETYPE|Security|TRADEID|103223845A|SOURCESYSTEM|RMS|BOOK|SPCISSUE|BLOTTER||COUNTERPARTY|DBACC19|COUNTERPARTYSOURCESYSTEM|RMS|COUNTERPARTYNAME|DEUTSCHE BANK AG (LDN) AC DBACC19|DBICOUNTERPARTYID||CUSTOMER|DBACC19|CUSTOMERSOURCESYSTEM|RMS|STATUS|Open|SHOWINRMSYN|Y|SECTION|TradeDetails|ORDERFIELD|7|PRICINGSITE|Option|PARAMETERTEXT|40277.6666666667|PARAMETERNUMBER||PARAMETERDATE||PRODUCTID|173871373|PRODUCTVERSION|1|PRODUCTLEGID||STRUCTUREID|103223845|TRADEDATE|2008-12-16 00:00:00.000|LASTUPDATED|2010-08-25 02:13:29.000|ACTION|Economic|ACTIONEFFECTIVEDATE|2010-08-24 00:00:00.000|SOURCESYSTEMBOOK|SPCISSUE|SOURCESYSTEMPROFITCENTRE||SALESPERSON||TRADER||ENTEREDBY|GRANAJ|FUNDSPLITID||FUNDSPLITVERSION||STRUCTURENAME||MARKUPAMT||MARKUPCCY||MARKUPLOCATION||ATRISKAMT||ATRISKCCY||ATRISKLOCATION||ATRISKINDICATOR||REASON||ASSETLOCATION||NOTES|Fee Payment: DB Purchase|BROKER||BROKERAMT||BROKERCCY||LINKSYSTEMID|179434140|LINKTYPE|BackToBackMaster|SOURCESYSTEMID|179434139|DATECREATED|2008-12-16 19:31:44.000|CONFIRMAS||VERSION|437|CANCELSSOURCESYSTEMID||CANCELLEDBYSOURCESYSTEMID||CANCELLINGHALFSOURCESYSTEMID||CORRECTSSOURCESYSTEMID||CORRECTEDBYSOURCESYSTEMID||CLOSESSOURCESYSTEMID||CLOSEDBYSOURCESYSTEMID||EXERCISEDINTOSOURCESYSTEMID||EXERCISEDFROMSOURCESYSTEMID||LATESTVERSIONYN|N|CLOSINGDATE||LEGALENTITY|London|DEALCAPTURESYSTEM|RMS|DEALCAPTURESYSTEMID|179434139|BOOKINGLOCATION|London|PRODUCTTYPE||PRODUCTINSTANCE||BACKOFFICESYSTEM||BACKOFFICESYSTEMID||VERSIONVALIDUNTILDATE|2010-08-26 02:39:29.000|TRADEEXTRADETAILID|0|TRADEEXTRADETAILVERSION|0|TRADECLASSIFICATION|1|DEALCAPTURESALESUSER|RMS_CHHAYOG|FUNDSPLITALLOCATIONID||FUNDSPLITALLOCATIONLEGID||TEARUPID||ELECTEDCONFIRMATIONSYSTEM|///|ELECTEDCONFIRMATIONRULEID|71|PREVIOUSCONFIRMATIONSYSTEM|///|ELECTEDSETTLEMENTSYSTEM|///|ELECTEDSETTLEMENTRULEID|71|PREVIOUSSETTLEMENTSYSTEM|///|BACKOFFICEPROCESSING|Standard|CALCULATIONAGENT|DB|CLOSEDBY_PRODUCTID|173871373|CLOSES_PRODUCTID|173871373|LINK_PRODUCTID|173871373|PRODUCTTYPEID|INTERNAL|PREMIUMHASPAIDYN||UNWINDRATE||BACKOFFICEACCEPTED||BACKOFFICEENDDATE||BACKOFFICEEVENT||BACKOFFICEBRANCHACCEPTED||BACKOFFICEBRANCHEVENT||TRADETABLE|EXOTIC|USERENTEREDTRADEDATE||CURRENCY|JPY|VALUATIONCURRENCY|EUR|SECURITYTYPE|CTA|SECURITYCODE|SPCALLAXI_INDEX_SECURITY|NUMSHARES|-3260.30499369606|ISFIXINGYN|Y|LASTFIXEDDATETIME||FIXINGSCHEDULE|&lt;EMPTY&gt;|BOOK_CPTY_CDRMNEMONIC|ATLPOGCY022|PROFIT_CENTRE|1789|BOOKBRANCHPARENT|FX Select|HIGH_LEVEL_CPTY_CDRMNEMONIC|DTCH L|HIGH_LEVEL_BOOK_CPTY_CDRM|ATLPOGCY022|BOOK_CPYT_SRC_SYSTEM|RMS|SUBBRANCH|LDN|CPTY_CDRMNEMONIC|DTCH L  QL1|AMI_CODE|1789|BOOK_CPTY|SPCISSUE|PUBLICATIONTIME|2010-09-24 16:00:56.875|DBLEGALENTITY|London|ISLIVEYN|Y</Text>
</Message>
