<?xml version="1.0" encoding="UTF-8"?>
<event>
	<eventHeader>
		<class>FINANCIAL</class>
		<subclass>FX CASH</subclass>
		<type>RISK MGMT</type>
		<subtype>
		</subtype>
		<id>RMP379IEDDCPS</id>
		<version>1</version>
		<sys>RM</sys>
		<dateTime>2010-08-03T06:56:58.474Z</dateTime>
	</eventHeader>
	<detail>
		<riskMgmt>
			<tradeId>FXP6443079230</tradeId>
			<tradeVersion>1</tradeVersion>
			<status>ACCEPTED</status>
			<structureId>158981758</structureId>
			<systemId>304154328</systemId>
			<tradeCreator>
				<sys>FX</sys>
				<dateTime>2010-08-03T06:56:58.474Z</dateTime>
				<tradeId>26443079230</tradeId>
				<tradeVersion>1</tradeVersion>
			</tradeCreator>
		</riskMgmt>
	</detail>
</event>