<?xml version="1.0" encoding="UTF-8"?>
<transaction>
    <header>
        <messageId>FXP67CQRPWP0G</messageId>
        <messageSource>FX</messageSource>
        <createdDateTime>2011-02-02T12:45:35.290Z</createdDateTime>
        <apiVersion>1.0</apiVersion>
    </header>
    <body>
        <trade>
            <tradeHeader>
                <tradeId>FXP6101536747</tradeId>
                <tradeVersion>1</tradeVersion>
                <tradeDate>2011-02-02Z</tradeDate>
                <tradeType>FXFUTURE</tradeType>
                <tradeCategory>TWI</tradeCategory>
                <tradeComments>IndexNotional=5221200.00USD</tradeComments>
                <tradeStatus>OPEN</tradeStatus>
                <tradeClassification>S</tradeClassification>
                <creator>
                    <sys>FX</sys>
                    <dateTime>2011-02-02T12:45:35.120Z</dateTime>
                    <tradeId>101536747</tradeId>
                    <tradeVersion>1</tradeVersion>
                </creator>
                <counterparty>
                    <name>OGI Global Macro</name>
                    <legalEntity>LN</legalEntity>
                    <idList>
                        <id sys="RMS">OGIGLOMMTTOK</id>
                    </idList>
                    <internalClientTrade>N</internalClientTrade>
                </counterparty>
                <salesInfo>
                    <userId sys="RMS">LUDAVID</userId>
                    <location></location>
                    <productionCredit>T</productionCredit>
                </salesInfo>
                <traderInfo>
                    <userId sys="RMS">CHURCCH</userId>
                    <location>LN</location>
                </traderInfo>
                <brokerInfo>
                    <media>FM</media>
                </brokerInfo>
                <clientInfo>
                    <clientTraderName sys="ABFX">Allan Bedwick</clientTraderName>
                    <clientTraderId sys="ABFX">ALLAN.BEDWICK@OGICP.COM</clientTraderId>
                </clientInfo>
                <book>
                    <name>INDEX</name>
                </book>
                <atRisk>
                    <notional>
                        <ccy>EUR</ccy>
                        <amount>1457.00</amount>
                    </notional>
                    <location>London</location>
                </atRisk>
            </tradeHeader>
            <future>
                <exchange>ABFX</exchange>
                <futureCode sys="RMS">USD_TWI</futureCode>
                <futuresExpiryDate>2011-03Z</futuresExpiryDate>
                <numberOfContracts>-80</numberOfContracts>
                <customerRate>65.265</customerRate>
                <underCcy>USD</underCcy>
                <accCcy></accCcy>
                <calculatedExpiryDate></calculatedExpiryDate>
                <contractSize></contractSize>

                <marginPaymentCurrency>JPY</marginPaymentCurrency>
                <marginPaymentAmount>500028</marginPaymentAmount>
                <expiryDate>2011-02-26</expiryDate>
                <settlementDate>2011-02-21</settlementDate>
                <contract>Option</contract>
                <!-- ENUM: Option, Forward, Future -->
                <traderRate/>

            </future>
            <fxquant>
                <spotTraderRate>65.17</spotTraderRate>
                <spotClientRate>65.17</spotClientRate>
                <tradeType>ABFX</tradeType>
            </fxquant>
        </trade>
    </body>
</transaction>
