<?xml version="1.0" encoding="UTF-8"?>
<dbfxml version="1.0.1" xmlns="dbfxml.fxtradebus.namespaces.db.com"
	xmlns:xsi="http://www.w3.org/2001/XMLSchema-instance"
	xsi:schemaLocation="dbfxml.fxtradebus.namespaces.db.com http://fxoptionsit.gto.gt.intranet.db.com/tradebus/dbfxml/currentversion/dbfxml.xsd">
	<transaction>
		<header>
			<messageId>EBP27BR9S5GTS</messageId>
			<messageSource>EB</messageSource>
			<createdDateTime>2010-12-08T15:13:57.931Z</createdDateTime>
			<apiVersion>1.0</apiVersion>
		</header>
		<body>
			<structure>
				<structureId>EBP37BR9S6DAO</structureId>
				<structureVersion>1</structureVersion>
				<trade>
					<tradeHeader>
						<tradeId>EBP27BR9S6DAO</tradeId>
						<tradeVersion>1</tradeVersion>  
						<tradeDate>2011-01-04</tradeDate>
						<tradeType>OPTIONS-PRODUCT</tradeType>
						<tradeComments />
						<tradeStatus>OPEN</tradeStatus>
						<settlementSystem>SIAN</settlementSystem>
						<creator>
							<sys>EB</sys>
							<dateTime>2010-12-08T12:14:59.000Z</dateTime>
							<tradeId>EBP27BR9S6DAO</tradeId>
							<tradeVersion>1</tradeVersion> 
							<enteredBy>
								<id sys="RMS">massfre</id>
								<location>SP</location>
							</enteredBy>
							<delegateSys>RM</delegateSys>
						</creator>				
					    <counterparty>
                            <legalEntity>BRGLOBALS</legalEntity>
                            <traderInfo>
                                <userId sys="RMS">olivpab</userId>
                                <location>SP</location>
                            </traderInfo>
                            <idList>
                                <id sys="RMS">BRGLOBALS</id>
                            </idList>
							<internalClientTrade>N</internalClientTrade>
                        </counterparty>					
						<brokerInfo>
							<media>ICAPBR</media>
						</brokerInfo>
						<book>
							<name>BRXBRDMMBRFM</name>
						</book>
					</tradeHeader>
					<optionProduct>
						<productType>BMFDI1</productType>
						<economicDetails>
							<futureCode>DI1_BMF</futureCode>
							<numberOfContracts>400</numberOfContracts>
							<futuresExpiryDate>MAR11</futuresExpiryDate>
							<futuresPricePaid>0.1230</futuresPricePaid>
							<futuresRatePaid>0.1230</futuresRatePaid>
						</economicDetails>
					</optionProduct>
				</trade>				
			</structure>
		</body>
	</transaction>
</dbfxml>
