<?xml version="1.0" encoding="UTF-8"?>
    <transaction>
        <header>
            <messageId>EBP279FINXB34</messageId>
            <messageSource>EB</messageSource>
            <createdDateTime>2010-07-29T18:04:56.278Z</createdDateTime>
            <apiVersion>1.0</apiVersion>
        </header>
        <body>
            <structure>
                <structureId>EBP279FINXADC</structureId>
                <structureVersion>1</structureVersion>
                <trade>
                    <tradeHeader>
                        <tradeId>EBP279FINXADC</tradeId>
                        <tradeVersion>1</tradeVersion>
                        <tradeDate>2011-01-04</tradeDate>
                        <tradeType>OPTIONS-PRODUCT</tradeType>
                        <tradeComments/>
                        <tradeStatus>OPEN</tradeStatus>
                        <settlementSystem>SIAN</settlementSystem>
                        <creator>
                            <sys>EB</sys>
                            <dateTime>2010/07/29T18:04:54.000Z</dateTime>
                            <tradeId>EBP279FINXADC</tradeId>
                            <tradeVersion>1</tradeVersion>
                            <enteredBy>
                                <id sys="RMS">olivpab</id>
                                <location>SP</location>
                            </enteredBy>
                            <delegateSys>RM</delegateSys>
                        </creator>
                        <counterparty>
                            <legalEntity>BRGLOBALS</legalEntity>
                            <traderInfo>
                                <userId sys="RMS">olivpab</userId>
                                <location>SP</location>
                            </traderInfo>
                            <idList>
                                <id sys="RMS">BRGLOBALS</id>
                            </idList>
							<internalClientTrade>Y</internalClientTrade>
                        </counterparty>
                        <brokerInfo>
                            <media>LINK</media>
                        </brokerInfo>
                        <book>
                            <name>BRXBRDMMBRFM</name>
                        </book>
                    </tradeHeader>
                    <optionProduct>
                        <productType>BMFDOL</productType>
                        <economicDetails>
                            <futureCode>#DOL</futureCode>
                            <numberOfContracts>-5</numberOfContracts>
                            <futuresExpiryDate>MAR11</futuresExpiryDate>
                            <futuresPricePaid>1767.500000</futuresPricePaid>
                        </economicDetails>
                    </optionProduct>
                </trade>
            </structure>
        </body>
    </transaction>