<?xml version="1.0" encoding="UTF-8"?>
<transaction>
	<header>
		<messageId>FOP6763CK4KHC</messageId>
		<messageSource>FO</messageSource>
		<createdDateTime>2010-01-21T12:42:35.211Z</createdDateTime>
		<apiVersion>1.0</apiVersion>
	</header>
	<body>
		<structure>
			<structureId>FOP6014230929</structureId>
			<structureVersion>1</structureVersion>
			<trade>
				<tradeHeader>
					<tradeId>FOP6014230929</tradeId>
					<tradeVersion>1</tradeVersion>
					<tradeDate>2010-01-21</tradeDate>
					<tradeType>OPTIONS-PRODUCT</tradeType>
					<tradeStatus>OPEN</tradeStatus>
					<creator>
						<sys>FO</sys>
						<dateTime>2010-01-21T12:42:35.000Z</dateTime>
						<tradeId>FXOP14230929-1-A</tradeId>
						<enteredBy>
							<id sys="FXO">CHRISTOS.PANOPOULOS</id>
							<location>LN</location>
						</enteredBy>
					</creator>
					<counterparty>
						<legalEntity>LN</legalEntity>
						<idList>
							<id sys="RMS">SPECTRUM</id>
						</idList>
						<internalClientTrade>Y</internalClientTrade>
					</counterparty>
					<salesInfo>
						<userId sys="RMS">MAINVI1</userId>
						<location>LN</location>
					</salesInfo>
					<book>
						<name>LNEFWD</name>
						<pricingLocation>LN</pricingLocation>
					</book>				
					<markup>
						<notional>
							<ccy>EUR</ccy>
							<amount>0.0</amount>
						</notional>
						<location>London</location>
					</markup>
					<atRisk>
						<notional>
							<ccy>EUR</ccy>
							<amount>1448.0</amount>
						</notional>
						<location>London</location>
					</atRisk>
					<referenceMarketData>
						<spotRate>0.87025</spotRate>
						<forwardPoints>5.530000000000257E-4</forwardPoints>
						<volatility>10.7</volatility>
						<depo>
							<ccy>EUR</ccy>
							<rate>0.6108</rate>
						</depo>
						<delta>
							<ccy>EUR</ccy>
							<rate>5.5</rate>
						</delta>
					</referenceMarketData>
				</tradeHeader>
				<optionProduct>
					<productType>OT</productType>
					<economicDetails>
						<underCurrency>EUR</underCurrency>
						<accCurrency>GBP</accCurrency>
						<payCurrency>EUR</payCurrency>
						<underNotional>-96000</underNotional>
						<expiryDate>2010-07-22</expiryDate>
						<settlementDate>2010-07-26</settlementDate>
						<barrierLevel>0.8</barrierLevel>
						<barrierDirection>L</barrierDirection>
						<fixingReference>SPOT</fixingReference>
						<zoneCut>NY</zoneCut>
					</economicDetails>
					<premium>
						<amount>24493.4</amount>
						<ccy>EUR</ccy>
						<date>2010-01-25</date>
					</premium>
				</optionProduct>
			</trade>
		</structure>
	</body>
</transaction>