<?xml version="1.0" encoding="UTF-8"?>
<transaction>
	<header>
		<messageId>FOP67619FXMLC</messageId>
		<messageSource>FO</messageSource>
		<createdDateTime>2010-01-18T05:51:19.866Z</createdDateTime>
		<apiVersion>1.0</apiVersion>
	</header>
	<body>
		<structure>
			<structureId>FOP6014088476</structureId>
			<structureVersion>1</structureVersion>
			<trade>
				<tradeHeader>
					<tradeId>FOP6014088476</tradeId>
					<tradeVersion>1</tradeVersion>
					<tradeDate>2010-01-18</tradeDate>
					<tradeType>OPTIONS-PRODUCT</tradeType>
					<tradeStatus>OPEN</tradeStatus>
					<creator>
						<sys>FO</sys>
						<dateTime>2010-01-18T05:51:19.000Z</dateTime>
						<tradeId>FXOP14088476-2-A</tradeId>
						<enteredBy>
							<id sys="FXO">PATRICK.LIN</id>
							<location>LN</location>
						</enteredBy>
						<delegateSys>SA</delegateSys>
					</creator>
					<counterparty>
						<legalEntity>LN</legalEntity>
						<idList>
							<id sys="RMS">JISU</id>
						</idList>
						<internalClientTrade>N</internalClientTrade>
					</counterparty>
					<salesInfo>
						<userId sys="RMS">KAMKARE</userId>
						<location>LN</location>
					</salesInfo>
					<book>
						<name>JKPWM</name>
					</book>
					<markup>
						<notional>
							<ccy>EUR</ccy>
							<amount>0.0</amount>
						</notional>
						<location>London</location>
					</markup>
					<atRisk>
						<notional>
							<ccy>EUR</ccy>
							<amount>142.0</amount>
						</notional>
						<location>London</location>
					</atRisk>
					<referenceMarketData>
						<spotRate>1.43777</spotRate>
						<forwardPoints>-1.580000000001025E-4</forwardPoints>
						<volatility>10.51</volatility>
						<depo>
							<ccy>EUR</ccy>
							<rate>0.1933</rate>
						</depo>
						<delta>
							<ccy>EUR</ccy>
							<rate>0.16</rate>
						</delta>
					</referenceMarketData>
				</tradeHeader>
				<optionProduct>
					<productType>RKO</productType>
					<economicDetails>
						<underCurrency>EUR</underCurrency>
						<accCurrency>USD</accCurrency>
						<underNotional>-200000</underNotional>
						<accNotional>298000</accNotional>
						<dominantNotional>Notional</dominantNotional>
						<strike>1.49</strike>
						<cp>P</cp>
						<expiryDate>2010-03-09</expiryDate>
						<settlementDate>2010-03-11</settlementDate>
						<barrierLevel>1.425</barrierLevel>
						<fixingReference>SPOT</fixingReference>
						<zoneCut>TK</zoneCut>
					</economicDetails>
					<premium>
						<amount>512.0</amount>
						<ccy>EUR</ccy>
						<date>2010-01-20</date>
					</premium>
				</optionProduct>
			</trade>
		</structure>
	</body>
</transaction>
