<?xml version="1.0" encoding="utf-8"?>
<transaction>
	<header>
		<messageId>SAP6FA0C7OML3</messageId>
		<messageSource>SA</messageSource>
		<createdDateTime>2007-12-10T01:39:58.701Z</createdDateTime>
		<apiVersion>1.0</apiVersion>
	</header>
	<body>
		<trade>
			<tradeHeader>
				<tradeId>SAP6FA0C7OM52</tradeId>
				<tradeVersion>1</tradeVersion>
				<tradeDate>2007-12-10</tradeDate>
				<tradeType>FXSWAP</tradeType>
				<tradeStatus>OPEN</tradeStatus>
				<creator>
					<sys>SA</sys>
					<dateTime>2007-12-10T01:39:58.685Z</dateTime>
					<tradeId>SAP6FA0C7OM52</tradeId>
					<tradeVersion>1</tradeVersion>
					<delegateSys>SA</delegateSys>
				</creator>
				<counterparty>
					<legalEntity>LN</legalEntity>
					<idList>
						<id sys="RMS">RFLXS</id>
					</idList>
				</counterparty>
				<salesInfo>
					<userId sys="RMS">MEGANJ</userId>
					<location>
					</location>
					<productionCredit>B</productionCredit>
				</salesInfo>
				<traderInfo>
					<userId sys="RMS">Reflex</userId>
					<location>London</location>
				</traderInfo>
				<brokerInfo>
					<media>RFLX</media>
				</brokerInfo>
				<book>
					<name>LNEFWD</name>
					<pricingLocation>LN</pricingLocation>
				</book>
			</tradeHeader>
			<swap>
				<underCcy>USD</underCcy>
				<accCcy>CAD</accCcy>
				<leg type="NEAR">
					<valueDate>2007-12-10</valueDate>
					<underNotional>-992531.20</underNotional>
					<accNotional>+1000000.00</accNotional>
					<customerRate>1.007525</customerRate>
					<traderRate>1.007525</traderRate>
					<dominantNotional>accNotional</dominantNotional>
				</leg>
				<leg type="FAR">
					<valueDate>2007-12-12</valueDate>
					<underNotional>+992556.82</underNotional>
					<accNotional>-1000000.00</accNotional>
					<customerRate>1.007499</customerRate>
					<traderRate>1.007502</traderRate>
					<dominantNotional>accNotional</dominantNotional>
				</leg>
			</swap>
		</trade>
	</body>
</transaction>