<?xml version="1.0"?>

<!DOCTYPE environment
[
    <!ENTITY global_secrets SYSTEM "file:global_secrets.txt">
    <!ENTITY tplus_secrets SYSTEM "file:tplus_secrets.txt">
    <!ENTITY dbag_secrets SYSTEM "file:dbag_secrets.txt">
    <!ENTITY jybm_secrets SYSTEM "file:jybm_secrets.txt">
]>


<environment
        xmlns="http://gme-build.uk.db.com/autodeploy/1.0/environment"
        name="Fake example environment">

    <!-- - - - -  Product version & environment structure  - - - - -->

    <products>
	<nirvana tar="/some/path/to/nirvana-v2.0223.tar"/>	<!-- untar file -->
	<webserver local="/some/path/to/apache/"/>		<!-- use a copy on disk (typically for developers) -->
        <tplus cvs="Integ-main-20031104-A"/>			<!-- automatically build a distribution for a CVS tag -->
        <fxplus cvs="Integ-main-20031104-A"/>
    </products>

    <structure>
        <node id="dbag">
	    <node id="jybm"/>
	    <node id="aibk"/>
	</node>
    </structure>

    <!-- - - - -  Global & product common settings  - - - - -->

    <global
        ref.internal-nirvana="internal"
	tplus.db.url="jdbc:oracle:thin:@loneqfxpdu1.uk.db.com:1521:FXPLU2"
	server_database_tns="loneqfxpdu1.uk.db.com:1521:FXPLU2"
        cab-version="3,1,5,0"
        cleartrust-dispatcher-list="longmeappp2.uk.db.com:5608,longmeappp1.uk.db.com:5608"
        cleartrust-keyserver-list="longmeappp2.uk.db.com:5606,longmeappp1.uk.db.com:5606"
        cleartrust-keystore="cleartrust/client.p12"
	cleartrust-default-auth-mode="BASIC"
        admin-email="chris.andrews@db.com"
        >
	    &global_secrets;
    </global>

    <tplus-common
	ref.wlc-nirvana="intranet"
	tplus.use.cleartrust="true"
	tplus.skip.authserver="false"
	tplus.cleartrust.checktokens="true"
	deploy.destination="tplp1@cst-fjp1"
	deploy.directory="tplus"
	>
	    &tplus_secrets;
    </tplus-common>

    <fxplus-common
	ref.admin-nirvana="internal"
	ref.alert-nirvana="internal"
	ref.auth-nirvana="internal"
	ref.reflex-nirvana="internal"
	ref.client-nirvana="internal"
	gfxob_rmi_port="25023"
	gfxob_database_tns="fxorcldev1.srv.uk.db.com:1521:gfxobuat"
	mail="fxo.isg@db.com"
	arcs_servers="lonarcsfx2bcp04.srv.uk.deuba.com longmarcsp5_2NIC.uk.db.com"
	manual_auth=""
	securex_auth=""
	archive_type=""
	inactive_thread_ttl=""
	max_thread_count=""
	max_queue_size=""
	no_resource_timeout=""
	misreports.auth.cleartrust.skip="true"
	service_admin_service_enabled="true"
	service_cleartrust_admin_service_enabled="true"
	service_credit_manager_service_enabled="true"
	service_order_server_service_enabled="true"
	d2n_dbus_vtname="dbus1.uk.db.com:9000/tcp:"
	d2n_dbus_spot_chan="/db/gfx/demo/ePricer/XDR/SGFive/Rates_Global"
	d2n_dbus_forward_chan="/db/gfx/demo/ePricer/XDR/FGFive/Rates_Global"
	guiserver_authserver_skip="false"
	deploy.destination="tplp1@cst-fjp1"
	deploy.directory="fxplus"
	/>

    <webserver-common
        securecontrol-prefix="securecontrol"
        application-prefix="app"
        cleartrust-auth-server-timeout="10 Secs"
        cleartrust-dispatcher-timeout="10 Secs"
        cleartrust-cookie-domain=".uk.db.com"
        cleartrust-protection-modes="BASIC"
        cleartrust-attempt-multiple-authentications="Yes"
	cleartrust-enable="Yes"
        apache-max-keep-alive-requests="100"
        apache-keep-alive-timeout="1"
        apache-min-spare-servers="1"
        apache-max-spare-servers="50"
        apache-start-servers="10"
        apache-max-clients="50"
	deploy.destination="tplp1@cst-fjp1"
	/>

    <!-- - - - -  L1 DBAG  - - - - -->

    <node id="dbag" name="Deutsche Bank L1">

        <common
            nirvana-server-username="dbag.server"
            nirvana-webserver-username="dbag.webserver"
            nirvana-authserver-username="dbag.authserver"
            >
		&dbag_secrets;
	</common>

        <tplus
            skin="dbag"
	    tplus.jmxhttp.port="25002"
            />

	<fxplus
	    ref.management-nirvana="dbagIntranet"
	    ref.posman-nirvana="dbagIntranet"
	    />

        <webserver
	    id="dbag_intranet"
	    name="DBAG Intranet"
	    ref.external-nirvana="dbagIntranet"
	    cleartrust-webserver-name="cst-fjp1_25008"
	    apache-cert-file="apache/cst-fjp1.uk.db.com.crt"
	    apache-key-file="apache/cst-fjp1.uk.db.com.key"
	    apache-user-url="https://cst-fjp1.uk.db.com:25008"
	    apache-https-binding="cst-fjp1.uk.db.com:25008"
	    tomcat-ajp13-port="25009"
	    tomcat-shutdown-port="25010"
	    deploy.directory="dbag_intranet"
	    />
    </node>

    <!-- - - - -  L2 WLCs  - - - - -->

    <node id="jybm" name="Jyske Bank">

        <common
            nirvana-server-username="jybm.server"
            nirvana-webserver-username="jybm.webserver"
            nirvana-authserver-username="jybm.authserver"
            >
		&jybm_secrets;
	</common>

        <tplus
            skin="jybm"
	    tplus.jmxhttp.port="25003"
            />

	<fxplus
	    ref.management-nirvana="jybmIntranet"
	    ref.posman-nirvana="jybmIntranet"
	    />

        <webserver
	    name="JYBM Intranet"
	    ref.external-nirvana="jybmIntranet"
	    cleartrust-webserver-name="cst-fjp1_25014"
	    apache-user-url="https://cst-fjp1.uk.db.com:25014"
	    apache-cert-file="apache/cst-fjp1.uk.db.com.crt"
	    apache-key-file="apache/cst-fjp1.uk.db.com.key"
	    apache-https-binding="cst-fjp1.uk.db.com:25014"
	    tomcat-ajp13-port="25015"
	    tomcat-shutdown-port="25016"
	    deploy.directory="jybm_intranet"
	    />

        <webserver
	    name="JYBM Radianz"
	    ref.external-nirvana="jybmRadianz"
	    cleartrust-webserver-name="www.jyskefx.fi"
	    apache-user-url="https://www.jyskefx.fi"
	    apache-cert-file="apache/www.jyskefx.fi.crt"
	    apache-key-file="apache/www.jyskefx.fi.key"
	    apache-https-binding="longmeappp11-qfe0-47.uk.db.com:8443"
	    apache-http-binding="longmeappp11-qfe0-47.uk.db.com:8080"
	    tomcat-ajp13-port="8007"
	    tomcat-shutdown-port="8008"
	    deploy.destination="tprad@longmeappp11"
	    deploy.directory="jybm_radianz"
	    />
    </node>

    <node id="aibk" name="AIBK">

        <common
            nirvana-server-username="aibk.server"
            nirvana-webserver-username="aibk.webserver"
            nirvana-authserver-username="aibk.authserver"
            >
		&aibk_secrets;
	</common>

        <tplus
            skin="aibk"
	    tplus.jmxhttp.port="25004"
            />

	<fxplus
	    ref.management-nirvana="aibkIntranet"
	    ref.posman-nirvana="aibkIntranet"
	    />

        <webserver
	    name="AIBK Intranet"
	    ref.external-nirvana="aibkIntranet"
	    cleartrust-webserver-name="cst-fjp1_25020"
	    apache-user-url="https://cst-fjp1.uk.db.com:25020"
	    apache-cert-file="apache/cst-fjp1.uk.db.com.crt"
	    apache-key-file="apache/cst-fjp1.uk.db.com.key"
	    apache-https-binding="cst-fjp1.uk.db.com:25020"
	    tomcat-ajp13-port="25021"
	    tomcat-shutdown-port="25022"
	    deploy.directory="aibk_intranet"
	    />

        <webserver
	    name="AIBK Internet"
	    ref.external-nirvana="aibkInternet"
	    cleartrust-webserver-name="www.aibmarkets.com"
	    apache-user-url="https://www.aibmarkets.com"
	    apache-cert-file="apache/www.aibmarkets.com.crt"
	    apache-key-file="apache/www.aibmarkets.com.key"
	    apache-https-binding="longmeappp10-qfe-100.uk.db.com:8443"
	    apache-http-binding="longmeappp10-qfe-100.uk.db.com:8080"
	    tomcat-ajp13-port="8000"
	    tomcat-shutdown-port="8001"
	    deploy.destination="tpint@longmeappp10"
	    deploy.directory="aibk_internet"
	    />

        <webserver
	    name="AIBK Radianz"
	    ref.external-nirvana="aibkRadianz"
	    cleartrust-webserver-name="www.vpn.aibmarkets.com"
	    apache-user-url="https://www.vpn.aibmarkets.com"
	    apache-cert-file="apache/www.vpn.aibmarkets.com.crt"
	    apache-key-file="apache/www.vpn.aibmarkets.com.key"
	    apache-https-binding="longmeappp11-qfe0-45.uk.db.com:8443"
	    apache-http-binding="longmeappp11-qfe0-45.uk.db.com:8080"
	    tomcat-ajp13-port="8005"
	    tomcat-shutdown-port="8006"
	    deploy.destination="tprad@longmeappp11"
	    deploy.directory="aibk_radianz"
	    />
    </node>

    <!-- - - - -  Nirvana realm definitions  - - - - -->

    <nirvana
	id="dbagIntranet"
	name="DBAG Intranet"
	type="external"
	user-urls="nsps://cst-fjp1.uk.db.com:25006,nhps://cst-fjp1.uk.db.com:25007"
	server-url="nsps://cst-fjp1.uk.db.com:25006"
	keystore="nirvana/cst-fjp1.uk.db.com.jks"
	keystore-password="password"
	interfaces="cst-fjp1.uk.db.com:25005,cst-fjp1.uk.db.com:25006,cst-fjp1.uk.db.com:25007"
        deploy.destination="tplp1@cst-fjp1"
	deploy.directory="cst-fjp1_25005"
	/>

    <nirvana
	id="jybmIntranet"
	name="JYBM Intranet"
	type="external"
	user-urls="nsps://cst-fjp1.uk.db.com:25012,nhps://cst-fjp1.uk.db.com:25013"
	server-url="nsps://cst-fjp1.uk.db.com:25012"
	keystore="nirvana/cst-fjp1.uk.db.com.jks"
	keystore-password="password"
	interfaces="cst-fjp1.uk.db.com:25011,cst-fjp1.uk.db.com:25012,cst-fjp1.uk.db.com:25013"
        deploy.destination="tplp1@cst-fjp1"
	deplot.directory="cst-fjp1_25011"
	/>

    <nirvana
	id="jybmRadianz"
	name="JYBM Radianz"
	type="external"
	user-urls="nsps://data.jyskefx.fi:9001,nhps://data.jyskefx.fi:8443"
	server-url="nsps://longmeappp11-qfe2-11.uk.db.com:9001"
	keystore="nirvana/data.jyskefx.fi.jks"
	keystore-password="password"
	interfaces="localhost:9028,longmeappp11-qfe2-11.uk.db.com:9001,longmeappp11-qfe0-11.uk.db.com:9001,longmeappp11-qfe0-11.uk.db.com:8443"
        deploy.destination="tplp1@cst-fjp1"
	deploy.directory="data.jyskefx.fi"
	/>

    <nirvana
	id="aibkIntranet"
	name="AIBK Intranet"
	type="external"
	user-urls="nsps://cst-fjp1.uk.db.com:25018,nhps://cst-fjp1.uk.db.com:25019"
	server-url="nsps://cst-fjp1.uk.db.com:25018"
	keystore="nirvana/cst-fjp1.uk.db.com.jks"
	keystore-password="password"
	interfaces="cst-fjp1.uk.db.com:25017,cst-fjp1.uk.db.com:25018,cst-fjp1.uk.db.com:25019"
        deploy.destination="tplp1@cst-fjp1"
	directory="cst-fjp1_25017"
	/>

    <nirvana
	id="aibkInternet"
	name="AIBK Internet"
	type="external"
	user-urls="nsps://data.aibmarkets.com:9001,nhps://data.aibmarkets.com:443"
	server-url="nsps://longmeappp10-qfe-101:9001"
	keystore="nirvana/data.aibmarkets.com.jks"
	keystore-password="password"
	interfaces="localhost:9007,longmeappp10-qfe-101.uk.db.com:9001,longmeappp10-qfe-101.uk.db.com:8443"
        deploy.destination="tpint@longmeappp10"
	deploy.directory="aibk_internet"
	/>

    <nirvana
	id="aibkRadianz"
	name="AIBK Radianz"
	type="external"
	user-urls="nsps://data.vpn.aibmarkets.com:9001,nhps://data.vpn.aibmarkets.com:8443"
	server-url="nsps://longmeappp11-qfe2-49.uk.db.com:9001"
	keystore="nirvana/data.vpn.aibmarkets.com.jks"
	keystore-password="password"
	interfaces="localhost:9029,longmeappp11-qfe2-49.uk.db.com:9001,longmeappp11-qfe0-49.uk.db.com:9001,longmeappp11-qfe0-49.uk.db.com:8443"
        deploy.destination="tprad@longmeappp11"
	deploy.directory="data.vpn.aibmarkets.com"
	/>

    <nirvana
	id="internal"
	type="internal"
	name="Core server internal NR"
	server-url="nsp://cst-fjp1.uk.db.com:25000"
	interfaces="cst-fjp1.uk.db.com:25000,cst-fjp1.uk.db.com:25001"
        deploy.destination="tplp1@cst-fjp1"
	deploy.directory="internal"/>

</environment>
