<script>
	<Parameters>
		<parameter name="counterparty" type="parameter" parameter="counterparty"/>
		<parameter name="controller" value="DEUA"/>
		<parameter name="ccyPair" type="parameter" parameter="ccyPair"/>
		<parameter name="Notional" type="parameter" parameter="UnderAmount"/>
		<parameter name="AccNotional" type="parameter" parameter="AccAmount"/>

		<parameter name="tradeRequestId" type="stringId"/>
		<parameter name="valueDate" type="valueDate"/>
		<parameter name="todayDate" type="todayDate"/>
		
		<parameter name="sequenceId" type="variable"/>
	</Parameters>

	<Step name="getSequence-1" type="readDatabase" database="RMS" variable="sequenceId">
<!-- ====================================================== -->
<![CDATA[
	select 	nvl( ( select sequence from rms_owner.controllerconfig 
		where system = 'EBS' and controller = '$controller$' ) , 0 ) + 1
	from dual    
]]>
<!-- ====================================================== -->
	</Step>

	<Step name="saveTrade-1" type="executeDatabase" database="RMS">
<!-- ====================================================== -->
<![CDATA[declare 
	outParameter_1 NUMBER := null; 
	outParameter_2 NUMBER := null; 
begin 
	rms_owner.pkg_DealUpload.save_new_tof_fxcash( p_StructureID => outParameter_1, p_SystemID => outParameter_2,
		p_DealCaptureSystem => 'REUTERS',
		p_DealCaptureSystemID => '$controller$4-$tradeRequestId$',
		p_Controller => '$controller$', 
		p_TicketSequence => $sequenceId$,
		p_Book => 'LNSCOMM',
		p_TradeType => 'FxSpot',
		p_TradeDate => '$todayDate-DD-MON-YYYY$',
		p_Counterparty => '$counterparty$', 
		p_CounterpartySourceSystem => 'REUTERS',
		p_Trader => 'Peter Redston',
		p_Broker => 'QN',
		p_EnteredBy => 'REDSPET',
		p_BookingLocation => 'Sydney', 
		p_Notes => 'Test trade for DealHub',
		p_UnderCurrency => SUBSTR( '$ccyPair$' , 1 , 3 ) ,
		p_AccCurrency => SUBSTR( '$ccyPair$' , 4 ),
		p_Notional => $Notional$,
		p_AccNotional => $AccNotional$,
		p_Strike => 1.368,
		p_SettlementDate => '$valueDate-DD-MON-YYYY$',
		p_ExpiryDate => '',
		p_FixingDate => '',
		p_FixingReference => '', 
		p_SourceSystemID => null,
		p_SalesPerson => null,
		p_AtRisk => null,
		p_TraderRate => null,
		p_GenerateRiskSweepTradeYN => null, 
		p_RiskSweepTradeType => null,
		p_RiskSweepStrike => null,
		p_RiskSweepSettlementDate => null,
		p_RiskSweepBook => null,
		p_RiskSweepUnderCurrency => null, 
		p_RiskSweepAccCurrency => null,
		p_SpotPricingLocation => null,
		p_ForwardPricingLocation => null,
		p_TradeClassification => '1',
		p_DominantNotional => null,
		p_AutoRoute => 'N',
		p_RiskSweepClientStrike => null,
		p_PortfolioID => 'PAR');
end;
]]>
<!-- ====================================================== -->
	</Step>

	<Step name="checkDatabaseState" type="verifyDatabase" database="RMS">
<!-- ====================================================== -->
<![CDATA[<DatabaseTest>
	<query db="RMS"
		text="select 	VERSION , ELECTEDCONFIRMATIONSYSTEM , PREVIOUSCONFIRMATIONSYSTEM , ELECTEDSETTLEMENTSYSTEM , PREVIOUSSETTLEMENTSYSTEM
			from trade where DEALCAPTURESYSTEMID = '$controller$4-$tradeRequestId$'	order by version"/>
	<resultSet> 
		<row c1="1" c2="PCA" c3="NNN" c4="PCA" c5="NNN"/>  
	</resultSet>
</DatabaseTest>]]>
<!-- ====================================================== -->
	</Step>
	
</script>
