<?xml version="1.0" encoding="UTF-8"?>
<transaction>
	<header>
		<messageId>SAP6FA0C7OML3</messageId>
		<messageSource>SA</messageSource>
		<createdDateTime>2007-12-10T01:39:58.701Z</createdDateTime>
		<apiVersion>1.0</apiVersion>
	</header>
	<body>
		<structure>
			<structureId>SA6014088476</structureId>
			<structureVersion>1</structureVersion>
			<trade>
				<tradeHeader>
					<tradeId>SAP6FA0C7OM52</tradeId>
					<tradeVersion>1</tradeVersion>
					<tradeDate>2007-12-10</tradeDate>
					<tradeType>OPTIONS-PRODUCT</tradeType>
					<tradeStatus>OPEN</tradeStatus>
					<creator>
						<sys>SA</sys>
						<dateTime>2007-12-10T01:39:58.685Z</dateTime>
						<tradeId>SAP6FA0C7OM52</tradeId>
						<tradeVersion>1</tradeVersion>
						<delegateSys>SA</delegateSys>
					</creator>
					<counterparty>
						<legalEntity>LN</legalEntity>
						<idList>
							<id sys="RMS">BMF</id>
						</idList>
						<internalClientTrade>N</internalClientTrade>
					</counterparty>
					<brokerInfo>
						<media>RFLX</media>
					</brokerInfo>
					<book>
						<name>LNEFWD</name>
						<pricingLocation>LN</pricingLocation>
					</book>
				</tradeHeader>
				<optionProduct>
					<productType>BMFFRC</productType>
					<economicDetails>
						<frcRate>0.0097</frcRate>
						<frcPrice>100000</frcPrice>
						<underCurrency>USB</underCurrency>
						<accCurrency>BRL</accCurrency>
						<futureCode>#DDI</futureCode>
						<numberOfContracts>-500</numberOfContracts>
						<futuresExpiryDate>FEB10</futuresExpiryDate>
						<frcDate>2009-12-02</frcDate>
						<calculatedSettlementDate>2010-02-01</calculatedSettlementDate>
						<shortFuturesExpiryDate>JAN10</shortFuturesExpiryDate>
						<calculatedShortSettlementDate>2010-01-04</calculatedShortSettlementDate>
						<underNotional>25000000</underNotional>
					</economicDetails>
				</optionProduct>
			</trade>
		</structure>
	</body>
</transaction>

