<?xml version="1.0" encoding="UTF-8"?>
<transaction>
    <header>
        <messageId>EBP2789JQBZSW</messageId>
        <messageSource>EB</messageSource>
        <createdDateTime>2010-05-24T15:57:54.560Z</createdDateTime>
        <apiVersion>1.0</apiVersion>
    </header>
    <body>
        <structure>
            <structureId>EBP2789JQBYF4</structureId>
            <structureVersion>1</structureVersion>
            <trade>
                <tradeHeader>
                    <tradeId>EBP2789JQBYF4</tradeId>
                    <tradeVersion>1</tradeVersion>
                    <tradeDate>2010-05-24</tradeDate>
                    <tradeType>OPTIONS-PRODUCT</tradeType>
                    <tradeComments/>
                    <tradeStatus>OPEN</tradeStatus>
                    <settlementSystem>SIAN</settlementSystem>
                    <creator>
                        <sys>EB</sys>
                        <dateTime>2010/05/24T15:57:52.000Z</dateTime>
                        <tradeId>EBP2789JQBYF4</tradeId>
                        <tradeVersion>1</tradeVersion>
                        <enteredBy>
                            <id sys="RMS">olivpab</id>
                            <location>SP</location>
                        </enteredBy>
                        <delegateSys>RM</delegateSys>
                    </creator>
                    <counterparty>
                        <legalEntity>BMF</legalEntity>
                        <traderInfo>
                            <userId sys="RMS">olivpab</userId>
                            <location>SP</location>
                        </traderInfo>
                        <idList>
                            <id sys="RMS">BMF</id>
                        </idList>
                    </counterparty>
                    <brokerInfo>
                        <media>LINK</media>
                    </brokerInfo>
                    <book>
                        <name>BRALGO</name>
                    </book>
                </tradeHeader>
                <optionProduct>
                    <productType>BMFFRP</productType>
                       <economicDetails>
                           <futureCode>#DOL</futureCode>
                           <numberOfContracts>5</numberOfContracts>
                           <futuresExpiryDate>JUN10</futuresExpiryDate>
                           <strikeFixingSpread>-11.7</strikeFixingSpread>
                           <strikeFixingDate>2010-05-24</strikeFixingDate>
                       </economicDetails>
                </optionProduct>
            </trade>
        </structure>
    </body>
</transaction>


