<optionProduct>
    <productType>NDF</productType>
    <economicDetails>
        <underCurrency>USD</underCurrency>
        <accCurrency>KRW</accCurrency>
        <underNotional>7133.304247285</underNotional>
        <accNotional>-8000000</accNotional>
        <dominantNotional>AccNotional</dominantNotional>
        <strike>1121.4999</strike>
        <settlementDate>2011-03-10</settlementDate>
        <fixingDate>2011-03-08</fixingDate>
        <fixingReference>FAKE!</fixingReference>
    </economicDetails>
    <errorText/>
</optionProduct>
