<?xml version="1.0" encoding="UTF-8"?>
<Message>
    <SystemInfo>
        <JMSDestination>Topic[exodus.dbgml.demo]</JMSDestination>
        <JMSReplyTo/>
        <JMSDeliveryMode>2</JMSDeliveryMode>
        <JMSRedelivered>false</JMSRedelivered>
        <JMSCorrelationID>null</JMSCorrelationID>
        <JMSType>null</JMSType>
        <JMSTimestamp>1285344088438</JMSTimestamp>
        <JMSExpiration>0</JMSExpiration>
        <JMSPriority>4</JMSPriority>
    </SystemInfo>
    <ApplicationInfo>
        <SYSTEMID>307296286</SYSTEMID>
        <TRADEGROUP>INTERESTRATEFUTURE</TRADEGROUP>
        <VERSION>1</VERSION>
        <COUNTERPARTY>EURX</COUNTERPARTY>
        <MESSAGE_TYPE>RMS_TRADE</MESSAGE_TYPE>
        <TRADETYPE>BondFuture</TRADETYPE>
        <BOOK>LNMMDCLXMKT</BOOK>
        <ACTION>New</ACTION>
        <STATUS>Open</STATUS>
    </ApplicationInfo>
    <Text>&lt;?xml version="1.0" encoding="UTF-8"?&gt;
&lt;DbGML:DBGMMessage xsi:schemaLocation="DbGML schema/trade/dbgml.trade.xsd" SchemaVersion="9.13" xmlns:DbGML="DbGML" xmlns:DbGMLUtil="DbGMLUtil" xmlns:Instr="DbGML/Trade/Instrument" xmlns:Posn="DbGMLPosition/Position" xmlns:Reset="DbGML/Trade/Reset" xmlns:Exotic="DbGML/Trade/Exotic" xmlns:SimpleCash="DbGML/Trade/SimpleCash" xmlns:xsi="http://www.w3.org/2001/XMLSchema-instance" xmlns:fn="http://www.w3.org/2004/10/xpath-functions" xmlns:Option="DbGML/Trade/Option" xmlns:Barrier="DbGML/Trade/Barrier" xmlns:ListedFuture="DbGML/Trade/ListedFuture" xmlns:DbGMLP="DbGMLPosition" xmlns:Employee="DbGML/Trade/Employee" xmlns:MM="DbGML/Trade/MM" xmlns:ListedOption="DbGML/Trade/ListedOption" xmlns:Book="DbGML/Trade/Book" xmlns:CFlow="DbGML/Trade/Cashflow" xmlns:Party="DbGML/Trade/Party" xmlns:DbGMLBusHdr="DbGMLBusHdr" xmlns:Prd="DbGML/Trade/Product" xmlns:FX="DbGML/Trade/FX" xmlns:DbGMLCP="DbGMLPosition/Position/CashPosition"&gt;
&lt;BusinessHdr&gt;
&lt;DbGMLBusHdr:BusObjectType&gt;TRADE/FX/FXFORWARD&lt;/DbGMLBusHdr:BusObjectType&gt;
&lt;DbGMLBusHdr:BusObjectOwner&gt;DB AG&lt;/DbGMLBusHdr:BusObjectOwner&gt;
&lt;DbGMLBusHdr:BusObjectId&gt;RMS/307296286&lt;/DbGMLBusHdr:BusObjectId&gt;
&lt;DbGMLBusHdr:BusObjectVersion&gt;1&lt;/DbGMLBusHdr:BusObjectVersion&gt;
&lt;DbGMLBusHdr:BusEventTimeStamp&gt;2010-08-25T00:07:56.000&lt;/DbGMLBusHdr:BusEventTimeStamp&gt;
&lt;DbGMLBusHdr:BusObjectEventType&gt;Open&lt;/DbGMLBusHdr:BusObjectEventType&gt;
&lt;DbGMLBusHdr:SchemaVersion&gt;9.13&lt;/DbGMLBusHdr:SchemaVersion&gt;
&lt;/BusinessHdr&gt;
&lt;Transaction&gt;
&lt;GenericTradeEvent&gt;NEW&lt;/GenericTradeEvent&gt;
&lt;EffectiveDate&gt;2010-08-24&lt;/EffectiveDate&gt;
&lt;TradingDateTime&gt;2010-08-25T00:07:56.000&lt;/TradingDateTime&gt;
&lt;Brokerage&gt;
&lt;Broker&gt;
&lt;RefData RefDataType="PARTY"&gt;
&lt;KeySet xsi:type="Party:OFBrokerId"&gt;
&lt;BrokerId&gt;DBMG&lt;/BrokerId&gt;
&lt;/KeySet&gt;
&lt;/RefData&gt;
&lt;/Broker&gt;
&lt;/Brokerage&gt;
&lt;TradeGroup&gt;
&lt;GroupId&gt;174117858&lt;/GroupId&gt;
&lt;Reason&gt;STRUCTURED-CHILD&lt;/Reason&gt;
&lt;/TradeGroup&gt;
&lt;Trade xsi:type="ListedFuture:ListedFuture"&gt;
&lt;Id&gt;
&lt;TradeDomain&gt;RMS&lt;/TradeDomain&gt;
&lt;TradeId&gt;307296286&lt;/TradeId&gt;
&lt;TradeVersion&gt;1&lt;/TradeVersion&gt;
&lt;AltId&gt;
&lt;TradeDomain&gt;ABFO&lt;/TradeDomain&gt;
&lt;TradeId&gt;ABFOLDN:748826&lt;/TradeId&gt;
&lt;/AltId&gt;
&lt;/Id&gt;
&lt;TradeDate&gt;2010-08-24&lt;/TradeDate&gt;
&lt;Owner&gt;
&lt;RefData RefDataType="PARTY"&gt;
&lt;KeySet xsi:type="Party:FxPartyId"&gt;
&lt;System&gt;RMS&lt;/System&gt;
&lt;AltId&gt;DB AG&lt;/AltId&gt;
&lt;/KeySet&gt;
&lt;/RefData&gt;
&lt;/Owner&gt;
&lt;Book&gt;
&lt;RefData RefDataType="BOOK"&gt;
&lt;KeySet xsi:type="Book:FxRMSBook"&gt;
&lt;BookId&gt;LNMMDCLXMKT&lt;/BookId&gt;
&lt;/KeySet&gt;
&lt;/RefData&gt;
&lt;/Book&gt;
&lt;Counterparty&gt;
&lt;RefData RefDataType="PARTY"&gt;
&lt;KeySet xsi:type="Party:FxPartyId"&gt;
&lt;System&gt;RMS&lt;/System&gt;
&lt;AltId&gt;EURX&lt;/AltId&gt;
&lt;CounterpartyName&gt;EUREX&lt;/CounterpartyName&gt;
&lt;/KeySet&gt;
&lt;/RefData&gt;
&lt;/Counterparty&gt;
&lt;TraderInfo&gt;
&lt;InputMode&gt;MANUAL CAPTURE&lt;/InputMode&gt;
&lt;Trader&gt;
&lt;RefData RefDataType="EMPLOYEE"&gt;
&lt;KeySet xsi:type="Employee:UserId"&gt;
&lt;System&gt;NT USER NAME&lt;/System&gt;
&lt;UserId&gt;ABFO2RMSFEED&lt;/UserId&gt;
&lt;/KeySet&gt;
&lt;/RefData&gt;
&lt;/Trader&gt;
&lt;/TraderInfo&gt;
&lt;ProductType&gt;
&lt;RefData RefDataType="PRODUCTTYPE"&gt;
&lt;KeySet xsi:type="Prd:RMSProductXType"&gt;
&lt;Product&gt;BondFuture&lt;/Product&gt;
&lt;ProductId&gt;299208438&lt;/ProductId&gt;
&lt;ProductVersion&gt;1&lt;/ProductVersion&gt;
&lt;ProductLegId/&gt;
&lt;/KeySet&gt;
&lt;/RefData&gt;
&lt;/ProductType&gt;
&lt;BuySell&gt;S&lt;/BuySell&gt;
&lt;AssetFlow&gt;
&lt;EventDate&gt;
&lt;UnadjustedDate&gt;2010-08-24&lt;/UnadjustedDate&gt;
&lt;/EventDate&gt;
&lt;Quantity&gt;12&lt;/Quantity&gt;
&lt;InstrumentId&gt;
&lt;RefData RefDataType="INSTRUMENT"&gt;
&lt;KeySet xsi:type="Instr:FuturesContract"&gt;
&lt;Market&gt;EURX&lt;/Market&gt;
&lt;ContractCode&gt;EU2YT_EUX&lt;/ContractCode&gt;
&lt;Prompt&gt;SEP10&lt;/Prompt&gt;
&lt;/KeySet&gt;
&lt;/RefData&gt;
&lt;/InstrumentId&gt;
&lt;/AssetFlow&gt;
&lt;Price&gt;109.8&lt;/Price&gt;
&lt;ExchangeId&gt;EUREX&lt;/ExchangeId&gt;
&lt;NotionalValue&gt;
&lt;Currency&gt;EUR&lt;/Currency&gt;
&lt;Amount&gt;0&lt;/Amount&gt;
&lt;/NotionalValue&gt;
&lt;ExternalSystemReference&gt;
&lt;TradeDomain&gt;ABFO&lt;/TradeDomain&gt;
&lt;TradeId&gt;ABFOLDN:748826&lt;/TradeId&gt;
&lt;TradeVersion&gt;0&lt;/TradeVersion&gt;
&lt;/ExternalSystemReference&gt;
&lt;ExternalSystemReference&gt;
&lt;TradeDomain&gt;ABFO2RMSFeed&lt;/TradeDomain&gt;
&lt;TradeId&gt;ABFOLDN:748826:1:1&lt;/TradeId&gt;
&lt;TradeVersion&gt;0&lt;/TradeVersion&gt;
&lt;/ExternalSystemReference&gt;
&lt;Notes&gt;Comments:-&lt;/Notes&gt;
&lt;/Trade&gt;
&lt;BusinessEventTimeStamp&gt;2010-08-25T00:07:56.000&lt;/BusinessEventTimeStamp&gt;
&lt;/Transaction&gt;
&lt;/DbGML:DBGMMessage&gt;</Text>
</Message>
