<?xml version="1.0" encoding="UTF-8"?>
<Message>
    <SystemInfo>
        <JMSDestination>Topic[exodus.dbgml.demo]</JMSDestination>
        <JMSReplyTo/>
        <JMSDeliveryMode>2</JMSDeliveryMode>
        <JMSRedelivered>false</JMSRedelivered>
        <JMSCorrelationID>null</JMSCorrelationID>
        <JMSType>null</JMSType>
        <JMSTimestamp>1285344098881</JMSTimestamp>
        <JMSExpiration>0</JMSExpiration>
        <JMSPriority>4</JMSPriority>
    </SystemInfo>
    <ApplicationInfo>
        <SYSTEMID>224491239</SYSTEMID>
        <TRADEGROUP>CASHDEPOSIT</TRADEGROUP>
        <VERSION>2</VERSION>
        <COUNTERPARTY>AGYHC</COUNTERPARTY>
        <MESSAGE_TYPE>RMS_TRADE</MESSAGE_TYPE>
        <TRADETYPE>CashDeposit</TRADETYPE>
        <BOOK>PMDBMET</BOOK>
        <ACTION>Roll</ACTION>
        <STATUS>Open</STATUS>
    </ApplicationInfo>
    <Text>&lt;?xml version="1.0" encoding="UTF-8"?&gt;
&lt;DbGML:DBGMMessage xsi:schemaLocation="DbGML schema/trade/dbgml.trade.xsd" SchemaVersion="9.13" xmlns:DbGML="DbGML" xmlns:DbGMLUtil="DbGMLUtil" xmlns:Instr="DbGML/Trade/Instrument" xmlns:Posn="DbGMLPosition/Position" xmlns:Reset="DbGML/Trade/Reset" xmlns:Exotic="DbGML/Trade/Exotic" xmlns:SimpleCash="DbGML/Trade/SimpleCash" xmlns:xsi="http://www.w3.org/2001/XMLSchema-instance" xmlns:fn="http://www.w3.org/2004/10/xpath-functions" xmlns:Option="DbGML/Trade/Option" xmlns:Barrier="DbGML/Trade/Barrier" xmlns:ListedFuture="DbGML/Trade/ListedFuture" xmlns:DbGMLP="DbGMLPosition" xmlns:Employee="DbGML/Trade/Employee" xmlns:MM="DbGML/Trade/MM" xmlns:ListedOption="DbGML/Trade/ListedOption" xmlns:Book="DbGML/Trade/Book" xmlns:CFlow="DbGML/Trade/Cashflow" xmlns:Party="DbGML/Trade/Party" xmlns:DbGMLBusHdr="DbGMLBusHdr" xmlns:Prd="DbGML/Trade/Product" xmlns:FX="DbGML/Trade/FX" xmlns:DbGMLCP="DbGMLPosition/Position/CashPosition"&gt;
&lt;BusinessHdr&gt;
&lt;DbGMLBusHdr:BusObjectType&gt;TRADE/FX/LD&lt;/DbGMLBusHdr:BusObjectType&gt;
&lt;DbGMLBusHdr:BusObjectOwner&gt;DB AG&lt;/DbGMLBusHdr:BusObjectOwner&gt;
&lt;DbGMLBusHdr:BusObjectId&gt;RMS/224491239&lt;/DbGMLBusHdr:BusObjectId&gt;
&lt;DbGMLBusHdr:BusObjectVersion&gt;2&lt;/DbGMLBusHdr:BusObjectVersion&gt;
&lt;DbGMLBusHdr:BusEventTimeStamp&gt;2010-09-11T00:00:48.000&lt;/DbGMLBusHdr:BusEventTimeStamp&gt;
&lt;DbGMLBusHdr:BusObjectEventType&gt;Open&lt;/DbGMLBusHdr:BusObjectEventType&gt;
&lt;DbGMLBusHdr:SchemaVersion&gt;9.13&lt;/DbGMLBusHdr:SchemaVersion&gt;
&lt;/BusinessHdr&gt;
&lt;Transaction&gt;
&lt;GenericTradeEvent&gt;AMEND&lt;/GenericTradeEvent&gt;
&lt;EffectiveDate&gt;2009-10-05&lt;/EffectiveDate&gt;
&lt;TradingDateTime&gt;2010-09-11T00:00:48.000&lt;/TradingDateTime&gt;
&lt;TradeGroup&gt;
&lt;GroupId&gt;129888676&lt;/GroupId&gt;
&lt;Reason&gt;STRUCTURED-CHILD&lt;/Reason&gt;
&lt;/TradeGroup&gt;
&lt;Trade xsi:type="MM:MMLoanDeposit"&gt;
&lt;Id&gt;
&lt;TradeDomain&gt;RMS&lt;/TradeDomain&gt;
&lt;TradeId&gt;224491239&lt;/TradeId&gt;
&lt;TradeVersion&gt;2&lt;/TradeVersion&gt;
&lt;/Id&gt;
&lt;TradeDate&gt;2009-10-05&lt;/TradeDate&gt;
&lt;Owner&gt;
&lt;RefData RefDataType="PARTY"&gt;
&lt;KeySet xsi:type="Party:FxPartyId"&gt;
&lt;System&gt;RMS&lt;/System&gt;
&lt;AltId&gt;DB AG&lt;/AltId&gt;
&lt;/KeySet&gt;
&lt;/RefData&gt;
&lt;/Owner&gt;
&lt;Book&gt;
&lt;RefData RefDataType="BOOK"&gt;
&lt;KeySet xsi:type="Book:FxRMSBook"&gt;
&lt;BookId&gt;PMDBMET&lt;/BookId&gt;
&lt;/KeySet&gt;
&lt;/RefData&gt;
&lt;/Book&gt;
&lt;Counterparty&gt;
&lt;RefData RefDataType="PARTY"&gt;
&lt;KeySet xsi:type="Party:FxPartyId"&gt;
&lt;System&gt;RMS&lt;/System&gt;
&lt;AltId&gt;AGYHC&lt;/AltId&gt;
&lt;CounterpartyName&gt;AGY HOLDING CORP&lt;/CounterpartyName&gt;
&lt;/KeySet&gt;
&lt;/RefData&gt;
&lt;/Counterparty&gt;
&lt;TraderInfo&gt;
&lt;InputMode&gt;MANUAL CAPTURE&lt;/InputMode&gt;
&lt;Trader&gt;
&lt;RefData RefDataType="EMPLOYEE"&gt;
&lt;KeySet xsi:type="Employee:UserId"&gt;
&lt;System&gt;NT USER NAME&lt;/System&gt;
&lt;UserId&gt;KEENMAT&lt;/UserId&gt;
&lt;/KeySet&gt;
&lt;/RefData&gt;
&lt;/Trader&gt;
&lt;/TraderInfo&gt;
&lt;ProductType&gt;
&lt;RefData RefDataType="PRODUCTTYPE"&gt;
&lt;KeySet xsi:type="Prd:RMSProductXType"&gt;
&lt;Product&gt;CashDeposit&lt;/Product&gt;
&lt;ProductId&gt;217984147&lt;/ProductId&gt;
&lt;ProductVersion&gt;2&lt;/ProductVersion&gt;
&lt;ProductLegId/&gt;
&lt;/KeySet&gt;
&lt;/RefData&gt;
&lt;/ProductType&gt;
&lt;CashflowStream&gt;
&lt;StartDate&gt;
&lt;UnadjustedDate&gt;2010-09-10&lt;/UnadjustedDate&gt;
&lt;/StartDate&gt;
&lt;EndDate&gt;
&lt;UnadjustedDate&gt;2010-10-12&lt;/UnadjustedDate&gt;
&lt;/EndDate&gt;
&lt;DateAdjustmentFormula&gt;
&lt;BusDayConvention&gt;NONE&lt;/BusDayConvention&gt;
&lt;/DateAdjustmentFormula&gt;
&lt;AssetLiability&gt;A&lt;/AssetLiability&gt;
&lt;StreamType&gt;FIXED RATE&lt;/StreamType&gt;
&lt;CashflowSchedule&gt;
&lt;ScheduleParams&gt;
&lt;StartDate&gt;
&lt;UnadjustedDate&gt;2010-09-10&lt;/UnadjustedDate&gt;
&lt;/StartDate&gt;
&lt;EndDate&gt;
&lt;UnadjustedDate&gt;2010-10-12&lt;/UnadjustedDate&gt;
&lt;/EndDate&gt;
&lt;DateAdjustmentFormula&gt;
&lt;BusDayConvention&gt;NONE&lt;/BusDayConvention&gt;
&lt;/DateAdjustmentFormula&gt;
&lt;FrequencyId xsi:type="DbGMLUtil:FrequencyInterval"&gt;NONE&lt;/FrequencyId&gt;
&lt;/ScheduleParams&gt;
&lt;CashflowType&gt;PRINCIPAL EXCHANGE&lt;/CashflowType&gt;
&lt;Cashflow Status="REFIXED"&gt;
&lt;EventDate&gt;
&lt;UnadjustedDate&gt;2010-09-10&lt;/UnadjustedDate&gt;
&lt;/EventDate&gt;
&lt;Amount&gt;
&lt;Currency&gt;XPT&lt;/Currency&gt;
&lt;Amount&gt;13200&lt;/Amount&gt;
&lt;/Amount&gt;
&lt;/Cashflow&gt;
&lt;Cashflow Status="REFIXPENDING"&gt;
&lt;EventDate&gt;
&lt;UnadjustedDate&gt;2010-10-12&lt;/UnadjustedDate&gt;
&lt;/EventDate&gt;
&lt;Amount&gt;
&lt;Currency&gt;XPT&lt;/Currency&gt;
&lt;Amount&gt;-13200&lt;/Amount&gt;
&lt;/Amount&gt;
&lt;/Cashflow&gt;
&lt;/CashflowSchedule&gt;
&lt;CashflowSchedule&gt;
&lt;ScheduleParams&gt;
&lt;StartDate&gt;
&lt;UnadjustedDate&gt;2010-09-10&lt;/UnadjustedDate&gt;
&lt;/StartDate&gt;
&lt;EndDate&gt;
&lt;UnadjustedDate&gt;2010-10-12&lt;/UnadjustedDate&gt;
&lt;/EndDate&gt;
&lt;DateAdjustmentFormula&gt;
&lt;BusDayConvention&gt;NONE&lt;/BusDayConvention&gt;
&lt;/DateAdjustmentFormula&gt;
&lt;FrequencyId xsi:type="DbGMLUtil:FrequencyInterval"&gt;NONE&lt;/FrequencyId&gt;
&lt;/ScheduleParams&gt;
&lt;CashflowType&gt;COUPON&lt;/CashflowType&gt;
&lt;RefixFormula&gt;
&lt;ResetFormulaList&gt;
&lt;ResetFormula xsi:type="Reset:FixedRateFormula" Seq="1"&gt;
&lt;RateValue&gt;5.83&lt;/RateValue&gt;
&lt;/ResetFormula&gt;
&lt;/ResetFormulaList&gt;
&lt;AccrualBasis&gt;ACT/360&lt;/AccrualBasis&gt;
&lt;InArrears&gt;false&lt;/InArrears&gt;
&lt;ResetLag&gt;0&lt;/ResetLag&gt;
&lt;Offset&gt;0&lt;/Offset&gt;
&lt;/RefixFormula&gt;
&lt;Cashflow Status="REFIXPENDING"&gt;
&lt;EventDate&gt;
&lt;UnadjustedDate&gt;2010-10-12&lt;/UnadjustedDate&gt;
&lt;/EventDate&gt;
&lt;Amount&gt;
&lt;Currency&gt;XPT&lt;/Currency&gt;
&lt;Amount&gt;68.405&lt;/Amount&gt;
&lt;/Amount&gt;
&lt;/Cashflow&gt;
&lt;/CashflowSchedule&gt;
&lt;NotionalSchedule&gt;
&lt;ScheduleParams&gt;
&lt;StartDate&gt;
&lt;UnadjustedDate&gt;2010-09-10&lt;/UnadjustedDate&gt;
&lt;/StartDate&gt;
&lt;EndDate&gt;
&lt;UnadjustedDate&gt;2010-10-12&lt;/UnadjustedDate&gt;
&lt;/EndDate&gt;
&lt;DateAdjustmentFormula&gt;
&lt;BusDayConvention&gt;NONE&lt;/BusDayConvention&gt;
&lt;/DateAdjustmentFormula&gt;
&lt;FrequencyId xsi:type="DbGMLUtil:FrequencyInterval"&gt;BULLET&lt;/FrequencyId&gt;
&lt;/ScheduleParams&gt;
&lt;Balance Status="RESET"&gt;
&lt;EventDate&gt;
&lt;UnadjustedDate&gt;2010-09-10&lt;/UnadjustedDate&gt;
&lt;/EventDate&gt;
&lt;Amount&gt;
&lt;Currency&gt;XPT&lt;/Currency&gt;
&lt;Amount&gt;13200&lt;/Amount&gt;
&lt;/Amount&gt;
&lt;/Balance&gt;
&lt;InitialBalance&gt;
&lt;Currency&gt;XPT&lt;/Currency&gt;
&lt;Amount&gt;13200&lt;/Amount&gt;
&lt;/InitialBalance&gt;
&lt;/NotionalSchedule&gt;
&lt;/CashflowStream&gt;
&lt;InstrumentType&gt;LD&lt;/InstrumentType&gt;
&lt;PrincipalCurrency&gt;XPT&lt;/PrincipalCurrency&gt;
&lt;CurrentRate&gt;
&lt;Rate&gt;5.83&lt;/Rate&gt;
&lt;EffectiveDate&gt;2010-09-10&lt;/EffectiveDate&gt;
&lt;/CurrentRate&gt;
&lt;SettlementDate&gt;2010-10-12&lt;/SettlementDate&gt;
&lt;/Trade&gt;
&lt;BusinessEventTimeStamp&gt;2010-09-11T00:00:48.000&lt;/BusinessEventTimeStamp&gt;
&lt;/Transaction&gt;
&lt;/DbGML:DBGMMessage&gt;</Text>
</Message>
