<?xml version="1.0" encoding="UTF-8"?>
<Message>
    <SystemInfo>
        <JMSDestination>Topic[exodus.dbgml.demo]</JMSDestination>
        <JMSReplyTo/>
        <JMSDeliveryMode>2</JMSDeliveryMode>
        <JMSRedelivered>false</JMSRedelivered>
        <JMSCorrelationID>null</JMSCorrelationID>
        <JMSType>null</JMSType>
        <JMSTimestamp>1285343836384</JMSTimestamp>
        <JMSExpiration>0</JMSExpiration>
        <JMSPriority>4</JMSPriority>
    </SystemInfo>
    <ApplicationInfo>
        <SYSTEMID>192076526</SYSTEMID>
        <TRADEGROUP>FXCASH</TRADEGROUP>
        <VERSION>24</VERSION>
        <COUNTERPARTY>BKK-THYSSEV</COUNTERPARTY>
        <MESSAGE_TYPE>RMS_TRADE</MESSAGE_TYPE>
        <TRADETYPE>FxDrawdownForward</TRADETYPE>
        <BOOK>BKTRS</BOOK>
        <ACTION>Economic</ACTION>
        <STATUS>Open</STATUS>
    </ApplicationInfo>
    <Text>&lt;?xml version="1.0" encoding="UTF-8"?&gt;
&lt;DbGML:DBGMMessage xsi:schemaLocation="DbGML schema/trade/dbgml.trade.xsd" SchemaVersion="9.13" xmlns:DbGML="DbGML" xmlns:DbGMLUtil="DbGMLUtil" xmlns:Instr="DbGML/Trade/Instrument" xmlns:Posn="DbGMLPosition/Position" xmlns:Reset="DbGML/Trade/Reset" xmlns:Exotic="DbGML/Trade/Exotic" xmlns:SimpleCash="DbGML/Trade/SimpleCash" xmlns:xsi="http://www.w3.org/2001/XMLSchema-instance" xmlns:fn="http://www.w3.org/2004/10/xpath-functions" xmlns:Option="DbGML/Trade/Option" xmlns:Barrier="DbGML/Trade/Barrier" xmlns:ListedFuture="DbGML/Trade/ListedFuture" xmlns:DbGMLP="DbGMLPosition" xmlns:Employee="DbGML/Trade/Employee" xmlns:MM="DbGML/Trade/MM" xmlns:ListedOption="DbGML/Trade/ListedOption" xmlns:Book="DbGML/Trade/Book" xmlns:CFlow="DbGML/Trade/Cashflow" xmlns:Party="DbGML/Trade/Party" xmlns:DbGMLBusHdr="DbGMLBusHdr" xmlns:Prd="DbGML/Trade/Product" xmlns:FX="DbGML/Trade/FX" xmlns:DbGMLCP="DbGMLPosition/Position/CashPosition"&gt;
&lt;BusinessHdr&gt;
&lt;DbGMLBusHdr:BusObjectType&gt;TRADE/FX/FXDDFORWARD&lt;/DbGMLBusHdr:BusObjectType&gt;
&lt;DbGMLBusHdr:BusObjectOwner&gt;TBD/TBD&lt;/DbGMLBusHdr:BusObjectOwner&gt;
&lt;DbGMLBusHdr:BusObjectId&gt;RMS/192076526&lt;/DbGMLBusHdr:BusObjectId&gt;
&lt;DbGMLBusHdr:BusObjectVersion&gt;24&lt;/DbGMLBusHdr:BusObjectVersion&gt;
&lt;DbGMLBusHdr:BusEventTimeStamp&gt;2010-08-30T10:41:39.000&lt;/DbGMLBusHdr:BusEventTimeStamp&gt;
&lt;DbGMLBusHdr:BusObjectEventType&gt;Open&lt;/DbGMLBusHdr:BusObjectEventType&gt;
&lt;DbGMLBusHdr:SchemaVersion&gt;9.13&lt;/DbGMLBusHdr:SchemaVersion&gt;
&lt;/BusinessHdr&gt;
&lt;Transaction&gt;
&lt;GenericTradeEvent&gt;AMEND&lt;/GenericTradeEvent&gt;
&lt;EffectiveDate&gt;2009-03-09&lt;/EffectiveDate&gt;
&lt;TradingDateTime&gt;2010-08-30T10:41:39.000&lt;/TradingDateTime&gt;
&lt;Brokerage&gt;
&lt;Broker&gt;
&lt;RefData RefDataType="PARTY"&gt;
&lt;KeySet xsi:type="Party:FxPartyId"&gt;
&lt;System&gt;RMS&lt;/System&gt;
&lt;AltId&gt;PHON&lt;/AltId&gt;
&lt;/KeySet&gt;
&lt;/RefData&gt;
&lt;/Broker&gt;
&lt;/Brokerage&gt;
&lt;TradeGroup&gt;
&lt;GroupId&gt;111197502&lt;/GroupId&gt;
&lt;Reason&gt;STRUCTURED-CHILD&lt;/Reason&gt;
&lt;/TradeGroup&gt;
&lt;TradeGroup&gt;
&lt;GroupId&gt;DrawdownForward&lt;/GroupId&gt;
&lt;Reason&gt;STRUCTURED-SIBLING&lt;/Reason&gt;
&lt;LinkedTrades&gt;
&lt;TradeDomain&gt;RMS&lt;/TradeDomain&gt;
&lt;TradeId&gt;308459848&lt;/TradeId&gt;
&lt;TradeVersion&gt;0&lt;/TradeVersion&gt;
&lt;/LinkedTrades&gt;
&lt;/TradeGroup&gt;
&lt;Trade xsi:type="FX:FXDrawdownForwardTrade"&gt;
&lt;Id&gt;
&lt;TradeDomain&gt;RMS&lt;/TradeDomain&gt;
&lt;TradeId&gt;192076526&lt;/TradeId&gt;
&lt;TradeVersion&gt;24&lt;/TradeVersion&gt;
&lt;/Id&gt;
&lt;TradeDate&gt;2009-03-09&lt;/TradeDate&gt;
&lt;Owner&gt;
&lt;RefData RefDataType="PARTY"&gt;
&lt;KeySet xsi:type="Party:FxLEOU"&gt;
&lt;LE&gt;TBD&lt;/LE&gt;
&lt;OU&gt;TBD&lt;/OU&gt;
&lt;/KeySet&gt;
&lt;/RefData&gt;
&lt;/Owner&gt;
&lt;Book&gt;
&lt;RefData RefDataType="BOOK"&gt;
&lt;KeySet xsi:type="Book:FxRMSBook"&gt;
&lt;BookId&gt;BKTRS&lt;/BookId&gt;
&lt;/KeySet&gt;
&lt;/RefData&gt;
&lt;/Book&gt;
&lt;Counterparty&gt;
&lt;RefData RefDataType="PARTY"&gt;
&lt;KeySet xsi:type="Party:FxPartyId"&gt;
&lt;System&gt;RMS&lt;/System&gt;
&lt;AltId&gt;BKK-THYSSEV&lt;/AltId&gt;
&lt;CounterpartyName&gt;THYSSENKRUPP ELEVATOR THAILAND CO LTD&lt;/CounterpartyName&gt;
&lt;/KeySet&gt;
&lt;/RefData&gt;
&lt;/Counterparty&gt;
&lt;TraderInfo&gt;
&lt;InputMode&gt;MANUAL CAPTURE&lt;/InputMode&gt;
&lt;Trader&gt;
&lt;RefData RefDataType="EMPLOYEE"&gt;
&lt;KeySet xsi:type="Employee:UserId"&gt;
&lt;System&gt;NT USER NAME&lt;/System&gt;
&lt;UserId&gt;PRASWIM&lt;/UserId&gt;
&lt;/KeySet&gt;
&lt;/RefData&gt;
&lt;/Trader&gt;
&lt;/TraderInfo&gt;
&lt;ProductType&gt;
&lt;RefData RefDataType="PRODUCTTYPE"&gt;
&lt;KeySet xsi:type="Prd:RMSProductXType"&gt;
&lt;Product&gt;FxDrawdownForward&lt;/Product&gt;
&lt;ProductId&gt;186274511&lt;/ProductId&gt;
&lt;ProductVersion&gt;1&lt;/ProductVersion&gt;
&lt;ProductLegId/&gt;
&lt;/KeySet&gt;
&lt;/RefData&gt;
&lt;/ProductType&gt;
&lt;Leg&gt;
&lt;ValueDate&gt;2010-09-30&lt;/ValueDate&gt;
&lt;Cashflow Status="REFIXED"&gt;
&lt;EventDate&gt;
&lt;AdjustedDate&gt;2010-09-30&lt;/AdjustedDate&gt;
&lt;/EventDate&gt;
&lt;Amount&gt;
&lt;Currency&gt;EUR&lt;/Currency&gt;
&lt;Amount&gt;-9104.46&lt;/Amount&gt;
&lt;/Amount&gt;
&lt;/Cashflow&gt;
&lt;Cashflow Status="REFIXED"&gt;
&lt;EventDate&gt;
&lt;AdjustedDate&gt;2010-09-30&lt;/AdjustedDate&gt;
&lt;/EventDate&gt;
&lt;Amount&gt;
&lt;Currency&gt;THB&lt;/Currency&gt;
&lt;Amount&gt;424085.7468&lt;/Amount&gt;
&lt;/Amount&gt;
&lt;/Cashflow&gt;
&lt;CustomerRate&gt;
&lt;Rate&gt;46.58&lt;/Rate&gt;
&lt;Numerator&gt;THB&lt;/Numerator&gt;
&lt;Denominator&gt;EUR&lt;/Denominator&gt;
&lt;/CustomerRate&gt;
&lt;TraderRate&gt;
&lt;Rate&gt;46.46&lt;/Rate&gt;
&lt;Numerator&gt;THB&lt;/Numerator&gt;
&lt;Denominator&gt;EUR&lt;/Denominator&gt;
&lt;/TraderRate&gt;
&lt;/Leg&gt;
&lt;ExternalSystemReference&gt;
&lt;TradeDomain&gt;RMSSales&lt;/TradeDomain&gt;
&lt;TradeId&gt;C-IFP270H4VOF0W-5&lt;/TradeId&gt;
&lt;TradeVersion&gt;0&lt;/TradeVersion&gt;
&lt;/ExternalSystemReference&gt;
&lt;ExtraDetails&gt;
&lt;AdditionalTradeAttribute&gt;
&lt;AttributeName&gt;DDSystemID&lt;/AttributeName&gt;
&lt;AttributeType&gt;Text&lt;/AttributeType&gt;
&lt;AttributeValue&gt;308459848&lt;/AttributeValue&gt;
&lt;/AdditionalTradeAttribute&gt;
&lt;AdditionalTradeAttribute&gt;
&lt;AttributeName&gt;DDVersion&lt;/AttributeName&gt;
&lt;AttributeType&gt;Text&lt;/AttributeType&gt;
&lt;AttributeValue&gt;1&lt;/AttributeValue&gt;
&lt;/AdditionalTradeAttribute&gt;
&lt;/ExtraDetails&gt;
&lt;Notes&gt;318132 rem &lt;/Notes&gt;
&lt;/Trade&gt;
&lt;BusinessEventTimeStamp&gt;2010-08-30T10:41:39.000&lt;/BusinessEventTimeStamp&gt;
&lt;/Transaction&gt;
&lt;/DbGML:DBGMMessage&gt;</Text>
</Message>
