<?xml version="1.0" encoding="UTF-8"?>
<Message>
    <SystemInfo>
        <JMSDestination>Topic[exodus.dbgml.demo]</JMSDestination>
        <JMSReplyTo/>
        <JMSDeliveryMode>2</JMSDeliveryMode>
        <JMSRedelivered>false</JMSRedelivered>
        <JMSCorrelationID>null</JMSCorrelationID>
        <JMSType>null</JMSType>
        <JMSTimestamp>1285343887306</JMSTimestamp>
        <JMSExpiration>0</JMSExpiration>
        <JMSPriority>4</JMSPriority>
    </SystemInfo>
    <ApplicationInfo>
        <SYSTEMID>174608643</SYSTEMID>
        <TRADEGROUP>FXOPTION</TRADEGROUP>
        <VERSION>4</VERSION>
        <COUNTERPARTY>DBOP</COUNTERPARTY>
        <MESSAGE_TYPE>RMS_TRADE</MESSAGE_TYPE>
        <TRADETYPE>FxEuroOpt</TRADETYPE>
        <BOOK>INDOPT</BOOK>
        <ACTION>Economic</ACTION>
        <STATUS>Open</STATUS>
    </ApplicationInfo>
    <Text>&lt;?xml version="1.0" encoding="UTF-8"?&gt;
&lt;DbGML:DBGMMessage xsi:schemaLocation="DbGML schema/trade/dbgml.trade.xsd" SchemaVersion="9.13" xmlns:DbGML="DbGML" xmlns:DbGMLUtil="DbGMLUtil" xmlns:Instr="DbGML/Trade/Instrument" xmlns:Posn="DbGMLPosition/Position" xmlns:Reset="DbGML/Trade/Reset" xmlns:Exotic="DbGML/Trade/Exotic" xmlns:SimpleCash="DbGML/Trade/SimpleCash" xmlns:xsi="http://www.w3.org/2001/XMLSchema-instance" xmlns:fn="http://www.w3.org/2004/10/xpath-functions" xmlns:Option="DbGML/Trade/Option" xmlns:Barrier="DbGML/Trade/Barrier" xmlns:ListedFuture="DbGML/Trade/ListedFuture" xmlns:DbGMLP="DbGMLPosition" xmlns:Employee="DbGML/Trade/Employee" xmlns:MM="DbGML/Trade/MM" xmlns:ListedOption="DbGML/Trade/ListedOption" xmlns:Book="DbGML/Trade/Book" xmlns:CFlow="DbGML/Trade/Cashflow" xmlns:Party="DbGML/Trade/Party" xmlns:DbGMLBusHdr="DbGMLBusHdr" xmlns:Prd="DbGML/Trade/Product" xmlns:FX="DbGML/Trade/FX" xmlns:DbGMLCP="DbGMLPosition/Position/CashPosition"&gt;
&lt;BusinessHdr&gt;
&lt;DbGMLBusHdr:BusObjectType&gt;TRADE/FX/FXOPTION&lt;/DbGMLBusHdr:BusObjectType&gt;
&lt;DbGMLBusHdr:BusObjectOwner&gt;TBD/TBD&lt;/DbGMLBusHdr:BusObjectOwner&gt;
&lt;DbGMLBusHdr:BusObjectId&gt;RMS/174608643&lt;/DbGMLBusHdr:BusObjectId&gt;
&lt;DbGMLBusHdr:BusObjectVersion&gt;4&lt;/DbGMLBusHdr:BusObjectVersion&gt;
&lt;DbGMLBusHdr:BusEventTimeStamp&gt;2010-09-03T21:15:38.000&lt;/DbGMLBusHdr:BusEventTimeStamp&gt;
&lt;DbGMLBusHdr:BusObjectEventType&gt;Open&lt;/DbGMLBusHdr:BusObjectEventType&gt;
&lt;DbGMLBusHdr:SchemaVersion&gt;9.13&lt;/DbGMLBusHdr:SchemaVersion&gt;
&lt;/BusinessHdr&gt;
&lt;Transaction&gt;
&lt;GenericTradeEvent&gt;AMEND&lt;/GenericTradeEvent&gt;
&lt;EffectiveDate&gt;2008-11-19&lt;/EffectiveDate&gt;
&lt;TradingDateTime&gt;2010-09-03T21:15:38.000&lt;/TradingDateTime&gt;
&lt;TradeGroup&gt;
&lt;GroupId&gt;100186091&lt;/GroupId&gt;
&lt;Reason&gt;STRUCTURED-CHILD&lt;/Reason&gt;
&lt;/TradeGroup&gt;
&lt;Trade xsi:type="FX:FXOption"&gt;
&lt;Id&gt;
&lt;TradeDomain&gt;RMS&lt;/TradeDomain&gt;
&lt;TradeId&gt;174608643&lt;/TradeId&gt;
&lt;TradeVersion&gt;4&lt;/TradeVersion&gt;
&lt;/Id&gt;
&lt;TradeDate&gt;2008-11-19&lt;/TradeDate&gt;
&lt;Owner&gt;
&lt;RefData RefDataType="PARTY"&gt;
&lt;KeySet xsi:type="Party:FxLEOU"&gt;
&lt;LE&gt;TBD&lt;/LE&gt;
&lt;OU&gt;TBD&lt;/OU&gt;
&lt;/KeySet&gt;
&lt;/RefData&gt;
&lt;/Owner&gt;
&lt;Book&gt;
&lt;RefData RefDataType="BOOK"&gt;
&lt;KeySet xsi:type="Book:FxRMSBook"&gt;
&lt;BookId&gt;INDOPT&lt;/BookId&gt;
&lt;/KeySet&gt;
&lt;/RefData&gt;
&lt;/Book&gt;
&lt;Counterparty&gt;
&lt;RefData RefDataType="PARTY"&gt;
&lt;KeySet xsi:type="Party:FxPartyId"&gt;
&lt;System&gt;RMS&lt;/System&gt;
&lt;AltId&gt;DBOP&lt;/AltId&gt;
&lt;CounterpartyName&gt;DEUTSCHE BANK AG&lt;/CounterpartyName&gt;
&lt;/KeySet&gt;
&lt;/RefData&gt;
&lt;/Counterparty&gt;
&lt;TraderInfo&gt;
&lt;InputMode&gt;MANUAL CAPTURE&lt;/InputMode&gt;
&lt;Trader&gt;
&lt;RefData RefDataType="EMPLOYEE"&gt;
&lt;KeySet xsi:type="Employee:UserId"&gt;
&lt;System&gt;NT USER NAME&lt;/System&gt;
&lt;UserId&gt;ORNIKHE&lt;/UserId&gt;
&lt;/KeySet&gt;
&lt;/RefData&gt;
&lt;/Trader&gt;
&lt;/TraderInfo&gt;
&lt;ProductType&gt;
&lt;RefData RefDataType="PRODUCTTYPE"&gt;
&lt;KeySet xsi:type="Prd:RMSProductXType"&gt;
&lt;Product&gt;FxEuroOpt&lt;/Product&gt;
&lt;ProductId&gt;169127816&lt;/ProductId&gt;
&lt;ProductVersion&gt;7&lt;/ProductVersion&gt;
&lt;ProductLegId/&gt;
&lt;/KeySet&gt;
&lt;/RefData&gt;
&lt;/ProductType&gt;
&lt;BuySell&gt;S&lt;/BuySell&gt;
&lt;Option&gt;
&lt;Owner&gt;COUNTERPARTY&lt;/Owner&gt;
&lt;CallPut&gt;C&lt;/CallPut&gt;
&lt;ExerciseSchedule xsi:type="Option:EuropeanExerciseSchedule"&gt;
&lt;StartDate&gt;
&lt;AdjustedDate&gt;2011-11-24&lt;/AdjustedDate&gt;
&lt;/StartDate&gt;
&lt;EndDate&gt;
&lt;AdjustedDate&gt;2011-11-24&lt;/AdjustedDate&gt;
&lt;/EndDate&gt;
&lt;DateAdjustmentFormula&gt;
&lt;BusDayConvention&gt;NONE&lt;/BusDayConvention&gt;
&lt;/DateAdjustmentFormula&gt;
&lt;ExerciseWindow&gt;
&lt;ExerciseDate&gt;
&lt;AdjustedDate&gt;2011-11-24&lt;/AdjustedDate&gt;
&lt;/ExerciseDate&gt;
&lt;/ExerciseWindow&gt;
&lt;/ExerciseSchedule&gt;
&lt;Underlying xsi:type="Option:PhysicalOnly"&gt;
&lt;Trade xsi:type="FX:FXForwardTrade"&gt;
&lt;Id&gt;
&lt;TradeDomain&gt;RMS&lt;/TradeDomain&gt;
&lt;TradeId&gt;174608643&lt;/TradeId&gt;
&lt;TradeVersion&gt;4&lt;/TradeVersion&gt;
&lt;/Id&gt;
&lt;TradeDate&gt;2008-11-19&lt;/TradeDate&gt;
&lt;Owner&gt;
&lt;RefData RefDataType="PARTY"&gt;
&lt;KeySet xsi:type="Party:FxLEOU"&gt;
&lt;LE&gt;TBD&lt;/LE&gt;
&lt;OU&gt;TBD&lt;/OU&gt;
&lt;/KeySet&gt;
&lt;/RefData&gt;
&lt;/Owner&gt;
&lt;Book&gt;
&lt;RefData RefDataType="BOOK"&gt;
&lt;KeySet xsi:type="Book:FxRMSBook"&gt;
&lt;BookId&gt;INDOPT&lt;/BookId&gt;
&lt;/KeySet&gt;
&lt;/RefData&gt;
&lt;/Book&gt;
&lt;Counterparty&gt;
&lt;RefData RefDataType="PARTY"&gt;
&lt;KeySet xsi:type="Party:FxPartyId"&gt;
&lt;System&gt;RMS&lt;/System&gt;
&lt;AltId&gt;DBOP&lt;/AltId&gt;
&lt;CounterpartyName&gt;DEUTSCHE BANK AG&lt;/CounterpartyName&gt;
&lt;/KeySet&gt;
&lt;/RefData&gt;
&lt;/Counterparty&gt;
&lt;TraderInfo&gt;
&lt;InputMode&gt;MANUAL CAPTURE&lt;/InputMode&gt;
&lt;Trader&gt;
&lt;RefData RefDataType="EMPLOYEE"&gt;
&lt;KeySet xsi:type="Employee:UserId"&gt;
&lt;System&gt;NT USER NAME&lt;/System&gt;
&lt;UserId&gt;ORNIKHE&lt;/UserId&gt;
&lt;/KeySet&gt;
&lt;/RefData&gt;
&lt;/Trader&gt;
&lt;/TraderInfo&gt;
&lt;Leg&gt;
&lt;ValueDate&gt;2011-11-28&lt;/ValueDate&gt;
&lt;Cashflow Status="REFIXED"&gt;
&lt;EventDate&gt;
&lt;AdjustedDate&gt;2011-11-28&lt;/AdjustedDate&gt;
&lt;/EventDate&gt;
&lt;Amount&gt;
&lt;Currency&gt;HVB&lt;/Currency&gt;
&lt;Amount&gt;-2385.69909091&lt;/Amount&gt;
&lt;/Amount&gt;
&lt;/Cashflow&gt;
&lt;Cashflow Status="REFIXED"&gt;
&lt;EventDate&gt;
&lt;AdjustedDate&gt;2011-11-28&lt;/AdjustedDate&gt;
&lt;/EventDate&gt;
&lt;Amount&gt;
&lt;Currency&gt;USD&lt;/Currency&gt;
&lt;Amount&gt;498611.11&lt;/Amount&gt;
&lt;/Amount&gt;
&lt;/Cashflow&gt;
&lt;CustomerRate&gt;
&lt;Rate&gt;209&lt;/Rate&gt;
&lt;Numerator&gt;USD&lt;/Numerator&gt;
&lt;Denominator&gt;HVB&lt;/Denominator&gt;
&lt;/CustomerRate&gt;
&lt;TraderRate&gt;
&lt;Rate&gt;209&lt;/Rate&gt;
&lt;Numerator&gt;USD&lt;/Numerator&gt;
&lt;Denominator&gt;HVB&lt;/Denominator&gt;
&lt;/TraderRate&gt;
&lt;/Leg&gt;
&lt;/Trade&gt;
&lt;Delivery&gt;PHYSICAL&lt;/Delivery&gt;
&lt;/Underlying&gt;
&lt;/Option&gt;
&lt;/Trade&gt;
&lt;BusinessEventTimeStamp&gt;2010-09-03T21:15:38.000&lt;/BusinessEventTimeStamp&gt;
&lt;/Transaction&gt;
&lt;/DbGML:DBGMMessage&gt;</Text>
</Message>
