<?xml version="1.0" encoding="UTF-8"?>
<Message>
    <SystemInfo>
        <JMSDestination>Topic[exodus.dbgml.demo]</JMSDestination>
        <JMSReplyTo/>
        <JMSDeliveryMode>2</JMSDeliveryMode>
        <JMSRedelivered>false</JMSRedelivered>
        <JMSCorrelationID>null</JMSCorrelationID>
        <JMSType>null</JMSType>
        <JMSTimestamp>1285343957957</JMSTimestamp>
        <JMSExpiration>0</JMSExpiration>
        <JMSPriority>4</JMSPriority>
    </SystemInfo>
    <ApplicationInfo>
        <SYSTEMID>285400643</SYSTEMID>
        <TRADEGROUP>FXFUTURE</TRADEGROUP>
        <VERSION>59</VERSION>
        <COUNTERPARTY>NYME</COUNTERPARTY>
        <MESSAGE_TYPE>RMS_TRADE</MESSAGE_TYPE>
        <TRADETYPE>FxFuture</TRADETYPE>
        <BOOK>PMLNOGOGV</BOOK>
        <ACTION>Economic</ACTION>
        <STATUS>Open</STATUS>
    </ApplicationInfo>
    <Text>&lt;?xml version="1.0" encoding="UTF-8"?&gt;
&lt;DbGML:DBGMMessage xsi:schemaLocation="DbGML schema/trade/dbgml.trade.xsd" SchemaVersion="9.13" xmlns:DbGML="DbGML" xmlns:DbGMLUtil="DbGMLUtil" xmlns:Instr="DbGML/Trade/Instrument" xmlns:Posn="DbGMLPosition/Position" xmlns:Reset="DbGML/Trade/Reset" xmlns:Exotic="DbGML/Trade/Exotic" xmlns:SimpleCash="DbGML/Trade/SimpleCash" xmlns:xsi="http://www.w3.org/2001/XMLSchema-instance" xmlns:fn="http://www.w3.org/2004/10/xpath-functions" xmlns:Option="DbGML/Trade/Option" xmlns:Barrier="DbGML/Trade/Barrier" xmlns:ListedFuture="DbGML/Trade/ListedFuture" xmlns:DbGMLP="DbGMLPosition" xmlns:Employee="DbGML/Trade/Employee" xmlns:MM="DbGML/Trade/MM" xmlns:ListedOption="DbGML/Trade/ListedOption" xmlns:Book="DbGML/Trade/Book" xmlns:CFlow="DbGML/Trade/Cashflow" xmlns:Party="DbGML/Trade/Party" xmlns:DbGMLBusHdr="DbGMLBusHdr" xmlns:Prd="DbGML/Trade/Product" xmlns:FX="DbGML/Trade/FX" xmlns:DbGMLCP="DbGMLPosition/Position/CashPosition"&gt;
&lt;BusinessHdr&gt;
&lt;DbGMLBusHdr:BusObjectType&gt;TRADE/LISTEDFUTURE/LISTEDFUTURE&lt;/DbGMLBusHdr:BusObjectType&gt;
&lt;DbGMLBusHdr:BusObjectOwner&gt;TBD/TBD&lt;/DbGMLBusHdr:BusObjectOwner&gt;
&lt;DbGMLBusHdr:BusObjectId&gt;RMS/285400643&lt;/DbGMLBusHdr:BusObjectId&gt;
&lt;DbGMLBusHdr:BusObjectVersion&gt;59&lt;/DbGMLBusHdr:BusObjectVersion&gt;
&lt;DbGMLBusHdr:BusEventTimeStamp&gt;2010-08-25T02:02:23.000&lt;/DbGMLBusHdr:BusEventTimeStamp&gt;
&lt;DbGMLBusHdr:BusObjectEventType&gt;Open&lt;/DbGMLBusHdr:BusObjectEventType&gt;
&lt;DbGMLBusHdr:SchemaVersion&gt;9.13&lt;/DbGMLBusHdr:SchemaVersion&gt;
&lt;/BusinessHdr&gt;
&lt;Transaction&gt;
&lt;GenericTradeEvent&gt;AMEND&lt;/GenericTradeEvent&gt;
&lt;EffectiveDate&gt;2010-06-01&lt;/EffectiveDate&gt;
&lt;TradingDateTime&gt;2010-08-25T02:02:23.000&lt;/TradingDateTime&gt;
&lt;TradeGroup&gt;
&lt;GroupId&gt;162778128&lt;/GroupId&gt;
&lt;Reason&gt;STRUCTURED-CHILD&lt;/Reason&gt;
&lt;/TradeGroup&gt;
&lt;Trade xsi:type="ListedFuture:ListedFuture"&gt;
&lt;Id&gt;
&lt;TradeDomain&gt;RMS&lt;/TradeDomain&gt;
&lt;TradeId&gt;285400643&lt;/TradeId&gt;
&lt;TradeVersion&gt;59&lt;/TradeVersion&gt;
&lt;/Id&gt;
&lt;TradeDate&gt;2010-06-01&lt;/TradeDate&gt;
&lt;Owner&gt;
&lt;RefData RefDataType="PARTY"&gt;
&lt;KeySet xsi:type="Party:FxLEOU"&gt;
&lt;LE&gt;TBD&lt;/LE&gt;
&lt;OU&gt;TBD&lt;/OU&gt;
&lt;/KeySet&gt;
&lt;/RefData&gt;
&lt;/Owner&gt;
&lt;Book&gt;
&lt;RefData RefDataType="BOOK"&gt;
&lt;KeySet xsi:type="Book:FxRMSBook"&gt;
&lt;BookId&gt;PMLNOGOGV&lt;/BookId&gt;
&lt;/KeySet&gt;
&lt;/RefData&gt;
&lt;/Book&gt;
&lt;Counterparty&gt;
&lt;RefData RefDataType="PARTY"&gt;
&lt;KeySet xsi:type="Party:FxPartyId"&gt;
&lt;System&gt;RMS&lt;/System&gt;
&lt;AltId&gt;NYME&lt;/AltId&gt;
&lt;CounterpartyName&gt;NEW YORK MERCANTILE EXCHANGE&lt;/CounterpartyName&gt;
&lt;/KeySet&gt;
&lt;/RefData&gt;
&lt;/Counterparty&gt;
&lt;TraderInfo&gt;
&lt;InputMode&gt;MANUAL CAPTURE&lt;/InputMode&gt;
&lt;Trader&gt;
&lt;RefData RefDataType="EMPLOYEE"&gt;
&lt;KeySet xsi:type="Employee:UserId"&gt;
&lt;System&gt;NT USER NAME&lt;/System&gt;
&lt;UserId&gt;RMS_OWNER&lt;/UserId&gt;
&lt;/KeySet&gt;
&lt;/RefData&gt;
&lt;/Trader&gt;
&lt;/TraderInfo&gt;
&lt;ProductType&gt;
&lt;RefData RefDataType="PRODUCTTYPE"&gt;
&lt;KeySet xsi:type="Prd:RMSProductXType"&gt;
&lt;Product&gt;FxFuture&lt;/Product&gt;
&lt;ProductId&gt;277754344&lt;/ProductId&gt;
&lt;ProductVersion&gt;1&lt;/ProductVersion&gt;
&lt;ProductLegId/&gt;
&lt;/KeySet&gt;
&lt;/RefData&gt;
&lt;/ProductType&gt;
&lt;BuySell&gt;S&lt;/BuySell&gt;
&lt;AssetFlow&gt;
&lt;EventDate&gt;
&lt;AdjustedDate&gt;2010-06-01&lt;/AdjustedDate&gt;
&lt;/EventDate&gt;
&lt;Quantity&gt;228&lt;/Quantity&gt;
&lt;InstrumentId&gt;
&lt;RefData RefDataType="INSTRUMENT"&gt;
&lt;KeySet xsi:type="Instr:FuturesContract"&gt;
&lt;Market&gt;NYMEX&lt;/Market&gt;
&lt;ContractCode&gt;#PA&lt;/ContractCode&gt;
&lt;Prompt&gt;SEP10&lt;/Prompt&gt;
&lt;/KeySet&gt;
&lt;/RefData&gt;
&lt;/InstrumentId&gt;
&lt;/AssetFlow&gt;
&lt;Price&gt;483.95&lt;/Price&gt;
&lt;ExchangeId&gt;NYMEX&lt;/ExchangeId&gt;
&lt;Numerator&gt;USD&lt;/Numerator&gt;
&lt;Denominator&gt;XPD&lt;/Denominator&gt;
&lt;NotionalValue&gt;
&lt;Currency&gt;XPD&lt;/Currency&gt;
&lt;Amount&gt;-22800&lt;/Amount&gt;
&lt;/NotionalValue&gt;
&lt;ExternalSystemReference&gt;
&lt;TradeDomain&gt;ABFO&lt;/TradeDomain&gt;
&lt;TradeId&gt;285400643&lt;/TradeId&gt;
&lt;TradeVersion&gt;0&lt;/TradeVersion&gt;
&lt;/ExternalSystemReference&gt;
&lt;Notes&gt;Aggregated FuturesPosition of FxFuture #PA (SEP10)&lt;/Notes&gt;
&lt;/Trade&gt;
&lt;BusinessEventTimeStamp&gt;2010-08-25T02:02:23.000&lt;/BusinessEventTimeStamp&gt;
&lt;/Transaction&gt;
&lt;/DbGML:DBGMMessage&gt;</Text>
</Message>
