<?xml version="1.0" encoding="UTF-8"?>
<Message>
    <SystemInfo>
        <JMSDestination>Topic[exodus.dbgml.demo]</JMSDestination>
        <JMSReplyTo/>
        <JMSDeliveryMode>2</JMSDeliveryMode>
        <JMSRedelivered>false</JMSRedelivered>
        <JMSCorrelationID>null</JMSCorrelationID>
        <JMSType>null</JMSType>
        <JMSTimestamp>1285344061928</JMSTimestamp>
        <JMSExpiration>0</JMSExpiration>
        <JMSPriority>4</JMSPriority>
    </SystemInfo>
    <ApplicationInfo>
        <SYSTEMID>180084267</SYSTEMID>
        <TRADEGROUP>EXOTIC</TRADEGROUP>
        <VERSION>13</VERSION>
        <COUNTERPARTY>ABSE</COUNTERPARTY>
        <MESSAGE_TYPE>RMS_TRADE</MESSAGE_TYPE>
        <TRADETYPE>FxGeometricBasketOpt</TRADETYPE>
        <BOOK>INDOPT</BOOK>
        <ACTION>Economic</ACTION>
        <STATUS>Open</STATUS>
    </ApplicationInfo>
    <Text>&lt;?xml version="1.0" encoding="UTF-8"?&gt;
&lt;DbGML:DBGMMessage xsi:schemaLocation="DbGML schema/trade/dbgml.trade.xsd" SchemaVersion="9.13" xmlns:DbGML="DbGML" xmlns:DbGMLUtil="DbGMLUtil" xmlns:Instr="DbGML/Trade/Instrument" xmlns:Posn="DbGMLPosition/Position" xmlns:Reset="DbGML/Trade/Reset" xmlns:Exotic="DbGML/Trade/Exotic" xmlns:SimpleCash="DbGML/Trade/SimpleCash" xmlns:xsi="http://www.w3.org/2001/XMLSchema-instance" xmlns:fn="http://www.w3.org/2004/10/xpath-functions" xmlns:Option="DbGML/Trade/Option" xmlns:Barrier="DbGML/Trade/Barrier" xmlns:ListedFuture="DbGML/Trade/ListedFuture" xmlns:DbGMLP="DbGMLPosition" xmlns:Employee="DbGML/Trade/Employee" xmlns:MM="DbGML/Trade/MM" xmlns:ListedOption="DbGML/Trade/ListedOption" xmlns:Book="DbGML/Trade/Book" xmlns:CFlow="DbGML/Trade/Cashflow" xmlns:Party="DbGML/Trade/Party" xmlns:DbGMLBusHdr="DbGMLBusHdr" xmlns:Prd="DbGML/Trade/Product" xmlns:FX="DbGML/Trade/FX" xmlns:DbGMLCP="DbGMLPosition/Position/CashPosition"&gt;
&lt;BusinessHdr&gt;
&lt;DbGMLBusHdr:BusObjectType&gt;TRADE/FX/EXOTICBASKETOPTION&lt;/DbGMLBusHdr:BusObjectType&gt;
&lt;DbGMLBusHdr:BusObjectOwner&gt;TBD/TBD&lt;/DbGMLBusHdr:BusObjectOwner&gt;
&lt;DbGMLBusHdr:BusObjectId&gt;RMS/180084267&lt;/DbGMLBusHdr:BusObjectId&gt;
&lt;DbGMLBusHdr:BusObjectVersion&gt;13&lt;/DbGMLBusHdr:BusObjectVersion&gt;
&lt;DbGMLBusHdr:BusEventTimeStamp&gt;2010-09-16T07:25:58.000&lt;/DbGMLBusHdr:BusEventTimeStamp&gt;
&lt;DbGMLBusHdr:BusObjectEventType&gt;Open&lt;/DbGMLBusHdr:BusObjectEventType&gt;
&lt;DbGMLBusHdr:SchemaVersion&gt;9.13&lt;/DbGMLBusHdr:SchemaVersion&gt;
&lt;/BusinessHdr&gt;
&lt;Transaction&gt;
&lt;GenericTradeEvent&gt;AMEND&lt;/GenericTradeEvent&gt;
&lt;EffectiveDate&gt;2008-12-18&lt;/EffectiveDate&gt;
&lt;TradingDateTime&gt;2010-09-16T07:25:58.000&lt;/TradingDateTime&gt;
&lt;TradeGroup&gt;
&lt;GroupId&gt;103638516&lt;/GroupId&gt;
&lt;Reason&gt;STRUCTURED-CHILD&lt;/Reason&gt;
&lt;/TradeGroup&gt;
&lt;Trade xsi:type="Exotic:FXBasketOption"&gt;
&lt;Id&gt;
&lt;TradeDomain&gt;RMS&lt;/TradeDomain&gt;
&lt;TradeId&gt;180084267&lt;/TradeId&gt;
&lt;TradeVersion&gt;13&lt;/TradeVersion&gt;
&lt;/Id&gt;
&lt;TradeDate&gt;2008-12-18&lt;/TradeDate&gt;
&lt;Owner&gt;
&lt;RefData RefDataType="PARTY"&gt;
&lt;KeySet xsi:type="Party:FxLEOU"&gt;
&lt;LE&gt;TBD&lt;/LE&gt;
&lt;OU&gt;TBD&lt;/OU&gt;
&lt;/KeySet&gt;
&lt;/RefData&gt;
&lt;/Owner&gt;
&lt;Book&gt;
&lt;RefData RefDataType="BOOK"&gt;
&lt;KeySet xsi:type="Book:FxRMSBook"&gt;
&lt;BookId&gt;INDOPT&lt;/BookId&gt;
&lt;/KeySet&gt;
&lt;/RefData&gt;
&lt;/Book&gt;
&lt;Counterparty&gt;
&lt;RefData RefDataType="PARTY"&gt;
&lt;KeySet xsi:type="Party:FxPartyId"&gt;
&lt;System&gt;RMS&lt;/System&gt;
&lt;AltId&gt;ABSE&lt;/AltId&gt;
&lt;CounterpartyName&gt;AB SVENSK EXPORTKREDIT AC SWEDISH EXPORT CRDT CORP&lt;/CounterpartyName&gt;
&lt;/KeySet&gt;
&lt;/RefData&gt;
&lt;/Counterparty&gt;
&lt;TraderInfo&gt;
&lt;InputMode&gt;MANUAL CAPTURE&lt;/InputMode&gt;
&lt;Trader&gt;
&lt;RefData RefDataType="EMPLOYEE"&gt;
&lt;KeySet xsi:type="Employee:UserId"&gt;
&lt;System&gt;NT USER NAME&lt;/System&gt;
&lt;UserId&gt;STARJAM1&lt;/UserId&gt;
&lt;/KeySet&gt;
&lt;/RefData&gt;
&lt;/Trader&gt;
&lt;/TraderInfo&gt;
&lt;ProductType&gt;
&lt;RefData RefDataType="PRODUCTTYPE"&gt;
&lt;KeySet xsi:type="Prd:RMSProductXType"&gt;
&lt;Product&gt;FxGeometricBasketOpt&lt;/Product&gt;
&lt;ProductId&gt;176640340&lt;/ProductId&gt;
&lt;ProductVersion&gt;15&lt;/ProductVersion&gt;
&lt;ProductLegId/&gt;
&lt;/KeySet&gt;
&lt;/RefData&gt;
&lt;/ProductType&gt;
&lt;BuySell&gt;S&lt;/BuySell&gt;
&lt;Option&gt;
&lt;FutureCode&gt;DBHVBUSI&lt;/FutureCode&gt;
&lt;NumberOfContracts&gt;-190.43&lt;/NumberOfContracts&gt;
&lt;PayCurrency&gt;CHF&lt;/PayCurrency&gt;
&lt;Notional&gt;-18824386.36&lt;/Notional&gt;
&lt;Contract&gt;Forward&lt;/Contract&gt;
&lt;ConstantFactor&gt;98.852&lt;/ConstantFactor&gt;
&lt;ExpiryDate&gt;2010-12-15&lt;/ExpiryDate&gt;
&lt;SettlementDate&gt;2010-12-15&lt;/SettlementDate&gt;
&lt;CP&gt;C&lt;/CP&gt;
&lt;ContractStrike&gt;210.05&lt;/ContractStrike&gt;
&lt;Strike&gt;2.1248937806&lt;/Strike&gt;
&lt;Basket&gt;
&lt;UnderCurrency&gt;USD&lt;/UnderCurrency&gt;
&lt;AccCurrency&gt;HUF&lt;/AccCurrency&gt;
&lt;Weight&gt;0&lt;/Weight&gt;
&lt;UnderCurrency&gt;USD&lt;/UnderCurrency&gt;
&lt;AccCurrency&gt;CAD&lt;/AccCurrency&gt;
&lt;Weight&gt;0&lt;/Weight&gt;
&lt;UnderCurrency&gt;USD&lt;/UnderCurrency&gt;
&lt;AccCurrency&gt;KRO&lt;/AccCurrency&gt;
&lt;Weight&gt;0&lt;/Weight&gt;
&lt;UnderCurrency&gt;USD&lt;/UnderCurrency&gt;
&lt;AccCurrency&gt;NOK&lt;/AccCurrency&gt;
&lt;Weight&gt;0&lt;/Weight&gt;
&lt;UnderCurrency&gt;USD&lt;/UnderCurrency&gt;
&lt;AccCurrency&gt;KRO&lt;/AccCurrency&gt;
&lt;Weight&gt;0&lt;/Weight&gt;
&lt;UnderCurrency&gt;USD&lt;/UnderCurrency&gt;
&lt;AccCurrency&gt;MXN&lt;/AccCurrency&gt;
&lt;Weight&gt;0&lt;/Weight&gt;
&lt;UnderCurrency&gt;USD&lt;/UnderCurrency&gt;
&lt;AccCurrency&gt;USD&lt;/AccCurrency&gt;
&lt;Weight&gt;0.2&lt;/Weight&gt;
&lt;UnderCurrency&gt;USD&lt;/UnderCurrency&gt;
&lt;AccCurrency&gt;NZD&lt;/AccCurrency&gt;
&lt;Weight&gt;-0.2&lt;/Weight&gt;
&lt;UnderCurrency&gt;USD&lt;/UnderCurrency&gt;
&lt;AccCurrency&gt;TRY&lt;/AccCurrency&gt;
&lt;Weight&gt;-0.2&lt;/Weight&gt;
&lt;UnderCurrency&gt;USD&lt;/UnderCurrency&gt;
&lt;AccCurrency&gt;TWO&lt;/AccCurrency&gt;
&lt;Weight&gt;0.2&lt;/Weight&gt;
&lt;UnderCurrency&gt;USD&lt;/UnderCurrency&gt;
&lt;AccCurrency&gt;CHF&lt;/AccCurrency&gt;
&lt;Weight&gt;0.2&lt;/Weight&gt;
&lt;UnderCurrency&gt;USD&lt;/UnderCurrency&gt;
&lt;AccCurrency&gt;SGO&lt;/AccCurrency&gt;
&lt;Weight&gt;0.2&lt;/Weight&gt;
&lt;UnderCurrency&gt;USD&lt;/UnderCurrency&gt;
&lt;AccCurrency&gt;JPY&lt;/AccCurrency&gt;
&lt;Weight&gt;0.2&lt;/Weight&gt;
&lt;UnderCurrency&gt;USD&lt;/UnderCurrency&gt;
&lt;AccCurrency&gt;AUD&lt;/AccCurrency&gt;
&lt;Weight&gt;-0.2&lt;/Weight&gt;
&lt;UnderCurrency&gt;USD&lt;/UnderCurrency&gt;
&lt;AccCurrency&gt;BRO&lt;/AccCurrency&gt;
&lt;Weight&gt;-0.2&lt;/Weight&gt;
&lt;UnderCurrency&gt;USD&lt;/UnderCurrency&gt;
&lt;AccCurrency&gt;ZAR&lt;/AccCurrency&gt;
&lt;Weight&gt;-0.2&lt;/Weight&gt;
&lt;/Basket&gt;
&lt;/Option&gt;
&lt;Notes&gt;DBHVBEUI quanto CHF&lt;/Notes&gt;
&lt;/Trade&gt;
&lt;BusinessEventTimeStamp&gt;2010-09-16T07:25:58.000&lt;/BusinessEventTimeStamp&gt;
&lt;/Transaction&gt;
&lt;/DbGML:DBGMMessage&gt;</Text>
</Message>
