<?xml version="1.0" encoding="UTF-8"?>
<Message>
    <SystemInfo>
        <JMSDestination>Topic[exodus.dbgml.demo]</JMSDestination>
        <JMSReplyTo/>
        <JMSDeliveryMode>2</JMSDeliveryMode>
        <JMSRedelivered>false</JMSRedelivered>
        <JMSCorrelationID>null</JMSCorrelationID>
        <JMSType>null</JMSType>
        <JMSTimestamp>1285343890930</JMSTimestamp>
        <JMSExpiration>0</JMSExpiration>
        <JMSPriority>4</JMSPriority>
    </SystemInfo>
    <ApplicationInfo>
        <SYSTEMID>174534696</SYSTEMID>
        <TRADEGROUP>FXCASH</TRADEGROUP>
        <VERSION>6</VERSION>
        <COUNTERPARTY>0297989</COUNTERPARTY>
        <MESSAGE_TYPE>RMS_TRADE</MESSAGE_TYPE>
        <TRADETYPE>FxNonDeliverableForward</TRADETYPE>
        <BOOK>NYFUSKR</BOOK>
        <ACTION>Fixed</ACTION>
        <STATUS>Open</STATUS>
    </ApplicationInfo>
    <Text>&lt;?xml version="1.0" encoding="UTF-8"?&gt;
&lt;DbGML:DBGMMessage xsi:schemaLocation="DbGML schema/trade/dbgml.trade.xsd" SchemaVersion="9.13" xmlns:DbGML="DbGML" xmlns:DbGMLUtil="DbGMLUtil" xmlns:Instr="DbGML/Trade/Instrument" xmlns:Posn="DbGMLPosition/Position" xmlns:Reset="DbGML/Trade/Reset" xmlns:Exotic="DbGML/Trade/Exotic" xmlns:SimpleCash="DbGML/Trade/SimpleCash" xmlns:xsi="http://www.w3.org/2001/XMLSchema-instance" xmlns:fn="http://www.w3.org/2004/10/xpath-functions" xmlns:Option="DbGML/Trade/Option" xmlns:Barrier="DbGML/Trade/Barrier" xmlns:ListedFuture="DbGML/Trade/ListedFuture" xmlns:DbGMLP="DbGMLPosition" xmlns:Employee="DbGML/Trade/Employee" xmlns:MM="DbGML/Trade/MM" xmlns:ListedOption="DbGML/Trade/ListedOption" xmlns:Book="DbGML/Trade/Book" xmlns:CFlow="DbGML/Trade/Cashflow" xmlns:Party="DbGML/Trade/Party" xmlns:DbGMLBusHdr="DbGMLBusHdr" xmlns:Prd="DbGML/Trade/Product" xmlns:FX="DbGML/Trade/FX" xmlns:DbGMLCP="DbGMLPosition/Position/CashPosition"&gt;
&lt;BusinessHdr&gt;
&lt;DbGMLBusHdr:BusObjectType&gt;TRADE/FX/FXNONDELIVERABLE&lt;/DbGMLBusHdr:BusObjectType&gt;
&lt;DbGMLBusHdr:BusObjectOwner&gt;TBD/TBD&lt;/DbGMLBusHdr:BusObjectOwner&gt;
&lt;DbGMLBusHdr:BusObjectId&gt;RMS/174534696&lt;/DbGMLBusHdr:BusObjectId&gt;
&lt;DbGMLBusHdr:BusObjectVersion&gt;6&lt;/DbGMLBusHdr:BusObjectVersion&gt;
&lt;DbGMLBusHdr:BusEventTimeStamp&gt;2010-09-13T14:59:01.000&lt;/DbGMLBusHdr:BusEventTimeStamp&gt;
&lt;DbGMLBusHdr:BusObjectEventType&gt;Open&lt;/DbGMLBusHdr:BusObjectEventType&gt;
&lt;DbGMLBusHdr:SchemaVersion&gt;9.13&lt;/DbGMLBusHdr:SchemaVersion&gt;
&lt;/BusinessHdr&gt;
&lt;Transaction&gt;
&lt;GenericTradeEvent&gt;AMEND&lt;/GenericTradeEvent&gt;
&lt;EffectiveDate&gt;2008-11-19&lt;/EffectiveDate&gt;
&lt;TradingDateTime&gt;2010-09-13T14:59:01.000&lt;/TradingDateTime&gt;
&lt;Brokerage&gt;
&lt;Broker&gt;
&lt;RefData RefDataType="PARTY"&gt;
&lt;KeySet xsi:type="Party:FxPartyId"&gt;
&lt;System&gt;RMS&lt;/System&gt;
&lt;AltId&gt;RMSS&lt;/AltId&gt;
&lt;/KeySet&gt;
&lt;/RefData&gt;
&lt;/Broker&gt;
&lt;/Brokerage&gt;
&lt;TradeGroup&gt;
&lt;GroupId&gt;100137498&lt;/GroupId&gt;
&lt;Reason&gt;STRUCTURED-CHILD&lt;/Reason&gt;
&lt;/TradeGroup&gt;
&lt;Trade xsi:type="FX:FXNonDeliverableForwardTrade"&gt;
&lt;Id&gt;
&lt;TradeDomain&gt;RMS&lt;/TradeDomain&gt;
&lt;TradeId&gt;174534696&lt;/TradeId&gt;
&lt;TradeVersion&gt;6&lt;/TradeVersion&gt;
&lt;/Id&gt;
&lt;TradeDate&gt;2008-11-19&lt;/TradeDate&gt;
&lt;Owner&gt;
&lt;RefData RefDataType="PARTY"&gt;
&lt;KeySet xsi:type="Party:FxLEOU"&gt;
&lt;LE&gt;TBD&lt;/LE&gt;
&lt;OU&gt;TBD&lt;/OU&gt;
&lt;/KeySet&gt;
&lt;/RefData&gt;
&lt;/Owner&gt;
&lt;Book&gt;
&lt;RefData RefDataType="BOOK"&gt;
&lt;KeySet xsi:type="Book:FxRMSBook"&gt;
&lt;BookId&gt;NYFUSKR&lt;/BookId&gt;
&lt;/KeySet&gt;
&lt;/RefData&gt;
&lt;/Book&gt;
&lt;Counterparty&gt;
&lt;RefData RefDataType="PARTY"&gt;
&lt;KeySet xsi:type="Party:FxPartyId"&gt;
&lt;System&gt;DBI&lt;/System&gt;
&lt;AltId&gt;0297989&lt;/AltId&gt;
&lt;CounterpartyName&gt;NEW YORK LIFE INSURANCE COMPANY&lt;/CounterpartyName&gt;
&lt;/KeySet&gt;
&lt;/RefData&gt;
&lt;/Counterparty&gt;
&lt;TraderInfo&gt;
&lt;InputMode&gt;MANUAL CAPTURE&lt;/InputMode&gt;
&lt;Trader&gt;
&lt;RefData RefDataType="EMPLOYEE"&gt;
&lt;KeySet xsi:type="Employee:UserId"&gt;
&lt;System&gt;NT USER NAME&lt;/System&gt;
&lt;UserId&gt;HAOCLOC&lt;/UserId&gt;
&lt;/KeySet&gt;
&lt;/RefData&gt;
&lt;/Trader&gt;
&lt;/TraderInfo&gt;
&lt;ProductType&gt;
&lt;RefData RefDataType="PRODUCTTYPE"&gt;
&lt;KeySet xsi:type="Prd:RMSProductXType"&gt;
&lt;Product&gt;FxNonDeliverableForward&lt;/Product&gt;
&lt;ProductId&gt;169047171&lt;/ProductId&gt;
&lt;ProductVersion&gt;1&lt;/ProductVersion&gt;
&lt;ProductLegId/&gt;
&lt;/KeySet&gt;
&lt;/RefData&gt;
&lt;/ProductType&gt;
&lt;Leg&gt;
&lt;ValueDate&gt;2010-09-15&lt;/ValueDate&gt;
&lt;Cashflow Status="REFIXED"&gt;
&lt;EventDate&gt;
&lt;AdjustedDate&gt;2010-09-15&lt;/AdjustedDate&gt;
&lt;/EventDate&gt;
&lt;Amount&gt;
&lt;Currency&gt;USD&lt;/Currency&gt;
&lt;Amount&gt;-10000000&lt;/Amount&gt;
&lt;/Amount&gt;
&lt;/Cashflow&gt;
&lt;Cashflow Status="REFIXED"&gt;
&lt;EventDate&gt;
&lt;AdjustedDate&gt;2010-09-15&lt;/AdjustedDate&gt;
&lt;/EventDate&gt;
&lt;Amount&gt;
&lt;Currency&gt;KRW&lt;/Currency&gt;
&lt;Amount&gt;14800000000&lt;/Amount&gt;
&lt;/Amount&gt;
&lt;/Cashflow&gt;
&lt;CustomerRate&gt;
&lt;Rate&gt;1480&lt;/Rate&gt;
&lt;Numerator&gt;KRW&lt;/Numerator&gt;
&lt;Denominator&gt;USD&lt;/Denominator&gt;
&lt;/CustomerRate&gt;
&lt;TraderRate&gt;
&lt;Rate&gt;1480&lt;/Rate&gt;
&lt;Numerator&gt;KRW&lt;/Numerator&gt;
&lt;Denominator&gt;USD&lt;/Denominator&gt;
&lt;/TraderRate&gt;
&lt;/Leg&gt;
&lt;FixingDate&gt;2010-09-13&lt;/FixingDate&gt;
&lt;FixingReference&gt;KFTC18&lt;/FixingReference&gt;
&lt;ExpiryDate&gt;2010-09-13&lt;/ExpiryDate&gt;
&lt;ExternalSystemReference&gt;
&lt;TradeDomain&gt;RMSSales&lt;/TradeDomain&gt;
&lt;TradeId&gt;174534696&lt;/TradeId&gt;
&lt;TradeVersion&gt;0&lt;/TradeVersion&gt;
&lt;/ExternalSystemReference&gt;
&lt;Notes&gt;NY Life/Jimmy Broder. Allocated per Jake Rue lono 19/11 16:41.&lt;/Notes&gt;
&lt;/Trade&gt;
&lt;BusinessEventTimeStamp&gt;2010-09-13T14:59:01.000&lt;/BusinessEventTimeStamp&gt;
&lt;/Transaction&gt;
&lt;/DbGML:DBGMMessage&gt;</Text>
</Message>
