<?xml version="1.0" encoding="UTF-8"?>
<Message>
    <SystemInfo>
        <JMSDestination>Topic[exodus.dbgml.demo]</JMSDestination>
        <JMSReplyTo/>
        <JMSDeliveryMode>2</JMSDeliveryMode>
        <JMSRedelivered>false</JMSRedelivered>
        <JMSCorrelationID>null</JMSCorrelationID>
        <JMSType>null</JMSType>
        <JMSTimestamp>1285344094864</JMSTimestamp>
        <JMSExpiration>0</JMSExpiration>
        <JMSPriority>4</JMSPriority>
    </SystemInfo>
    <ApplicationInfo>
        <SYSTEMID>258325921</SYSTEMID>
        <TRADEGROUP>FXONEBAROPTION</TRADEGROUP>
        <VERSION>4</VERSION>
        <COUNTERPARTY>NBAD</COUNTERPARTY>
        <MESSAGE_TYPE>RMS_TRADE</MESSAGE_TYPE>
        <TRADETYPE>FxOneBarWindowDigitalOpt</TRADETYPE>
        <BOOK>JPYLT</BOOK>
        <ACTION>Expired</ACTION>
        <STATUS>Expired</STATUS>
    </ApplicationInfo>
    <Text>&lt;?xml version="1.0" encoding="UTF-8"?&gt;
&lt;DbGML:DBGMMessage xsi:schemaLocation="DbGML schema/trade/dbgml.trade.xsd" SchemaVersion="9.13" xmlns:DbGML="DbGML" xmlns:DbGMLUtil="DbGMLUtil" xmlns:Instr="DbGML/Trade/Instrument" xmlns:Posn="DbGMLPosition/Position" xmlns:Reset="DbGML/Trade/Reset" xmlns:Exotic="DbGML/Trade/Exotic" xmlns:SimpleCash="DbGML/Trade/SimpleCash" xmlns:xsi="http://www.w3.org/2001/XMLSchema-instance" xmlns:fn="http://www.w3.org/2004/10/xpath-functions" xmlns:Option="DbGML/Trade/Option" xmlns:Barrier="DbGML/Trade/Barrier" xmlns:ListedFuture="DbGML/Trade/ListedFuture" xmlns:DbGMLP="DbGMLPosition" xmlns:Employee="DbGML/Trade/Employee" xmlns:MM="DbGML/Trade/MM" xmlns:ListedOption="DbGML/Trade/ListedOption" xmlns:Book="DbGML/Trade/Book" xmlns:CFlow="DbGML/Trade/Cashflow" xmlns:Party="DbGML/Trade/Party" xmlns:DbGMLBusHdr="DbGMLBusHdr" xmlns:Prd="DbGML/Trade/Product" xmlns:FX="DbGML/Trade/FX" xmlns:DbGMLCP="DbGMLPosition/Position/CashPosition"&gt;
&lt;BusinessHdr&gt;
&lt;DbGMLBusHdr:BusObjectType&gt;TRADE/FX/FXOPTION&lt;/DbGMLBusHdr:BusObjectType&gt;
&lt;DbGMLBusHdr:BusObjectOwner&gt;TBD/TBD&lt;/DbGMLBusHdr:BusObjectOwner&gt;
&lt;DbGMLBusHdr:BusObjectId&gt;RMS/258325921&lt;/DbGMLBusHdr:BusObjectId&gt;
&lt;DbGMLBusHdr:BusObjectVersion&gt;4&lt;/DbGMLBusHdr:BusObjectVersion&gt;
&lt;DbGMLBusHdr:BusEventTimeStamp&gt;2010-09-16T22:07:06.000&lt;/DbGMLBusHdr:BusEventTimeStamp&gt;
&lt;DbGMLBusHdr:BusObjectEventType&gt;Expired&lt;/DbGMLBusHdr:BusObjectEventType&gt;
&lt;DbGMLBusHdr:SchemaVersion&gt;9.13&lt;/DbGMLBusHdr:SchemaVersion&gt;
&lt;/BusinessHdr&gt;
&lt;Transaction&gt;
&lt;GenericTradeEvent&gt;EXPIRE&lt;/GenericTradeEvent&gt;
&lt;EffectiveDate&gt;2010-03-05&lt;/EffectiveDate&gt;
&lt;TradingDateTime&gt;2010-09-16T22:07:06.000&lt;/TradingDateTime&gt;
&lt;TradeGroup&gt;
&lt;GroupId&gt;134334999&lt;/GroupId&gt;
&lt;Reason&gt;STRUCTURED-CHILD&lt;/Reason&gt;
&lt;/TradeGroup&gt;
&lt;Trade xsi:type="FX:FXBarrierOption"&gt;
&lt;Id&gt;
&lt;TradeDomain&gt;RMS&lt;/TradeDomain&gt;
&lt;TradeId&gt;258325921&lt;/TradeId&gt;
&lt;TradeVersion&gt;4&lt;/TradeVersion&gt;
&lt;/Id&gt;
&lt;TradeDate&gt;2010-03-05&lt;/TradeDate&gt;
&lt;Owner&gt;
&lt;RefData RefDataType="PARTY"&gt;
&lt;KeySet xsi:type="Party:FxLEOU"&gt;
&lt;LE&gt;TBD&lt;/LE&gt;
&lt;OU&gt;TBD&lt;/OU&gt;
&lt;/KeySet&gt;
&lt;/RefData&gt;
&lt;/Owner&gt;
&lt;Book&gt;
&lt;RefData RefDataType="BOOK"&gt;
&lt;KeySet xsi:type="Book:FxRMSBook"&gt;
&lt;BookId&gt;JPYLT&lt;/BookId&gt;
&lt;/KeySet&gt;
&lt;/RefData&gt;
&lt;/Book&gt;
&lt;Counterparty&gt;
&lt;RefData RefDataType="PARTY"&gt;
&lt;KeySet xsi:type="Party:FxPartyId"&gt;
&lt;System&gt;RMS&lt;/System&gt;
&lt;AltId&gt;NBAD&lt;/AltId&gt;
&lt;CounterpartyName&gt;NATIONAL BANK OF ABU DHABI PJSC&lt;/CounterpartyName&gt;
&lt;/KeySet&gt;
&lt;/RefData&gt;
&lt;/Counterparty&gt;
&lt;TraderInfo&gt;
&lt;InputMode&gt;MANUAL CAPTURE&lt;/InputMode&gt;
&lt;Trader&gt;
&lt;RefData RefDataType="EMPLOYEE"&gt;
&lt;KeySet xsi:type="Employee:UserId"&gt;
&lt;System&gt;NT USER NAME&lt;/System&gt;
&lt;UserId&gt;PAYAENR&lt;/UserId&gt;
&lt;/KeySet&gt;
&lt;/RefData&gt;
&lt;/Trader&gt;
&lt;/TraderInfo&gt;
&lt;ProductType&gt;
&lt;RefData RefDataType="PRODUCTTYPE"&gt;
&lt;KeySet xsi:type="Prd:RMSProductXType"&gt;
&lt;Product&gt;FxOneBarWindowDigitalOpt&lt;/Product&gt;
&lt;ProductId&gt;252231488&lt;/ProductId&gt;
&lt;ProductVersion&gt;3&lt;/ProductVersion&gt;
&lt;ProductLegId/&gt;
&lt;/KeySet&gt;
&lt;/RefData&gt;
&lt;/ProductType&gt;
&lt;BuySell&gt;B&lt;/BuySell&gt;
&lt;Option&gt;
&lt;Owner&gt;COUNTERPARTY&lt;/Owner&gt;
&lt;CallPut&gt;P&lt;/CallPut&gt;
&lt;ExerciseSchedule xsi:type="Option:EuropeanExerciseSchedule"&gt;
&lt;StartDate&gt;
&lt;AdjustedDate&gt;2010-03-16&lt;/AdjustedDate&gt;
&lt;/StartDate&gt;
&lt;EndDate&gt;
&lt;AdjustedDate&gt;2010-09-16&lt;/AdjustedDate&gt;
&lt;/EndDate&gt;
&lt;DateAdjustmentFormula&gt;
&lt;BusDayConvention&gt;NONE&lt;/BusDayConvention&gt;
&lt;/DateAdjustmentFormula&gt;
&lt;ExerciseWindow&gt;
&lt;ExerciseDate&gt;
&lt;AdjustedDate&gt;2010-09-16&lt;/AdjustedDate&gt;
&lt;/ExerciseDate&gt;
&lt;/ExerciseWindow&gt;
&lt;/ExerciseSchedule&gt;
&lt;Underlying xsi:type="Option:PhysicalOnly"&gt;
&lt;Trade xsi:type="SimpleCash:SimpleCash"&gt;
&lt;Id&gt;
&lt;TradeDomain&gt;RMS&lt;/TradeDomain&gt;
&lt;TradeId&gt;258325921&lt;/TradeId&gt;
&lt;TradeVersion&gt;4&lt;/TradeVersion&gt;
&lt;/Id&gt;
&lt;TradeDate&gt;2010-03-05&lt;/TradeDate&gt;
&lt;Owner&gt;
&lt;RefData RefDataType="PARTY"&gt;
&lt;KeySet xsi:type="Party:FxLEOU"&gt;
&lt;LE&gt;TBD&lt;/LE&gt;
&lt;OU&gt;TBD&lt;/OU&gt;
&lt;/KeySet&gt;
&lt;/RefData&gt;
&lt;/Owner&gt;
&lt;Book&gt;
&lt;RefData RefDataType="BOOK"&gt;
&lt;KeySet xsi:type="Book:FxRMSBook"&gt;
&lt;BookId&gt;JPYLT&lt;/BookId&gt;
&lt;/KeySet&gt;
&lt;/RefData&gt;
&lt;/Book&gt;
&lt;Counterparty&gt;
&lt;RefData RefDataType="PARTY"&gt;
&lt;KeySet xsi:type="Party:FxPartyId"&gt;
&lt;System&gt;RMS&lt;/System&gt;
&lt;AltId&gt;NBAD&lt;/AltId&gt;
&lt;CounterpartyName&gt;NATIONAL BANK OF ABU DHABI PJSC&lt;/CounterpartyName&gt;
&lt;/KeySet&gt;
&lt;/RefData&gt;
&lt;/Counterparty&gt;
&lt;TraderInfo&gt;
&lt;InputMode&gt;MANUAL CAPTURE&lt;/InputMode&gt;
&lt;Trader&gt;
&lt;RefData RefDataType="EMPLOYEE"&gt;
&lt;KeySet xsi:type="Employee:UserId"&gt;
&lt;System&gt;NT USER NAME&lt;/System&gt;
&lt;UserId&gt;PAYAENR&lt;/UserId&gt;
&lt;/KeySet&gt;
&lt;/RefData&gt;
&lt;/Trader&gt;
&lt;/TraderInfo&gt;
&lt;Cashflows&gt;
&lt;FixedCashflow&gt;
&lt;CashflowType&gt;PRINCIPAL EXCHANGE&lt;/CashflowType&gt;
&lt;Cashflow Status="REFIXED"&gt;
&lt;EventDate&gt;
&lt;AdjustedDate&gt;2010-09-20&lt;/AdjustedDate&gt;
&lt;/EventDate&gt;
&lt;Amount&gt;
&lt;Currency&gt;USD&lt;/Currency&gt;
&lt;Amount&gt;1274305555.56&lt;/Amount&gt;
&lt;/Amount&gt;
&lt;/Cashflow&gt;
&lt;/FixedCashflow&gt;
&lt;/Cashflows&gt;
&lt;Notes&gt;Cash XXX USD&lt;/Notes&gt;
&lt;/Trade&gt;
&lt;Delivery&gt;PHYSICAL&lt;/Delivery&gt;
&lt;/Underlying&gt;
&lt;/Option&gt;
&lt;Barrier xsi:type="Barrier:SimpleBarrier"&gt;
&lt;Bar xsi:type="Barrier:Continuous"&gt;
&lt;UpperOrLower&gt;UPPER&lt;/UpperOrLower&gt;
&lt;Period xsi:type="Barrier:AmericanWindow"&gt;
&lt;StartDate&gt;
&lt;AdjustedDate&gt;2010-03-16&lt;/AdjustedDate&gt;
&lt;/StartDate&gt;
&lt;EndDate&gt;
&lt;AdjustedDate&gt;2010-09-16&lt;/AdjustedDate&gt;
&lt;/EndDate&gt;
&lt;/Period&gt;
&lt;TouchOrBreach&gt;TOUCH&lt;/TouchOrBreach&gt;
&lt;BarFormula&gt;
&lt;ResetFormula xsi:type="Reset:FixedRateFormula" Seq="1"&gt;
&lt;RateValue&gt;98.15&lt;/RateValue&gt;
&lt;/ResetFormula&gt;
&lt;/BarFormula&gt;
&lt;ObservationFormula&gt;
&lt;ResetFormula xsi:type="Reset:FloatingRateFormula" Seq="1"&gt;
&lt;Observation&gt;
&lt;RateIndexId&gt;
&lt;RefData RefDataType="RATEINDEX"&gt;
&lt;KeySet xsi:type="Reset:XStaticRateIndexId"&gt;
&lt;IndexId&gt;SPOT&lt;/IndexId&gt;
&lt;MaturityId xsi:type="DbGMLUtil:FrequencyInterval"&gt;SPOT&lt;/MaturityId&gt;
&lt;/KeySet&gt;
&lt;/RefData&gt;
&lt;/RateIndexId&gt;
&lt;/Observation&gt;
&lt;/ResetFormula&gt;
&lt;/ObservationFormula&gt;
&lt;/Bar&gt;
&lt;KnockInOrOut&gt;KNOCKOUT&lt;/KnockInOrOut&gt;
&lt;/Barrier&gt;
&lt;Notes&gt;Cash XXX USD&lt;/Notes&gt;
&lt;/Trade&gt;
&lt;BusinessEventTimeStamp&gt;2010-09-16T22:07:06.000&lt;/BusinessEventTimeStamp&gt;
&lt;/Transaction&gt;
&lt;/DbGML:DBGMMessage&gt;</Text>
</Message>
