<?xml version="1.0" encoding="UTF-8"?>
<Message>
    <SystemInfo>
        <JMSDestination>Topic[exodus.dbgml.demo]</JMSDestination>
        <JMSReplyTo/>
        <JMSDeliveryMode>2</JMSDeliveryMode>
        <JMSRedelivered>false</JMSRedelivered>
        <JMSCorrelationID>null</JMSCorrelationID>
        <JMSType>null</JMSType>
        <JMSTimestamp>1285343899480</JMSTimestamp>
        <JMSExpiration>0</JMSExpiration>
        <JMSPriority>4</JMSPriority>
    </SystemInfo>
    <ApplicationInfo>
        <SYSTEMID>308525377</SYSTEMID>
        <TRADEGROUP>FXONEBAROPTION</TRADEGROUP>
        <VERSION>3</VERSION>
        <COUNTERPARTY>DBPSO</COUNTERPARTY>
        <MESSAGE_TYPE>RMS_TRADE</MESSAGE_TYPE>
        <TRADETYPE>FxOneBarNoTouchOpt</TRADETYPE>
        <BOOK>JPY</BOOK>
        <ACTION>New</ACTION>
        <STATUS>Open</STATUS>
    </ApplicationInfo>
    <Text>&lt;?xml version="1.0" encoding="UTF-8"?&gt;
&lt;DbGML:DBGMMessage xsi:schemaLocation="DbGML schema/trade/dbgml.trade.xsd" SchemaVersion="9.13" xmlns:DbGML="DbGML" xmlns:DbGMLUtil="DbGMLUtil" xmlns:Instr="DbGML/Trade/Instrument" xmlns:Posn="DbGMLPosition/Position" xmlns:Reset="DbGML/Trade/Reset" xmlns:Exotic="DbGML/Trade/Exotic" xmlns:SimpleCash="DbGML/Trade/SimpleCash" xmlns:xsi="http://www.w3.org/2001/XMLSchema-instance" xmlns:fn="http://www.w3.org/2004/10/xpath-functions" xmlns:Option="DbGML/Trade/Option" xmlns:Barrier="DbGML/Trade/Barrier" xmlns:ListedFuture="DbGML/Trade/ListedFuture" xmlns:DbGMLP="DbGMLPosition" xmlns:Employee="DbGML/Trade/Employee" xmlns:MM="DbGML/Trade/MM" xmlns:ListedOption="DbGML/Trade/ListedOption" xmlns:Book="DbGML/Trade/Book" xmlns:CFlow="DbGML/Trade/Cashflow" xmlns:Party="DbGML/Trade/Party" xmlns:DbGMLBusHdr="DbGMLBusHdr" xmlns:Prd="DbGML/Trade/Product" xmlns:FX="DbGML/Trade/FX" xmlns:DbGMLCP="DbGMLPosition/Position/CashPosition"&gt;
&lt;BusinessHdr&gt;
&lt;DbGMLBusHdr:BusObjectType&gt;TRADE/FX/FXOPTION&lt;/DbGMLBusHdr:BusObjectType&gt;
&lt;DbGMLBusHdr:BusObjectOwner&gt;TBD/TBD&lt;/DbGMLBusHdr:BusObjectOwner&gt;
&lt;DbGMLBusHdr:BusObjectId&gt;RMS/308525377&lt;/DbGMLBusHdr:BusObjectId&gt;
&lt;DbGMLBusHdr:BusObjectVersion&gt;3&lt;/DbGMLBusHdr:BusObjectVersion&gt;
&lt;DbGMLBusHdr:BusEventTimeStamp&gt;2010-08-30T17:45:53.000&lt;/DbGMLBusHdr:BusEventTimeStamp&gt;
&lt;DbGMLBusHdr:BusObjectEventType&gt;Open&lt;/DbGMLBusHdr:BusObjectEventType&gt;
&lt;DbGMLBusHdr:SchemaVersion&gt;9.13&lt;/DbGMLBusHdr:SchemaVersion&gt;
&lt;/BusinessHdr&gt;
&lt;Transaction&gt;
&lt;GenericTradeEvent&gt;AMEND&lt;/GenericTradeEvent&gt;
&lt;EffectiveDate&gt;2010-07-01&lt;/EffectiveDate&gt;
&lt;TradingDateTime&gt;2010-08-30T17:45:53.000&lt;/TradingDateTime&gt;
&lt;TradeGroup&gt;
&lt;GroupId&gt;167515093&lt;/GroupId&gt;
&lt;Reason&gt;STRUCTURED-CHILD&lt;/Reason&gt;
&lt;/TradeGroup&gt;
&lt;Trade xsi:type="SimpleCash:DigitalPayout"&gt;
&lt;Id&gt;
&lt;TradeDomain&gt;RMS&lt;/TradeDomain&gt;
&lt;TradeId&gt;308525377&lt;/TradeId&gt;
&lt;TradeVersion&gt;3&lt;/TradeVersion&gt;
&lt;/Id&gt;
&lt;TradeDate&gt;2010-07-01&lt;/TradeDate&gt;
&lt;Owner&gt;
&lt;RefData RefDataType="PARTY"&gt;
&lt;KeySet xsi:type="Party:FxLEOU"&gt;
&lt;LE&gt;TBD&lt;/LE&gt;
&lt;OU&gt;TBD&lt;/OU&gt;
&lt;/KeySet&gt;
&lt;/RefData&gt;
&lt;/Owner&gt;
&lt;Book&gt;
&lt;RefData RefDataType="BOOK"&gt;
&lt;KeySet xsi:type="Book:FxRMSBook"&gt;
&lt;BookId&gt;JPY&lt;/BookId&gt;
&lt;/KeySet&gt;
&lt;/RefData&gt;
&lt;/Book&gt;
&lt;Counterparty&gt;
&lt;RefData RefDataType="PARTY"&gt;
&lt;KeySet xsi:type="Party:FxPartyId"&gt;
&lt;System&gt;RMS&lt;/System&gt;
&lt;AltId&gt;DBPSO&lt;/AltId&gt;
&lt;CounterpartyName&gt;DEUTSCHE BANK AG SINGAPORE AC PRIVATE WEALTH MANAGEMENT S PORE&lt;/CounterpartyName&gt;
&lt;/KeySet&gt;
&lt;/RefData&gt;
&lt;/Counterparty&gt;
&lt;TraderInfo&gt;
&lt;InputMode&gt;MANUAL CAPTURE&lt;/InputMode&gt;
&lt;Trader&gt;
&lt;RefData RefDataType="EMPLOYEE"&gt;
&lt;KeySet xsi:type="Employee:UserId"&gt;
&lt;System&gt;NT USER NAME&lt;/System&gt;
&lt;UserId&gt;WATSAX&lt;/UserId&gt;
&lt;/KeySet&gt;
&lt;/RefData&gt;
&lt;/Trader&gt;
&lt;/TraderInfo&gt;
&lt;ProductType&gt;
&lt;RefData RefDataType="PRODUCTTYPE"&gt;
&lt;KeySet xsi:type="Prd:RMSProductXType"&gt;
&lt;Product&gt;FxOneBarNoTouchOpt&lt;/Product&gt;
&lt;ProductId&gt;300404411&lt;/ProductId&gt;
&lt;ProductVersion&gt;2&lt;/ProductVersion&gt;
&lt;ProductLegId/&gt;
&lt;/KeySet&gt;
&lt;/RefData&gt;
&lt;/ProductType&gt;
&lt;Cashflow xsi:type="CFlow:BarrierCashflow" Status="REFIXED"&gt;
&lt;EventDate&gt;
&lt;AdjustedDate&gt;2010-10-06&lt;/AdjustedDate&gt;
&lt;/EventDate&gt;
&lt;Amount&gt;
&lt;Currency&gt;USD&lt;/Currency&gt;
&lt;Amount&gt;-128500&lt;/Amount&gt;
&lt;/Amount&gt;
&lt;Barrier xsi:type="Barrier:SimpleBarrier"&gt;
&lt;Bar xsi:type="Barrier:Continuous"&gt;
&lt;UpperOrLower&gt;LOWER&lt;/UpperOrLower&gt;
&lt;Period xsi:type="Barrier:EuropeanWindow"&gt;
&lt;ExerciseDate&gt;
&lt;AdjustedDate&gt;2010-10-04&lt;/AdjustedDate&gt;
&lt;/ExerciseDate&gt;
&lt;/Period&gt;
&lt;TouchOrBreach&gt;TOUCH&lt;/TouchOrBreach&gt;
&lt;BarFormula&gt;
&lt;ResetFormula xsi:type="Reset:FixedRateFormula" Seq="1"&gt;
&lt;RateValue&gt;83.5&lt;/RateValue&gt;
&lt;/ResetFormula&gt;
&lt;/BarFormula&gt;
&lt;ObservationFormula&gt;
&lt;ResetFormula xsi:type="Reset:FloatingRateFormula" Seq="1"&gt;
&lt;Observation&gt;
&lt;RateIndexId&gt;
&lt;RefData RefDataType="RATEINDEX"&gt;
&lt;KeySet xsi:type="Reset:XStaticRateIndexId"&gt;
&lt;IndexId&gt;SPOT&lt;/IndexId&gt;
&lt;MaturityId xsi:type="DbGMLUtil:FrequencyInterval"&gt;SPOT&lt;/MaturityId&gt;
&lt;/KeySet&gt;
&lt;/RefData&gt;
&lt;/RateIndexId&gt;
&lt;/Observation&gt;
&lt;/ResetFormula&gt;
&lt;/ObservationFormula&gt;
&lt;/Bar&gt;
&lt;KnockInOrOut&gt;KNOCKOUT&lt;/KnockInOrOut&gt;
&lt;/Barrier&gt;
&lt;/Cashflow&gt;
&lt;ExternalSystemReference&gt;
&lt;TradeDomain&gt;FXPricer(Sales)&lt;/TradeDomain&gt;
&lt;TradeId&gt;308525377&lt;/TradeId&gt;
&lt;TradeVersion&gt;0&lt;/TradeVersion&gt;
&lt;/ExternalSystemReference&gt;
&lt;Notes&gt;8092884 Singh Bhupinder costUSD150k Jamie Meyer. Partial unwind half of rebate by RMS 174715837&lt;/Notes&gt;
&lt;/Trade&gt;
&lt;BusinessEventTimeStamp&gt;2010-08-30T17:45:53.000&lt;/BusinessEventTimeStamp&gt;
&lt;/Transaction&gt;
&lt;/DbGML:DBGMMessage&gt;</Text>
</Message>
