<?xml version="1.0" encoding="UTF-8"?>
<Message>
    <SystemInfo>
        <JMSDestination>Topic[exodus.dbgml.demo]</JMSDestination>
        <JMSReplyTo/>
        <JMSDeliveryMode>2</JMSDeliveryMode>
        <JMSRedelivered>false</JMSRedelivered>
        <JMSCorrelationID>null</JMSCorrelationID>
        <JMSType>null</JMSType>
        <JMSTimestamp>1285343780779</JMSTimestamp>
        <JMSExpiration>0</JMSExpiration>
        <JMSPriority>4</JMSPriority>
    </SystemInfo>
    <ApplicationInfo>
        <SYSTEMID>253538246</SYSTEMID>
        <TRADEGROUP>INTERESTRATEFUTURE</TRADEGROUP>
        <VERSION>14</VERSION>
        <COUNTERPARTY>GESMARGIN</COUNTERPARTY>
        <MESSAGE_TYPE>RMS_TRADE</MESSAGE_TYPE>
        <TRADETYPE>GeneralFutureOpt</TRADETYPE>
        <BOOK>SPCSFPEN</BOOK>
        <ACTION>Expired</ACTION>
        <STATUS>Open</STATUS>
    </ApplicationInfo>
    <Text>&lt;?xml version="1.0" encoding="UTF-8"?&gt;
&lt;DbGML:DBGMMessage xsi:schemaLocation="DbGML schema/trade/dbgml.trade.xsd" SchemaVersion="9.13" xmlns:DbGML="DbGML" xmlns:DbGMLUtil="DbGMLUtil" xmlns:Instr="DbGML/Trade/Instrument" xmlns:Posn="DbGMLPosition/Position" xmlns:Reset="DbGML/Trade/Reset" xmlns:Exotic="DbGML/Trade/Exotic" xmlns:SimpleCash="DbGML/Trade/SimpleCash" xmlns:xsi="http://www.w3.org/2001/XMLSchema-instance" xmlns:fn="http://www.w3.org/2004/10/xpath-functions" xmlns:Option="DbGML/Trade/Option" xmlns:Barrier="DbGML/Trade/Barrier" xmlns:ListedFuture="DbGML/Trade/ListedFuture" xmlns:DbGMLP="DbGMLPosition" xmlns:Employee="DbGML/Trade/Employee" xmlns:MM="DbGML/Trade/MM" xmlns:ListedOption="DbGML/Trade/ListedOption" xmlns:Book="DbGML/Trade/Book" xmlns:CFlow="DbGML/Trade/Cashflow" xmlns:Party="DbGML/Trade/Party" xmlns:DbGMLBusHdr="DbGMLBusHdr" xmlns:Prd="DbGML/Trade/Product" xmlns:FX="DbGML/Trade/FX" xmlns:DbGMLCP="DbGMLPosition/Position/CashPosition"&gt;
&lt;BusinessHdr&gt;
&lt;DbGMLBusHdr:BusObjectType&gt;TRADE/FX/FXOPTION&lt;/DbGMLBusHdr:BusObjectType&gt;
&lt;DbGMLBusHdr:BusObjectOwner&gt;DB AG&lt;/DbGMLBusHdr:BusObjectOwner&gt;
&lt;DbGMLBusHdr:BusObjectId&gt;RMS/253538246&lt;/DbGMLBusHdr:BusObjectId&gt;
&lt;DbGMLBusHdr:BusObjectVersion&gt;14&lt;/DbGMLBusHdr:BusObjectVersion&gt;
&lt;DbGMLBusHdr:BusEventTimeStamp&gt;2010-09-10T00:40:56.000&lt;/DbGMLBusHdr:BusEventTimeStamp&gt;
&lt;DbGMLBusHdr:BusObjectEventType&gt;Open&lt;/DbGMLBusHdr:BusObjectEventType&gt;
&lt;DbGMLBusHdr:SchemaVersion&gt;9.13&lt;/DbGMLBusHdr:SchemaVersion&gt;
&lt;/BusinessHdr&gt;
&lt;Transaction&gt;
&lt;GenericTradeEvent&gt;AMEND&lt;/GenericTradeEvent&gt;
&lt;EffectiveDate&gt;2010-02-16&lt;/EffectiveDate&gt;
&lt;TradingDateTime&gt;2010-09-10T00:40:56.000&lt;/TradingDateTime&gt;
&lt;Brokerage&gt;
&lt;Broker&gt;
&lt;RefData RefDataType="PARTY"&gt;
&lt;KeySet xsi:type="Party:OFBrokerId"&gt;
&lt;BrokerId&gt;830L&lt;/BrokerId&gt;
&lt;/KeySet&gt;
&lt;/RefData&gt;
&lt;/Broker&gt;
&lt;/Brokerage&gt;
&lt;TradeGroup&gt;
&lt;GroupId&gt;145550762&lt;/GroupId&gt;
&lt;Reason&gt;STRUCTURED-CHILD&lt;/Reason&gt;
&lt;/TradeGroup&gt;
&lt;Trade xsi:type="ListedOption:ListedOption"&gt;
&lt;Id&gt;
&lt;TradeDomain&gt;RMS&lt;/TradeDomain&gt;
&lt;TradeId&gt;253538246&lt;/TradeId&gt;
&lt;TradeVersion&gt;14&lt;/TradeVersion&gt;
&lt;/Id&gt;
&lt;TradeDate&gt;2010-02-16&lt;/TradeDate&gt;
&lt;Owner&gt;
&lt;RefData RefDataType="PARTY"&gt;
&lt;KeySet xsi:type="Party:FxPartyId"&gt;
&lt;System&gt;RMS&lt;/System&gt;
&lt;AltId&gt;DB AG&lt;/AltId&gt;
&lt;/KeySet&gt;
&lt;/RefData&gt;
&lt;/Owner&gt;
&lt;Book&gt;
&lt;RefData RefDataType="BOOK"&gt;
&lt;KeySet xsi:type="Book:FxRMSBook"&gt;
&lt;BookId&gt;SPCSFPEN&lt;/BookId&gt;
&lt;/KeySet&gt;
&lt;/RefData&gt;
&lt;/Book&gt;
&lt;Counterparty&gt;
&lt;RefData RefDataType="PARTY"&gt;
&lt;KeySet xsi:type="Party:FxPartyId"&gt;
&lt;System&gt;RMS&lt;/System&gt;
&lt;AltId&gt;GESMARGIN&lt;/AltId&gt;
&lt;CounterpartyName&gt;GESMARGIN ANDY GRANT&lt;/CounterpartyName&gt;
&lt;/KeySet&gt;
&lt;/RefData&gt;
&lt;/Counterparty&gt;
&lt;TraderInfo&gt;
&lt;InputMode&gt;MANUAL CAPTURE&lt;/InputMode&gt;
&lt;Trader&gt;
&lt;RefData RefDataType="EMPLOYEE"&gt;
&lt;KeySet xsi:type="Employee:UserId"&gt;
&lt;System&gt;NT USER NAME&lt;/System&gt;
&lt;UserId&gt;FXSELECT_OWNER&lt;/UserId&gt;
&lt;/KeySet&gt;
&lt;/RefData&gt;
&lt;/Trader&gt;
&lt;/TraderInfo&gt;
&lt;ProductType&gt;
&lt;RefData RefDataType="PRODUCTTYPE"&gt;
&lt;KeySet xsi:type="Prd:RMSProductXType"&gt;
&lt;Product&gt;GeneralFutureOpt&lt;/Product&gt;
&lt;ProductId&gt;246439007&lt;/ProductId&gt;
&lt;ProductVersion&gt;1&lt;/ProductVersion&gt;
&lt;ProductLegId/&gt;
&lt;/KeySet&gt;
&lt;/RefData&gt;
&lt;/ProductType&gt;
&lt;BuySell&gt;S&lt;/BuySell&gt;
&lt;AssetFlow&gt;
&lt;EventDate&gt;
&lt;UnadjustedDate&gt;2010-02-16&lt;/UnadjustedDate&gt;
&lt;/EventDate&gt;
&lt;Quantity&gt;400&lt;/Quantity&gt;
&lt;InstrumentId&gt;
&lt;RefData RefDataType="INSTRUMENT"&gt;
&lt;KeySet xsi:type="Instr:OptionsContract"&gt;
&lt;Market&gt;CME&lt;/Market&gt;
&lt;ContractCode&gt;SP&lt;/ContractCode&gt;
&lt;Prompt&gt;DEC10&lt;/Prompt&gt;
&lt;Strike&gt;425&lt;/Strike&gt;
&lt;CallPut&gt;P&lt;/CallPut&gt;
&lt;SeriesVersion&gt;0&lt;/SeriesVersion&gt;
&lt;/KeySet&gt;
&lt;/RefData&gt;
&lt;/InstrumentId&gt;
&lt;/AssetFlow&gt;
&lt;Price&gt;0.7&lt;/Price&gt;
&lt;ExchangeId&gt;CME&lt;/ExchangeId&gt;
&lt;ExternalSystemReference&gt;
&lt;TradeDomain&gt;R&amp;amp;N&lt;/TradeDomain&gt;
&lt;TradeId&gt;20100216BQM5-0&lt;/TradeId&gt;
&lt;TradeVersion&gt;0&lt;/TradeVersion&gt;
&lt;/ExternalSystemReference&gt;
&lt;Notes&gt;Reconciliation:O:CME:SP:L16028:Y::::.7::348:-400&lt;/Notes&gt;
&lt;/Trade&gt;
&lt;BusinessEventTimeStamp&gt;2010-09-10T00:40:56.000&lt;/BusinessEventTimeStamp&gt;
&lt;/Transaction&gt;
&lt;/DbGML:DBGMMessage&gt;</Text>
</Message>
