<?xml version="1.0" encoding="UTF-8"?>
<Message>
    <SystemInfo>
        <JMSDestination>Topic[exodus.dbgml.demo]</JMSDestination>
        <JMSReplyTo/>
        <JMSDeliveryMode>2</JMSDeliveryMode>
        <JMSRedelivered>false</JMSRedelivered>
        <JMSCorrelationID>null</JMSCorrelationID>
        <JMSType>null</JMSType>
        <JMSTimestamp>1285344069752</JMSTimestamp>
        <JMSExpiration>0</JMSExpiration>
        <JMSPriority>4</JMSPriority>
    </SystemInfo>
    <ApplicationInfo>
        <SYSTEMID>174798627</SYSTEMID>
        <TRADEGROUP>INTERESTRATESWAP</TRADEGROUP>
        <VERSION>451</VERSION>
        <COUNTERPARTY>BANNATPARPAR</COUNTERPARTY>
        <MESSAGE_TYPE>RMS_TRADE</MESSAGE_TYPE>
        <TRADETYPE>OvernightIndexSwap</TRADETYPE>
        <BOOK>LNMMDJPYOIS</BOOK>
        <ACTION>Fixed</ACTION>
        <STATUS>Open</STATUS>
    </ApplicationInfo>
    <Text>&lt;?xml version="1.0" encoding="UTF-8"?&gt;
&lt;DbGML:DBGMMessage xsi:schemaLocation="DbGML ../schemas/9.7/dbgml.trade.xsd" SchemaVersion="9.7" xmlns:DbGMLUtil="DbGMLUtil" xmlns:DbGMLBH="DbGMLBusHdr" xmlns:java="http://xml.apache.org/xslt/java" xmlns:Reset="DbGML/Trade/Reset" xmlns:IRD="DbGML/Trade/IRD" xmlns:Employee="DbGML/Trade/Employee" xmlns:xsi="http://www.w3.org/2001/XMLSchema-instance" xmlns:ListedFuture="DbGML/Trade/ListedFuture" xmlns:Instr="DbGML/Trade/Instrument" xmlns:Book="DbGML/Trade/Book" xmlns:Option="DbGML/Trade/Option" xmlns:FX="DbGML/Trade/FX" xmlns:DbGML="DbGML" xmlns:Party="DbGML/Trade/Party"&gt;
&lt;BusinessHdr&gt;
&lt;DbGMLBH:BusObjectType&gt;TRADE/IRD/IRS&lt;/DbGMLBH:BusObjectType&gt;
&lt;DbGMLBH:BusObjectOwner&gt;TBD/TBD&lt;/DbGMLBH:BusObjectOwner&gt;
&lt;DbGMLBH:BusObjectId&gt;RMS/174798627&lt;/DbGMLBH:BusObjectId&gt;
&lt;DbGMLBH:BusObjectVersion&gt;451&lt;/DbGMLBH:BusObjectVersion&gt;
&lt;DbGMLBH:BusEventTimeStamp&gt;2010-09-08T11:18:59.000&lt;/DbGMLBH:BusEventTimeStamp&gt;
&lt;DbGMLBH:BusObjectEventType&gt;Open&lt;/DbGMLBH:BusObjectEventType&gt;
&lt;DbGMLBH:SchemaVersion&gt;9.7&lt;/DbGMLBH:SchemaVersion&gt;
&lt;/BusinessHdr&gt;
&lt;Transaction&gt;
&lt;GenericTradeEvent&gt;AMEND&lt;/GenericTradeEvent&gt;
&lt;EffectiveDate&gt;2008-11-20&lt;/EffectiveDate&gt;
&lt;TradingDateTime&gt;2010-09-08T11:18:59.000&lt;/TradingDateTime&gt;
&lt;Brokerage&gt;
&lt;Broker&gt;
&lt;RefData RefDataType="PARTY"&gt;
&lt;KeySet xsi:type="Party:FxPartyId"&gt;
&lt;System&gt;RMS&lt;/System&gt;
&lt;AltId&gt;TDLA&lt;/AltId&gt;
&lt;/KeySet&gt;
&lt;/RefData&gt;
&lt;/Broker&gt;
&lt;/Brokerage&gt;
&lt;TradeGroup&gt;
&lt;GroupId&gt;174798627&lt;/GroupId&gt;
&lt;Reason&gt;STRUCTURED-SIBLING&lt;/Reason&gt;
&lt;/TradeGroup&gt;
&lt;Trade xsi:type="IRD:IRSwap"&gt;
&lt;Id&gt;
&lt;TradeDomain&gt;RMS&lt;/TradeDomain&gt;
&lt;TradeId&gt;174798627&lt;/TradeId&gt;
&lt;TradeVersion&gt;451&lt;/TradeVersion&gt;
&lt;/Id&gt;
&lt;TradeDate&gt;2008-11-20&lt;/TradeDate&gt;
&lt;Owner&gt;
&lt;RefData RefDataType="PARTY"&gt;
&lt;KeySet xsi:type="Party:XStaticParty"&gt;
&lt;XStaticId&gt;LDN&lt;/XStaticId&gt;
&lt;/KeySet&gt;
&lt;/RefData&gt;
&lt;/Owner&gt;
&lt;Book&gt;
&lt;RefData RefDataType="BOOK"&gt;
&lt;KeySet xsi:type="Book:RMSSummitBook"&gt;
&lt;RMSBook&gt;
&lt;BookId&gt;LNMMDJPYOIS&lt;/BookId&gt;
&lt;/RMSBook&gt;
&lt;SummitBook&gt;
&lt;SummitBookId&gt;JPY_OIS&lt;/SummitBookId&gt;
&lt;/SummitBook&gt;
&lt;/KeySet&gt;
&lt;/RefData&gt;
&lt;/Book&gt;
&lt;Counterparty&gt;
&lt;RefData RefDataType="PARTY"&gt;
&lt;KeySet xsi:type="Party:RMSSummitParty"&gt;
&lt;RMSParty&gt;
&lt;System&gt;RMS&lt;/System&gt;
&lt;AltId&gt;BANNATPARPAR&lt;/AltId&gt;
&lt;/RMSParty&gt;
&lt;SummitParty&gt;
&lt;GsdId&gt;BANNATPARPAR&lt;/GsdId&gt;
&lt;/SummitParty&gt;
&lt;/KeySet&gt;
&lt;/RefData&gt;
&lt;/Counterparty&gt;
&lt;TraderInfo&gt;
&lt;InputMode&gt;IMPORTED&lt;/InputMode&gt;
&lt;Trader&gt;
&lt;RefData RefDataType="EMPLOYEE"&gt;
&lt;KeySet xsi:type="Employee:UserId"&gt;
&lt;System&gt;RMS&lt;/System&gt;
&lt;UserId&gt;ADOLGUI&lt;/UserId&gt;
&lt;/KeySet&gt;
&lt;/RefData&gt;
&lt;/Trader&gt;
&lt;/TraderInfo&gt;
&lt;CashflowStream&gt;
&lt;StartDate&gt;
&lt;UnadjustedDate&gt;2008-11-25&lt;/UnadjustedDate&gt;
&lt;/StartDate&gt;
&lt;EndDate&gt;
&lt;UnadjustedDate&gt;2010-11-25&lt;/UnadjustedDate&gt;
&lt;/EndDate&gt;
&lt;DateAdjustmentFormula&gt;
&lt;BusDayConvention&gt;MODIFIED FOLLOWING&lt;/BusDayConvention&gt;
&lt;Calendar xsi:type="DbGMLUtil:CalendarId"&gt;
&lt;RefData RefDataType="CALENDAR"&gt;
&lt;KeySet xsi:type="DbGMLUtil:XStaticCalendarId"&gt;
&lt;CalendarId&gt;TOK&lt;/CalendarId&gt;
&lt;/KeySet&gt;
&lt;/RefData&gt;
&lt;/Calendar&gt;
&lt;/DateAdjustmentFormula&gt;
&lt;AssetLiability&gt;A&lt;/AssetLiability&gt;
&lt;StreamType&gt;FIXED RATE&lt;/StreamType&gt;
&lt;CashflowSchedule&gt;
&lt;ScheduleParams&gt;
&lt;StartDate&gt;
&lt;UnadjustedDate&gt;2009-11-25&lt;/UnadjustedDate&gt;
&lt;/StartDate&gt;
&lt;EndDate&gt;
&lt;UnadjustedDate&gt;2010-11-25&lt;/UnadjustedDate&gt;
&lt;/EndDate&gt;
&lt;DateAdjustmentFormula&gt;
&lt;BusDayConvention&gt;MODIFIED FOLLOWING&lt;/BusDayConvention&gt;
&lt;Calendar xsi:type="DbGMLUtil:CalendarId"&gt;
&lt;RefData RefDataType="CALENDAR"&gt;
&lt;KeySet xsi:type="DbGMLUtil:XStaticCalendarId"&gt;
&lt;CalendarId&gt;TOK&lt;/CalendarId&gt;
&lt;/KeySet&gt;
&lt;/RefData&gt;
&lt;/Calendar&gt;
&lt;/DateAdjustmentFormula&gt;
&lt;FrequencyId xsi:type="DbGMLUtil:FrequencyInterval"&gt;1Y&lt;/FrequencyId&gt;
&lt;RollConvention xsi:type="DbGMLUtil:DayOfMonthRoll"&gt;25&lt;/RollConvention&gt;
&lt;/ScheduleParams&gt;
&lt;CashflowType&gt;COUPON&lt;/CashflowType&gt;
&lt;RefixFormula&gt;
&lt;ResetFormulaList&gt;
&lt;ResetFormula Seq="1" xsi:type="Reset:FixedRateFormula"&gt;
&lt;RateValue&gt;0.003225&lt;/RateValue&gt;
&lt;/ResetFormula&gt;
&lt;/ResetFormulaList&gt;
&lt;AccrualBasis&gt;ACT/365&lt;/AccrualBasis&gt;
&lt;InArrears&gt;false&lt;/InArrears&gt;
&lt;ResetLag&gt;0&lt;/ResetLag&gt;
&lt;/RefixFormula&gt;
&lt;PaymentOffset&gt;2&lt;/PaymentOffset&gt;
&lt;/CashflowSchedule&gt;
&lt;NotionalSchedule&gt;
&lt;ScheduleParams&gt;
&lt;StartDate&gt;
&lt;UnadjustedDate&gt;2008-11-25&lt;/UnadjustedDate&gt;
&lt;/StartDate&gt;
&lt;EndDate&gt;
&lt;UnadjustedDate&gt;2010-11-25&lt;/UnadjustedDate&gt;
&lt;/EndDate&gt;
&lt;DateAdjustmentFormula&gt;
&lt;BusDayConvention&gt;MODIFIED FOLLOWING&lt;/BusDayConvention&gt;
&lt;Calendar xsi:type="DbGMLUtil:CalendarId"&gt;
&lt;RefData RefDataType="CALENDAR"&gt;
&lt;KeySet xsi:type="DbGMLUtil:XStaticCalendarId"&gt;
&lt;CalendarId&gt;TOK&lt;/CalendarId&gt;
&lt;/KeySet&gt;
&lt;/RefData&gt;
&lt;/Calendar&gt;
&lt;/DateAdjustmentFormula&gt;
&lt;FrequencyId xsi:type="DbGMLUtil:FrequencyInterval"&gt;1Y&lt;/FrequencyId&gt;
&lt;/ScheduleParams&gt;
&lt;Balance Status="RESET"&gt;
&lt;EventDate&gt;
&lt;UnadjustedDate&gt;2008-11-25&lt;/UnadjustedDate&gt;
&lt;/EventDate&gt;
&lt;Amount&gt;
&lt;Currency&gt;JPY&lt;/Currency&gt;
&lt;Amount&gt;10000000000&lt;/Amount&gt;
&lt;/Amount&gt;
&lt;/Balance&gt;
&lt;InitialBalance&gt;
&lt;Currency&gt;JPY&lt;/Currency&gt;
&lt;Amount&gt;10000000000&lt;/Amount&gt;
&lt;/InitialBalance&gt;
&lt;/NotionalSchedule&gt;
&lt;/CashflowStream&gt;
&lt;CashflowStream&gt;
&lt;StartDate&gt;
&lt;UnadjustedDate&gt;2008-11-25&lt;/UnadjustedDate&gt;
&lt;/StartDate&gt;
&lt;EndDate&gt;
&lt;UnadjustedDate&gt;2010-11-25&lt;/UnadjustedDate&gt;
&lt;/EndDate&gt;
&lt;DateAdjustmentFormula&gt;
&lt;BusDayConvention&gt;MODIFIED FOLLOWING&lt;/BusDayConvention&gt;
&lt;Calendar xsi:type="DbGMLUtil:CalendarId"&gt;
&lt;RefData RefDataType="CALENDAR"&gt;
&lt;KeySet xsi:type="DbGMLUtil:XStaticCalendarId"&gt;
&lt;CalendarId&gt;TOK&lt;/CalendarId&gt;
&lt;/KeySet&gt;
&lt;/RefData&gt;
&lt;/Calendar&gt;
&lt;/DateAdjustmentFormula&gt;
&lt;AssetLiability&gt;L&lt;/AssetLiability&gt;
&lt;StreamType&gt;FLOATING RATE&lt;/StreamType&gt;
&lt;CashflowSchedule&gt;
&lt;ScheduleParams&gt;
&lt;StartDate&gt;
&lt;UnadjustedDate&gt;2009-11-25&lt;/UnadjustedDate&gt;
&lt;/StartDate&gt;
&lt;EndDate&gt;
&lt;UnadjustedDate&gt;2010-11-25&lt;/UnadjustedDate&gt;
&lt;/EndDate&gt;
&lt;DateAdjustmentFormula&gt;
&lt;BusDayConvention&gt;MODIFIED FOLLOWING&lt;/BusDayConvention&gt;
&lt;Calendar xsi:type="DbGMLUtil:CalendarId"&gt;
&lt;RefData RefDataType="CALENDAR"&gt;
&lt;KeySet xsi:type="DbGMLUtil:XStaticCalendarId"&gt;
&lt;CalendarId&gt;TOK&lt;/CalendarId&gt;
&lt;/KeySet&gt;
&lt;/RefData&gt;
&lt;/Calendar&gt;
&lt;/DateAdjustmentFormula&gt;
&lt;FrequencyId xsi:type="DbGMLUtil:FrequencyInterval"&gt;1Y&lt;/FrequencyId&gt;
&lt;RollConvention xsi:type="DbGMLUtil:DayOfMonthRoll"&gt;25&lt;/RollConvention&gt;
&lt;/ScheduleParams&gt;
&lt;CashflowType&gt;COUPON&lt;/CashflowType&gt;
&lt;RefixFormula&gt;
&lt;ResetFormulaList&gt;
&lt;ResetFormula Seq="1" xsi:type="Reset:OISResetFormula"&gt;
&lt;Observation&gt;
&lt;RateIndexId xsi:type="Reset:RateIndexId"&gt;
&lt;RefData RefDataType="RATEINDEX"&gt;
&lt;KeySet xsi:type="Reset:XStaticRateIndexId"&gt;
&lt;IndexId&gt;TONAT&lt;/IndexId&gt;
&lt;MaturityId xsi:type="DbGMLUtil:FrequencyInterval"&gt;1D&lt;/MaturityId&gt;
&lt;/KeySet&gt;
&lt;/RefData&gt;
&lt;/RateIndexId&gt;
&lt;/Observation&gt;
&lt;DateAdjustmentFormula&gt;
&lt;BusDayConvention&gt;MODIFIED FOLLOWING&lt;/BusDayConvention&gt;
&lt;Calendar xsi:type="DbGMLUtil:CalendarId"&gt;
&lt;RefData RefDataType="CALENDAR"&gt;
&lt;KeySet xsi:type="DbGMLUtil:XStaticCalendarId"&gt;
&lt;CalendarId&gt;TOK&lt;/CalendarId&gt;
&lt;/KeySet&gt;
&lt;/RefData&gt;
&lt;/Calendar&gt;
&lt;/DateAdjustmentFormula&gt;
&lt;Frequency xsi:type="DbGMLUtil:FrequencyInterval"&gt;1D&lt;/Frequency&gt;
&lt;CutOff&gt;0&lt;/CutOff&gt;
&lt;/ResetFormula&gt;
&lt;ResetFormula Seq="2" xsi:type="Reset:SpreadFormula"&gt;
&lt;Spread&gt;0&lt;/Spread&gt;
&lt;/ResetFormula&gt;
&lt;/ResetFormulaList&gt;
&lt;AccrualBasis&gt;ACT/365&lt;/AccrualBasis&gt;
&lt;InArrears&gt;true&lt;/InArrears&gt;
&lt;ResetLag&gt;0&lt;/ResetLag&gt;
&lt;Offset&gt;0&lt;/Offset&gt;
&lt;RefixCalendar xsi:type="DbGMLUtil:CalendarId"&gt;
&lt;RefData RefDataType="CALENDAR"&gt;
&lt;KeySet xsi:type="DbGMLUtil:XStaticCalendarId"&gt;
&lt;CalendarId&gt;TOK&lt;/CalendarId&gt;
&lt;/KeySet&gt;
&lt;/RefData&gt;
&lt;/RefixCalendar&gt;
&lt;/RefixFormula&gt;
&lt;PaymentOffset&gt;2&lt;/PaymentOffset&gt;
&lt;/CashflowSchedule&gt;
&lt;NotionalSchedule&gt;
&lt;ScheduleParams&gt;
&lt;StartDate&gt;
&lt;UnadjustedDate&gt;2008-11-25&lt;/UnadjustedDate&gt;
&lt;/StartDate&gt;
&lt;EndDate&gt;
&lt;UnadjustedDate&gt;2010-11-25&lt;/UnadjustedDate&gt;
&lt;/EndDate&gt;
&lt;DateAdjustmentFormula&gt;
&lt;BusDayConvention&gt;MODIFIED FOLLOWING&lt;/BusDayConvention&gt;
&lt;Calendar xsi:type="DbGMLUtil:CalendarId"&gt;
&lt;RefData RefDataType="CALENDAR"&gt;
&lt;KeySet xsi:type="DbGMLUtil:XStaticCalendarId"&gt;
&lt;CalendarId&gt;TOK&lt;/CalendarId&gt;
&lt;/KeySet&gt;
&lt;/RefData&gt;
&lt;/Calendar&gt;
&lt;/DateAdjustmentFormula&gt;
&lt;FrequencyId xsi:type="DbGMLUtil:FrequencyInterval"&gt;1Y&lt;/FrequencyId&gt;
&lt;/ScheduleParams&gt;
&lt;Balance Status="RESET"&gt;
&lt;EventDate&gt;
&lt;UnadjustedDate&gt;2008-11-25&lt;/UnadjustedDate&gt;
&lt;/EventDate&gt;
&lt;Amount&gt;
&lt;Currency&gt;JPY&lt;/Currency&gt;
&lt;Amount&gt;10000000000&lt;/Amount&gt;
&lt;/Amount&gt;
&lt;/Balance&gt;
&lt;InitialBalance&gt;
&lt;Currency&gt;JPY&lt;/Currency&gt;
&lt;Amount&gt;10000000000&lt;/Amount&gt;
&lt;/InitialBalance&gt;
&lt;/NotionalSchedule&gt;
&lt;/CashflowStream&gt;
&lt;/Trade&gt;
&lt;BusinessEventTimeStamp&gt;2010-09-08T11:18:59.000&lt;/BusinessEventTimeStamp&gt;
&lt;/Transaction&gt;
&lt;/DbGML:DBGMMessage&gt;</Text>
</Message>
