<?xml version="1.0" encoding="UTF-8"?>
<tradetypes>
    <tradetype name="BMFDDIFuture" tradetable="FXFUTURE"/>
    <tradetype name="BMFDI1Future" tradetable="INTERESTRATEFUTURE"/>
    <tradetype name="BMFDOLFuture" tradetable="FXFUTURE"/>
    <tradetype name="BMFFRPFuture" tradetable="FXFUTURE"/>
    <tradetype name="BaseMetalWarrant" tradetable="COMMODITYONELEG"/>
    <tradetype name="BondFuture" tradetable="INTERESTRATEFUTURE"/>
    <tradetype name="BondFutureOpt" tradetable="INTERESTRATEFUTURE"/>
    <tradetype name="CTANote" tradetable="EXOTIC"/>
    <tradetype name="CashBalance" tradetable="CASHBALANCE"/>
    <tradetype name="CashDeposit" tradetable="CASHDEPOSIT"/>
    <tradetype name="CertificateBalance" tradetable="CERTIFICATEBALANCE"/>
    <tradetype name="CommodityAsianOpt" tradetable="COMMODITYONELEG"/>
    <tradetype name="CommodityBalance" tradetable="COMMODITYONELEG"/>
    <tradetype name="CommodityBarOpt" tradetable="COMMODITYONELEG"/>
    <tradetype name="CommodityBulletSwap" tradetable="COMMODITYTWOLEG"/>
    <tradetype name="CommodityDigitalOpt" tradetable="COMMODITYINDEX"/>
    <tradetype name="CommodityDigitalOpt" tradetable="COMMODITYONELEG"/>
    <tradetype name="CommodityEmission" tradetable="COMMODITYEMISSION"/>
    <tradetype name="CommodityEmissionSec" tradetable="COMMODITYEMISSION"/>
    <tradetype name="CommodityEuroOpt" tradetable="COMMODITYINDEX"/>
    <tradetype name="CommodityEuroOpt" tradetable="COMMODITYONELEG"/>
    <tradetype name="CommodityExchAsianOpt" tradetable="COMMODITYONELEG"/>
    <tradetype name="CommodityExchEuroOpt" tradetable="COMMODITYONELEG"/>
    <tradetype name="CommodityForward" tradetable="COMMODITYINDEX"/>
    <tradetype name="CommodityFuture" tradetable="INTERESTRATEFUTURE"/>
    <tradetype name="CommodityFutureOpt" tradetable="INTERESTRATEFUTURE"/>
    <tradetype name="CommodityIndexAsianOpt" tradetable="COMMODITYINDEX"/>
    <tradetype name="CommodityIndexEuroOpt" tradetable="COMMODITYINDEX"/>
    <tradetype name="CommodityIndexOneBarOpt" tradetable="COMMODITYINDEX"/>
    <tradetype name="CommodityIndexSwap" tradetable="COMMODITYINDEX"/>
    <tradetype name="CommoditySwap" tradetable="COMMODITYTWOLEG"/>
    <tradetype name="CommodityVarSwap" tradetable="COMMODITYONELEG"/>
    <tradetype name="CurrencySwap" tradetable="INTERESTRATESWAP"/>
    <tradetype name="DBASecurityTrade" tradetable="EXOTIC"/>
    <tradetype name="DBAccountClientInvestmentNote" tradetable="EXOTIC"/>
    <tradetype name="DBAccountInvestmentNote" tradetable="EXOTIC"/>
    <tradetype name="DBAccountNote" tradetable="EXOTIC"/>
    <tradetype name="EnergyAsianOpt" tradetable="COMMODITYONELEG"/>
    <tradetype name="EnergyBasisSwap" tradetable="COMMODITYTWOLEG"/>
    <tradetype name="EnergyClearedBasisSwap" tradetable="COMMODITYTWOLEG"/>
    <tradetype name="EnergyClearedSwap" tradetable="COMMODITYTWOLEG"/>
    <tradetype name="EnergyEuroOpt" tradetable="COMMODITYONELEG"/>
    <tradetype name="EnergyFuture" tradetable="INTERESTRATEFUTURE"/>
    <tradetype name="EnergyFutureOpt" tradetable="INTERESTRATEFUTURE"/>
    <tradetype name="EnergyGasDailyOpt" tradetable="COMMODITYONELEG"/>
    <tradetype name="EnergyGasDailySwap" tradetable="COMMODITYTWOLEG"/>
    <tradetype name="EnergySwap" tradetable="COMMODITYTWOLEG"/>
    <tradetype name="EnergySwaption" tradetable="COMMODITYONELEG"/>
    <tradetype name="ExternalTrade" tradetable="EXOTIC"/>
    <tradetype name="FXKnockOutMultiDualCcyOpt" tradetable="EXOTIC"/>
    <tradetype name="FixedCashflows" tradetable="FIXEDCASHFLOW"/>
    <tradetype name="FixedCertificateFlow" tradetable="FIXEDCERTIFICATEFLOW"/>
    <tradetype name="FxAmerOpt" tradetable="FXOPTION"/>
    <tradetype name="FxAsianForward" tradetable="FXASIANOPTION"/>
    <tradetype name="FxAsianOpt" tradetable="FXASIANOPTION"/>
    <tradetype name="FxAverageBasketOpt" tradetable="EXOTIC"/>
    <tradetype name="FxBasketEuropeanDigital" tradetable="EXOTIC"/>
    <tradetype name="FxBasketOpt" tradetable="EXOTIC"/>
    <tradetype name="FxBetterOrWorseOfTwoOptionsOpt" tradetable="EXOTIC"/>
    <tradetype name="FxCashBalance" tradetable="FXCASHBALANCE"/>
    <tradetype name="FxCompoundEuroOpt" tradetable="FXOPTION"/>
    <tradetype name="FxCorrelationSwap" tradetable="FXVOLSWAP"/>
    <tradetype name="FxDigitalOpt" tradetable="FXOPTION"/>
    <tradetype name="FxDrawdownForward" tradetable="FXCASH"/>
    <tradetype name="FxEuroOpt" tradetable="EXOTIC"/>
    <tradetype name="FxEuroOpt" tradetable="FXOPTION"/>
    <tradetype name="FxExtinguishingFaderOpt" tradetable="FXFADEROPTION"/>
    <tradetype name="FxExtinguishingTimerOpt" tradetable="FXTIMER"/>
    <tradetype name="FxFlexibleForward" tradetable="FXOPTION"/>
    <tradetype name="FxForward" tradetable="FXCASH"/>
    <tradetype name="FxForwardStruct" tradetable="FXCASH"/>
    <tradetype name="FxFuture" tradetable="FXFUTURE"/>
    <tradetype name="FxFutureOpt" tradetable="FXFUTURE"/>
    <tradetype name="FxGeneralAccrualOpt" tradetable="FXGENERALACCRUALOPTION"/>
    <tradetype name="FxGeneralBarEuroOpt" tradetable="EXOTIC"/>
    <tradetype name="FxGeometricBasketOpt" tradetable="EXOTIC"/>
    <tradetype name="FxKnockInToBarrierOpt" tradetable="EXOTIC"/>
    <tradetype name="FxKnockOutFwdVolAgreement" tradetable="EXOTIC"/>
    <tradetype name="FxNonDeliverableEuroOpt" tradetable="FXOPTION"/>
    <tradetype name="FxNonDeliverableForward" tradetable="FXCASH"/>
    <tradetype name="FxNonDeliverableForwardStruct" tradetable="FXCASH"/>
    <tradetype name="FxOneBarAmerOpt" tradetable="FXONEBAROPTION"/>
    <tradetype name="FxOneBarDigitalOpt" tradetable="FXONEBAROPTION"/>
    <tradetype name="FxOneBarEuroOpt" tradetable="FXONEBAROPTION"/>
    <tradetype name="FxOneBarNoTouchOpt" tradetable="FXONEBAROPTION"/>
    <tradetype name="FxOneBarOneTouchOpt" tradetable="FXONEBAROPTION"/>
    <tradetype name="FxOneBarWindowAmerOpt" tradetable="FXONEBAROPTION"/>
    <tradetype name="FxOneBarWindowDigitalOpt" tradetable="FXONEBAROPTION"/>
    <tradetype name="FxOneBarWindowEuroOpt" tradetable="FXONEBAROPTION"/>
    <tradetype name="FxOneBarWindowNoTouchOpt" tradetable="FXONEBAROPTION"/>
    <tradetype name="FxOneBarWindowOneTouchOpt" tradetable="FXONEBAROPTION"/>
    <tradetype name="FxPortfolioOpt" tradetable="EXOTIC"/>
    <tradetype name="FxRangeSwap" tradetable="EXOTIC"/>
    <tradetype name="FxResurrectingFaderBarOpt" tradetable="FXFADEROPTION"/>
    <tradetype name="FxResurrectingFaderOpt" tradetable="FXFADEROPTION"/>
    <tradetype name="FxResurrectingTimerOpt" tradetable="FXTIMER"/>
    <tradetype name="FxSpot" tradetable="FXCASH"/>
    <tradetype name="FxSwap" tradetable="FXSWAP"/>
    <tradetype name="FxThreeFactorDiscreteDNT" tradetable="EXOTIC"/>
    <tradetype name="FxTwoBarDigitalOpt" tradetable="FXTWOBAROPTION"/>
    <tradetype name="FxTwoBarEuroOpt" tradetable="FXTWOBAROPTION"/>
    <tradetype name="FxTwoBarNoTouchOpt" tradetable="FXTWOBAROPTION"/>
    <tradetype name="FxTwoBarOneTouchKOOpt" tradetable="FXTWOBAROPTION"/>
    <tradetype name="FxTwoBarOneTouchOpt" tradetable="FXTWOBAROPTION"/>
    <tradetype name="FxTwoBarWindowDigitalOpt" tradetable="FXTWOBAROPTION"/>
    <tradetype name="FxTwoBarWindowEuroOpt" tradetable="FXTWOBAROPTION"/>
    <tradetype name="FxTwoBarWindowNoTouchOpt" tradetable="FXTWOBAROPTION"/>
    <tradetype name="FxTwoBarWindowOneTouchOpt" tradetable="FXTWOBAROPTION"/>
    <tradetype name="FxVarSwap" tradetable="FXVOLSWAP"/>
    <tradetype name="FxVolSwap" tradetable="FXVOLSWAP"/>
    <tradetype name="GeneralFuture" tradetable="INTERESTRATEFUTURE"/>
    <tradetype name="GeneralFutureOpt" tradetable="INTERESTRATEFUTURE"/>
    <tradetype name="GenericSalesTicket" tradetable="GENERICSALESTICKET"/>
    <tradetype name="IRSwap" tradetable="INTERESTRATESWAP"/>
    <tradetype name="IRSwaption" tradetable="INTERESTRATESWAP"/>
    <tradetype name="IndexNote" tradetable="EXOTIC"/>
    <tradetype name="InterestRateCapFloor" tradetable="INTERESTRATECAPFLOOR"/>
    <tradetype name="InterestRateFRA" tradetable="CASHDEPOSIT"/>
    <tradetype name="InterestRateFuture" tradetable="INTERESTRATEFUTURE"/>
    <tradetype name="InterestRateFutureOpt" tradetable="INTERESTRATEFUTURE"/>
    <tradetype name="InterestRateSwap" tradetable="INTERESTRATESWAP"/>
    <tradetype name="MMDExternal" tradetable="EXOTIC"/>
    <tradetype name="MatrixIAS" tradetable="EXOTIC"/>
    <tradetype name="NonDeliverableCurrencySwap" tradetable="INTERESTRATESWAP"/>
    <tradetype name="NonDeliverableIRSwap" tradetable="INTERESTRATESWAP"/>
    <tradetype name="NonDeliverableOIS" tradetable="INTERESTRATESWAP"/>
    <tradetype name="OvernightIndexFuture" tradetable="INTERESTRATEFUTURE"/>
    <tradetype name="OvernightIndexFutureOpt" tradetable="INTERESTRATEFUTURE"/>
    <tradetype name="OvernightIndexSwap" tradetable="INTERESTRATESWAP"/>
    <tradetype name="PBIMNote" tradetable="EXOTIC"/>
    <tradetype name="PBNote" tradetable="EXOTIC"/>
    <tradetype name="Security" tradetable="EXOTIC"/>
    <tradetype name="blabla" tradetable="EXOTIC"/>
</tradetypes>
