<?xml version="1.0" encoding="utf-8"?>
<transaction>
	<header>
		<messageId>FXP66SI74SD8W</messageId>
		<messageSource>FX</messageSource>
		<createdDateTime>2007-12-13T07:02:19.169Z</createdDateTime>
		<apiVersion>1.0</apiVersion>
	</header>
	<body>
		<trade>
			<tradeHeader>
				<tradeId>FXP6026172090</tradeId>
				<tradeVersion>1</tradeVersion>
				<tradeDate>2010-08-10Z</tradeDate>
				<tradeType>CFDFUTURE</tradeType>
				<tradeStatus>OPEN</tradeStatus>
				<tradeClassification>S</tradeClassification>
				<creator>
					<sys>FX</sys>
					<dateTime>2007-12-13T07:02:19.154Z</dateTime>
					<tradeId>26172090</tradeId>
					<tradeVersion>1</tradeVersion>
				</creator>
				<counterparty>
					<name>JK Brokers Dublin</name>
					<legalEntity>LN</legalEntity>
					<idList>
						<id sys="DBI">EU123458</id>
					</idList>
					<internalClientTrade>N</internalClientTrade>
				</counterparty>
				<salesInfo>
					<userId sys="RMS">LOVERA</userId>
					<location>
					</location>
					<productionCredit>T</productionCredit>
				</salesInfo>
				<traderInfo>
					<userId sys="DBI">Reflex</userId>
					<location>London</location>
				</traderInfo>
				<brokerInfo>
					<media>FM</media>
				</brokerInfo>
				<clientInfo>
					<clientTraderName sys="ABFX">Jonathan
						Clarke
					</clientTraderName>
					<clientTraderId sys="ABFX">JONATHAN.CLARKE</clientTraderId>
				</clientInfo>
				<book>
					<name>LNEFP</name>
				</book>
			</tradeHeader>
			<cfdfuture>
				<numberOfContracts>3</numberOfContracts>
				<futuresExpiryDate>2010-09Z</futuresExpiryDate>
				<futuresPricePaid>5.4188</futuresPricePaid>
				<futuresMaturityDate></futuresMaturityDate>
				<extFutureCode>DAX/JPY</extFutureCode>
				<cp>P</cp>
				<expiryDate>2010-08-11Z</expiryDate>
				<optionExpiryDate>2010-08Z</optionExpiryDate>
				<optionPricePaid>5.4188</optionPricePaid>
				<zonecut>TK</zonecut>
				<modelType></modelType>
				<futuresRatePaid></futuresRatePaid>
			</cfdfuture>
		</trade>
	</body>
</transaction>