<?xml version="1.0"?>
<!-- This file create base war files which are then used to create skinned and configured war 
	files It depends on tplus antbuild, superbuild and tplus deploy being run
-->

<project name="configure-wars" default="configure-and-skin-war" basedir=".">
    <property name="tplus_home" value="."/>
    <property file="${tplus_home}/profiles/configure-war.properties"/>
    <!--<property name="fxplus.uberBuildDir" value="../fxplus/build/uberBuildDir"/>-->
    <property name="skin_base_dir" value="${tplus_home}\release\war\skin\"/>
    <property name="configured_war_name" value="tplus.war"/>
    <property name="profiles" value="${tplus_home}/profiles"/>
    <property name="war_build_dir" value="${tplus_home}\release\war"/>
    <property name="war_deploy_dir" value="${tplus_home}\release\deploy"/>
    <property name="ct_logon_jsp_contents_file_name" value="ct_logon_contents.html"/>
    <property name="ct_securid_jsp_contents_file_name" value="ct_securid_contents.html"/>
    <property name="index_contents_file_name" value="index_contents.html"/>
    <property name="util" value="${tplus_home}\util"/>
<!--   <property name="base_war_name" value="base_tplus.war"/>-->
    
    <!-- for filtering when deploying and skinning  -->
    <property name="default.config" value="${profiles}/default.properties"/>
    <property file="${tplus_home}/profiles/base-war.properties"/>
   
    <target name="usage"  depends="checkusage" if="needtofailusage">
    	<echo message="####### skin_name: ${skin_name}, profile: ${profile}, tplus_home: ${tplus_home} #####"/>
    	<echo message="####### skin directory: ${skin_base_dir}\${skin_name}  ###############################"/>
    	<fail message="Need to specify valid skin_name, profile, tplus_home  ###############################"/>   
    </target>

    <target name="checkusage">
    	<condition property="needtofailusage">
    		<or>
    			<not>
    				<available file="${skin_base_dir}\${skin_name}" type="dir" property="skin.available"/>
    			</not>
    			<not>
			    	<available file="${tplus_home}\${profiles}\${profile}.properties" type="file" property="profile.available"/>
    			</not>
    			<equals arg1="${skin_name}" arg2=""/>
    			<equals arg1="${profile}" arg2=""/>
    			<equals arg1="${tplus_home}" arg2=""/>
    		</or>	
    	</condition>
    </target>

    <target name="clean">
    	<echo message="####### Clean:		   ####################"/>
		<delete includeemptydirs="true" failonerror="false">
			<fileset dir="${war_deploy_dir}/${profile}/war"/>
		</delete>
    </target>

	<!--
    <target name="create-base-war">
    	<delete file="${war_build_dir}/${base_war_prefix}_${base_war_name}"/>
    	<antcall target="tplussuperbuild-${base_war_prefix}"/>
    	<jar basedir="${war_build_dir}" destfile="${war_build_dir}/${base_war_prefix}_${base_war_name}" excludes="skin/**,**/*.war"/>
    </target>
    -->
    
	<target name="configure-war" depends="usage">
		<filter filtersfile="${default.config}"/>
		<property name="profile.config" value="${profiles}/${profile}.properties"/>
		<filter filtersfile="${profile.config}"/>
		<filter token="profile" value="${profile}"/>
		<filter token="tplus.cab.version" value="${cabVersion}"/>
		<echo message="##################################################"/>
		<echo message="# Configuring war: using profile: ${profile}  ####"/>
		<echo message="##################################################"/>
		<property name="war_dir" value="${war_deploy_dir}/${profile}/war"/>
		<mkdir dir="${war_dir}"/>
		<mkdir dir="${war_dir}temp1"/>
		<mkdir dir="${war_dir}/temp2"/>
	
		<!-- Binaries without filtering, or they get corrupted -->
		<copy todir="${war_dir}/temp2">
			<fileset dir="${war_build_dir}">
				<exclude name="**/WEB-INF/*"/>
				<exclude name="**/skin/**"/>
				<exclude name="**/*.jsp"/>
				<exclude name="**/*.html"/>
			</fileset>
		</copy>

		<!-- JSP and HTML with filtering -->
		<copy todir="${war_dir}/temp2" filtering="true">
			<fileset dir="${war_build_dir}">
				<exclude name="**/WEB-INF/*"/>
				<exclude name="**/skin/**"/>
				<include name="**/*.jsp"/>
				<include name="**/*.html"/>
			</fileset>
		</copy>        

		<!-- No binaries here, so filtering -->
		<copy todir="${war_dir}/temp2" filtering="true" >
			<fileset dir="${war_build_dir}">
				<include name="**/WEB-INF/**.xml"/>
				<include name="**/WEB-INF/**.tld"/>
			</fileset>
		</copy>

		<jar destfile="${war_dir}/tplus.war" basedir="${war_dir}/temp2"/>
		<delete includeEmptyDirs="true" failonerror="false">
			<fileset dir="${war_dir}/temp1"/>
			<fileset dir="${war_dir}/temp2"/>
		</delete>
    </target>

    <target name="skin-war" depends="usage">
    	<echo message="##################################################"/>
    	<echo message="# Skinning war:Using skin name:${skin_name}#######"/>
    	<echo message="##################################################"/>
    	<property name="war_dir" value="${war_deploy_dir}/${profile}/war"/>
    	<mkdir dir="${war_dir}\temp1"/>
		<mkdir dir="${war_dir}\temp2"/>
    	<unjar src="${war_dir}\tplus.war" dest="${war_dir}\temp1"/>
    	<property name="skin_dir" value="${skin_base_dir}\${skin_name}\"/>
    	<loadfile property="CT_LOGON_DOT_JSP_CONTENTS" srcfile="${skin_dir}\webserver\cleartrust\${ct_logon_jsp_contents_file_name}"/>
    	<loadfile property="CT_SECURID_DOT_JSP_CONTENTS" srcfile="${skin_dir}\webserver\cleartrust\${ct_securid_jsp_contents_file_name}"/>
    	<loadfile property="INDEX_DOT_HTML_CONTENTS" srcfile="${skin_dir}\webserver\httproot\${index_contents_file_name}"/>
    	<filter token="CT_LOGON_DOT_JSP_CONTENTS" value="${CT_LOGON_DOT_JSP_CONTENTS}"/>
    	<filter token="CT_SECURID_DOT_JSP_CONTENTS" value="${CT_SECURID_DOT_JSP_CONTENTS}"/>
    	<filter token="INDEX_DOT_HTML_CONTENTS" value="${INDEX_DOT_HTML_CONTENTS}"/>
    	<copy todir="${war_dir}\temp2" filtering="true" overwrite="true">
    		<fileset dir="${war_dir}\temp1">
			<include name="**/*.jsp"/>
			<include name="**/*.html"/>
			<!-- include name="webserver/**/*.jsp"/ -->
    		</fileset>
    	</copy>
    	<!-- Both binarys and remaining skin files have no filtering--> 
    	<copy todir="${war_dir}\temp2" overwrite="true">
	    	<fileset dir="${war_dir}\temp1">
			<exclude name="**/*.jsp"/>
			<exclude name="**/*.html"/>
    		</fileset>
        </copy>
    	<copy todir="${war_dir}\temp2" overwrite="true">
		<fileset dir="${skin_dir}">
			<exclude name="webserver\cleartrust\${ct_logon_jsp_contents_file_name}"/>
			<exclude name="webserver\cleartrust\${ct_securid_jsp_contents_file_name}"/>
	        <exclude name="webserver\httproot\${index_contents_file_name}"/>
		</fileset>
    	</copy>
    	<jar destfile="${war_dir}\tplus.war" basedir="${war_dir}\temp2"/>
    </target>

    <target name="configure-and-skin-war">
    	<echo message="##################################################"/>
		<echo message="# Configuring and skin war called: Ensure tplus ##"/>
		<echo message="# build + superbuild has already been executed  ##"/>
		<echo message="##################################################"/>
    	<antcall target="configure-war"/>
    	<antcall target="skin-war"/>
    </target> 
    
	<!--
    <target name="tplusbuild">
    	<ant dir="${tplus_home}" inheritAll="false"/>
    </target>
    <target name="create-base-wars">
    	<antcall target="create-base-war">
	    	<param name="base_war_prefix" value="shin"/>
    	</antcall>
    </target>-->
    <!--
    <target name="all-wars">
    	<antcall target="configure-and-skin-war">
		<param name="profile" value="${shin.profile}"/>
		<param name="skin_name" value="shin"/>
    	</antcall>
    </target>
    -->
    <!-- Duplication here because ANT does not support nested evaluation of properties -->
    <!-- Not used for now
    
    <target name="tplussuperbuild-dbag">
	<copy file="${fxplus_home}\release\lib\gui.jar" tofile="${tplus_home}\cab\fx-gui.jar"/>
	<ant dir="${tplus_home}"  antfile="superbuild.xml" target="clean" inheritAll="true"/>
	<ant dir="${tplus_home}"  antfile="superbuild.xml" inheritAll="true">
		<property name="fxplus" value="true"/>
		<property name="cabVersion" value="${dbag.cabVersion}" />
		<property name="guiCab.spcfile" value="${dbag.guiCab.spcfile}"/>
		<property name="guiCab.pvkfile" value="${dbag.guiCab.pvkfile}"/> 
		<property name="tplusJar.storepass" value="${dbag.tplusJar.storepass}"/>
		<property name="tplusJar.alias" value="${dbag.tplusJar.alias}"/>
		<property name="tplusJar.keystore" value="${dbag.tplusJar.keystore}"/>
	</ant>
    </target>
    <target name="tplussuperbuild-shin">
    	<copy file="${fxplus_home}\release\lib\gui.jar" tofile="${tplus_home}\cab\fx-gui.jar"/>
    	<ant dir="${tplus_home}"  antfile="superbuild.xml" target="clean" inheritAll="true"/>
    	<ant dir="${tplus_home}"  antfile="superbuild.xml" inheritAll="true">
	<property name="fxplus" value="${shin.fxplus}"/>
	<property name="fxplusoptions" value="true"/>
	<property name="cabVersion" value="${shin.cabVersion}" />
	<property name="guiCab.spcfile" value="${shin.guiCab.spcfile}"/>
	<property name="guiCab.pvkfile" value="${shin.guiCab.pvkfile}"/> 
	<property name="tplusJar.storepass" value="${shin.tplusJar.storepass}"/>
	<property name="tplusJar.alias" value="${shin.tplusJar.alias}"/>
	<property name="tplusJar.keystore" value="${shin.tplusJar.keystore}"/>
    	</ant>
    </target>-->
</project>