<project name="tplus" default="concat-dialogs" basedir=".">
    <target name="concat-dialogs">
		<property name="delimeter-end" value="&lt;/FILE&gt;"/>
		<property name="tag-script-start" value="&lt;SCRIPT&gt;"/>
		<property name="tag-script-end" value="&lt;/SCRIPT&gt;"/>
		<property name="tag-style-start" value="&lt;STYLE&gt;"/>
		<property name="tag-style-end" value="&lt;/STYLE&gt;"/>

		<condition property="called-from-build.xml">
			<isset property="release.war"/> 
		</condition>
		
		<condition property="build-directory" value="${release.war}">
			<istrue value="${called-from-build.xml}"/> 
		</condition>
		
		<condition property="build-directory" value="..">
			<isfalse value="${called-from-build.xml}"/> 
		</condition>
		
		<property name="target-filename" value="${build-directory}/TPL_Download.txt"/>

        <delete file="${target-filename}"/>
            
			<property name="source-dir-0" value="dialogs"/>

				<property name="source-filename-0-0" value="DialogALER_Page.html"/>
                    <concat destfile="${target-filename}" append="true">
						&lt;FILE NAME=${ant.project.name}/${source-dir-0}/${source-filename-0-0}&gt;
					</concat>
					<concat destfile="${target-filename}" append="true">
						<filelist dir="${build-directory}/${source-dir-0}" files="${source-filename-0-0}"/>
					</concat>
                    <concat destfile="${target-filename}" append="true">
						${delimeter-end}
					</concat>				
				<property name="source-filename-0-1" value="DialogCMPX_Page.html"/>
                    <concat destfile="${target-filename}" append="true">
						&lt;FILE NAME=${ant.project.name}/${source-dir-0}/${source-filename-0-1}&gt;
					</concat>
					<concat destfile="${target-filename}" append="true">
						<filelist dir="${build-directory}/${source-dir-0}" files="${source-filename-0-1}"/>
					</concat>
                    <concat destfile="${target-filename}" append="true">
						${delimeter-end}
					</concat>				
				<property name="source-filename-0-2" value="DialogCONF_Page.html"/>
                    <concat destfile="${target-filename}" append="true">
						&lt;FILE NAME=${ant.project.name}/${source-dir-0}/${source-filename-0-2}&gt;
					</concat>
					<concat destfile="${target-filename}" append="true">
						<filelist dir="${build-directory}/${source-dir-0}" files="${source-filename-0-2}"/>
					</concat>
		            <concat destfile="${target-filename}" append="true">
						${delimeter-end}
					</concat>				
				<property name="source-filename-0-3" value="DialogERRO_Page.html"/>
                    <concat destfile="${target-filename}" append="true">
						&lt;FILE NAME=${ant.project.name}/${source-dir-0}/${source-filename-0-3}&gt;
					</concat>
					<concat destfile="${target-filename}" append="true">
						<filelist dir="${build-directory}/${source-dir-0}" files="${source-filename-0-3}"/>
					</concat>
                    <concat destfile="${target-filename}" append="true">
						${delimeter-end}
					</concat>				
				<property name="source-filename-0-4" value="DialogFAIL_Page.html"/>
                    <concat destfile="${target-filename}" append="true">
						&lt;FILE NAME=${ant.project.name}/${source-dir-0}/${source-filename-0-4}&gt;
					</concat>
					<concat destfile="${target-filename}" append="true">
						<filelist dir="${build-directory}/${source-dir-0}" files="${source-filename-0-4}"/>
					</concat>
                    <concat destfile="${target-filename}" append="true">
						${delimeter-end}
					</concat>				
				<property name="source-filename-0-5" value="DialogMESS_Page.html"/>
                    <concat destfile="${target-filename}" append="true">
						&lt;FILE NAME=${ant.project.name}/${source-dir-0}/${source-filename-0-5}&gt;
					</concat>
					<concat destfile="${target-filename}" append="true">
						<filelist dir="${build-directory}/${source-dir-0}" files="${source-filename-0-5}"/>
					</concat>
                    <concat destfile="${target-filename}" append="true">
						${delimeter-end}
					</concat>				
				<property name="source-filename-0-6" value="DialogORAF_Page.html"/>
                    <concat destfile="${target-filename}" append="true">
						&lt;FILE NAME=${ant.project.name}/${source-dir-0}/${source-filename-0-6}&gt;
					</concat>
					<concat destfile="${target-filename}" append="true">
						<filelist dir="${build-directory}/${source-dir-0}" files="${source-filename-0-6}"/>
					</concat>
                    <concat destfile="${target-filename}" append="true">
						${delimeter-end}
					</concat>				
				<property name="source-filename-0-7" value="DialogSELE_Page.html"/>
                    <concat destfile="${target-filename}" append="true">
						&lt;FILE NAME=${ant.project.name}/${source-dir-0}/${source-filename-0-7}&gt;
					</concat>
					<concat destfile="${target-filename}" append="true">
						<filelist dir="${build-directory}/${source-dir-0}" files="${source-filename-0-7}"/>
					</concat>
                    <concat destfile="${target-filename}" append="true">
						${delimeter-end}
					</concat>				
				<property name="source-filename-0-8" value="DialogSUCC_Page.html"/>
					<concat destfile="${target-filename}" append="true">
						&lt;FILE NAME=${ant.project.name}/${source-dir-0}/${source-filename-0-8}&gt;
					</concat>
					<concat destfile="${target-filename}" append="true">
						<filelist dir="${build-directory}/${source-dir-0}" files="${source-filename-0-8}"/>
					</concat>
					<concat destfile="${target-filename}" append="true">
						${delimeter-end}
					</concat>
				<property name="source-filename-0-9" value="DialogTABC_Page.html"/>
					<concat destfile="${target-filename}" append="true">
						&lt;FILE NAME=${ant.project.name}/${source-dir-0}/${source-filename-0-9}&gt;
					</concat>
					<concat destfile="${target-filename}" append="true">
						<filelist dir="${build-directory}/${source-dir-0}" files="${source-filename-0-9}"/>
					</concat>
					<concat destfile="${target-filename}" append="true">
						${delimeter-end}
					</concat>
				<property name="source-filename-0-10" value="DialogTABD_Page.html"/>
					<concat destfile="${target-filename}" append="true">
						&lt;FILE NAME=${ant.project.name}/${source-dir-0}/${source-filename-0-10}&gt;
					</concat>
					<concat destfile="${target-filename}" append="true">
						<filelist dir="${build-directory}/${source-dir-0}" files="${source-filename-0-10}"/>
					</concat>
					<concat destfile="${target-filename}" append="true">
						${delimeter-end}
					</concat>
				<property name="source-filename-0-11" value="DialogTABE_Page.html"/>
					<concat destfile="${target-filename}" append="true">
						&lt;FILE NAME=${ant.project.name}/${source-dir-0}/${source-filename-0-11}&gt;
					</concat>
					<concat destfile="${target-filename}" append="true">
						<filelist dir="${build-directory}/${source-dir-0}" files="${source-filename-0-11}"/>
					</concat>
					<concat destfile="${target-filename}" append="true">
						${delimeter-end}
					</concat>
			<property name="source-dir-1" value="style"/>
				<property name="source-filename-1-0" value="DialogALER_Screen.css"/>
					<concat destfile="${target-filename}" append="true">
						&lt;FILE NAME=${ant.project.name}/${source-dir-1}/${source-filename-1-0}&gt;
						${tag-style-start}
					</concat>
					<concat destfile="${target-filename}" append="true">
						<filelist dir="${build-directory}/${source-dir-1}" files="${source-filename-1-0}"/>
					</concat>
					<concat destfile="${target-filename}" append="true">
						${tag-style-end}
						${delimeter-end}
					</concat>				
				<property name="source-filename-1-1" value="DialogCMPX_Screen.css"/>
					<concat destfile="${target-filename}" append="true">
                        &lt;FILE NAME=${ant.project.name}/${source-dir-1}/${source-filename-1-1}&gt;
						${tag-style-start}
					</concat>
					<concat destfile="${target-filename}" append="true">
						<filelist dir="${build-directory}/${source-dir-1}" files="${source-filename-1-1}"/>
					</concat>
					<concat destfile="${target-filename}" append="true">
						${tag-style-end}
						${delimeter-end}
					</concat>				
				<property name="source-filename-1-2" value="DialogCONF_Screen.css"/>
					<concat destfile="${target-filename}" append="true">
                        &lt;FILE NAME=${ant.project.name}/${source-dir-1}/${source-filename-1-2}&gt;
						${tag-style-start}
					</concat>
					<concat destfile="${target-filename}" append="true">
						<filelist dir="${build-directory}/${source-dir-1}" files="${source-filename-1-2}"/>
					</concat>
					<concat destfile="${target-filename}" append="true">
						${tag-style-end}
						${delimeter-end}
					</concat>				
				<property name="source-filename-1-3" value="DialogERRO_Screen.css"/>
                	<concat destfile="${target-filename}" append="true">
						&lt;FILE NAME=${ant.project.name}/${source-dir-1}/${source-filename-1-3}&gt;
						${tag-style-start}
					</concat>
					<concat destfile="${target-filename}" append="true">
						<filelist dir="${build-directory}/${source-dir-1}" files="${source-filename-1-3}"/>
					</concat>
                    <concat destfile="${target-filename}" append="true">
						${tag-style-end}
						${delimeter-end}
					</concat>				
				<property name="source-filename-1-4" value="DialogFAIL_Screen.css"/>
					<concat destfile="${target-filename}" append="true">
						&lt;FILE NAME=${ant.project.name}/${source-dir-1}/${source-filename-1-4}&gt;
						${tag-style-start}
					</concat>
					<concat destfile="${target-filename}" append="true">
						<filelist dir="${build-directory}/${source-dir-1}" files="${source-filename-1-4}"/>
					</concat>
					<concat destfile="${target-filename}" append="true">
						${tag-style-end}
						${delimeter-end}
					</concat>				
				<property name="source-filename-1-5" value="DialogMESS_Screen.css"/>
					<concat destfile="${target-filename}" append="true">
						&lt;FILE NAME=${ant.project.name}/${source-dir-1}/${source-filename-1-5}&gt;
						${tag-style-start}
					</concat>
					<concat destfile="${target-filename}" append="true">
						<filelist dir="${build-directory}/${source-dir-1}" files="${source-filename-1-5}"/>
					</concat>
					<concat destfile="${target-filename}" append="true">
						${tag-style-end}
						${delimeter-end}
					</concat>				
				<property name="source-filename-1-6" value="DialogORAF_Screen.css"/>
					<concat destfile="${target-filename}" append="true">
						&lt;FILE NAME=${ant.project.name}/${source-dir-1}/${source-filename-1-6}&gt;
						${tag-style-start}
					</concat>
					<concat destfile="${target-filename}" append="true">
						<filelist dir="${build-directory}/${source-dir-1}" files="${source-filename-1-6}"/>
					</concat>
					<concat destfile="${target-filename}" append="true">
						${tag-style-end}
						${delimeter-end}
					</concat>				
				<property name="source-filename-1-7" value="DialogPRAF_Screen.css"/>
					<concat destfile="${target-filename}" append="true">
						&lt;FILE NAME=${ant.project.name}/${source-dir-1}/${source-filename-1-7}&gt;
						${tag-style-start}
					</concat>
					<concat destfile="${target-filename}" append="true">
						<filelist dir="${build-directory}/${source-dir-1}" files="${source-filename-1-7}"/>
					</concat>
					<concat destfile="${target-filename}" append="true">
						${tag-style-end}
						${delimeter-end}
					</concat>				
				<property name="source-filename-1-8" value="DialogPRDE_Screen.css"/>
					<concat destfile="${target-filename}" append="true">
						&lt;FILE NAME=${ant.project.name}/${source-dir-1}/${source-filename-1-8}&gt;
						${tag-style-start}
					</concat>
					<concat destfile="${target-filename}" append="true">
						<filelist dir="${build-directory}/${source-dir-1}" files="${source-filename-1-8}"/>
					</concat>
					<concat destfile="${target-filename}" append="true">
						${tag-style-end}
						${delimeter-end}
					</concat>
				<property name="source-filename-1-9" value="DialogSELE_Screen.css"/>
                    <concat destfile="${target-filename}" append="true">
						&lt;FILE NAME=${ant.project.name}/${source-dir-1}/${source-filename-1-9}&gt;
						${tag-style-start}
					</concat>
					<concat destfile="${target-filename}" append="true">
						<filelist dir="${build-directory}/${source-dir-1}" files="${source-filename-1-9}"/>
					</concat>
					<concat destfile="${target-filename}" append="true">
						${tag-style-end}
						${delimeter-end}
					</concat>				
				<property name="source-filename-1-10" value="DialogSUCC_Screen.css"/>
                    <concat destfile="${target-filename}" append="true">
						&lt;FILE NAME=${ant.project.name}/${source-dir-1}/${source-filename-1-10}&gt;
						${tag-style-start}
					</concat>
					<concat destfile="${target-filename}" append="true">
						<filelist dir="${build-directory}/${source-dir-1}" files="${source-filename-1-10}"/>
					</concat>
					<concat destfile="${target-filename}" append="true">
						${tag-style-end}
						${delimeter-end}
					</concat>
				<property name="source-filename-1-11" value="DialogTABC_Screen.css"/>
                    <concat destfile="${target-filename}" append="true">
						&lt;FILE NAME=${ant.project.name}/${source-dir-1}/${source-filename-1-11}&gt;
						${tag-style-start}
					</concat>
					<concat destfile="${target-filename}" append="true">
						<filelist dir="${build-directory}/${source-dir-1}" files="${source-filename-1-11}"/>
					</concat>
					<concat destfile="${target-filename}" append="true">
						${tag-style-end}
						${delimeter-end}
					</concat>
				<property name="source-filename-1-12" value="DialogTABD_Screen.css"/>
					<concat destfile="${target-filename}" append="true">
						&lt;FILE NAME=${ant.project.name}/${source-dir-1}/${source-filename-1-12}&gt;
						${tag-style-start}
					</concat>
					<concat destfile="${target-filename}" append="true">
						<filelist dir="${build-directory}/${source-dir-1}" files="${source-filename-1-12}"/>
					</concat>
					<concat destfile="${target-filename}" append="true">
						${tag-style-end}
						${delimeter-end}
					</concat>
				<property name="source-filename-1-13" value="DialogTABE_Screen.css"/>
					<concat destfile="${target-filename}" append="true">
						&lt;FILE NAME=${ant.project.name}/${source-dir-1}/${source-filename-1-13}&gt;
						${tag-style-start}
					</concat>
					<concat destfile="${target-filename}" append="true">
						<filelist dir="${build-directory}/${source-dir-1}" files="${source-filename-1-13}"/>
					</concat>
					<concat destfile="${target-filename}" append="true">
						${tag-style-end}
						${delimeter-end}
					</concat>
				<property name="source-filename-1-14" value="SelectElement.css"/>
                    <concat destfile="${target-filename}" append="true">
						&lt;FILE NAME=${ant.project.name}/${source-dir-1}/${source-filename-1-14}&gt;
						${tag-style-start}
					</concat>
					<concat destfile="${target-filename}" append="true">
						<filelist dir="${build-directory}/${source-dir-1}" files="${source-filename-1-14}"/>
					</concat>
					<concat destfile="${target-filename}" append="true">
						${tag-style-end}
						${delimeter-end}
					</concat>
			<property name="source-dir-2" value="javascript"/>									
				<property name="source-filename-2-0" value="Dialog_Screen.js"/>				
					<concat destfile="${target-filename}" append="true">
						&lt;FILE NAME=${ant.project.name}/${source-dir-2}/${source-filename-2-0}&gt;
						${tag-script-start}
					</concat>
					<concat destfile="${target-filename}" append="true">
						<filelist dir="${build-directory}/${source-dir-2}" files="${source-filename-2-0}"/>
					</concat>
                    <concat destfile="${target-filename}" append="true">
						${tag-script-end}
						${delimeter-end}
					</concat>
				<property name="source-filename-2-1" value="DialogALER_Screen.js"/>
                    <concat destfile="${target-filename}" append="true">
						&lt;FILE NAME=${ant.project.name}/${source-dir-2}/${source-filename-2-1}&gt;
						${tag-script-start}
					</concat>
					<concat destfile="${target-filename}" append="true">
						<filelist dir="${build-directory}/${source-dir-2}" files="${source-filename-2-1}"/>
					</concat>
		            <concat destfile="${target-filename}" append="true">
						${tag-script-end}
						${delimeter-end}
					</concat>
				<property name="source-filename-2-2" value="DialogCMPX_Screen.js"/>
                    <concat destfile="${target-filename}" append="true">
						&lt;FILE NAME=${ant.project.name}/${source-dir-2}/${source-filename-2-2}&gt;
						${tag-script-start}
					</concat>
					<concat destfile="${target-filename}" append="true">
						<filelist dir="${build-directory}/${source-dir-2}" files="${source-filename-2-2}"/>
					</concat>
		            <concat destfile="${target-filename}" append="true">
						${tag-script-end}
						${delimeter-end}
					</concat>
				<property name="source-filename-2-3" value="DialogCONF_Screen.js"/>
                    <concat destfile="${target-filename}" append="true">
						&lt;FILE NAME=${ant.project.name}/${source-dir-2}/${source-filename-2-3}&gt;
						${tag-script-start}
					</concat>
					<concat destfile="${target-filename}" append="true">
						<filelist dir="${build-directory}/${source-dir-2}" files="${source-filename-2-3}"/>
					</concat>
		            <concat destfile="${target-filename}" append="true">
						${tag-script-end}
						${delimeter-end}
					</concat>
				<property name="source-filename-2-4" value="DialogERRO_Screen.js"/>
                    <concat destfile="${target-filename}" append="true">
						&lt;FILE NAME=${ant.project.name}/${source-dir-2}/${source-filename-2-4}&gt;
						${tag-script-start}
					</concat>
					<concat destfile="${target-filename}" append="true">
						<filelist dir="${build-directory}/${source-dir-2}" files="${source-filename-2-4}"/>
					</concat>
		            <concat destfile="${target-filename}" append="true">
						${tag-script-end}
						${delimeter-end}
					</concat>
				<property name="source-filename-2-5" value="DialogFAIL_Screen.js"/>
                    <concat destfile="${target-filename}" append="true">
						&lt;FILE NAME=${ant.project.name}/${source-dir-2}/${source-filename-2-5}&gt;
						${tag-script-start}
					</concat>
					<concat destfile="${target-filename}" append="true">
						<filelist dir="${build-directory}/${source-dir-2}" files="${source-filename-2-5}"/>
					</concat>
		            <concat destfile="${target-filename}" append="true">
						${tag-script-end}
						${delimeter-end}
					</concat>
				<property name="source-filename-2-6" value="DialogMESS_Screen.js"/>				
					<concat destfile="${target-filename}" append="true">
						&lt;FILE NAME=${ant.project.name}/${source-dir-2}/${source-filename-2-6}&gt;
						${tag-script-start}
					</concat>
					<concat destfile="${target-filename}" append="true">
						<filelist dir="${build-directory}/${source-dir-2}" files="${source-filename-2-6}"/>
					</concat>
		            <concat destfile="${target-filename}" append="true">
						${tag-script-end}
						${delimeter-end}
					</concat>
				<property name="source-filename-2-7" value="DialogORAF_Screen.js"/>				
					<concat destfile="${target-filename}" append="true">
						&lt;FILE NAME=${ant.project.name}/${source-dir-2}/${source-filename-2-7}&gt;
						${tag-script-start}
					</concat>
					<concat destfile="${target-filename}" append="true">
						<filelist dir="${build-directory}/${source-dir-2}" files="${source-filename-2-7}"/>
					</concat>
		            <concat destfile="${target-filename}" append="true">
						${tag-script-end}
						${delimeter-end}
					</concat>
				<property name="source-filename-2-8" value="DialogPRAF_Screen.js"/>				
					<concat destfile="${target-filename}" append="true">
						&lt;FILE NAME=${ant.project.name}/${source-dir-2}/${source-filename-2-8}&gt;
						${tag-script-start}
					</concat>
					<concat destfile="${target-filename}" append="true">
						<filelist dir="${build-directory}/${source-dir-2}" files="${source-filename-2-8}"/>
					</concat>
					<concat destfile="${target-filename}" append="true">
						${tag-script-end}
						${delimeter-end}
					</concat>
			   <property name="source-filename-2-9" value="DialogPRDE_Screen.js"/>				
					<concat destfile="${target-filename}" append="true">
						&lt;FILE NAME=${ant.project.name}/${source-dir-2}/${source-filename-2-9}&gt;
						${tag-script-start}
					</concat>
					<concat destfile="${target-filename}" append="true">
						<filelist dir="${build-directory}/${source-dir-2}" files="${source-filename-2-9}"/>
					</concat>
		            <concat destfile="${target-filename}" append="true">
						${tag-script-end}
						${delimeter-end}
					</concat>
			   <property name="source-filename-2-10" value="DialogSELE_Screen.js"/>				
					<concat destfile="${target-filename}" append="true">
						&lt;FILE NAME=${ant.project.name}/${source-dir-2}/${source-filename-2-10}&gt;
						${tag-script-start}
					</concat>
					<concat destfile="${target-filename}" append="true">
						<filelist dir="${build-directory}/${source-dir-2}" files="${source-filename-2-10}"/>
					</concat>
		            <concat destfile="${target-filename}" append="true">
						${tag-script-end}
						${delimeter-end}
					</concat>
			   <property name="source-filename-2-11" value="DialogSUCC_Screen.js"/>				
					<concat destfile="${target-filename}" append="true">
						&lt;FILE NAME=${ant.project.name}/${source-dir-2}/${source-filename-2-11}&gt;
						${tag-script-start}
					</concat>
					<concat destfile="${target-filename}" append="true">
						<filelist dir="${build-directory}/${source-dir-2}" files="${source-filename-2-11}"/>
					</concat>
		            <concat destfile="${target-filename}" append="true">
						${tag-script-end}
						${delimeter-end}
					</concat>
			   <property name="source-filename-2-12" value="DialogTABC_Screen.js"/>				
					<concat destfile="${target-filename}" append="true">
						&lt;FILE NAME=${ant.project.name}/${source-dir-2}/${source-filename-2-12}&gt;
						${tag-script-start}
					</concat>
					<concat destfile="${target-filename}" append="true">
						<filelist dir="${build-directory}/${source-dir-2}" files="${source-filename-2-12}"/>
					</concat>
		            <concat destfile="${target-filename}" append="true">
						${tag-script-end}
						${delimeter-end}
					</concat>
			   <property name="source-filename-2-13" value="DialogTABD_Screen.js"/>				
					<concat destfile="${target-filename}" append="true">
						&lt;FILE NAME=${ant.project.name}/${source-dir-2}/${source-filename-2-13}&gt;
						${tag-script-start}
					</concat>
					<concat destfile="${target-filename}" append="true">
						<filelist dir="${build-directory}/${source-dir-2}" files="${source-filename-2-13}"/>
					</concat>
		            <concat destfile="${target-filename}" append="true">
						${tag-script-end}
						${delimeter-end}
					</concat>
				<property name="source-filename-2-14" value="DialogTABE_Screen.js"/>
		            <concat destfile="${target-filename}" append="true">
						&lt;FILE NAME=${ant.project.name}/${source-dir-2}/${source-filename-2-14}&gt;
						${tag-script-start}
					</concat>
					<concat destfile="${target-filename}" append="true">
						<filelist dir="${build-directory}/${source-dir-2}" files="${source-filename-2-14}"/>
					</concat>
                    <concat destfile="${target-filename}" append="true">
						${tag-script-end}
						${delimeter-end}
					</concat>
				<property name="source-filename-2-15" value="localisation_en.js"/>
                    <concat destfile="${target-filename}" append="true">
						&lt;FILE NAME=${ant.project.name}/${source-dir-2}/${source-filename-2-15}&gt;
						${tag-script-start}
					</concat>
					<concat destfile="${target-filename}" append="true">
						<filelist dir="${build-directory}/${source-dir-2}" files="${source-filename-2-15}"/>
					</concat>
                    <concat destfile="${target-filename}" append="true">
						${tag-script-end}
						${delimeter-end}
					</concat>
				<property name="source-filename-2-16" value="localisation_fr.js"/>
                    <concat destfile="${target-filename}" append="true">
						&lt;FILE NAME=${ant.project.name}/${source-dir-2}/${source-filename-2-16}&gt;
						${tag-script-start}
					</concat>
					<concat destfile="${target-filename}" append="true">
						<filelist dir="${build-directory}/${source-dir-2}" files="${source-filename-2-16}"/>
					</concat>
			        <concat destfile="${target-filename}" append="true">
						${tag-script-end}
						${delimeter-end}
					</concat>
				<property name="source-filename-2-17" value="localisation_de.js"/>
		            <concat destfile="${target-filename}" append="true">
						&lt;FILE NAME=${ant.project.name}/${source-dir-2}/${source-filename-2-17}&gt;
						${tag-script-start}
					</concat>
					<concat destfile="${target-filename}" append="true">
						<filelist dir="${build-directory}/${source-dir-2}" files="${source-filename-2-17}"/>
					</concat>
                    <concat destfile="${target-filename}" append="true">
						${tag-script-end}
						${delimeter-end}
					</concat>
				<property name="source-filename-2-18" value="MOD_Validation.js"/>
		            <concat destfile="${target-filename}" append="true">
						&lt;FILE NAME=${ant.project.name}/${source-dir-2}/${source-filename-2-18}&gt;
						${tag-script-start}
					</concat>
					<concat destfile="${target-filename}" append="true">
						<filelist dir="${build-directory}/${source-dir-2}" files="${source-filename-2-18}"/>
					</concat>
                    <concat destfile="${target-filename}" append="true">
						${tag-script-end}
						${delimeter-end}
					</concat>

	<exec executable='cscript' dir='.' failifexecutionfails="true">
		<arg line="${esc_js_cruncher} -l 2 -v -ow ${target-filename}.tmp ${target-filename}"/>
    </exec>
	<copy file="${target-filename}.tmp" tofile="${target-filename}" failonerror="false"/>
	<delete file="${target-filename}.tmp"/>

</target>
</project>
		   