<project
    default="echo"
    xmlns:j="jelly:core">

  <goal name="rebuild">
    <attainGoal name="clean" />
    <attainGoal name="scm:update-project" />
    <ant antfile="build.xml" dir="." target="localisation"/>
    <attainGoal name="jar" />
  </goal>

  <!-- create temporary index.html -->
  <postGoal name="clean">
      <mkdir dir="${maven.docs.dest}"/>
      <echo message="building... refresh later" file="${maven.docs.dest}/index.html"/>
      <attainGoal name="site:chmod" />
  </postGoal>

  <postGoal name="site">
    <attainGoal name="site:chmod" />
  </postGoal>

  <!-- make directory and files readable by any user -->
  <goal name="site:chmod">
	<chmod file="target" perm="o+rx" type="dir"/>
	<chmod file="target/docs" perm="o+rx" type="dir">
	   <fileset dir="target/docs">
		<include name="**/*"/>
	   </fileset>
	</chmod>
	<exec executable="chmod">
	    <arg value="-R"/>
	    <arg value="o+r"/>
	    <arg value="target/docs"/>
	</exec>
  </goal>

</project>
