<?xml version="1.0" encoding="ISO-8859-1"?>
<project>

  <!-- the version of maven's project object model -->
  <pomVersion>3</pomVersion>
  

  <!--                            -->
  <!-- project management section -->
  <!--                            -->

  <organization>
    <name>Deutsche Bank</name>
    <groupId>GMCS</groupId>
    <url>http://www.db.org/</url>
    <logo>http://cst-twiki.uk.db.com/twiki/pub/wikiHome.gif</logo>
  </organization>
  
  <inceptionYear>2003</inceptionYear>
  <logo>http://cst-twiki.uk.db.com/twiki/pub/wikiHome.gif</logo>
  <id>TPlus</id>
  <name>TradingPlus</name>
  <description>GM Customer Solutions</description>
  <shortDescription>T+ Framework</shortDescription>
  <url>http://cst-twiki.uk.db.com/twiki/bin/view/Main/TradingPlus/</url>
  <package>com.db.fxplusoptions</package>

  <developers>
  </developers>

  <contributors>
  </contributors>

  <mailingLists/>


  <!--                            -->
  <!-- project dependency section -->
  <!--                            -->

  <issueTrackingUrl>http://cst-bugzilla.uk.db.com/bugzilla/</issueTrackingUrl>
  <currentVersion>HEAD</currentVersion>

  <versions>
    <version>
      <id>HEAD</id>
      <name>HEAD</name>
      <tag>HEAD</tag>
    </version>
  </versions>
  
  <repository>
    <connection>scm:cvs:pserver:optionsBuild@vbe2u.srv.uk.deuba.com:/vbe2u/u008/cvsuser/rep:tplus</connection>
<!--    <url>http://cvs.apache.org/viewcvs/maven/src/plugins-build/examples/</url> -->
  </repository>

  <branches>
  </branches>


  <dependencies>
    <!-- temp definitions via project.properties -->

    <dependency>
      <groupId>GMCS</groupId>
      <artifactId>crimson</artifactId>
    </dependency>

    <dependency>
      <groupId>GMCS</groupId>
      <artifactId>db.core</artifactId>
    </dependency>

    <dependency>
      <groupId>GMCS</groupId>
      <artifactId>db.error</artifactId>
    </dependency>

    <dependency>
      <groupId>GMCS</groupId>
      <artifactId>db.utils</artifactId>
    </dependency>

    <dependency>
      <groupId>GMCS</groupId>
      <artifactId>fcc</artifactId>
    </dependency>

    <dependency>
      <groupId>DB</groupId>
      <artifactId>dbus</artifactId>
    </dependency> 

    <dependency>
      <groupId>DB</groupId>
      <artifactId>fxtb</artifactId>
    </dependency> 

    <dependency>
      <groupId>GMCS</groupId>
      <artifactId>fcc</artifactId>
    </dependency> 

    <dependency>
      <groupId>GMCS</groupId>
      <artifactId>fxit</artifactId>
    </dependency> 

    <dependency>
      <groupId>GMCS</groupId>
      <artifactId>fxmweb</artifactId>
    </dependency> 

    <dependency>
      <groupId>GMCS</groupId>
      <artifactId>j2ee</artifactId>
    </dependency> 

    <dependency>
      <groupId>GMCS</groupId>
      <artifactId>javascript</artifactId>
    </dependency> 

    <dependency>
      <groupId>GMCS</groupId>
      <artifactId>jce</artifactId>
    </dependency> 

    <dependency>
      <groupId>GMCS</groupId>
      <artifactId>jcsi.base</artifactId>
    </dependency> 

    <dependency>
      <groupId>GMCS</groupId>
      <artifactId>jcsi.pki</artifactId>
    </dependency> 

    <dependency>
      <groupId>GMCS</groupId>
      <artifactId>jcsi.provider</artifactId>
    </dependency> 

    <dependency>
      <groupId>GMCS</groupId>
      <artifactId>jcsi.ssl</artifactId>
    </dependency> 

    <dependency>
      <groupId>GMCS</groupId>
      <artifactId>jdom</artifactId>
    </dependency> 

    <dependency>
      <groupId>GMCS</groupId>
      <artifactId>jmx.agent</artifactId>
    </dependency> 

    <dependency>
      <groupId>GMCS</groupId>
      <artifactId>jmx.tools</artifactId>
    </dependency> 

    <dependency>
      <groupId>GMCS</groupId>
      <artifactId>junit</artifactId>
    </dependency> 

    <dependency>
      <groupId>GMCS</groupId>
      <artifactId>mail</artifactId>
    </dependency> 

    <dependency>
      <groupId>GMCS</groupId>
      <artifactId>marginman</artifactId>
    </dependency> 

    <dependency>
      <groupId>GMCS</groupId>
      <artifactId>microsoft</artifactId>
    </dependency> 

    <dependency>
      <groupId>GMCS</groupId>
      <artifactId>mockobjects</artifactId>
    </dependency> 

    <dependency>
      <groupId>GMCS</groupId>
      <artifactId>nirvana.admin</artifactId>
    </dependency> 

    <dependency>
      <groupId>GMCS</groupId>
      <artifactId>nirvana.jms</artifactId>
    </dependency> 

    <dependency>
      <groupId>GMCS</groupId>
      <artifactId>nirvana.p2p</artifactId>
    </dependency> 

    <dependency>
      <groupId>GMCS</groupId>
      <artifactId>nirvana.client</artifactId>
    </dependency> 

    <dependency>
      <groupId>GMCS</groupId>
      <artifactId>oracle</artifactId>
    </dependency> 

    <dependency>
      <groupId>GMCS</groupId>
      <artifactId>rfq</artifactId>
    </dependency> 

    <dependency>
      <groupId>GMCS</groupId>
      <artifactId>soap</artifactId>
    </dependency> 

    <dependency>
      <groupId>GMCS</groupId>
      <artifactId>sc.admin</artifactId>
    </dependency> 

    <dependency>
      <groupId>GMCS</groupId>
      <artifactId>sc.rtapi</artifactId>
    </dependency> 

    <dependency>
      <groupId>GMCS</groupId>
      <artifactId>tools</artifactId>
    </dependency> 

    <dependency>
      <groupId>GMCS</groupId>
      <artifactId>gm.fx</artifactId>
    </dependency> 

    <dependency>
      <groupId>GMCS</groupId>
      <artifactId>xbus</artifactId>
    </dependency> 

    <dependency>
      <groupId>GMCS</groupId>
      <artifactId>xerces.impl</artifactId>
    </dependency> 

    <dependency>
      <groupId>GMCS</groupId>
      <artifactId>xerces.api</artifactId>
    </dependency> 

    <dependency>
      <groupId>GMCS</groupId>
      <artifactId>bouncycastle</artifactId>
    </dependency> 


    <!-- automatically downloaded libraries -->

    <dependency>
      <groupId>avalon</groupId>
      <artifactId>avalon-framework</artifactId>
      <version>4.1.4</version>
      <url>http://jakarta.apache.org/avalon/</url>
    </dependency>

    <dependency>
      <groupId>commons-cli</groupId>
      <artifactId>commons-cli</artifactId>
      <version>1.0</version>
      <url>http://jakarta.apache.org/commons/cli/</url>
    </dependency>

    <dependency>
      <groupId>commons-httpclient</groupId>
      <artifactId>commons-httpclient</artifactId>
      <version>2.0-beta1</version>
      <url>http://jakarta.apache.org/commons/httpclient/</url>
    </dependency>

    <dependency>
      <groupId>commons-logging</groupId>
      <artifactId>commons-logging</artifactId>
      <version>1.0.2</version>
      <url>http://jakarta.apache.org/commons/logging.html</url>
    </dependency>

    <dependency>
      <groupId>dom4j</groupId>
      <artifactId>dom4j</artifactId>
      <version>1.3</version>
      <url>http://www.dom4j.org/</url>
    </dependency>

    <dependency>
      <groupId>bcel</groupId>
      <artifactId>bcel</artifactId>
      <version>5.0</version>
      <url>http://jakarta.apache.org/bcel/</url>
    </dependency> 

    <dependency>
      <groupId>log4j</groupId>
      <artifactId>log4j</artifactId>
      <version>1.2.8</version>
      <url>http://jakarta.apache.org/log4j/</url>
    </dependency> 


  </dependencies>
  

  <!--                                     -->
  <!-- project build and reporting section -->
  <!--                                     -->

  <build>
    <nagEmailAddress></nagEmailAddress>
    <sourceDirectory>src/java</sourceDirectory>
    <unitTestSourceDirectory>src/java</unitTestSourceDirectory>

    <unitTest>
      <includes>
        <include>**/*Test.java</include>
      </includes>
      <excludes>
        <exclude>**/NaughtyTest.java</exclude>
      </excludes>
    </unitTest>

    <resources>
      <resource>
        <directory>src/conf</directory>
        <includes>
          <include>*.properties</include>
        </includes>
      </resource>
      <resource>
        <directory>src/java</directory>
        <includes>
          <include>**/*.java</include>
        </includes>
      </resource>
    </resources>
  </build>

  <reports>
    <report>maven-changelog-plugin</report>
    <report>maven-changes-plugin</report>
    <report>maven-checkstyle-plugin</report>
    <report>maven-developer-activity-plugin</report>
    <report>maven-file-activity-plugin</report>
<!--
    <report>maven-javadoc-plugin</report>
-->
    <report>maven-jdepend-plugin</report>
    <report>maven-junit-report-plugin</report>
    <report>maven-jxr-plugin</report>
<!--    <report>maven-jdiff-plugin</report> -->
<!--    <report>maven-statcvs-plugin</report> -->
<!--    <report>maven-simian-plugin</report>   -->
<!--    <report>maven-jcoverage-plugin</report> -->
    <report>maven-license-plugin</report>
    <report>maven-linkcheck-plugin</report>
    <report>maven-pmd-plugin</report>
    <report>maven-tasklist-plugin</report>
  </reports>
</project>

